"","R2","F","p_value","mean_permdisp_RUNA.Shallow","mean_permdisp_P50A.Deep","p_disp1","p_disp2","samples"
"1","0.380284685191767","9.8183065960716","0.001","0.241377536906636","0.275680703693119","0.461475062474963",NA,"RUNARMS2C, RUNARMS8B, RUNARMS3B, RUNARMS4A, RUNARMS8A, RUNARMS1B, RUNARMS9B, RUNARMS5B, RUNARMS6B, P50ARMS1A, P50ARMS1B, P50ARMS1C, P50ARMS2A, P50ARMS2B, P50ARMS2C, P50ARMS3A, P50ARMS3B, P50ARMS3C"
"2","0.460190019496154","13.6400596096166","0.001","0.198184679474379","0.273081274220189","0.0985056548654757",NA,"RUNARMS6C, RUNARMS8C, RUNARMS1C, RUNARMS2C, RUNARMS6A, RUNARMS3B, RUNARMS7C, RUNARMS9A, RUNARMS2B, P50ARMS1A, P50ARMS1B, P50ARMS1C, P50ARMS2A, P50ARMS2B, P50ARMS2C, P50ARMS3A, P50ARMS3B, P50ARMS3C"
"3","0.42106396498689","11.6369046532709","0.001","0.21891228809319","0.27654414051232","0.186950365843298",NA,"RUNARMS5A, RUNARMS7B, RUNARMS9C, RUNARMS8A, RUNARMS2C, RUNARMS8C, RUNARMS1A, RUNARMS1B, RUNARMS3C, P50ARMS1A, P50ARMS1B, P50ARMS1C, P50ARMS2A, P50ARMS2B, P50ARMS2C, P50ARMS3A, P50ARMS3B, P50ARMS3C"
"4","0.429504540794755","12.0457972834517","0.001","0.192326507144241","0.273024139573823","0.0699662123532122",NA,"RUNARMS4B, RUNARMS8C, RUNARMS4C, RUNARMS2C, RUNARMS3C, RUNARMS4A, RUNARMS1A, RUNARMS7A, RUNARMS5B, P50ARMS1A, P50ARMS1B, P50ARMS1C, P50ARMS2A, P50ARMS2B, P50ARMS2C, P50ARMS3A, P50ARMS3B, P50ARMS3C"
"5","0.481242971689464","14.8429556166363","0.001","0.182369836444358","0.270599896108149","0.0520093449918292",NA,"RUNARMS2B, RUNARMS5C, RUNARMS9C, RUNARMS3B, RUNARMS6B, RUNARMS7B, RUNARMS4C, RUNARMS1C, RUNARMS2C, P50ARMS1A, P50ARMS1B, P50ARMS1C, P50ARMS2A, P50ARMS2B, P50ARMS2C, P50ARMS3A, P50ARMS3B, P50ARMS3C"
"6","0.376121521395924","9.64602009641347","0.001","0.251636190791457","0.271759127888714","0.646501927201128",NA,"RUNARMS6B, RUNARMS8A, RUNARMS7C, RUNARMS3B, RUNARMS6A, RUNARMS8B, RUNARMS3A, RUNARMS9B, RUNARMS1B, P50ARMS1A, P50ARMS1B, P50ARMS1C, P50ARMS2A, P50ARMS2B, P50ARMS2C, P50ARMS3A, P50ARMS3B, P50ARMS3C"
"7","0.43667604192365","12.4028395572543","0.001","0.205968084800851","0.272889492507783","0.145571492841407",NA,"RUNARMS8C, RUNARMS2C, RUNARMS6B, RUNARMS8A, RUNARMS3B, RUNARMS7A, RUNARMS4A, RUNARMS4C, RUNARMS1C, P50ARMS1A, P50ARMS1B, P50ARMS1C, P50ARMS2A, P50ARMS2B, P50ARMS2C, P50ARMS3A, P50ARMS3B, P50ARMS3C"
"8","0.426997250810453","11.923077197501","0.001","0.22273609717082","0.277635576428928","0.207636634506575",NA,"RUNARMS2A, RUNARMS9B, RUNARMS3C, RUNARMS1C, RUNARMS4A, RUNARMS9C, RUNARMS6A, RUNARMS7B, RUNARMS5C, P50ARMS1A, P50ARMS1B, P50ARMS1C, P50ARMS2A, P50ARMS2B, P50ARMS2C, P50ARMS3A, P50ARMS3B, P50ARMS3C"
"9","0.39152561097875","10.2952727159749","0.001","0.237905339864954","0.274795941436262","0.403894963848893",NA,"RUNARMS3C, RUNARMS6B, RUNARMS9B, RUNARMS1C, RUNARMS1B, RUNARMS7A, RUNARMS2A, RUNARMS2C, RUNARMS7C, P50ARMS1A, P50ARMS1B, P50ARMS1C, P50ARMS2A, P50ARMS2B, P50ARMS2C, P50ARMS3A, P50ARMS3B, P50ARMS3C"
"10","0.408835695138773","11.0652335880731","0.001","0.21954141013537","0.272016055466291","0.259174165987285",NA,"RUNARMS3B, RUNARMS6C, RUNARMS6A, RUNARMS6B, RUNARMS3C, RUNARMS2A, RUNARMS1A, RUNARMS9B, RUNARMS7A, P50ARMS1A, P50ARMS1B, P50ARMS1C, P50ARMS2A, P50ARMS2B, P50ARMS2C, P50ARMS3A, P50ARMS3B, P50ARMS3C"
"11","0.459465994250229","13.6003578494687","0.001","0.197884606571124","0.274589051876974","0.084894692031934",NA,"RUNARMS1A, RUNARMS9A, RUNARMS8C, RUNARMS2C, RUNARMS2B, RUNARMS1C, RUNARMS3B, RUNARMS5A, RUNARMS3C, P50ARMS1A, P50ARMS1B, P50ARMS1C, P50ARMS2A, P50ARMS2B, P50ARMS2C, P50ARMS3A, P50ARMS3B, P50ARMS3C"
"12","0.440908081854742","12.6178345290318","0.001","0.199842794529527","0.271685619709546","0.142917932905888",NA,"RUNARMS9A, RUNARMS2A, RUNARMS5A, RUNARMS5B, RUNARMS5C, RUNARMS1A, RUNARMS2B, RUNARMS8B, RUNARMS4C, P50ARMS1A, P50ARMS1B, P50ARMS1C, P50ARMS2A, P50ARMS2B, P50ARMS2C, P50ARMS3A, P50ARMS3B, P50ARMS3C"
"13","0.419592907831796","11.566858186087","0.002","0.228584573741325","0.275933939272358","0.292488520643472",NA,"RUNARMS9B, RUNARMS1C, RUNARMS7B, RUNARMS5B, RUNARMS8A, RUNARMS1A, RUNARMS9C, RUNARMS1B, RUNARMS2A, P50ARMS1A, P50ARMS1B, P50ARMS1C, P50ARMS2A, P50ARMS2B, P50ARMS2C, P50ARMS3A, P50ARMS3B, P50ARMS3C"
"14","0.458144883981182","13.5281884898626","0.001","0.202678037306193","0.279007896998645","0.0703728853109314",NA,"RUNARMS2A, RUNARMS4A, RUNARMS2B, RUNARMS9C, RUNARMS1C, RUNARMS7B, RUNARMS3A, RUNARMS6B, RUNARMS4B, P50ARMS1A, P50ARMS1B, P50ARMS1C, P50ARMS2A, P50ARMS2B, P50ARMS2C, P50ARMS3A, P50ARMS3B, P50ARMS3C"
"15","0.443651689229241","12.7589621290191","0.001","0.191362733147581","0.270498657579032","0.0745104815289921",NA,"RUNARMS4C, RUNARMS2C, RUNARMS8C, RUNARMS7A, RUNARMS9A, RUNARMS1A, RUNARMS4B, RUNARMS3B, RUNARMS3C, P50ARMS1A, P50ARMS1B, P50ARMS1C, P50ARMS2A, P50ARMS2B, P50ARMS2C, P50ARMS3A, P50ARMS3B, P50ARMS3C"
"16","0.39713366086652","10.5398795079475","0.001","0.224601449014999","0.266655027592259","0.363785879399173",NA,"RUNARMS8A, RUNARMS3C, RUNARMS5A, RUNARMS5C, RUNARMS1A, RUNARMS9B, RUNARMS5B, RUNARMS6A, RUNARMS8C, P50ARMS1A, P50ARMS1B, P50ARMS1C, P50ARMS2A, P50ARMS2B, P50ARMS2C, P50ARMS3A, P50ARMS3B, P50ARMS3C"
"17","0.432931171863127","12.2152698334144","0.001","0.215868640945475","0.272998033036694","0.218868573169852",NA,"RUNARMS1C, RUNARMS6B, RUNARMS7C, RUNARMS7B, RUNARMS3A, RUNARMS3B, RUNARMS8B, RUNARMS4C, RUNARMS7A, P50ARMS1A, P50ARMS1B, P50ARMS1C, P50ARMS2A, P50ARMS2B, P50ARMS2C, P50ARMS3A, P50ARMS3B, P50ARMS3C"
"18","0.415003521251363","11.3505919800159","0.001","0.213856661736807","0.271698758596232","0.174850317245437",NA,"RUNARMS9A, RUNARMS6A, RUNARMS4A, RUNARMS3C, RUNARMS8C, RUNARMS6C, RUNARMS2C, RUNARMS1A, RUNARMS7C, P50ARMS1A, P50ARMS1B, P50ARMS1C, P50ARMS2A, P50ARMS2B, P50ARMS2C, P50ARMS3A, P50ARMS3B, P50ARMS3C"
"19","0.454910142095428","13.3529585406469","0.001","0.19180585175314","0.27442532589395","0.0611851975597381",NA,"RUNARMS3A, RUNARMS6A, RUNARMS5C, RUNARMS7A, RUNARMS4C, RUNARMS2B, RUNARMS7B, RUNARMS1C, RUNARMS4A, P50ARMS1A, P50ARMS1B, P50ARMS1C, P50ARMS2A, P50ARMS2B, P50ARMS2C, P50ARMS3A, P50ARMS3B, P50ARMS3C"
"20","0.457202449896314","13.4769200725826","0.001","0.183550369070654","0.264702974058695","0.0837782154281005",NA,"RUNARMS7B, RUNARMS3B, RUNARMS4C, RUNARMS5C, RUNARMS1A, RUNARMS7A, RUNARMS9A, RUNARMS8A, RUNARMS8C, P50ARMS1A, P50ARMS1B, P50ARMS1C, P50ARMS2A, P50ARMS2B, P50ARMS2C, P50ARMS3A, P50ARMS3B, P50ARMS3C"
"21","0.45595490485116","13.409326805203","0.001","0.20819400764607","0.279405740947039","0.0921286411609349",NA,"RUNARMS6C, RUNARMS9C, RUNARMS2B, RUNARMS1A, RUNARMS4A, RUNARMS8C, RUNARMS2C, RUNARMS5A, RUNARMS7C, P50ARMS1A, P50ARMS1B, P50ARMS1C, P50ARMS2A, P50ARMS2B, P50ARMS2C, P50ARMS3A, P50ARMS3B, P50ARMS3C"
"22","0.384645015600128","10.0012519693882","0.001","0.227120614821167","0.269211438437486","0.344735624386081",NA,"RUNARMS9A, RUNARMS8C, RUNARMS6C, RUNARMS7A, RUNARMS1B, RUNARMS8B, RUNARMS6B, RUNARMS2A, RUNARMS5C, P50ARMS1A, P50ARMS1B, P50ARMS1C, P50ARMS2A, P50ARMS2B, P50ARMS2C, P50ARMS3A, P50ARMS3B, P50ARMS3C"
"23","0.412573953149202","11.2374711434338","0.001","0.207301255295812","0.270966278380667","0.196648375307869",NA,"RUNARMS3A, RUNARMS3B, RUNARMS9A, RUNARMS2A, RUNARMS1B, RUNARMS5A, RUNARMS4C, RUNARMS8B, RUNARMS6A, P50ARMS1A, P50ARMS1B, P50ARMS1C, P50ARMS2A, P50ARMS2B, P50ARMS2C, P50ARMS3A, P50ARMS3B, P50ARMS3C"
"24","0.416961174066371","11.4424262816099","0.001","0.198033999662359","0.272731369751089","0.11566378345477",NA,"RUNARMS5B, RUNARMS2B, RUNARMS4A, RUNARMS4C, RUNARMS8A, RUNARMS1A, RUNARMS3C, RUNARMS5A, RUNARMS1B, P50ARMS1A, P50ARMS1B, P50ARMS1C, P50ARMS2A, P50ARMS2B, P50ARMS2C, P50ARMS3A, P50ARMS3B, P50ARMS3C"
"25","0.4433308031429","12.7423843286721","0.002","0.208080806838572","0.280245764793222","0.0962890444971439",NA,"RUNARMS1A, RUNARMS1C, RUNARMS6B, RUNARMS7A, RUNARMS2B, RUNARMS3C, RUNARMS4C, RUNARMS2A, RUNARMS6A, P50ARMS1A, P50ARMS1B, P50ARMS1C, P50ARMS2A, P50ARMS2B, P50ARMS2C, P50ARMS3A, P50ARMS3B, P50ARMS3C"
"26","0.446021740493639","12.8819998356204","0.001","0.19221170442188","0.272033770157112","0.0723965093547072",NA,"RUNARMS4A, RUNARMS8C, RUNARMS6A, RUNARMS4C, RUNARMS3B, RUNARMS3A, RUNARMS7A, RUNARMS1C, RUNARMS9A, P50ARMS1A, P50ARMS1B, P50ARMS1C, P50ARMS2A, P50ARMS2B, P50ARMS2C, P50ARMS3A, P50ARMS3B, P50ARMS3C"
"27","0.426136515599745","11.8811955019609","0.001","0.195712488854411","0.272270495073514","0.0779121085739551",NA,"RUNARMS9A, RUNARMS1B, RUNARMS4A, RUNARMS2A, RUNARMS7A, RUNARMS5B, RUNARMS3A, RUNARMS4B, RUNARMS3B, P50ARMS1A, P50ARMS1B, P50ARMS1C, P50ARMS2A, P50ARMS2B, P50ARMS2C, P50ARMS3A, P50ARMS3B, P50ARMS3C"
"28","0.436547743157173","12.3963721960265","0.001","0.199892825279077","0.274251615343861","0.0905237664432527",NA,"RUNARMS6B, RUNARMS4C, RUNARMS2A, RUNARMS4A, RUNARMS9A, RUNARMS7C, RUNARMS1B, RUNARMS1A, RUNARMS1C, P50ARMS1A, P50ARMS1B, P50ARMS1C, P50ARMS2A, P50ARMS2B, P50ARMS2C, P50ARMS3A, P50ARMS3B, P50ARMS3C"
"29","0.425024246543381","11.8272603736971","0.001","0.223442673774027","0.283668740378253","0.141250370237187",NA,"RUNARMS1A, RUNARMS2B, RUNARMS4B, RUNARMS6B, RUNARMS3C, RUNARMS8C, RUNARMS5A, RUNARMS9C, RUNARMS6C, P50ARMS1A, P50ARMS1B, P50ARMS1C, P50ARMS2A, P50ARMS2B, P50ARMS2C, P50ARMS3A, P50ARMS3B, P50ARMS3C"
"30","0.464991511627194","13.906067562896","0.001","0.194245592379123","0.273073122452538","0.0669950368288722",NA,"RUNARMS2B, RUNARMS5A, RUNARMS7B, RUNARMS1A, RUNARMS1C, RUNARMS3A, RUNARMS2C, RUNARMS4A, RUNARMS7A, P50ARMS1A, P50ARMS1B, P50ARMS1C, P50ARMS2A, P50ARMS2B, P50ARMS2C, P50ARMS3A, P50ARMS3B, P50ARMS3C"
"31","0.382672996536167","9.91819231983001","0.001","0.226382960744663","0.266217392935245","0.426021104140353",NA,"RUNARMS1A, RUNARMS8B, RUNARMS3C, RUNARMS1B, RUNARMS5A, RUNARMS5B, RUNARMS8A, RUNARMS3B, RUNARMS6B, P50ARMS1A, P50ARMS1B, P50ARMS1C, P50ARMS2A, P50ARMS2B, P50ARMS2C, P50ARMS3A, P50ARMS3B, P50ARMS3C"
"32","0.456615486475029","13.4450791322832","0.001","0.198830084614308","0.275595866331833","0.0830674301889729",NA,"RUNARMS1C, RUNARMS4B, RUNARMS2B, RUNARMS7C, RUNARMS7A, RUNARMS6A, RUNARMS2A, RUNARMS4C, RUNARMS6B, P50ARMS1A, P50ARMS1B, P50ARMS1C, P50ARMS2A, P50ARMS2B, P50ARMS2C, P50ARMS3A, P50ARMS3B, P50ARMS3C"
"33","0.434435064950943","12.2902970259501","0.001","0.203525061821316","0.266650409086498","0.171852619829321",NA,"RUNARMS9A, RUNARMS4B, RUNARMS4A, RUNARMS3B, RUNARMS1C, RUNARMS8A, RUNARMS5A, RUNARMS7C, RUNARMS1B, P50ARMS1A, P50ARMS1B, P50ARMS1C, P50ARMS2A, P50ARMS2B, P50ARMS2C, P50ARMS3A, P50ARMS3B, P50ARMS3C"
"34","0.427136740858033","11.9298763617076","0.001","0.209268524107166","0.277374514491593","0.12177081659945",NA,"RUNARMS4B, RUNARMS4C, RUNARMS1B, RUNARMS8C, RUNARMS9B, RUNARMS7C, RUNARMS9C, RUNARMS2B, RUNARMS7B, P50ARMS1A, P50ARMS1B, P50ARMS1C, P50ARMS2A, P50ARMS2B, P50ARMS2C, P50ARMS3A, P50ARMS3B, P50ARMS3C"
"35","0.396705278076667","10.5210342782235","0.001","0.223320508271179","0.283023446170784","0.146997273024638",NA,"RUNARMS4A, RUNARMS6C, RUNARMS3C, RUNARMS6B, RUNARMS3A, RUNARMS1A, RUNARMS7A, RUNARMS2B, RUNARMS1B, P50ARMS1A, P50ARMS1B, P50ARMS1C, P50ARMS2A, P50ARMS2B, P50ARMS2C, P50ARMS3A, P50ARMS3B, P50ARMS3C"
"36","0.396456474512258","10.5101013005978","0.001","0.228211692514121","0.275839629124933","0.284166274795249",NA,"RUNARMS3B, RUNARMS3C, RUNARMS7B, RUNARMS1C, RUNARMS4A, RUNARMS8C, RUNARMS7C, RUNARMS1B, RUNARMS8B, P50ARMS1A, P50ARMS1B, P50ARMS1C, P50ARMS2A, P50ARMS2B, P50ARMS2C, P50ARMS3A, P50ARMS3B, P50ARMS3C"
"37","0.438500771483169","12.4951415556939","0.001","0.2141491602788","0.268080712533674","0.24908167324376",NA,"RUNARMS5A, RUNARMS5B, RUNARMS1C, RUNARMS3B, RUNARMS8A, RUNARMS9B, RUNARMS2B, RUNARMS9A, RUNARMS7A, P50ARMS1A, P50ARMS1B, P50ARMS1C, P50ARMS2A, P50ARMS2B, P50ARMS2C, P50ARMS3A, P50ARMS3B, P50ARMS3C"
"38","0.413259293881419","11.2692857903852","0.001","0.208558393894855","0.271194444868123","0.148970463844438",NA,"RUNARMS3B, RUNARMS1B, RUNARMS6A, RUNARMS6C, RUNARMS3C, RUNARMS4B, RUNARMS2C, RUNARMS7A, RUNARMS5C, P50ARMS1A, P50ARMS1B, P50ARMS1C, P50ARMS2A, P50ARMS2B, P50ARMS2C, P50ARMS3A, P50ARMS3B, P50ARMS3C"
"39","0.405544911734962","10.9154059168662","0.001","0.225194661221965","0.268980662027183","0.335496246998038",NA,"RUNARMS6B, RUNARMS1A, RUNARMS7C, RUNARMS3A, RUNARMS8B, RUNARMS4A, RUNARMS5A, RUNARMS6C, RUNARMS9A, P50ARMS1A, P50ARMS1B, P50ARMS1C, P50ARMS2A, P50ARMS2B, P50ARMS2C, P50ARMS3A, P50ARMS3B, P50ARMS3C"
"40","0.423779894125118","11.767167158645","0.001","0.206422717094221","0.270562647241518","0.157129156456771",NA,"RUNARMS1A, RUNARMS8C, RUNARMS2A, RUNARMS3B, RUNARMS6C, RUNARMS9A, RUNARMS9B, RUNARMS4A, RUNARMS6A, P50ARMS1A, P50ARMS1B, P50ARMS1C, P50ARMS2A, P50ARMS2B, P50ARMS2C, P50ARMS3A, P50ARMS3B, P50ARMS3C"
"41","0.39053911974531","10.2527104173014","0.001","0.212214322453167","0.274897206909628","0.184754896133773",NA,"RUNARMS4A, RUNARMS3A, RUNARMS9B, RUNARMS4C, RUNARMS5A, RUNARMS3B, RUNARMS3C, RUNARMS6B, RUNARMS1B, P50ARMS1A, P50ARMS1B, P50ARMS1C, P50ARMS2A, P50ARMS2B, P50ARMS2C, P50ARMS3A, P50ARMS3B, P50ARMS3C"
"42","0.41968585277419","11.5712733809575","0.001","0.216090490843486","0.267835701982824","0.271477567189767",NA,"RUNARMS9C, RUNARMS7C, RUNARMS1B, RUNARMS3B, RUNARMS1A, RUNARMS8B, RUNARMS4A, RUNARMS3C, RUNARMS1C, P50ARMS1A, P50ARMS1B, P50ARMS1C, P50ARMS2A, P50ARMS2B, P50ARMS2C, P50ARMS3A, P50ARMS3B, P50ARMS3C"
"43","0.409811307210799","11.1099738024204","0.001","0.21692318702611","0.269727384930109","0.221048457631397",NA,"RUNARMS7A, RUNARMS1B, RUNARMS7C, RUNARMS4B, RUNARMS5A, RUNARMS6C, RUNARMS1C, RUNARMS3C, RUNARMS6A, P50ARMS1A, P50ARMS1B, P50ARMS1C, P50ARMS2A, P50ARMS2B, P50ARMS2C, P50ARMS3A, P50ARMS3B, P50ARMS3C"
"44","0.412191613593241","11.2197545492795","0.001","0.239544851310201","0.27871126620236","0.366888172389134",NA,"RUNARMS2B, RUNARMS1C, RUNARMS6C, RUNARMS1A, RUNARMS7A, RUNARMS4B, RUNARMS3C, RUNARMS8B, RUNARMS7C, P50ARMS1A, P50ARMS1B, P50ARMS1C, P50ARMS2A, P50ARMS2B, P50ARMS2C, P50ARMS3A, P50ARMS3B, P50ARMS3C"
"45","0.394992730699612","10.445963233635","0.001","0.23152156171779","0.278151327505635","0.304001879188648",NA,"RUNARMS9C, RUNARMS6C, RUNARMS4C, RUNARMS4A, RUNARMS2C, RUNARMS7C, RUNARMS3C, RUNARMS8B, RUNARMS1B, P50ARMS1A, P50ARMS1B, P50ARMS1C, P50ARMS2A, P50ARMS2B, P50ARMS2C, P50ARMS3A, P50ARMS3B, P50ARMS3C"
"46","0.447059078197501","12.9361835399025","0.002","0.199699295074331","0.270157532876577","0.108044653356879",NA,"RUNARMS3B, RUNARMS6A, RUNARMS7B, RUNARMS2A, RUNARMS3C, RUNARMS1C, RUNARMS5C, RUNARMS1A, RUNARMS6B, P50ARMS1A, P50ARMS1B, P50ARMS1C, P50ARMS2A, P50ARMS2B, P50ARMS2C, P50ARMS3A, P50ARMS3B, P50ARMS3C"
"47","0.414376773775032","11.3213207460006","0.001","0.229954545717972","0.269147455898219","0.406869196276943",NA,"RUNARMS6B, RUNARMS4A, RUNARMS4B, RUNARMS2A, RUNARMS8B, RUNARMS1C, RUNARMS8A, RUNARMS7C, RUNARMS1A, P50ARMS1A, P50ARMS1B, P50ARMS1C, P50ARMS2A, P50ARMS2B, P50ARMS2C, P50ARMS3A, P50ARMS3B, P50ARMS3C"
"48","0.398491800891758","10.5998036663849","0.001","0.240213721804667","0.276429047033179","0.411190748279779",NA,"RUNARMS6B, RUNARMS8B, RUNARMS9A, RUNARMS3C, RUNARMS1C, RUNARMS7C, RUNARMS3A, RUNARMS8C, RUNARMS3B, P50ARMS1A, P50ARMS1B, P50ARMS1C, P50ARMS2A, P50ARMS2B, P50ARMS2C, P50ARMS3A, P50ARMS3B, P50ARMS3C"
"49","0.432357217482716","12.1867408390995","0.001","0.213743341120811","0.278660837041235","0.151828307787603",NA,"RUNARMS8C, RUNARMS1C, RUNARMS6C, RUNARMS9B, RUNARMS4A, RUNARMS2C, RUNARMS5B, RUNARMS2A, RUNARMS3B, P50ARMS1A, P50ARMS1B, P50ARMS1C, P50ARMS2A, P50ARMS2B, P50ARMS2C, P50ARMS3A, P50ARMS3B, P50ARMS3C"
"50","0.46297826248449","13.7939522411565","0.001","0.19061576861061","0.27118128386317","0.0649915056286987",NA,"RUNARMS9A, RUNARMS1A, RUNARMS6A, RUNARMS7A, RUNARMS3B, RUNARMS7B, RUNARMS5C, RUNARMS5A, RUNARMS3A, P50ARMS1A, P50ARMS1B, P50ARMS1C, P50ARMS2A, P50ARMS2B, P50ARMS2C, P50ARMS3A, P50ARMS3B, P50ARMS3C"
"51","0.410127006277535","11.1244830163016","0.001","0.224364965855824","0.275424315540983","0.264886097341624",NA,"RUNARMS4B, RUNARMS8B, RUNARMS3A, RUNARMS3C, RUNARMS4A, RUNARMS1C, RUNARMS7B, RUNARMS1A, RUNARMS2A, P50ARMS1A, P50ARMS1B, P50ARMS1C, P50ARMS2A, P50ARMS2B, P50ARMS2C, P50ARMS3A, P50ARMS3B, P50ARMS3C"
"52","0.397889290098872","10.573186188014","0.001","0.22799335511783","0.270566595037642","0.384625032796803",NA,"RUNARMS8A, RUNARMS8B, RUNARMS3B, RUNARMS6A, RUNARMS2A, RUNARMS7C, RUNARMS4C, RUNARMS3A, RUNARMS1B, P50ARMS1A, P50ARMS1B, P50ARMS1C, P50ARMS2A, P50ARMS2B, P50ARMS2C, P50ARMS3A, P50ARMS3B, P50ARMS3C"
"53","0.350284022901916","8.62614521419498","0.001","0.250251886222052","0.266347602939233","0.732329662376056",NA,"RUNARMS6B, RUNARMS8A, RUNARMS9B, RUNARMS8B, RUNARMS3C, RUNARMS6C, RUNARMS1B, RUNARMS5B, RUNARMS1A, P50ARMS1A, P50ARMS1B, P50ARMS1C, P50ARMS2A, P50ARMS2B, P50ARMS2C, P50ARMS3A, P50ARMS3B, P50ARMS3C"
"54","0.421795992945111","11.671894011072","0.001","0.203370721845743","0.272015798773524","0.107435322545569",NA,"RUNARMS3C, RUNARMS1A, RUNARMS9A, RUNARMS2A, RUNARMS8C, RUNARMS2C, RUNARMS5C, RUNARMS7B, RUNARMS1B, P50ARMS1A, P50ARMS1B, P50ARMS1C, P50ARMS2A, P50ARMS2B, P50ARMS2C, P50ARMS3A, P50ARMS3B, P50ARMS3C"
"55","0.424754961404147","11.8142338073098","0.001","0.217273778670137","0.271724243622496","0.22074965672024",NA,"RUNARMS7B, RUNARMS9C, RUNARMS2A, RUNARMS9B, RUNARMS6C, RUNARMS5A, RUNARMS6B, RUNARMS1A, RUNARMS5B, P50ARMS1A, P50ARMS1B, P50ARMS1C, P50ARMS2A, P50ARMS2B, P50ARMS2C, P50ARMS3A, P50ARMS3B, P50ARMS3C"
"56","0.389819136145527","10.2217335019801","0.001","0.228924175013411","0.273937646576789","0.317324445676001",NA,"RUNARMS1B, RUNARMS3A, RUNARMS5C, RUNARMS5B, RUNARMS3C, RUNARMS4B, RUNARMS9C, RUNARMS9A, RUNARMS8B, P50ARMS1A, P50ARMS1B, P50ARMS1C, P50ARMS2A, P50ARMS2B, P50ARMS2C, P50ARMS3A, P50ARMS3B, P50ARMS3C"
"57","0.403384047740159","10.817921879889","0.001","0.204575829636249","0.27093396288728","0.123609919880993",NA,"RUNARMS3B, RUNARMS6A, RUNARMS1B, RUNARMS4B, RUNARMS6B, RUNARMS3A, RUNARMS8C, RUNARMS5B, RUNARMS7A, P50ARMS1A, P50ARMS1B, P50ARMS1C, P50ARMS2A, P50ARMS2B, P50ARMS2C, P50ARMS3A, P50ARMS3B, P50ARMS3C"
"58","0.411605548125143","11.1926425360023","0.001","0.229241496165881","0.271198560195781","0.354119675770351",NA,"RUNARMS3A, RUNARMS4A, RUNARMS1C, RUNARMS5A, RUNARMS7C, RUNARMS8B, RUNARMS7A, RUNARMS2A, RUNARMS3C, P50ARMS1A, P50ARMS1B, P50ARMS1C, P50ARMS2A, P50ARMS2B, P50ARMS2C, P50ARMS3A, P50ARMS3B, P50ARMS3C"
"59","0.431326293147838","12.1356422975249","0.001","0.218246446372403","0.269830462308477","0.245248612432429",NA,"RUNARMS8A, RUNARMS2C, RUNARMS9A, RUNARMS1C, RUNARMS1B, RUNARMS5B, RUNARMS3A, RUNARMS9C, RUNARMS7C, P50ARMS1A, P50ARMS1B, P50ARMS1C, P50ARMS2A, P50ARMS2B, P50ARMS2C, P50ARMS3A, P50ARMS3B, P50ARMS3C"
"60","0.405306890697997","10.9046332465149","0.001","0.218738588384245","0.269056735600593","0.259030290517272",NA,"RUNARMS6C, RUNARMS7A, RUNARMS4A, RUNARMS8A, RUNARMS1A, RUNARMS1C, RUNARMS2A, RUNARMS8C, RUNARMS1B, P50ARMS1A, P50ARMS1B, P50ARMS1C, P50ARMS2A, P50ARMS2B, P50ARMS2C, P50ARMS3A, P50ARMS3B, P50ARMS3C"
"61","0.437034386237567","12.420918807222","0.001","0.230923057078782","0.277376835181475","0.280680387460831",NA,"RUNARMS1C, RUNARMS7B, RUNARMS6A, RUNARMS9C, RUNARMS7A, RUNARMS8B, RUNARMS9B, RUNARMS1A, RUNARMS2B, P50ARMS1A, P50ARMS1B, P50ARMS1C, P50ARMS2A, P50ARMS2B, P50ARMS2C, P50ARMS3A, P50ARMS3B, P50ARMS3C"
"62","0.42607352930057","11.8781356442772","0.001","0.222150496193896","0.273923328644964","0.216337596556663",NA,"RUNARMS1A, RUNARMS3A, RUNARMS7A, RUNARMS9A, RUNARMS7C, RUNARMS6B, RUNARMS3C, RUNARMS1C, RUNARMS2B, P50ARMS1A, P50ARMS1B, P50ARMS1C, P50ARMS2A, P50ARMS2B, P50ARMS2C, P50ARMS3A, P50ARMS3B, P50ARMS3C"
"63","0.372517022782991","9.49869969534894","0.002","0.259604907294679","0.276959067204226","0.683431634149463",NA,"RUNARMS1B, RUNARMS8B, RUNARMS3C, RUNARMS8A, RUNARMS4B, RUNARMS7A, RUNARMS1C, RUNARMS2A, RUNARMS9B, P50ARMS1A, P50ARMS1B, P50ARMS1C, P50ARMS2A, P50ARMS2B, P50ARMS2C, P50ARMS3A, P50ARMS3B, P50ARMS3C"
"64","0.398459136154051","10.5983592497841","0.001","0.219435382095663","0.275285512791822","0.187737450870021",NA,"RUNARMS5B, RUNARMS3C, RUNARMS8C, RUNARMS7C, RUNARMS1B, RUNARMS2A, RUNARMS6C, RUNARMS9C, RUNARMS4A, P50ARMS1A, P50ARMS1B, P50ARMS1C, P50ARMS2A, P50ARMS2B, P50ARMS2C, P50ARMS3A, P50ARMS3B, P50ARMS3C"
"65","0.399349152107926","10.6377714376837","0.001","0.245820095367244","0.280067951786666","0.422602340418228",NA,"RUNARMS8B, RUNARMS7B, RUNARMS2C, RUNARMS1C, RUNARMS6A, RUNARMS6B, RUNARMS9B, RUNARMS1B, RUNARMS9C, P50ARMS1A, P50ARMS1B, P50ARMS1C, P50ARMS2A, P50ARMS2B, P50ARMS2C, P50ARMS3A, P50ARMS3B, P50ARMS3C"
"66","0.471213285651196","14.2579462869143","0.001","0.192100743719643","0.274659854719593","0.0566775191754698",NA,"RUNARMS4B, RUNARMS7B, RUNARMS6B, RUNARMS5A, RUNARMS3A, RUNARMS1C, RUNARMS2A, RUNARMS3B, RUNARMS2C, P50ARMS1A, P50ARMS1B, P50ARMS1C, P50ARMS2A, P50ARMS2B, P50ARMS2C, P50ARMS3A, P50ARMS3B, P50ARMS3C"
"67","0.432187429570546","12.1783124102003","0.001","0.225551162457725","0.271455742005163","0.318373502229062",NA,"RUNARMS4B, RUNARMS8B, RUNARMS2A, RUNARMS1C, RUNARMS7C, RUNARMS9C, RUNARMS8C, RUNARMS8A, RUNARMS4C, P50ARMS1A, P50ARMS1B, P50ARMS1C, P50ARMS2A, P50ARMS2B, P50ARMS2C, P50ARMS3A, P50ARMS3B, P50ARMS3C"
"68","0.464665176240849","13.8878370879128","0.001","0.208257169912043","0.280021250928928","0.085821674726908",NA,"RUNARMS7C, RUNARMS2C, RUNARMS1C, RUNARMS9A, RUNARMS5A, RUNARMS4A, RUNARMS3A, RUNARMS1A, RUNARMS2A, P50ARMS1A, P50ARMS1B, P50ARMS1C, P50ARMS2A, P50ARMS2B, P50ARMS2C, P50ARMS3A, P50ARMS3B, P50ARMS3C"
"69","0.394139976921589","10.4087402874067","0.001","0.230605865172835","0.278333562911298","0.270599328618906",NA,"RUNARMS9B, RUNARMS1B, RUNARMS4A, RUNARMS7C, RUNARMS5B, RUNARMS9C, RUNARMS5A, RUNARMS3A, RUNARMS3C, P50ARMS1A, P50ARMS1B, P50ARMS1C, P50ARMS2A, P50ARMS2B, P50ARMS2C, P50ARMS3A, P50ARMS3B, P50ARMS3C"
"70","0.458566909381333","13.5512045296634","0.001","0.200103142322963","0.275544420027546","0.0781367177337812",NA,"RUNARMS7B, RUNARMS1C, RUNARMS6C, RUNARMS3B, RUNARMS4A, RUNARMS5B, RUNARMS1A, RUNARMS9C, RUNARMS3A, P50ARMS1A, P50ARMS1B, P50ARMS1C, P50ARMS2A, P50ARMS2B, P50ARMS2C, P50ARMS3A, P50ARMS3B, P50ARMS3C"
"71","0.431058415605124","12.1223950557552","0.001","0.208380810117792","0.272379574456164","0.170469757015795",NA,"RUNARMS7B, RUNARMS6B, RUNARMS7C, RUNARMS8A, RUNARMS1B, RUNARMS4C, RUNARMS3B, RUNARMS2B, RUNARMS1C, P50ARMS1A, P50ARMS1B, P50ARMS1C, P50ARMS2A, P50ARMS2B, P50ARMS2C, P50ARMS3A, P50ARMS3B, P50ARMS3C"
"72","0.428746903767574","12.0086009257971","0.001","0.202907717541888","0.271535624628632","0.144998348352017",NA,"RUNARMS1C, RUNARMS4A, RUNARMS6A, RUNARMS4C, RUNARMS9B, RUNARMS5B, RUNARMS3B, RUNARMS7A, RUNARMS3A, P50ARMS1A, P50ARMS1B, P50ARMS1C, P50ARMS2A, P50ARMS2B, P50ARMS2C, P50ARMS3A, P50ARMS3B, P50ARMS3C"
"73","0.483164484743153","14.9576248684238","0.001","0.197642686658324","0.278376340955338","0.054953582642286",NA,"RUNARMS5C, RUNARMS1A, RUNARMS6A, RUNARMS4B, RUNARMS3B, RUNARMS9C, RUNARMS1C, RUNARMS9A, RUNARMS5A, P50ARMS1A, P50ARMS1B, P50ARMS1C, P50ARMS2A, P50ARMS2B, P50ARMS2C, P50ARMS3A, P50ARMS3B, P50ARMS3C"
"74","0.403843407194631","10.8385860243663","0.001","0.220774345590869","0.267018609604523","0.322943599696985",NA,"RUNARMS3B, RUNARMS1B, RUNARMS6A, RUNARMS9B, RUNARMS7B, RUNARMS7C, RUNARMS5B, RUNARMS8A, RUNARMS1A, P50ARMS1A, P50ARMS1B, P50ARMS1C, P50ARMS2A, P50ARMS2B, P50ARMS2C, P50ARMS3A, P50ARMS3B, P50ARMS3C"
"75","0.399938370417885","10.6639278554479","0.001","0.232032380229203","0.271153477309318","0.383369223228791",NA,"RUNARMS9B, RUNARMS9A, RUNARMS1A, RUNARMS3C, RUNARMS5A, RUNARMS4A, RUNARMS8C, RUNARMS8B, RUNARMS1C, P50ARMS1A, P50ARMS1B, P50ARMS1C, P50ARMS2A, P50ARMS2B, P50ARMS2C, P50ARMS3A, P50ARMS3B, P50ARMS3C"
"76","0.420021617477147","11.5872351145252","0.001","0.209364381296193","0.274066578849276","0.174107485008474",NA,"RUNARMS6C, RUNARMS7B, RUNARMS4C, RUNARMS2B, RUNARMS6B, RUNARMS1A, RUNARMS8B, RUNARMS4B, RUNARMS6A, P50ARMS1A, P50ARMS1B, P50ARMS1C, P50ARMS2A, P50ARMS2B, P50ARMS2C, P50ARMS3A, P50ARMS3B, P50ARMS3C"
"77","0.408649516313993","11.0567124597054","0.001","0.201895028265845","0.268402485237455","0.144491347024393",NA,"RUNARMS8A, RUNARMS3A, RUNARMS8C, RUNARMS7B, RUNARMS1B, RUNARMS2B, RUNARMS4A, RUNARMS5B, RUNARMS1A, P50ARMS1A, P50ARMS1B, P50ARMS1C, P50ARMS2A, P50ARMS2B, P50ARMS2C, P50ARMS3A, P50ARMS3B, P50ARMS3C"
"78","0.379382296247894","9.78076632888143","0.001","0.231759493870914","0.276685477208111","0.350454667508762",NA,"RUNARMS3C, RUNARMS4A, RUNARMS5C, RUNARMS1B, RUNARMS8B, RUNARMS4C, RUNARMS8A, RUNARMS2B, RUNARMS3A, P50ARMS1A, P50ARMS1B, P50ARMS1C, P50ARMS2A, P50ARMS2B, P50ARMS2C, P50ARMS3A, P50ARMS3B, P50ARMS3C"
"79","0.416914247635948","11.4402177297763","0.001","0.215855208994641","0.270341262652764","0.231373633273586",NA,"RUNARMS8A, RUNARMS2B, RUNARMS4A, RUNARMS3A, RUNARMS5A, RUNARMS6B, RUNARMS1C, RUNARMS1B, RUNARMS7C, P50ARMS1A, P50ARMS1B, P50ARMS1C, P50ARMS2A, P50ARMS2B, P50ARMS2C, P50ARMS3A, P50ARMS3B, P50ARMS3C"
"80","0.392135392650164","10.3216509178856","0.001","0.226185531151201","0.272713640203648","0.304041358277428",NA,"RUNARMS8C, RUNARMS2B, RUNARMS7C, RUNARMS1B, RUNARMS9A, RUNARMS8B, RUNARMS4C, RUNARMS9B, RUNARMS5B, P50ARMS1A, P50ARMS1B, P50ARMS1C, P50ARMS2A, P50ARMS2B, P50ARMS2C, P50ARMS3A, P50ARMS3B, P50ARMS3C"
"81","0.44738030783637","12.9530037146458","0.001","0.20353092753646","0.274204257630598","0.113849719805426",NA,"RUNARMS3A, RUNARMS8C, RUNARMS8A, RUNARMS4C, RUNARMS1A, RUNARMS5B, RUNARMS9C, RUNARMS3B, RUNARMS9A, P50ARMS1A, P50ARMS1B, P50ARMS1C, P50ARMS2A, P50ARMS2B, P50ARMS2C, P50ARMS3A, P50ARMS3B, P50ARMS3C"
"82","0.407323017944947","10.9961555525937","0.001","0.204411176779816","0.268986893493018","0.137102423980598",NA,"RUNARMS4B, RUNARMS3C, RUNARMS9A, RUNARMS6C, RUNARMS7A, RUNARMS6B, RUNARMS7B, RUNARMS3B, RUNARMS1B, P50ARMS1A, P50ARMS1B, P50ARMS1C, P50ARMS2A, P50ARMS2B, P50ARMS2C, P50ARMS3A, P50ARMS3B, P50ARMS3C"
"83","0.412426003372574","11.2306128110455","0.001","0.227213505734808","0.276798475025572","0.290027883077263",NA,"RUNARMS8A, RUNARMS1A, RUNARMS5C, RUNARMS7C, RUNARMS8B, RUNARMS3C, RUNARMS4B, RUNARMS4A, RUNARMS4C, P50ARMS1A, P50ARMS1B, P50ARMS1C, P50ARMS2A, P50ARMS2B, P50ARMS2C, P50ARMS3A, P50ARMS3B, P50ARMS3C"
"84","0.406680024638314","10.9668992523747","0.001","0.20315908174696","0.264101777273088","0.204020497910629",NA,"RUNARMS5C, RUNARMS8A, RUNARMS5B, RUNARMS6A, RUNARMS4C, RUNARMS3A, RUNARMS7A, RUNARMS2A, RUNARMS1B, P50ARMS1A, P50ARMS1B, P50ARMS1C, P50ARMS2A, P50ARMS2B, P50ARMS2C, P50ARMS3A, P50ARMS3B, P50ARMS3C"
"85","0.398653167423065","10.6069415073422","0.001","0.216767126801986","0.272413058461423","0.230577371539237",NA,"RUNARMS1B, RUNARMS6A, RUNARMS2B, RUNARMS6B, RUNARMS7B, RUNARMS4B, RUNARMS6C, RUNARMS5C, RUNARMS8B, P50ARMS1A, P50ARMS1B, P50ARMS1C, P50ARMS2A, P50ARMS2B, P50ARMS2C, P50ARMS3A, P50ARMS3B, P50ARMS3C"
"86","0.443311731275149","12.741399628646","0.001","0.20758895717535","0.278896021784281","0.101922465029336",NA,"RUNARMS3B, RUNARMS8C, RUNARMS4C, RUNARMS9B, RUNARMS5C, RUNARMS1A, RUNARMS7A, RUNARMS7C, RUNARMS4A, P50ARMS1A, P50ARMS1B, P50ARMS1C, P50ARMS2A, P50ARMS2B, P50ARMS2C, P50ARMS3A, P50ARMS3B, P50ARMS3C"
"87","0.388611229876704","10.1699278460305","0.001","0.215117693631707","0.269030386182873","0.251217026859105",NA,"RUNARMS9B, RUNARMS3A, RUNARMS7B, RUNARMS6C, RUNARMS1B, RUNARMS6B, RUNARMS7C, RUNARMS4B, RUNARMS4C, P50ARMS1A, P50ARMS1B, P50ARMS1C, P50ARMS2A, P50ARMS2B, P50ARMS2C, P50ARMS3A, P50ARMS3B, P50ARMS3C"
"88","0.42546054530557","11.8483920804179","0.001","0.208791425630583","0.270893888172533","0.167802303297911",NA,"RUNARMS4B, RUNARMS3A, RUNARMS6C, RUNARMS9B, RUNARMS5C, RUNARMS3B, RUNARMS8C, RUNARMS1C, RUNARMS4A, P50ARMS1A, P50ARMS1B, P50ARMS1C, P50ARMS2A, P50ARMS2B, P50ARMS2C, P50ARMS3A, P50ARMS3B, P50ARMS3C"
"89","0.428546410464986","11.9987741664534","0.001","0.212590903108606","0.271113480890305","0.207185081579706",NA,"RUNARMS1C, RUNARMS4B, RUNARMS6C, RUNARMS4C, RUNARMS8A, RUNARMS7C, RUNARMS6A, RUNARMS2B, RUNARMS8C, P50ARMS1A, P50ARMS1B, P50ARMS1C, P50ARMS2A, P50ARMS2B, P50ARMS2C, P50ARMS3A, P50ARMS3B, P50ARMS3C"
"90","0.415401964233817","11.3692332527771","0.001","0.206873148179363","0.277356782082393","0.112978125841525",NA,"RUNARMS3A, RUNARMS2B, RUNARMS6C, RUNARMS6B, RUNARMS8C, RUNARMS1B, RUNARMS7C, RUNARMS2A, RUNARMS4C, P50ARMS1A, P50ARMS1B, P50ARMS1C, P50ARMS2A, P50ARMS2B, P50ARMS2C, P50ARMS3A, P50ARMS3B, P50ARMS3C"
"91","0.419696377260865","11.5717734183309","0.001","0.211766552915318","0.271471425999492","0.187854512752336",NA,"RUNARMS6A, RUNARMS5A, RUNARMS3A, RUNARMS1A, RUNARMS4C, RUNARMS8C, RUNARMS6B, RUNARMS8A, RUNARMS7A, P50ARMS1A, P50ARMS1B, P50ARMS1C, P50ARMS2A, P50ARMS2B, P50ARMS2C, P50ARMS3A, P50ARMS3B, P50ARMS3C"
"92","0.377196371064172","9.69028062238313","0.001","0.229465734930559","0.272550594497917","0.339095409352713",NA,"RUNARMS5B, RUNARMS9A, RUNARMS7C, RUNARMS3C, RUNARMS8B, RUNARMS7B, RUNARMS8C, RUNARMS6C, RUNARMS1B, P50ARMS1A, P50ARMS1B, P50ARMS1C, P50ARMS2A, P50ARMS2B, P50ARMS2C, P50ARMS3A, P50ARMS3B, P50ARMS3C"
"93","0.392067193758452","10.318698112243","0.001","0.238118421969085","0.276112496180443","0.40815386949415",NA,"RUNARMS8B, RUNARMS6C, RUNARMS5A, RUNARMS6A, RUNARMS1B, RUNARMS2B, RUNARMS3A, RUNARMS8A, RUNARMS5C, P50ARMS1A, P50ARMS1B, P50ARMS1C, P50ARMS2A, P50ARMS2B, P50ARMS2C, P50ARMS3A, P50ARMS3B, P50ARMS3C"
"94","0.441954099506517","12.6714766399164","0.001","0.217736328429438","0.271710299977297","0.228043088189022",NA,"RUNARMS5B, RUNARMS7A, RUNARMS2C, RUNARMS2A, RUNARMS8A, RUNARMS6C, RUNARMS1C, RUNARMS9C, RUNARMS4B, P50ARMS1A, P50ARMS1B, P50ARMS1C, P50ARMS2A, P50ARMS2B, P50ARMS2C, P50ARMS3A, P50ARMS3B, P50ARMS3C"
"95","0.430789146967303","12.1090915866302","0.001","0.214899394815469","0.272436025772835","0.236234904787846",NA,"RUNARMS8B, RUNARMS4B, RUNARMS2C, RUNARMS2A, RUNARMS6C, RUNARMS1A, RUNARMS5B, RUNARMS3B, RUNARMS7C, P50ARMS1A, P50ARMS1B, P50ARMS1C, P50ARMS2A, P50ARMS2B, P50ARMS2C, P50ARMS3A, P50ARMS3B, P50ARMS3C"
"96","0.418375331865928","11.5091495883936","0.001","0.212234983022806","0.268823328348556","0.248048486749312",NA,"RUNARMS6B, RUNARMS1C, RUNARMS5B, RUNARMS8B, RUNARMS9C, RUNARMS2B, RUNARMS1B, RUNARMS3B, RUNARMS6C, P50ARMS1A, P50ARMS1B, P50ARMS1C, P50ARMS2A, P50ARMS2B, P50ARMS2C, P50ARMS3A, P50ARMS3B, P50ARMS3C"
"97","0.399372066589725","10.6387876919983","0.001","0.230017361355737","0.274799316721524","0.319545410986234",NA,"RUNARMS7A, RUNARMS3B, RUNARMS3C, RUNARMS8C, RUNARMS5B, RUNARMS7B, RUNARMS1C, RUNARMS6B, RUNARMS8B, P50ARMS1A, P50ARMS1B, P50ARMS1C, P50ARMS2A, P50ARMS2B, P50ARMS2C, P50ARMS3A, P50ARMS3B, P50ARMS3C"
"98","0.420250551400255","11.5981288790259","0.001","0.227762466294604","0.275856621128541","0.279831246228828",NA,"RUNARMS5C, RUNARMS3C, RUNARMS2B, RUNARMS9B, RUNARMS2C, RUNARMS9C, RUNARMS1C, RUNARMS5B, RUNARMS6B, P50ARMS1A, P50ARMS1B, P50ARMS1C, P50ARMS2A, P50ARMS2B, P50ARMS2C, P50ARMS3A, P50ARMS3B, P50ARMS3C"
"99","0.468552675147515","14.1064644637004","0.001","0.188459306648063","0.274564022719545","0.0488019873503086",NA,"RUNARMS2B, RUNARMS5B, RUNARMS6B, RUNARMS2C, RUNARMS2A, RUNARMS6A, RUNARMS9A, RUNARMS4B, RUNARMS1C, P50ARMS1A, P50ARMS1B, P50ARMS1C, P50ARMS2A, P50ARMS2B, P50ARMS2C, P50ARMS3A, P50ARMS3B, P50ARMS3C"
"100","0.414681762169278","11.3355569088338","0.001","0.221139873176688","0.27565349776772","0.237548332767827",NA,"RUNARMS3C, RUNARMS7C, RUNARMS9B, RUNARMS4C, RUNARMS6B, RUNARMS1A, RUNARMS3B, RUNARMS2C, RUNARMS6A, P50ARMS1A, P50ARMS1B, P50ARMS1C, P50ARMS2A, P50ARMS2B, P50ARMS2C, P50ARMS3A, P50ARMS3B, P50ARMS3C"
"101","0.430455606583143","12.0926301530448","0.001","0.193860647686194","0.271351219433141","0.0822273843245423",NA,"RUNARMS1A, RUNARMS1B, RUNARMS6A, RUNARMS5C, RUNARMS2C, RUNARMS4C, RUNARMS5B, RUNARMS3A, RUNARMS7A, P50ARMS1A, P50ARMS1B, P50ARMS1C, P50ARMS2A, P50ARMS2B, P50ARMS2C, P50ARMS3A, P50ARMS3B, P50ARMS3C"
"102","0.381091258547078","9.85195349226951","0.001","0.255088426183626","0.277449432178576","0.601437011905927",NA,"RUNARMS1B, RUNARMS4B, RUNARMS9B, RUNARMS7A, RUNARMS8B, RUNARMS3C, RUNARMS3B, RUNARMS8A, RUNARMS1C, P50ARMS1A, P50ARMS1B, P50ARMS1C, P50ARMS2A, P50ARMS2B, P50ARMS2C, P50ARMS3A, P50ARMS3B, P50ARMS3C"
"103","0.45853254242839","13.54932891398","0.001","0.198354209393565","0.274103349865757","0.0775478515661299",NA,"RUNARMS6A, RUNARMS5A, RUNARMS5B, RUNARMS3A, RUNARMS4B, RUNARMS1A, RUNARMS3B, RUNARMS9C, RUNARMS7A, P50ARMS1A, P50ARMS1B, P50ARMS1C, P50ARMS2A, P50ARMS2B, P50ARMS2C, P50ARMS3A, P50ARMS3B, P50ARMS3C"
"104","0.402160550943385","10.7630381789757","0.001","0.210549734759877","0.26613017119801","0.220976008153961",NA,"RUNARMS9A, RUNARMS5C, RUNARMS5A, RUNARMS3A, RUNARMS5B, RUNARMS8A, RUNARMS1B, RUNARMS6A, RUNARMS8C, P50ARMS1A, P50ARMS1B, P50ARMS1C, P50ARMS2A, P50ARMS2B, P50ARMS2C, P50ARMS3A, P50ARMS3B, P50ARMS3C"
"105","0.404731341412878","10.8786198789236","0.001","0.222589281936858","0.273378978519817","0.270268310570427",NA,"RUNARMS4C, RUNARMS9B, RUNARMS5B, RUNARMS5C, RUNARMS1B, RUNARMS6B, RUNARMS8A, RUNARMS2B, RUNARMS9C, P50ARMS1A, P50ARMS1B, P50ARMS1C, P50ARMS2A, P50ARMS2B, P50ARMS2C, P50ARMS3A, P50ARMS3B, P50ARMS3C"
"106","0.38771631657157","10.1316779019969","0.001","0.257907764996115","0.285198359704959","0.515581003470981",NA,"RUNARMS3A, RUNARMS9B, RUNARMS6C, RUNARMS3C, RUNARMS1A, RUNARMS2B, RUNARMS6B, RUNARMS8B, RUNARMS9C, P50ARMS1A, P50ARMS1B, P50ARMS1C, P50ARMS2A, P50ARMS2B, P50ARMS2C, P50ARMS3A, P50ARMS3B, P50ARMS3C"
"107","0.434773904019601","12.3072563595062","0.001","0.208914056883701","0.271554917239276","0.161904133527949",NA,"RUNARMS1B, RUNARMS3B, RUNARMS4A, RUNARMS6B, RUNARMS8A, RUNARMS1C, RUNARMS9C, RUNARMS3A, RUNARMS1A, P50ARMS1A, P50ARMS1B, P50ARMS1C, P50ARMS2A, P50ARMS2B, P50ARMS2C, P50ARMS3A, P50ARMS3B, P50ARMS3C"
"108","0.413894839197861","11.2988553421071","0.001","0.237192730570853","0.275101779100922","0.386275802745529",NA,"RUNARMS6C, RUNARMS9C, RUNARMS1C, RUNARMS2A, RUNARMS7B, RUNARMS8B, RUNARMS7C, RUNARMS3C, RUNARMS5B, P50ARMS1A, P50ARMS1B, P50ARMS1C, P50ARMS2A, P50ARMS2B, P50ARMS2C, P50ARMS3A, P50ARMS3B, P50ARMS3C"
"109","0.432853818839305","12.2114215549422","0.001","0.189217061025514","0.274528325316966","0.0547662170815378",NA,"RUNARMS6A, RUNARMS8C, RUNARMS3C, RUNARMS1A, RUNARMS4C, RUNARMS4B, RUNARMS5B, RUNARMS4A, RUNARMS3B, P50ARMS1A, P50ARMS1B, P50ARMS1C, P50ARMS2A, P50ARMS2B, P50ARMS2C, P50ARMS3A, P50ARMS3B, P50ARMS3C"
"110","0.386787882344089","10.0921132171396","0.001","0.223843465948408","0.271797268409718","0.312408416128859",NA,"RUNARMS1B, RUNARMS1C, RUNARMS6B, RUNARMS4A, RUNARMS8B, RUNARMS1A, RUNARMS3C, RUNARMS3A, RUNARMS2B, P50ARMS1A, P50ARMS1B, P50ARMS1C, P50ARMS2A, P50ARMS2B, P50ARMS2C, P50ARMS3A, P50ARMS3B, P50ARMS3C"
"111","0.384361513260267","9.98927835836253","0.001","0.228161157642068","0.266897561095647","0.394283642700059",NA,"RUNARMS8C, RUNARMS6A, RUNARMS1A, RUNARMS1B, RUNARMS6B, RUNARMS8A, RUNARMS2A, RUNARMS9B, RUNARMS5C, P50ARMS1A, P50ARMS1B, P50ARMS1C, P50ARMS2A, P50ARMS2B, P50ARMS2C, P50ARMS3A, P50ARMS3B, P50ARMS3C"
"112","0.465787144083889","13.9506083067992","0.001","0.198541233708353","0.273865318528394","0.103566054391341",NA,"RUNARMS5A, RUNARMS5B, RUNARMS2A, RUNARMS4C, RUNARMS1A, RUNARMS1C, RUNARMS4B, RUNARMS8A, RUNARMS9C, P50ARMS1A, P50ARMS1B, P50ARMS1C, P50ARMS2A, P50ARMS2B, P50ARMS2C, P50ARMS3A, P50ARMS3B, P50ARMS3C"
"113","0.454612778917377","13.3369543353787","0.001","0.190795527792893","0.273608525453158","0.0581574219905982",NA,"RUNARMS9A, RUNARMS9C, RUNARMS4B, RUNARMS6A, RUNARMS4C, RUNARMS1A, RUNARMS5B, RUNARMS6B, RUNARMS2B, P50ARMS1A, P50ARMS1B, P50ARMS1C, P50ARMS2A, P50ARMS2B, P50ARMS2C, P50ARMS3A, P50ARMS3B, P50ARMS3C"
"114","0.417805483538245","11.4822238059521","0.001","0.198027367399021","0.266051458651227","0.134429256149759",NA,"RUNARMS1B, RUNARMS1A, RUNARMS3C, RUNARMS6B, RUNARMS5C, RUNARMS7B, RUNARMS4C, RUNARMS7A, RUNARMS1C, P50ARMS1A, P50ARMS1B, P50ARMS1C, P50ARMS2A, P50ARMS2B, P50ARMS2C, P50ARMS3A, P50ARMS3B, P50ARMS3C"
"115","0.440032012089523","12.5730619346725","0.001","0.216166768401604","0.276345026647762","0.176733196508563",NA,"RUNARMS3A, RUNARMS5C, RUNARMS2A, RUNARMS2C, RUNARMS5B, RUNARMS6A, RUNARMS1C, RUNARMS4B, RUNARMS8A, P50ARMS1A, P50ARMS1B, P50ARMS1C, P50ARMS2A, P50ARMS2B, P50ARMS2C, P50ARMS3A, P50ARMS3B, P50ARMS3C"
"116","0.402194647338671","10.764564634242","0.001","0.233647964515526","0.272506291811372","0.399111218821898",NA,"RUNARMS7B, RUNARMS4B, RUNARMS3A, RUNARMS2C, RUNARMS3C, RUNARMS8A, RUNARMS1A, RUNARMS9A, RUNARMS8B, P50ARMS1A, P50ARMS1B, P50ARMS1C, P50ARMS2A, P50ARMS2B, P50ARMS2C, P50ARMS3A, P50ARMS3B, P50ARMS3C"
"117","0.389606284482744","10.2125896667226","0.001","0.241232809953705","0.275124079217214","0.443429275680615",NA,"RUNARMS3B, RUNARMS6B, RUNARMS6C, RUNARMS7B, RUNARMS9B, RUNARMS1B, RUNARMS7C, RUNARMS2C, RUNARMS8B, P50ARMS1A, P50ARMS1B, P50ARMS1C, P50ARMS2A, P50ARMS2B, P50ARMS2C, P50ARMS3A, P50ARMS3B, P50ARMS3C"
"118","0.424431022573072","11.7985795404189","0.001","0.20020492540488","0.270349653469063","0.110649915332539",NA,"RUNARMS4B, RUNARMS3C, RUNARMS8C, RUNARMS1A, RUNARMS9A, RUNARMS6C, RUNARMS3B, RUNARMS5C, RUNARMS4A, P50ARMS1A, P50ARMS1B, P50ARMS1C, P50ARMS2A, P50ARMS2B, P50ARMS2C, P50ARMS3A, P50ARMS3B, P50ARMS3C"
"119","0.400976128515002","10.710120851003","0.001","0.222802440099477","0.27909159710133","0.212871521376571",NA,"RUNARMS3A, RUNARMS1A, RUNARMS5C, RUNARMS8C, RUNARMS8B, RUNARMS2A, RUNARMS2B, RUNARMS4A, RUNARMS1B, P50ARMS1A, P50ARMS1B, P50ARMS1C, P50ARMS2A, P50ARMS2B, P50ARMS2C, P50ARMS3A, P50ARMS3B, P50ARMS3C"
"120","0.419987377854449","11.5856065697565","0.001","0.224515776141504","0.272395012987079","0.322228093578933",NA,"RUNARMS8B, RUNARMS5A, RUNARMS2A, RUNARMS1C, RUNARMS8A, RUNARMS4A, RUNARMS5B, RUNARMS6A, RUNARMS1A, P50ARMS1A, P50ARMS1B, P50ARMS1C, P50ARMS2A, P50ARMS2B, P50ARMS2C, P50ARMS3A, P50ARMS3B, P50ARMS3C"
"121","0.402607520534844","10.783062308258","0.001","0.209411156330199","0.275652374372729","0.112609320277443",NA,"RUNARMS4B, RUNARMS8C, RUNARMS6A, RUNARMS3C, RUNARMS1B, RUNARMS2B, RUNARMS7B, RUNARMS6B, RUNARMS1A, P50ARMS1A, P50ARMS1B, P50ARMS1C, P50ARMS2A, P50ARMS2B, P50ARMS2C, P50ARMS3A, P50ARMS3B, P50ARMS3C"
"122","0.458722090178583","13.5596766645785","0.001","0.208308557644774","0.273818840938783","0.148031977355395",NA,"RUNARMS5C, RUNARMS3A, RUNARMS1C, RUNARMS9B, RUNARMS2A, RUNARMS9C, RUNARMS3B, RUNARMS2C, RUNARMS4B, P50ARMS1A, P50ARMS1B, P50ARMS1C, P50ARMS2A, P50ARMS2B, P50ARMS2C, P50ARMS3A, P50ARMS3B, P50ARMS3C"
"123","0.381013238635791","9.84869499427898","0.001","0.247718391455614","0.279949371831956","0.449060399318599",NA,"RUNARMS5C, RUNARMS8B, RUNARMS6A, RUNARMS8A, RUNARMS3C, RUNARMS8C, RUNARMS9C, RUNARMS4B, RUNARMS1B, P50ARMS1A, P50ARMS1B, P50ARMS1C, P50ARMS2A, P50ARMS2B, P50ARMS2C, P50ARMS3A, P50ARMS3B, P50ARMS3C"
"124","0.372083462600011","9.48109350050108","0.001","0.236988889145067","0.272203444178162","0.461317847767588",NA,"RUNARMS6C, RUNARMS3C, RUNARMS6A, RUNARMS5A, RUNARMS1B, RUNARMS4A, RUNARMS2A, RUNARMS8A, RUNARMS8B, P50ARMS1A, P50ARMS1B, P50ARMS1C, P50ARMS2A, P50ARMS2B, P50ARMS2C, P50ARMS3A, P50ARMS3B, P50ARMS3C"
"125","0.441555527961282","12.6510133077129","0.001","0.218939050391981","0.275686882480769","0.190330732826639",NA,"RUNARMS2B, RUNARMS8A, RUNARMS6B, RUNARMS1A, RUNARMS7A, RUNARMS9C, RUNARMS2C, RUNARMS3A, RUNARMS7B, P50ARMS1A, P50ARMS1B, P50ARMS1C, P50ARMS2A, P50ARMS2B, P50ARMS2C, P50ARMS3A, P50ARMS3B, P50ARMS3C"
"126","0.445938393089151","12.8776551207138","0.001","0.216862806409149","0.275806474050768","0.17776693808936",NA,"RUNARMS5C, RUNARMS2B, RUNARMS8A, RUNARMS1C, RUNARMS6B, RUNARMS5A, RUNARMS6A, RUNARMS7A, RUNARMS1A, P50ARMS1A, P50ARMS1B, P50ARMS1C, P50ARMS2A, P50ARMS2B, P50ARMS2C, P50ARMS3A, P50ARMS3B, P50ARMS3C"
"127","0.419195868993157","11.5480134279752","0.001","0.219903961002709","0.272889899634226","0.257628040439909",NA,"RUNARMS6B, RUNARMS8B, RUNARMS3B, RUNARMS6A, RUNARMS9B, RUNARMS1A, RUNARMS5A, RUNARMS5C, RUNARMS4A, P50ARMS1A, P50ARMS1B, P50ARMS1C, P50ARMS2A, P50ARMS2B, P50ARMS2C, P50ARMS3A, P50ARMS3B, P50ARMS3C"
"128","0.432403535158459","12.1890409667488","0.001","0.208877082067207","0.271264965417431","0.181420748325044",NA,"RUNARMS8B, RUNARMS4B, RUNARMS5A, RUNARMS9C, RUNARMS4A, RUNARMS1B, RUNARMS3B, RUNARMS1C, RUNARMS9A, P50ARMS1A, P50ARMS1B, P50ARMS1C, P50ARMS2A, P50ARMS2B, P50ARMS2C, P50ARMS3A, P50ARMS3B, P50ARMS3C"
"129","0.41516325923959","11.3580623187193","0.001","0.210999924035406","0.266703459860329","0.255628582537281",NA,"RUNARMS2C, RUNARMS1C, RUNARMS9A, RUNARMS8B, RUNARMS6A, RUNARMS1A, RUNARMS5C, RUNARMS1B, RUNARMS5B, P50ARMS1A, P50ARMS1B, P50ARMS1C, P50ARMS2A, P50ARMS2B, P50ARMS2C, P50ARMS3A, P50ARMS3B, P50ARMS3C"
"130","0.436122283438506","12.3749464291077","0.001","0.209675430589588","0.27221520612938","0.16344772584657",NA,"RUNARMS6C, RUNARMS9A, RUNARMS7C, RUNARMS3B, RUNARMS9B, RUNARMS4A, RUNARMS5A, RUNARMS1A, RUNARMS7B, P50ARMS1A, P50ARMS1B, P50ARMS1C, P50ARMS2A, P50ARMS2B, P50ARMS2C, P50ARMS3A, P50ARMS3B, P50ARMS3C"
"131","0.391627066439084","10.2996578535293","0.002","0.223551806138334","0.279043868846834","0.206348236415873",NA,"RUNARMS6A, RUNARMS4A, RUNARMS2B, RUNARMS9B, RUNARMS1B, RUNARMS3A, RUNARMS2A, RUNARMS8C, RUNARMS7A, P50ARMS1A, P50ARMS1B, P50ARMS1C, P50ARMS2A, P50ARMS2B, P50ARMS2C, P50ARMS3A, P50ARMS3B, P50ARMS3C"
"132","0.42521601068477","11.8365443321788","0.001","0.195909728433297","0.273651930222727","0.0684835636985132",NA,"RUNARMS1B, RUNARMS7A, RUNARMS7B, RUNARMS9A, RUNARMS5B, RUNARMS8C, RUNARMS5A, RUNARMS2A, RUNARMS4A, P50ARMS1A, P50ARMS1B, P50ARMS1C, P50ARMS2A, P50ARMS2B, P50ARMS2C, P50ARMS3A, P50ARMS3B, P50ARMS3C"
"133","0.415376859260513","11.3680579591182","0.001","0.220335417425121","0.268910065821204","0.253196822229869",NA,"RUNARMS7A, RUNARMS8C, RUNARMS6B, RUNARMS3A, RUNARMS1A, RUNARMS5C, RUNARMS1C, RUNARMS3C, RUNARMS7C, P50ARMS1A, P50ARMS1B, P50ARMS1C, P50ARMS2A, P50ARMS2B, P50ARMS2C, P50ARMS3A, P50ARMS3B, P50ARMS3C"
"134","0.452476037521255","13.2224653101299","0.001","0.210378505542654","0.270738401902903","0.176746712825416",NA,"RUNARMS7A, RUNARMS7B, RUNARMS7C, RUNARMS9C, RUNARMS2B, RUNARMS8A, RUNARMS1A, RUNARMS9A, RUNARMS6C, P50ARMS1A, P50ARMS1B, P50ARMS1C, P50ARMS2A, P50ARMS2B, P50ARMS2C, P50ARMS3A, P50ARMS3B, P50ARMS3C"
"135","0.435783986932756","12.3579331841705","0.001","0.218021023409018","0.287789327486207","0.0983430713000011",NA,"RUNARMS3A, RUNARMS6C, RUNARMS3C, RUNARMS4C, RUNARMS2B, RUNARMS4A, RUNARMS5C, RUNARMS9C, RUNARMS1A, P50ARMS1A, P50ARMS1B, P50ARMS1C, P50ARMS2A, P50ARMS2B, P50ARMS2C, P50ARMS3A, P50ARMS3B, P50ARMS3C"
"136","0.424050011028976","11.7801897845074","0.001","0.20342560067215","0.274731267882121","0.104390617786445",NA,"RUNARMS2B, RUNARMS3B, RUNARMS6C, RUNARMS6A, RUNARMS5A, RUNARMS7A, RUNARMS8C, RUNARMS1B, RUNARMS3A, P50ARMS1A, P50ARMS1B, P50ARMS1C, P50ARMS2A, P50ARMS2B, P50ARMS2C, P50ARMS3A, P50ARMS3B, P50ARMS3C"
"137","0.383397344144446","9.94863944885146","0.001","0.250462846852951","0.270577863350419","0.641394394814806",NA,"RUNARMS3C, RUNARMS1C, RUNARMS8B, RUNARMS8A, RUNARMS6C, RUNARMS7A, RUNARMS4B, RUNARMS9B, RUNARMS8C, P50ARMS1A, P50ARMS1B, P50ARMS1C, P50ARMS2A, P50ARMS2B, P50ARMS2C, P50ARMS3A, P50ARMS3B, P50ARMS3C"
"138","0.407140128809901","10.9878276090467","0.001","0.219242743365406","0.27500191233016","0.231342891850467",NA,"RUNARMS1B, RUNARMS2A, RUNARMS8B, RUNARMS5A, RUNARMS4B, RUNARMS7B, RUNARMS3A, RUNARMS6C, RUNARMS3B, P50ARMS1A, P50ARMS1B, P50ARMS1C, P50ARMS2A, P50ARMS2B, P50ARMS2C, P50ARMS3A, P50ARMS3B, P50ARMS3C"
"139","0.392449848899515","10.3352744971233","0.001","0.238469600028295","0.275623777065858","0.392220085630334",NA,"RUNARMS6B, RUNARMS8A, RUNARMS9A, RUNARMS6C, RUNARMS1B, RUNARMS3C, RUNARMS1C, RUNARMS2B, RUNARMS7C, P50ARMS1A, P50ARMS1B, P50ARMS1C, P50ARMS2A, P50ARMS2B, P50ARMS2C, P50ARMS3A, P50ARMS3B, P50ARMS3C"
"140","0.453398929123333","13.2718050741071","0.001","0.196195700486457","0.272774426079253","0.0846355111219837",NA,"RUNARMS8C, RUNARMS1C, RUNARMS9C, RUNARMS7A, RUNARMS4C, RUNARMS5B, RUNARMS7B, RUNARMS3B, RUNARMS6C, P50ARMS1A, P50ARMS1B, P50ARMS1C, P50ARMS2A, P50ARMS2B, P50ARMS2C, P50ARMS3A, P50ARMS3B, P50ARMS3C"
"141","0.422986888563532","11.729005949567","0.001","0.226057109376219","0.273105404716831","0.321150121764688",NA,"RUNARMS5A, RUNARMS2B, RUNARMS7A, RUNARMS2C, RUNARMS8A, RUNARMS5B, RUNARMS8B, RUNARMS1A, RUNARMS6A, P50ARMS1A, P50ARMS1B, P50ARMS1C, P50ARMS2A, P50ARMS2B, P50ARMS2C, P50ARMS3A, P50ARMS3B, P50ARMS3C"
"142","0.395147500227213","10.4527302210215","0.001","0.226346283873628","0.273578448894165","0.30848627234547",NA,"RUNARMS2C, RUNARMS9B, RUNARMS9A, RUNARMS4C, RUNARMS6B, RUNARMS1B, RUNARMS8A, RUNARMS6A, RUNARMS1A, P50ARMS1A, P50ARMS1B, P50ARMS1C, P50ARMS2A, P50ARMS2B, P50ARMS2C, P50ARMS3A, P50ARMS3B, P50ARMS3C"
"143","0.41529726388694","11.3643323552127","0.001","0.217745232739126","0.274757882253987","0.208159737473525",NA,"RUNARMS7B, RUNARMS1A, RUNARMS4C, RUNARMS3C, RUNARMS7A, RUNARMS6B, RUNARMS9B, RUNARMS9A, RUNARMS7C, P50ARMS1A, P50ARMS1B, P50ARMS1C, P50ARMS2A, P50ARMS2B, P50ARMS2C, P50ARMS3A, P50ARMS3B, P50ARMS3C"
"144","0.414902356469617","11.3458629972574","0.001","0.23767096098374","0.27944292379743","0.334676343493893",NA,"RUNARMS3C, RUNARMS8B, RUNARMS3B, RUNARMS9B, RUNARMS9A, RUNARMS7B, RUNARMS7C, RUNARMS1C, RUNARMS4A, P50ARMS1A, P50ARMS1B, P50ARMS1C, P50ARMS2A, P50ARMS2B, P50ARMS2C, P50ARMS3A, P50ARMS3B, P50ARMS3C"
"145","0.464647051733345","13.8868252277384","0.001","0.173803033883699","0.262939026317927","0.0576451053145936",NA,"RUNARMS5B, RUNARMS5C, RUNARMS9A, RUNARMS4B, RUNARMS6C, RUNARMS4C, RUNARMS2A, RUNARMS1C, RUNARMS5A, P50ARMS1A, P50ARMS1B, P50ARMS1C, P50ARMS2A, P50ARMS2B, P50ARMS2C, P50ARMS3A, P50ARMS3B, P50ARMS3C"
"146","0.436996005175448","12.4189812986781","0.001","0.205493469613207","0.274742392820306","0.105163337305007",NA,"RUNARMS5B, RUNARMS7A, RUNARMS9C, RUNARMS2B, RUNARMS6C, RUNARMS1A, RUNARMS1B, RUNARMS2A, RUNARMS9A, P50ARMS1A, P50ARMS1B, P50ARMS1C, P50ARMS2A, P50ARMS2B, P50ARMS2C, P50ARMS3A, P50ARMS3B, P50ARMS3C"
"147","0.415827139783054","11.3891532620294","0.001","0.216971731309108","0.275810878101657","0.178289921886085",NA,"RUNARMS8A, RUNARMS5C, RUNARMS4A, RUNARMS1A, RUNARMS3B, RUNARMS3C, RUNARMS8C, RUNARMS9C, RUNARMS1B, P50ARMS1A, P50ARMS1B, P50ARMS1C, P50ARMS2A, P50ARMS2B, P50ARMS2C, P50ARMS3A, P50ARMS3B, P50ARMS3C"
"148","0.421307663760445","11.6485430997252","0.001","0.213009148077408","0.265444795974741","0.254697227807958",NA,"RUNARMS1C, RUNARMS7B, RUNARMS1A, RUNARMS5C, RUNARMS9B, RUNARMS6B, RUNARMS2C, RUNARMS5B, RUNARMS6C, P50ARMS1A, P50ARMS1B, P50ARMS1C, P50ARMS2A, P50ARMS2B, P50ARMS2C, P50ARMS3A, P50ARMS3B, P50ARMS3C"
"149","0.373972859045751","9.55799733476618","0.001","0.239143176235741","0.272400599772803","0.451397370643514",NA,"RUNARMS8B, RUNARMS3A, RUNARMS5C, RUNARMS9B, RUNARMS1B, RUNARMS6A, RUNARMS6B, RUNARMS7A, RUNARMS4B, P50ARMS1A, P50ARMS1B, P50ARMS1C, P50ARMS2A, P50ARMS2B, P50ARMS2C, P50ARMS3A, P50ARMS3B, P50ARMS3C"
"150","0.435944868710135","12.3660215330577","0.001","0.20611613699329","0.272430041107333","0.12868301815652",NA,"RUNARMS1B, RUNARMS1C, RUNARMS2B, RUNARMS9A, RUNARMS6C, RUNARMS6A, RUNARMS2A, RUNARMS7C, RUNARMS7B, P50ARMS1A, P50ARMS1B, P50ARMS1C, P50ARMS2A, P50ARMS2B, P50ARMS2C, P50ARMS3A, P50ARMS3B, P50ARMS3C"
"151","0.428583774408258","12.0006049590749","0.001","0.210805754824574","0.273372264099717","0.151076088157815",NA,"RUNARMS3A, RUNARMS8C, RUNARMS6A, RUNARMS1C, RUNARMS3C, RUNARMS3B, RUNARMS2C, RUNARMS5C, RUNARMS6B, P50ARMS1A, P50ARMS1B, P50ARMS1C, P50ARMS2A, P50ARMS2B, P50ARMS2C, P50ARMS3A, P50ARMS3B, P50ARMS3C"
"152","0.405097410620394","10.8951594523829","0.001","0.222135084517669","0.275751741049971","0.237012482403429",NA,"RUNARMS8C, RUNARMS5B, RUNARMS4A, RUNARMS7A, RUNARMS3B, RUNARMS8B, RUNARMS3C, RUNARMS1A, RUNARMS2A, P50ARMS1A, P50ARMS1B, P50ARMS1C, P50ARMS2A, P50ARMS2B, P50ARMS2C, P50ARMS3A, P50ARMS3B, P50ARMS3C"
"153","0.448082331997066","12.989831142559","0.001","0.208970210978713","0.27695947080831","0.140015910641864",NA,"RUNARMS4A, RUNARMS5C, RUNARMS8B, RUNARMS2A, RUNARMS1A, RUNARMS5B, RUNARMS5A, RUNARMS9C, RUNARMS2B, P50ARMS1A, P50ARMS1B, P50ARMS1C, P50ARMS2A, P50ARMS2B, P50ARMS2C, P50ARMS3A, P50ARMS3B, P50ARMS3C"
"154","0.41428395667827","11.3169911980904","0.002","0.230512601970581","0.269007139856053","0.409389372680367",NA,"RUNARMS6B, RUNARMS8B, RUNARMS1B, RUNARMS9C, RUNARMS7A, RUNARMS2A, RUNARMS1C, RUNARMS3B, RUNARMS8A, P50ARMS1A, P50ARMS1B, P50ARMS1C, P50ARMS2A, P50ARMS2B, P50ARMS2C, P50ARMS3A, P50ARMS3B, P50ARMS3C"
"155","0.42228598261665","11.6953640011525","0.001","0.225834527083695","0.277730435305093","0.232735435143649",NA,"RUNARMS6B, RUNARMS3C, RUNARMS9A, RUNARMS4A, RUNARMS9B, RUNARMS5A, RUNARMS1C, RUNARMS2B, RUNARMS9C, P50ARMS1A, P50ARMS1B, P50ARMS1C, P50ARMS2A, P50ARMS2B, P50ARMS2C, P50ARMS3A, P50ARMS3B, P50ARMS3C"
"156","0.427116882636286","11.9289082101574","0.001","0.21095471428307","0.269991306457768","0.180694741994866",NA,"RUNARMS5C, RUNARMS9C, RUNARMS8C, RUNARMS1B, RUNARMS5B, RUNARMS7C, RUNARMS3B, RUNARMS4B, RUNARMS8A, P50ARMS1A, P50ARMS1B, P50ARMS1C, P50ARMS2A, P50ARMS2B, P50ARMS2C, P50ARMS3A, P50ARMS3B, P50ARMS3C"
"157","0.480554073738934","14.8020511685727","0.002","0.189451154636662","0.28183184289242","0.0354867283261381",NA,"RUNARMS2A, RUNARMS4C, RUNARMS1C, RUNARMS4A, RUNARMS7A, RUNARMS2C, RUNARMS3B, RUNARMS2B, RUNARMS3A, P50ARMS1A, P50ARMS1B, P50ARMS1C, P50ARMS2A, P50ARMS2B, P50ARMS2C, P50ARMS3A, P50ARMS3B, P50ARMS3C"
"158","0.420237472277639","11.5975062804717","0.001","0.233121307828199","0.276543331057512","0.315507976229992",NA,"RUNARMS2A, RUNARMS6C, RUNARMS6B, RUNARMS8A, RUNARMS7C, RUNARMS7A, RUNARMS1A, RUNARMS2C, RUNARMS3A, P50ARMS1A, P50ARMS1B, P50ARMS1C, P50ARMS2A, P50ARMS2B, P50ARMS2C, P50ARMS3A, P50ARMS3B, P50ARMS3C"
"159","0.455530132500919","13.3863828929468","0.001","0.19148099350098","0.273025133200654","0.0632803137730459",NA,"RUNARMS5C, RUNARMS4A, RUNARMS5A, RUNARMS3B, RUNARMS2B, RUNARMS9A, RUNARMS2C, RUNARMS1B, RUNARMS7C, P50ARMS1A, P50ARMS1B, P50ARMS1C, P50ARMS2A, P50ARMS2B, P50ARMS2C, P50ARMS3A, P50ARMS3B, P50ARMS3C"
"160","0.411597042699624","11.1922494635459","0.001","0.222020065208136","0.274908927728962","0.241381500170405",NA,"RUNARMS3A, RUNARMS3C, RUNARMS2B, RUNARMS1C, RUNARMS1A, RUNARMS9B, RUNARMS4A, RUNARMS5A, RUNARMS6B, P50ARMS1A, P50ARMS1B, P50ARMS1C, P50ARMS2A, P50ARMS2B, P50ARMS2C, P50ARMS3A, P50ARMS3B, P50ARMS3C"
"161","0.414673504755073","11.3351712761693","0.001","0.238225297456189","0.274053973632629","0.423127250375094",NA,"RUNARMS3A, RUNARMS3B, RUNARMS8B, RUNARMS8C, RUNARMS9B, RUNARMS1C, RUNARMS8A, RUNARMS4B, RUNARMS5A, P50ARMS1A, P50ARMS1B, P50ARMS1C, P50ARMS2A, P50ARMS2B, P50ARMS2C, P50ARMS3A, P50ARMS3B, P50ARMS3C"
"162","0.421178435128727","11.6423702416103","0.001","0.219374872552212","0.278953678449341","0.175527551643966",NA,"RUNARMS1A, RUNARMS3B, RUNARMS9C, RUNARMS2B, RUNARMS9A, RUNARMS8C, RUNARMS9B, RUNARMS6C, RUNARMS1B, P50ARMS1A, P50ARMS1B, P50ARMS1C, P50ARMS2A, P50ARMS2B, P50ARMS2C, P50ARMS3A, P50ARMS3B, P50ARMS3C"
"163","0.477850518463236","14.6425660960337","0.001","0.191465001647197","0.27327021553877","0.0698034512675796",NA,"RUNARMS2A, RUNARMS5C, RUNARMS2C, RUNARMS9C, RUNARMS1C, RUNARMS1B, RUNARMS7C, RUNARMS3B, RUNARMS2B, P50ARMS1A, P50ARMS1B, P50ARMS1C, P50ARMS2A, P50ARMS2B, P50ARMS2C, P50ARMS3A, P50ARMS3B, P50ARMS3C"
"164","0.417839444812945","11.4838270257919","0.001","0.227121765478004","0.272127638603742","0.320971794833812",NA,"RUNARMS8B, RUNARMS4B, RUNARMS6A, RUNARMS7C, RUNARMS2C, RUNARMS6C, RUNARMS7B, RUNARMS1C, RUNARMS6B, P50ARMS1A, P50ARMS1B, P50ARMS1C, P50ARMS2A, P50ARMS2B, P50ARMS2C, P50ARMS3A, P50ARMS3B, P50ARMS3C"
"165","0.428638096804371","12.0032671245877","0.001","0.195476384537813","0.273745626403897","0.0789103716186139",NA,"RUNARMS8C, RUNARMS5A, RUNARMS4C, RUNARMS1B, RUNARMS6B, RUNARMS4A, RUNARMS2A, RUNARMS9C, RUNARMS7A, P50ARMS1A, P50ARMS1B, P50ARMS1C, P50ARMS2A, P50ARMS2B, P50ARMS2C, P50ARMS3A, P50ARMS3B, P50ARMS3C"
"166","0.466277570262792","13.9781292831894","0.001","0.187808788523515","0.273223737081824","0.0563664374742661",NA,"RUNARMS4C, RUNARMS6B, RUNARMS1C, RUNARMS3A, RUNARMS7A, RUNARMS2B, RUNARMS6A, RUNARMS3B, RUNARMS5A, P50ARMS1A, P50ARMS1B, P50ARMS1C, P50ARMS2A, P50ARMS2B, P50ARMS2C, P50ARMS3A, P50ARMS3B, P50ARMS3C"
"167","0.423538603500248","11.7555445987386","0.001","0.212297105865405","0.275059021251788","0.154699707922816",NA,"RUNARMS1A, RUNARMS1B, RUNARMS3B, RUNARMS8A, RUNARMS4A, RUNARMS2A, RUNARMS9C, RUNARMS8C, RUNARMS6B, P50ARMS1A, P50ARMS1B, P50ARMS1C, P50ARMS2A, P50ARMS2B, P50ARMS2C, P50ARMS3A, P50ARMS3B, P50ARMS3C"
"168","0.400320491906745","10.6809183640003","0.001","0.235747006673743","0.274885580372924","0.392748236388733",NA,"RUNARMS9B, RUNARMS8B, RUNARMS1B, RUNARMS6A, RUNARMS5C, RUNARMS2C, RUNARMS1A, RUNARMS1C, RUNARMS4B, P50ARMS1A, P50ARMS1B, P50ARMS1C, P50ARMS2A, P50ARMS2B, P50ARMS2C, P50ARMS3A, P50ARMS3B, P50ARMS3C"
"169","0.410130277790459","11.1246334530733","0.001","0.231708877072152","0.283601984847571","0.201766369957854",NA,"RUNARMS7A, RUNARMS1B, RUNARMS3B, RUNARMS6A, RUNARMS1C, RUNARMS3C, RUNARMS9C, RUNARMS6C, RUNARMS8C, P50ARMS1A, P50ARMS1B, P50ARMS1C, P50ARMS2A, P50ARMS2B, P50ARMS2C, P50ARMS3A, P50ARMS3B, P50ARMS3C"
"170","0.415961832076968","11.3954698147546","0.001","0.241359048068662","0.275496954820433","0.449998007580512",NA,"RUNARMS8A, RUNARMS2A, RUNARMS6C, RUNARMS1A, RUNARMS1C, RUNARMS8C, RUNARMS2B, RUNARMS8B, RUNARMS7C, P50ARMS1A, P50ARMS1B, P50ARMS1C, P50ARMS2A, P50ARMS2B, P50ARMS2C, P50ARMS3A, P50ARMS3B, P50ARMS3C"
"171","0.415111220799031","11.3556282304782","0.001","0.21647232635656","0.275998620551511","0.167006247302885",NA,"RUNARMS5C, RUNARMS9C, RUNARMS7B, RUNARMS3C, RUNARMS7C, RUNARMS1B, RUNARMS7A, RUNARMS3A, RUNARMS8C, P50ARMS1A, P50ARMS1B, P50ARMS1C, P50ARMS2A, P50ARMS2B, P50ARMS2C, P50ARMS3A, P50ARMS3B, P50ARMS3C"
"172","0.397148761388914","10.5405442922578","0.001","0.23826590598145","0.276414099483627","0.385288708052993",NA,"RUNARMS9B, RUNARMS2C, RUNARMS1C, RUNARMS1B, RUNARMS7A, RUNARMS3C, RUNARMS3B, RUNARMS6C, RUNARMS7C, P50ARMS1A, P50ARMS1B, P50ARMS1C, P50ARMS2A, P50ARMS2B, P50ARMS2C, P50ARMS3A, P50ARMS3B, P50ARMS3C"
"173","0.415651142207143","11.3809040381008","0.001","0.20690532287826","0.276795317415717","0.124393162278807",NA,"RUNARMS9C, RUNARMS9B, RUNARMS5C, RUNARMS7B, RUNARMS4C, RUNARMS4A, RUNARMS3A, RUNARMS1B, RUNARMS5B, P50ARMS1A, P50ARMS1B, P50ARMS1C, P50ARMS2A, P50ARMS2B, P50ARMS2C, P50ARMS3A, P50ARMS3B, P50ARMS3C"
"174","0.436830188974363","12.4106137913554","0.001","0.215910169716524","0.272913324791199","0.245626930586873",NA,"RUNARMS6A, RUNARMS9B, RUNARMS8A, RUNARMS1C, RUNARMS2A, RUNARMS1A, RUNARMS3B, RUNARMS2B, RUNARMS6B, P50ARMS1A, P50ARMS1B, P50ARMS1C, P50ARMS2A, P50ARMS2B, P50ARMS2C, P50ARMS3A, P50ARMS3B, P50ARMS3C"
"175","0.43684215532079","12.4112174786698","0.001","0.197132776320285","0.276167106897959","0.0741176123136664",NA,"RUNARMS1B, RUNARMS7C, RUNARMS6A, RUNARMS4A, RUNARMS4B, RUNARMS6B, RUNARMS4C, RUNARMS1C, RUNARMS3B, P50ARMS1A, P50ARMS1B, P50ARMS1C, P50ARMS2A, P50ARMS2B, P50ARMS2C, P50ARMS3A, P50ARMS3B, P50ARMS3C"
"176","0.404224864114105","10.8557699646337","0.001","0.215331329679543","0.26818513139607","0.249963648631756",NA,"RUNARMS9A, RUNARMS1C, RUNARMS1A, RUNARMS4A, RUNARMS2C, RUNARMS5C, RUNARMS9B, RUNARMS1B, RUNARMS3C, P50ARMS1A, P50ARMS1B, P50ARMS1C, P50ARMS2A, P50ARMS2B, P50ARMS2C, P50ARMS3A, P50ARMS3B, P50ARMS3C"
"177","0.398416353005207","10.5964676399165","0.001","0.24773433449651","0.281955036854031","0.45793026574418",NA,"RUNARMS2B, RUNARMS1C, RUNARMS7B, RUNARMS3C, RUNARMS6B, RUNARMS6A, RUNARMS8A, RUNARMS2A, RUNARMS8B, P50ARMS1A, P50ARMS1B, P50ARMS1C, P50ARMS2A, P50ARMS2B, P50ARMS2C, P50ARMS3A, P50ARMS3B, P50ARMS3C"
"178","0.441086634459021","12.6269768920509","0.001","0.20118808948058","0.28007289962504","0.0689178353533405",NA,"RUNARMS7C, RUNARMS4C, RUNARMS4A, RUNARMS7B, RUNARMS5C, RUNARMS6A, RUNARMS3C, RUNARMS1A, RUNARMS4B, P50ARMS1A, P50ARMS1B, P50ARMS1C, P50ARMS2A, P50ARMS2B, P50ARMS2C, P50ARMS3A, P50ARMS3B, P50ARMS3C"
"179","0.4474545298752","12.9568928985811","0.001","0.206353589737243","0.270491802176762","0.178511098883464",NA,"RUNARMS6B, RUNARMS8B, RUNARMS5A, RUNARMS9A, RUNARMS2B, RUNARMS4A, RUNARMS9C, RUNARMS1C, RUNARMS3B, P50ARMS1A, P50ARMS1B, P50ARMS1C, P50ARMS2A, P50ARMS2B, P50ARMS2C, P50ARMS3A, P50ARMS3B, P50ARMS3C"
"180","0.421607169753921","11.6628601934653","0.001","0.212627811950827","0.27341803717668","0.185254825164882",NA,"RUNARMS6A, RUNARMS7A, RUNARMS4B, RUNARMS2A, RUNARMS8B, RUNARMS8C, RUNARMS4A, RUNARMS1A, RUNARMS3B, P50ARMS1A, P50ARMS1B, P50ARMS1C, P50ARMS2A, P50ARMS2B, P50ARMS2C, P50ARMS3A, P50ARMS3B, P50ARMS3C"
"181","0.425710461371977","11.8605109858417","0.001","0.212746000076601","0.272719628520677","0.209110203707426",NA,"RUNARMS5A, RUNARMS1C, RUNARMS6C, RUNARMS6B, RUNARMS3A, RUNARMS8B, RUNARMS4A, RUNARMS3B, RUNARMS6A, P50ARMS1A, P50ARMS1B, P50ARMS1C, P50ARMS2A, P50ARMS2B, P50ARMS2C, P50ARMS3A, P50ARMS3B, P50ARMS3C"
"182","0.424289610716129","11.7917513698207","0.001","0.235197398711498","0.275575186488976","0.36209185389195",NA,"RUNARMS1C, RUNARMS2A, RUNARMS2C, RUNARMS9B, RUNARMS9A, RUNARMS1A, RUNARMS8B, RUNARMS4A, RUNARMS7C, P50ARMS1A, P50ARMS1B, P50ARMS1C, P50ARMS2A, P50ARMS2B, P50ARMS2C, P50ARMS3A, P50ARMS3B, P50ARMS3C"
"183","0.410543147348507","11.1436321895807","0.001","0.213653800042292","0.270796125250316","0.181233721455582",NA,"RUNARMS1B, RUNARMS1C, RUNARMS7B, RUNARMS4B, RUNARMS6A, RUNARMS3C, RUNARMS5C, RUNARMS7C, RUNARMS6B, P50ARMS1A, P50ARMS1B, P50ARMS1C, P50ARMS2A, P50ARMS2B, P50ARMS2C, P50ARMS3A, P50ARMS3B, P50ARMS3C"
"184","0.387359572186064","10.1164612611222","0.001","0.228653119065505","0.274204583995794","0.312334607953887",NA,"RUNARMS8B, RUNARMS6B, RUNARMS1B, RUNARMS8C, RUNARMS3C, RUNARMS7C, RUNARMS5A, RUNARMS7B, RUNARMS5C, P50ARMS1A, P50ARMS1B, P50ARMS1C, P50ARMS2A, P50ARMS2B, P50ARMS2C, P50ARMS3A, P50ARMS3B, P50ARMS3C"
"185","0.424768126510799","11.8148703807881","0.001","0.19477119325686","0.268036739257916","0.129861237843655",NA,"RUNARMS3A, RUNARMS1A, RUNARMS5A, RUNARMS7B, RUNARMS6C, RUNARMS4B, RUNARMS4A, RUNARMS9B, RUNARMS4C, P50ARMS1A, P50ARMS1B, P50ARMS1C, P50ARMS2A, P50ARMS2B, P50ARMS2C, P50ARMS3A, P50ARMS3B, P50ARMS3C"
"186","0.43027782308614","12.0838637643891","0.001","0.231191118362788","0.283806425370355","0.226787979157762",NA,"RUNARMS3C, RUNARMS8A, RUNARMS6C, RUNARMS4C, RUNARMS6A, RUNARMS2B, RUNARMS1C, RUNARMS9C, RUNARMS5C, P50ARMS1A, P50ARMS1B, P50ARMS1C, P50ARMS2A, P50ARMS2B, P50ARMS2C, P50ARMS3A, P50ARMS3B, P50ARMS3C"
"187","0.387089498200059","10.1049532566543","0.001","0.201452415286193","0.263635685993116","0.207167787759673",NA,"RUNARMS9B, RUNARMS7B, RUNARMS5A, RUNARMS3C, RUNARMS4C, RUNARMS3A, RUNARMS6A, RUNARMS1B, RUNARMS5B, P50ARMS1A, P50ARMS1B, P50ARMS1C, P50ARMS2A, P50ARMS2B, P50ARMS2C, P50ARMS3A, P50ARMS3B, P50ARMS3C"
"188","0.455878686445469","13.4052072606351","0.001","0.196996165942303","0.274365300343942","0.0735231801615609",NA,"RUNARMS5A, RUNARMS6B, RUNARMS7A, RUNARMS8C, RUNARMS1A, RUNARMS2A, RUNARMS2C, RUNARMS7B, RUNARMS3B, P50ARMS1A, P50ARMS1B, P50ARMS1C, P50ARMS2A, P50ARMS2B, P50ARMS2C, P50ARMS3A, P50ARMS3B, P50ARMS3C"
"189","0.392616566825331","10.3425031472645","0.001","0.223259747014021","0.268474581998089","0.347048255860628",NA,"RUNARMS8A, RUNARMS8C, RUNARMS1B, RUNARMS8B, RUNARMS4C, RUNARMS6A, RUNARMS2A, RUNARMS5C, RUNARMS1A, P50ARMS1A, P50ARMS1B, P50ARMS1C, P50ARMS2A, P50ARMS2B, P50ARMS2C, P50ARMS3A, P50ARMS3B, P50ARMS3C"
"190","0.408286848702678","11.0401290978919","0.002","0.22853220093959","0.27418047508314","0.308949544088502",NA,"RUNARMS7C, RUNARMS9B, RUNARMS8C, RUNARMS6C, RUNARMS2C, RUNARMS3C, RUNARMS1C, RUNARMS1A, RUNARMS4C, P50ARMS1A, P50ARMS1B, P50ARMS1C, P50ARMS2A, P50ARMS2B, P50ARMS2C, P50ARMS3A, P50ARMS3B, P50ARMS3C"
"191","0.418658827439701","11.5225646405432","0.001","0.237434497456682","0.279361141615404","0.370719907959711",NA,"RUNARMS6C, RUNARMS8B, RUNARMS4C, RUNARMS4A, RUNARMS2A, RUNARMS1C, RUNARMS2C, RUNARMS8A, RUNARMS7C, P50ARMS1A, P50ARMS1B, P50ARMS1C, P50ARMS2A, P50ARMS2B, P50ARMS2C, P50ARMS3A, P50ARMS3B, P50ARMS3C"
"192","0.428385260861478","11.9908807532037","0.001","0.221660360233635","0.272163814131137","0.246035256095861",NA,"RUNARMS6B, RUNARMS7A, RUNARMS1C, RUNARMS8C, RUNARMS8A, RUNARMS4A, RUNARMS7C, RUNARMS5A, RUNARMS2C, P50ARMS1A, P50ARMS1B, P50ARMS1C, P50ARMS2A, P50ARMS2B, P50ARMS2C, P50ARMS3A, P50ARMS3B, P50ARMS3C"
"193","0.452008669767086","13.1975422187783","0.001","0.20694269181296","0.27334706455623","0.157611129589424",NA,"RUNARMS6C, RUNARMS3B, RUNARMS2B, RUNARMS8A, RUNARMS7C, RUNARMS1A, RUNARMS2A, RUNARMS4B, RUNARMS5A, P50ARMS1A, P50ARMS1B, P50ARMS1C, P50ARMS2A, P50ARMS2B, P50ARMS2C, P50ARMS3A, P50ARMS3B, P50ARMS3C"
"194","0.430464154933514","12.0930518045483","0.001","0.194162139933468","0.270356859412995","0.0829635919494081",NA,"RUNARMS4C, RUNARMS2C, RUNARMS7A, RUNARMS9A, RUNARMS2A, RUNARMS6A, RUNARMS8C, RUNARMS1B, RUNARMS1A, P50ARMS1A, P50ARMS1B, P50ARMS1C, P50ARMS2A, P50ARMS2B, P50ARMS2C, P50ARMS3A, P50ARMS3B, P50ARMS3C"
"195","0.403857059950755","10.8392006767342","0.001","0.240501020811987","0.273189551115518","0.472262299399463",NA,"RUNARMS9C, RUNARMS1C, RUNARMS5C, RUNARMS4A, RUNARMS3C, RUNARMS8A, RUNARMS8B, RUNARMS6A, RUNARMS6C, P50ARMS1A, P50ARMS1B, P50ARMS1C, P50ARMS2A, P50ARMS2B, P50ARMS2C, P50ARMS3A, P50ARMS3B, P50ARMS3C"
"196","0.435408482251133","12.3390725808192","0.001","0.205123709701678","0.274037764502504","0.133868635065492",NA,"RUNARMS3B, RUNARMS4A, RUNARMS1C, RUNARMS9C, RUNARMS6C, RUNARMS4C, RUNARMS1B, RUNARMS8A, RUNARMS4B, P50ARMS1A, P50ARMS1B, P50ARMS1C, P50ARMS2A, P50ARMS2B, P50ARMS2C, P50ARMS3A, P50ARMS3B, P50ARMS3C"
"197","0.442962488734898","12.7233798019491","0.001","0.210257873708476","0.274206641932185","0.136149347050914",NA,"RUNARMS5B, RUNARMS7A, RUNARMS5A, RUNARMS2B, RUNARMS6C, RUNARMS6A, RUNARMS1C, RUNARMS6B, RUNARMS7C, P50ARMS1A, P50ARMS1B, P50ARMS1C, P50ARMS2A, P50ARMS2B, P50ARMS2C, P50ARMS3A, P50ARMS3B, P50ARMS3C"
"198","0.392178430083729","10.3235146495443","0.001","0.243670095988915","0.277881160900742","0.441026506514349",NA,"RUNARMS3B, RUNARMS1C, RUNARMS6B, RUNARMS4A, RUNARMS9B, RUNARMS6C, RUNARMS3C, RUNARMS8B, RUNARMS7A, P50ARMS1A, P50ARMS1B, P50ARMS1C, P50ARMS2A, P50ARMS2B, P50ARMS2C, P50ARMS3A, P50ARMS3B, P50ARMS3C"
"199","0.441101727183663","12.6277499470066","0.001","0.212011542597514","0.269328394701709","0.216923933104125",NA,"RUNARMS6C, RUNARMS3B, RUNARMS2B, RUNARMS9B, RUNARMS1A, RUNARMS4B, RUNARMS7B, RUNARMS9C, RUNARMS8A, P50ARMS1A, P50ARMS1B, P50ARMS1C, P50ARMS2A, P50ARMS2B, P50ARMS2C, P50ARMS3A, P50ARMS3B, P50ARMS3C"
"200","0.394628752622206","10.4300626587488","0.001","0.231114926170687","0.273851140112567","0.358902328448302",NA,"RUNARMS8B, RUNARMS3B, RUNARMS6B, RUNARMS7C, RUNARMS1B, RUNARMS2C, RUNARMS3C, RUNARMS7A, RUNARMS2B, P50ARMS1A, P50ARMS1B, P50ARMS1C, P50ARMS2A, P50ARMS2B, P50ARMS2C, P50ARMS3A, P50ARMS3B, P50ARMS3C"
"201","0.443103994132362","12.7306783159132","0.001","0.204440854067191","0.273603208409985","0.106316914406114",NA,"RUNARMS9C, RUNARMS9A, RUNARMS3B, RUNARMS6C, RUNARMS5B, RUNARMS5A, RUNARMS8C, RUNARMS1A, RUNARMS6B, P50ARMS1A, P50ARMS1B, P50ARMS1C, P50ARMS2A, P50ARMS2B, P50ARMS2C, P50ARMS3A, P50ARMS3B, P50ARMS3C"
"202","0.419570022529319","11.5657712748102","0.001","0.215620554572841","0.268291543603373","0.258019141167243",NA,"RUNARMS2A, RUNARMS8A, RUNARMS9B, RUNARMS4A, RUNARMS4B, RUNARMS9A, RUNARMS3A, RUNARMS5A, RUNARMS1A, P50ARMS1A, P50ARMS1B, P50ARMS1C, P50ARMS2A, P50ARMS2B, P50ARMS2C, P50ARMS3A, P50ARMS3B, P50ARMS3C"
"203","0.446198871392955","12.8912376185368","0.001","0.207455027870258","0.272665939330975","0.184833091033935",NA,"RUNARMS8B, RUNARMS2B, RUNARMS2A, RUNARMS1A, RUNARMS3B, RUNARMS6C, RUNARMS4B, RUNARMS5C, RUNARMS1C, P50ARMS1A, P50ARMS1B, P50ARMS1C, P50ARMS2A, P50ARMS2B, P50ARMS2C, P50ARMS3A, P50ARMS3B, P50ARMS3C"
"204","0.425017123414096","11.8269156379122","0.001","0.200308249030334","0.273172599803798","0.0948602792264894",NA,"RUNARMS1A, RUNARMS4B, RUNARMS6C, RUNARMS3B, RUNARMS3C, RUNARMS8C, RUNARMS4A, RUNARMS6B, RUNARMS2A, P50ARMS1A, P50ARMS1B, P50ARMS1C, P50ARMS2A, P50ARMS2B, P50ARMS2C, P50ARMS3A, P50ARMS3B, P50ARMS3C"
"205","0.436453884253918","12.3916427652376","0.001","0.210234371546795","0.27664049985727","0.12730612637628",NA,"RUNARMS3A, RUNARMS8C, RUNARMS7C, RUNARMS9A, RUNARMS1C, RUNARMS5A, RUNARMS4C, RUNARMS3C, RUNARMS2B, P50ARMS1A, P50ARMS1B, P50ARMS1C, P50ARMS2A, P50ARMS2B, P50ARMS2C, P50ARMS3A, P50ARMS3B, P50ARMS3C"
"206","0.434740746786686","12.3055958996606","0.001","0.21618937664317","0.266908897238968","0.304818709325833",NA,"RUNARMS3A, RUNARMS5B, RUNARMS1C, RUNARMS8A, RUNARMS8B, RUNARMS2B, RUNARMS4B, RUNARMS9C, RUNARMS3B, P50ARMS1A, P50ARMS1B, P50ARMS1C, P50ARMS2A, P50ARMS2B, P50ARMS2C, P50ARMS3A, P50ARMS3B, P50ARMS3C"
"207","0.452596498526973","13.2288959733451","0.001","0.201960895562277","0.270412878208543","0.133162262816007",NA,"RUNARMS2B, RUNARMS1C, RUNARMS9B, RUNARMS7A, RUNARMS5A, RUNARMS6A, RUNARMS7B, RUNARMS9A, RUNARMS3B, P50ARMS1A, P50ARMS1B, P50ARMS1C, P50ARMS2A, P50ARMS2B, P50ARMS2C, P50ARMS3A, P50ARMS3B, P50ARMS3C"
"208","0.416273082671189","11.4100774266458","0.001","0.202939529743263","0.267787236558947","0.137328781836101",NA,"RUNARMS3C, RUNARMS1A, RUNARMS1B, RUNARMS9A, RUNARMS6B, RUNARMS5B, RUNARMS5C, RUNARMS1C, RUNARMS6A, P50ARMS1A, P50ARMS1B, P50ARMS1C, P50ARMS2A, P50ARMS2B, P50ARMS2C, P50ARMS3A, P50ARMS3B, P50ARMS3C"
"209","0.416779667324846","11.4338857951164","0.001","0.204752851557453","0.261199573351209","0.233894012704578",NA,"RUNARMS5A, RUNARMS3A, RUNARMS4B, RUNARMS1C, RUNARMS5C, RUNARMS8C, RUNARMS6C, RUNARMS5B, RUNARMS9B, P50ARMS1A, P50ARMS1B, P50ARMS1C, P50ARMS2A, P50ARMS2B, P50ARMS2C, P50ARMS3A, P50ARMS3B, P50ARMS3C"
"210","0.408943378212862","11.0701645328359","0.001","0.22539911210811","0.273417623005391","0.267844355430793",NA,"RUNARMS6A, RUNARMS7A, RUNARMS8A, RUNARMS3A, RUNARMS7C, RUNARMS4A, RUNARMS3C, RUNARMS4B, RUNARMS1A, P50ARMS1A, P50ARMS1B, P50ARMS1C, P50ARMS2A, P50ARMS2B, P50ARMS2C, P50ARMS3A, P50ARMS3B, P50ARMS3C"
"211","0.404956687486744","10.8887989555274","0.001","0.231775669899104","0.274799142331972","0.339015205073919",NA,"RUNARMS7A, RUNARMS5A, RUNARMS2C, RUNARMS1B, RUNARMS2B, RUNARMS9B, RUNARMS8A, RUNARMS5C, RUNARMS3A, P50ARMS1A, P50ARMS1B, P50ARMS1C, P50ARMS2A, P50ARMS2B, P50ARMS2C, P50ARMS3A, P50ARMS3B, P50ARMS3C"
"212","0.407331838709213","10.996557340204","0.001","0.211274251366554","0.27398757471862","0.144791146434379",NA,"RUNARMS1B, RUNARMS6A, RUNARMS8C, RUNARMS9A, RUNARMS3A, RUNARMS7C, RUNARMS6C, RUNARMS3B, RUNARMS4A, P50ARMS1A, P50ARMS1B, P50ARMS1C, P50ARMS2A, P50ARMS2B, P50ARMS2C, P50ARMS3A, P50ARMS3B, P50ARMS3C"
"213","0.455186471745026","13.3678463735063","0.001","0.201888622112215","0.278094275579591","0.07379055323516",NA,"RUNARMS1A, RUNARMS4C, RUNARMS2A, RUNARMS8C, RUNARMS1C, RUNARMS9C, RUNARMS9A, RUNARMS3A, RUNARMS4A, P50ARMS1A, P50ARMS1B, P50ARMS1C, P50ARMS2A, P50ARMS2B, P50ARMS2C, P50ARMS3A, P50ARMS3B, P50ARMS3C"
"214","0.445409064235994","12.8500928670216","0.001","0.195755123202816","0.26854442240115","0.10336190675503",NA,"RUNARMS4B, RUNARMS6C, RUNARMS7A, RUNARMS9C, RUNARMS6B, RUNARMS4C, RUNARMS7B, RUNARMS1A, RUNARMS2C, P50ARMS1A, P50ARMS1B, P50ARMS1C, P50ARMS2A, P50ARMS2B, P50ARMS2C, P50ARMS3A, P50ARMS3B, P50ARMS3C"
"215","0.398257483697446","10.5894457621393","0.001","0.215594269301554","0.272595365412951","0.200077763293258",NA,"RUNARMS9B, RUNARMS1B, RUNARMS7B, RUNARMS4B, RUNARMS2B, RUNARMS9A, RUNARMS3C, RUNARMS1A, RUNARMS6A, P50ARMS1A, P50ARMS1B, P50ARMS1C, P50ARMS2A, P50ARMS2B, P50ARMS2C, P50ARMS3A, P50ARMS3B, P50ARMS3C"
"216","0.411326652530836","11.1797594859484","0.001","0.216470219972206","0.274826909141606","0.181258161392655",NA,"RUNARMS5C, RUNARMS7B, RUNARMS9B, RUNARMS2B, RUNARMS2A, RUNARMS1A, RUNARMS1B, RUNARMS8C, RUNARMS7A, P50ARMS1A, P50ARMS1B, P50ARMS1C, P50ARMS2A, P50ARMS2B, P50ARMS2C, P50ARMS3A, P50ARMS3B, P50ARMS3C"
"217","0.429079491207191","12.0249172232951","0.001","0.234729420924594","0.271116348693352","0.42224273466873",NA,"RUNARMS2A, RUNARMS3B, RUNARMS8B, RUNARMS9B, RUNARMS1C, RUNARMS9A, RUNARMS5B, RUNARMS9C, RUNARMS8A, P50ARMS1A, P50ARMS1B, P50ARMS1C, P50ARMS2A, P50ARMS2B, P50ARMS2C, P50ARMS3A, P50ARMS3B, P50ARMS3C"
"218","0.462084212692248","13.7444328229877","0.001","0.19142266608894","0.274374445447621","0.0552733784518898",NA,"RUNARMS2B, RUNARMS2C, RUNARMS5A, RUNARMS1A, RUNARMS5C, RUNARMS6C, RUNARMS5B, RUNARMS7B, RUNARMS4B, P50ARMS1A, P50ARMS1B, P50ARMS1C, P50ARMS2A, P50ARMS2B, P50ARMS2C, P50ARMS3A, P50ARMS3B, P50ARMS3C"
"219","0.424832013781574","11.8179599410525","0.001","0.194883062267732","0.267841681825248","0.104255186041065",NA,"RUNARMS8C, RUNARMS1A, RUNARMS9A, RUNARMS6A, RUNARMS3A, RUNARMS5A, RUNARMS7C, RUNARMS1B, RUNARMS4C, P50ARMS1A, P50ARMS1B, P50ARMS1C, P50ARMS2A, P50ARMS2B, P50ARMS2C, P50ARMS3A, P50ARMS3B, P50ARMS3C"
"220","0.382296384811404","9.9023900889991","0.001","0.236227213488302","0.277076793064724","0.352651668298137",NA,"RUNARMS6A, RUNARMS4B, RUNARMS2C, RUNARMS1B, RUNARMS6B, RUNARMS3C, RUNARMS7C, RUNARMS8B, RUNARMS7B, P50ARMS1A, P50ARMS1B, P50ARMS1C, P50ARMS2A, P50ARMS2B, P50ARMS2C, P50ARMS3A, P50ARMS3B, P50ARMS3C"
"221","0.435096280295797","12.3234105953099","0.001","0.184233084900094","0.272859888026457","0.0472537917409508",NA,"RUNARMS2B, RUNARMS4C, RUNARMS3C, RUNARMS2C, RUNARMS1B, RUNARMS4A, RUNARMS5B, RUNARMS1A, RUNARMS9A, P50ARMS1A, P50ARMS1B, P50ARMS1C, P50ARMS2A, P50ARMS2B, P50ARMS2C, P50ARMS3A, P50ARMS3B, P50ARMS3C"
"222","0.465239499462772","13.9199360908784","0.001","0.194451336883867","0.271974474024762","0.0760817906889678",NA,"RUNARMS9A, RUNARMS2C, RUNARMS6A, RUNARMS3B, RUNARMS5C, RUNARMS1B, RUNARMS1C, RUNARMS9C, RUNARMS2A, P50ARMS1A, P50ARMS1B, P50ARMS1C, P50ARMS2A, P50ARMS2B, P50ARMS2C, P50ARMS3A, P50ARMS3B, P50ARMS3C"
"223","0.439012900633256","12.5211549749739","0.001","0.212084592719352","0.277805281698871","0.118469204047728",NA,"RUNARMS6C, RUNARMS7C, RUNARMS4A, RUNARMS2B, RUNARMS5A, RUNARMS3A, RUNARMS6A, RUNARMS1A, RUNARMS7A, P50ARMS1A, P50ARMS1B, P50ARMS1C, P50ARMS2A, P50ARMS2B, P50ARMS2C, P50ARMS3A, P50ARMS3B, P50ARMS3C"
"224","0.406048441282627","10.9382237745982","0.001","0.221992309162781","0.272772465135314","0.244807503405054",NA,"RUNARMS8C, RUNARMS3A, RUNARMS9A, RUNARMS5C, RUNARMS9B, RUNARMS2C, RUNARMS2B, RUNARMS1B, RUNARMS7C, P50ARMS1A, P50ARMS1B, P50ARMS1C, P50ARMS2A, P50ARMS2B, P50ARMS2C, P50ARMS3A, P50ARMS3B, P50ARMS3C"
"225","0.435543636445453","12.3458581266465","0.001","0.196197167772322","0.26295981915417","0.151823549408243",NA,"RUNARMS8A, RUNARMS1A, RUNARMS3A, RUNARMS9A, RUNARMS4B, RUNARMS7A, RUNARMS8C, RUNARMS7B, RUNARMS5C, P50ARMS1A, P50ARMS1B, P50ARMS1C, P50ARMS2A, P50ARMS2B, P50ARMS2C, P50ARMS3A, P50ARMS3B, P50ARMS3C"
"226","0.4124952108502","11.2338205500489","0.001","0.225837530987979","0.273304822699421","0.314958590868771",NA,"RUNARMS6C, RUNARMS8B, RUNARMS7C, RUNARMS2B, RUNARMS6A, RUNARMS1C, RUNARMS2A, RUNARMS5C, RUNARMS1B, P50ARMS1A, P50ARMS1B, P50ARMS1C, P50ARMS2A, P50ARMS2B, P50ARMS2C, P50ARMS3A, P50ARMS3B, P50ARMS3C"
"227","0.450860558996575","13.1364975911468","0.001","0.212634938863465","0.27732533719837","0.15059819804999",NA,"RUNARMS6C, RUNARMS1C, RUNARMS1A, RUNARMS9C, RUNARMS9A, RUNARMS2A, RUNARMS9B, RUNARMS2B, RUNARMS4C, P50ARMS1A, P50ARMS1B, P50ARMS1C, P50ARMS2A, P50ARMS2B, P50ARMS2C, P50ARMS3A, P50ARMS3B, P50ARMS3C"
"228","0.422269662202844","11.6945816295659","0.001","0.209918202731542","0.265841638108594","0.245612940315684",NA,"RUNARMS6C, RUNARMS5A, RUNARMS1A, RUNARMS9A, RUNARMS4C, RUNARMS8B, RUNARMS7C, RUNARMS8C, RUNARMS2A, P50ARMS1A, P50ARMS1B, P50ARMS1C, P50ARMS2A, P50ARMS2B, P50ARMS2C, P50ARMS3A, P50ARMS3B, P50ARMS3C"
"229","0.430644328539561","12.1019419003219","0.001","0.207460287532006","0.27761490973085","0.0994185141928216",NA,"RUNARMS5A, RUNARMS6A, RUNARMS1B, RUNARMS4C, RUNARMS3C, RUNARMS7A, RUNARMS9A, RUNARMS1A, RUNARMS9C, P50ARMS1A, P50ARMS1B, P50ARMS1C, P50ARMS2A, P50ARMS2B, P50ARMS2C, P50ARMS3A, P50ARMS3B, P50ARMS3C"
"230","0.47620662233515","14.5463961215593","0.001","0.200257446360172","0.274665741293746","0.0817806720043573",NA,"RUNARMS5C, RUNARMS3B, RUNARMS5A, RUNARMS7C, RUNARMS3A, RUNARMS6A, RUNARMS7B, RUNARMS9C, RUNARMS1C, P50ARMS1A, P50ARMS1B, P50ARMS1C, P50ARMS2A, P50ARMS2B, P50ARMS2C, P50ARMS3A, P50ARMS3B, P50ARMS3C"
"231","0.432531399469551","12.1953926350177","0.001","0.196053782540013","0.27538955802211","0.0740003099822508",NA,"RUNARMS1B, RUNARMS4C, RUNARMS4A, RUNARMS3A, RUNARMS7A, RUNARMS5A, RUNARMS4B, RUNARMS6A, RUNARMS9C, P50ARMS1A, P50ARMS1B, P50ARMS1C, P50ARMS2A, P50ARMS2B, P50ARMS2C, P50ARMS3A, P50ARMS3B, P50ARMS3C"
"232","0.43677436777265","12.4077980199976","0.001","0.1998136055339","0.276128519542303","0.0818990899348247",NA,"RUNARMS7A, RUNARMS3A, RUNARMS4B, RUNARMS1B, RUNARMS9C, RUNARMS2B, RUNARMS4C, RUNARMS4A, RUNARMS7C, P50ARMS1A, P50ARMS1B, P50ARMS1C, P50ARMS2A, P50ARMS2B, P50ARMS2C, P50ARMS3A, P50ARMS3B, P50ARMS3C"
"233","0.438206879704367","12.4802348444216","0.001","0.211539594968968","0.274702037003341","0.135275487108383",NA,"RUNARMS5C, RUNARMS1C, RUNARMS5B, RUNARMS3C, RUNARMS6A, RUNARMS9C, RUNARMS7A, RUNARMS7B, RUNARMS4B, P50ARMS1A, P50ARMS1B, P50ARMS1C, P50ARMS2A, P50ARMS2B, P50ARMS2C, P50ARMS3A, P50ARMS3B, P50ARMS3C"
"234","0.412501490335406","11.2341116390822","0.001","0.202413208726973","0.268447825804962","0.13141454806305",NA,"RUNARMS6B, RUNARMS7C, RUNARMS5B, RUNARMS1B, RUNARMS4B, RUNARMS3A, RUNARMS7B, RUNARMS1A, RUNARMS6A, P50ARMS1A, P50ARMS1B, P50ARMS1C, P50ARMS2A, P50ARMS2B, P50ARMS2C, P50ARMS3A, P50ARMS3B, P50ARMS3C"
"235","0.382655658194589","9.91746439792147","0.001","0.232347143273234","0.268214334903745","0.432569202024683",NA,"RUNARMS1C, RUNARMS8B, RUNARMS5B, RUNARMS9A, RUNARMS8C, RUNARMS3C, RUNARMS6A, RUNARMS3A, RUNARMS6C, P50ARMS1A, P50ARMS1B, P50ARMS1C, P50ARMS2A, P50ARMS2B, P50ARMS2C, P50ARMS3A, P50ARMS3B, P50ARMS3C"
"236","0.461665222389257","13.7212824908169","0.001","0.181926414866476","0.273549927069612","0.0397504419158071",NA,"RUNARMS6A, RUNARMS5C, RUNARMS2B, RUNARMS1A, RUNARMS7A, RUNARMS3B, RUNARMS4C, RUNARMS4A, RUNARMS5B, P50ARMS1A, P50ARMS1B, P50ARMS1C, P50ARMS2A, P50ARMS2B, P50ARMS2C, P50ARMS3A, P50ARMS3B, P50ARMS3C"
"237","0.379595636633797","9.78963164151018","0.001","0.257453787576828","0.26958059608165","0.774468513301726",NA,"RUNARMS6C, RUNARMS6A, RUNARMS8C, RUNARMS7C, RUNARMS1C, RUNARMS8A, RUNARMS8B, RUNARMS9B, RUNARMS3C, P50ARMS1A, P50ARMS1B, P50ARMS1C, P50ARMS2A, P50ARMS2B, P50ARMS2C, P50ARMS3A, P50ARMS3B, P50ARMS3C"
"238","0.472085933546924","14.3079630128063","0.001","0.204260902497152","0.270522314138616","0.136853580621466",NA,"RUNARMS9C, RUNARMS1C, RUNARMS7C, RUNARMS2B, RUNARMS4B, RUNARMS7A, RUNARMS5C, RUNARMS3B, RUNARMS8A, P50ARMS1A, P50ARMS1B, P50ARMS1C, P50ARMS2A, P50ARMS2B, P50ARMS2C, P50ARMS3A, P50ARMS3B, P50ARMS3C"
"239","0.426411078560754","11.8945415470245","0.001","0.207364903725773","0.270482042095015","0.183938708642689",NA,"RUNARMS8B, RUNARMS3B, RUNARMS5A, RUNARMS6A, RUNARMS6C, RUNARMS4A, RUNARMS1A, RUNARMS5B, RUNARMS5C, P50ARMS1A, P50ARMS1B, P50ARMS1C, P50ARMS2A, P50ARMS2B, P50ARMS2C, P50ARMS3A, P50ARMS3B, P50ARMS3C"
"240","0.391800673148116","10.3071649270281","0.001","0.234792280426667","0.273297851755267","0.414724608507592",NA,"RUNARMS1B, RUNARMS6C, RUNARMS8A, RUNARMS1A, RUNARMS2A, RUNARMS8B, RUNARMS7A, RUNARMS5B, RUNARMS2B, P50ARMS1A, P50ARMS1B, P50ARMS1C, P50ARMS2A, P50ARMS2B, P50ARMS2C, P50ARMS3A, P50ARMS3B, P50ARMS3C"
"241","0.444001909583725","12.7770772522273","0.001","0.204390557987371","0.272944901590658","0.112126206806202",NA,"RUNARMS2C, RUNARMS4A, RUNARMS7C, RUNARMS6A, RUNARMS4B, RUNARMS5B, RUNARMS1C, RUNARMS6C, RUNARMS5C, P50ARMS1A, P50ARMS1B, P50ARMS1C, P50ARMS2A, P50ARMS2B, P50ARMS2C, P50ARMS3A, P50ARMS3B, P50ARMS3C"
"242","0.441573931967986","12.6519575570436","0.001","0.197934323905483","0.274598359772375","0.0783165815730153",NA,"RUNARMS4A, RUNARMS6B, RUNARMS8C, RUNARMS6C, RUNARMS3A, RUNARMS1C, RUNARMS2C, RUNARMS4C, RUNARMS5A, P50ARMS1A, P50ARMS1B, P50ARMS1C, P50ARMS2A, P50ARMS2B, P50ARMS2C, P50ARMS3A, P50ARMS3B, P50ARMS3C"
"243","0.435769103797873","12.3571851660322","0.001","0.214792742221125","0.269824615151409","0.236474203504449",NA,"RUNARMS3C, RUNARMS4A, RUNARMS8B, RUNARMS3B, RUNARMS9C, RUNARMS2C, RUNARMS5C, RUNARMS7C, RUNARMS1A, P50ARMS1A, P50ARMS1B, P50ARMS1C, P50ARMS2A, P50ARMS2B, P50ARMS2C, P50ARMS3A, P50ARMS3B, P50ARMS3C"
"244","0.472584670752695","14.3366229852178","0.001","0.176398021567135","0.274363172403503","0.0294517437303276",NA,"RUNARMS5B, RUNARMS2C, RUNARMS2B, RUNARMS9C, RUNARMS4C, RUNARMS3B, RUNARMS6A, RUNARMS2A, RUNARMS1B, P50ARMS1A, P50ARMS1B, P50ARMS1C, P50ARMS2A, P50ARMS2B, P50ARMS2C, P50ARMS3A, P50ARMS3B, P50ARMS3C"
"245","0.431685824637986","12.1534416941264","0.001","0.206598920376021","0.275456855126469","0.116928221949792",NA,"RUNARMS1B, RUNARMS3B, RUNARMS9C, RUNARMS2C, RUNARMS2B, RUNARMS7C, RUNARMS3C, RUNARMS5B, RUNARMS8C, P50ARMS1A, P50ARMS1B, P50ARMS1C, P50ARMS2A, P50ARMS2B, P50ARMS2C, P50ARMS3A, P50ARMS3B, P50ARMS3C"
"246","0.400273498998952","10.6788277211249","0.001","0.223807461039245","0.273658860834878","0.280573983625931",NA,"RUNARMS4A, RUNARMS3B, RUNARMS6C, RUNARMS9A, RUNARMS4B, RUNARMS1A, RUNARMS3A, RUNARMS8B, RUNARMS3C, P50ARMS1A, P50ARMS1B, P50ARMS1C, P50ARMS2A, P50ARMS2B, P50ARMS2C, P50ARMS3A, P50ARMS3B, P50ARMS3C"
"247","0.393079897746179","10.3626133663779","0.001","0.214728330785473","0.268467908491591","0.261757467955959",NA,"RUNARMS2A, RUNARMS4C, RUNARMS8B, RUNARMS6B, RUNARMS9A, RUNARMS4B, RUNARMS8C, RUNARMS1B, RUNARMS7C, P50ARMS1A, P50ARMS1B, P50ARMS1C, P50ARMS2A, P50ARMS2B, P50ARMS2C, P50ARMS3A, P50ARMS3B, P50ARMS3C"
"248","0.456558539423157","13.4419935921278","0.001","0.205421914683382","0.272384710125342","0.151303827746188",NA,"RUNARMS2C, RUNARMS4B, RUNARMS2A, RUNARMS9A, RUNARMS1C, RUNARMS8A, RUNARMS7C, RUNARMS4C, RUNARMS5A, P50ARMS1A, P50ARMS1B, P50ARMS1C, P50ARMS2A, P50ARMS2B, P50ARMS2C, P50ARMS3A, P50ARMS3B, P50ARMS3C"
"249","0.446898407408009","12.9277778518399","0.001","0.217653140306464","0.273261965458838","0.212621705941347",NA,"RUNARMS5C, RUNARMS7C, RUNARMS9C, RUNARMS8B, RUNARMS1A, RUNARMS5B, RUNARMS3A, RUNARMS7B, RUNARMS1C, P50ARMS1A, P50ARMS1B, P50ARMS1C, P50ARMS2A, P50ARMS2B, P50ARMS2C, P50ARMS3A, P50ARMS3B, P50ARMS3C"
"250","0.371257995252649","9.44763969830412","0.001","0.229267662953936","0.268574959764976","0.388633836472267",NA,"RUNARMS8B, RUNARMS3C, RUNARMS5C, RUNARMS6B, RUNARMS1B, RUNARMS8C, RUNARMS5A, RUNARMS9A, RUNARMS6C, P50ARMS1A, P50ARMS1B, P50ARMS1C, P50ARMS2A, P50ARMS2B, P50ARMS2C, P50ARMS3A, P50ARMS3B, P50ARMS3C"
"251","0.45434502767684","13.3225587808336","0.001","0.216019322507922","0.285504340252938","0.101724478510371",NA,"RUNARMS3A, RUNARMS1C, RUNARMS9C, RUNARMS5A, RUNARMS7A, RUNARMS2B, RUNARMS3C, RUNARMS4C, RUNARMS2A, P50ARMS1A, P50ARMS1B, P50ARMS1C, P50ARMS2A, P50ARMS2B, P50ARMS2C, P50ARMS3A, P50ARMS3B, P50ARMS3C"
"252","0.405137846281583","10.8969876466099","0.001","0.209305434599421","0.271189236992941","0.148017532053842",NA,"RUNARMS6B, RUNARMS4B, RUNARMS3C, RUNARMS1B, RUNARMS7C, RUNARMS1A, RUNARMS7B, RUNARMS8C, RUNARMS2A, P50ARMS1A, P50ARMS1B, P50ARMS1C, P50ARMS2A, P50ARMS2B, P50ARMS2C, P50ARMS3A, P50ARMS3B, P50ARMS3C"
"253","0.442230744316971","12.6856972430415","0.001","0.216453908231784","0.279323930396124","0.16354529766623",NA,"RUNARMS8C, RUNARMS9C, RUNARMS2B, RUNARMS1C, RUNARMS6C, RUNARMS2A, RUNARMS4C, RUNARMS8A, RUNARMS6B, P50ARMS1A, P50ARMS1B, P50ARMS1C, P50ARMS2A, P50ARMS2B, P50ARMS2C, P50ARMS3A, P50ARMS3B, P50ARMS3C"
"254","0.426688341653786","11.908031813192","0.001","0.226878295045004","0.280455955417277","0.199176013572776",NA,"RUNARMS3A, RUNARMS1C, RUNARMS5A, RUNARMS7A, RUNARMS3B, RUNARMS3C, RUNARMS8C, RUNARMS6C, RUNARMS7C, P50ARMS1A, P50ARMS1B, P50ARMS1C, P50ARMS2A, P50ARMS2B, P50ARMS2C, P50ARMS3A, P50ARMS3B, P50ARMS3C"
"255","0.443399430719431","12.745928198889","0.001","0.200696575144691","0.278021098202743","0.10968515058134",NA,"RUNARMS2A, RUNARMS5B, RUNARMS4C, RUNARMS3B, RUNARMS5C, RUNARMS8B, RUNARMS4A, RUNARMS2B, RUNARMS1A, P50ARMS1A, P50ARMS1B, P50ARMS1C, P50ARMS2A, P50ARMS2B, P50ARMS2C, P50ARMS3A, P50ARMS3B, P50ARMS3C"
"256","0.453274152536734","13.2651245121075","0.001","0.199996308125882","0.274926196420169","0.0881306947773271",NA,"RUNARMS4C, RUNARMS6C, RUNARMS3A, RUNARMS7A, RUNARMS9C, RUNARMS2C, RUNARMS5B, RUNARMS1A, RUNARMS2A, P50ARMS1A, P50ARMS1B, P50ARMS1C, P50ARMS2A, P50ARMS2B, P50ARMS2C, P50ARMS3A, P50ARMS3B, P50ARMS3C"
"257","0.400294347593673","10.6797552029063","0.001","0.237836037794333","0.273700669066673","0.429224990049252",NA,"RUNARMS1A, RUNARMS2C, RUNARMS9C, RUNARMS8B, RUNARMS1B, RUNARMS9A, RUNARMS6B, RUNARMS8A, RUNARMS3A, P50ARMS1A, P50ARMS1B, P50ARMS1C, P50ARMS2A, P50ARMS2B, P50ARMS2C, P50ARMS3A, P50ARMS3B, P50ARMS3C"
"258","0.451050235521569","13.1465650143815","0.001","0.215065273149913","0.274285990122374","0.180829160166744",NA,"RUNARMS5C, RUNARMS5A, RUNARMS6C, RUNARMS8C, RUNARMS3B, RUNARMS9C, RUNARMS1A, RUNARMS8A, RUNARMS7C, P50ARMS1A, P50ARMS1B, P50ARMS1C, P50ARMS2A, P50ARMS2B, P50ARMS2C, P50ARMS3A, P50ARMS3B, P50ARMS3C"
"259","0.443240035933302","12.7376985283432","0.001","0.198270305850045","0.273821530818683","0.123411324853126",NA,"RUNARMS4B, RUNARMS8B, RUNARMS4C, RUNARMS2A, RUNARMS2B, RUNARMS1A, RUNARMS3B, RUNARMS6A, RUNARMS7B, P50ARMS1A, P50ARMS1B, P50ARMS1C, P50ARMS2A, P50ARMS2B, P50ARMS2C, P50ARMS3A, P50ARMS3B, P50ARMS3C"
"260","0.394579301011349","10.4279038142036","0.001","0.223147596368036","0.275305327253951","0.249007478592157",NA,"RUNARMS3C, RUNARMS6A, RUNARMS1B, RUNARMS7A, RUNARMS4A, RUNARMS8B, RUNARMS3B, RUNARMS2C, RUNARMS7B, P50ARMS1A, P50ARMS1B, P50ARMS1C, P50ARMS2A, P50ARMS2B, P50ARMS2C, P50ARMS3A, P50ARMS3B, P50ARMS3C"
"261","0.443463544290015","12.7492397593046","0.002","0.208787145225938","0.27113920057938","0.18845019332879",NA,"RUNARMS3B, RUNARMS1C, RUNARMS8B, RUNARMS5B, RUNARMS7C, RUNARMS1A, RUNARMS9C, RUNARMS1B, RUNARMS2B, P50ARMS1A, P50ARMS1B, P50ARMS1C, P50ARMS2A, P50ARMS2B, P50ARMS2C, P50ARMS3A, P50ARMS3B, P50ARMS3C"
"262","0.438488639559514","12.4945258942732","0.001","0.216267228425632","0.273138358612603","0.176135616147228",NA,"RUNARMS6B, RUNARMS9C, RUNARMS4A, RUNARMS6C, RUNARMS7C, RUNARMS1A, RUNARMS9A, RUNARMS3A, RUNARMS1C, P50ARMS1A, P50ARMS1B, P50ARMS1C, P50ARMS2A, P50ARMS2B, P50ARMS2C, P50ARMS3A, P50ARMS3B, P50ARMS3C"
"263","0.440351713895539","12.589384435305","0.001","0.199050350481108","0.273140495781116","0.0990311870238523",NA,"RUNARMS9C, RUNARMS7C, RUNARMS6C, RUNARMS4C, RUNARMS6B, RUNARMS3B, RUNARMS2B, RUNARMS9A, RUNARMS1B, P50ARMS1A, P50ARMS1B, P50ARMS1C, P50ARMS2A, P50ARMS2B, P50ARMS2C, P50ARMS3A, P50ARMS3B, P50ARMS3C"
"264","0.425006355037626","11.826394500494","0.001","0.21414988672152","0.279189605873782","0.158475495615347",NA,"RUNARMS1C, RUNARMS6C, RUNARMS9B, RUNARMS3C, RUNARMS3B, RUNARMS4C, RUNARMS2B, RUNARMS5B, RUNARMS4B, P50ARMS1A, P50ARMS1B, P50ARMS1C, P50ARMS2A, P50ARMS2B, P50ARMS2C, P50ARMS3A, P50ARMS3B, P50ARMS3C"
"265","0.433597879838798","12.2484818302698","0.001","0.204185193495603","0.275238204768327","0.102784588096457",NA,"RUNARMS5B, RUNARMS3C, RUNARMS9A, RUNARMS3A, RUNARMS1C, RUNARMS2B, RUNARMS3B, RUNARMS6B, RUNARMS4A, P50ARMS1A, P50ARMS1B, P50ARMS1C, P50ARMS2A, P50ARMS2B, P50ARMS2C, P50ARMS3A, P50ARMS3B, P50ARMS3C"
"266","0.462426049262951","13.7633469368502","0.001","0.189352445744684","0.273676963205365","0.0509378428174826",NA,"RUNARMS2A, RUNARMS9C, RUNARMS7B, RUNARMS1B, RUNARMS1A, RUNARMS2B, RUNARMS9A, RUNARMS4B, RUNARMS3B, P50ARMS1A, P50ARMS1B, P50ARMS1C, P50ARMS2A, P50ARMS2B, P50ARMS2C, P50ARMS3A, P50ARMS3B, P50ARMS3C"
"267","0.436756376547786","12.4068906132187","0.001","0.210738080651363","0.277138411107955","0.120797553076117",NA,"RUNARMS7C, RUNARMS6B, RUNARMS9C, RUNARMS2A, RUNARMS2C, RUNARMS3A, RUNARMS1B, RUNARMS5A, RUNARMS5B, P50ARMS1A, P50ARMS1B, P50ARMS1C, P50ARMS2A, P50ARMS2B, P50ARMS2C, P50ARMS3A, P50ARMS3B, P50ARMS3C"
"268","0.470563049670847","14.2207845335554","0.001","0.173353448813321","0.26971086407102","0.032985711702936",NA,"RUNARMS5C, RUNARMS2B, RUNARMS3B, RUNARMS2A, RUNARMS4B, RUNARMS4C, RUNARMS8C, RUNARMS7B, RUNARMS1A, P50ARMS1A, P50ARMS1B, P50ARMS1C, P50ARMS2A, P50ARMS2B, P50ARMS2C, P50ARMS3A, P50ARMS3B, P50ARMS3C"
"269","0.434349530944254","12.2860191501462","0.001","0.200141506533434","0.270801795613441","0.0996958234801306",NA,"RUNARMS7C, RUNARMS4A, RUNARMS2C, RUNARMS1B, RUNARMS7B, RUNARMS3A, RUNARMS9C, RUNARMS9A, RUNARMS5B, P50ARMS1A, P50ARMS1B, P50ARMS1C, P50ARMS2A, P50ARMS2B, P50ARMS2C, P50ARMS3A, P50ARMS3B, P50ARMS3C"
"270","0.417660257292756","11.4753701775831","0.001","0.221616975575734","0.26957472132661","0.333182258028201",NA,"RUNARMS1C, RUNARMS8B, RUNARMS2B, RUNARMS8C, RUNARMS6B, RUNARMS2C, RUNARMS8A, RUNARMS5A, RUNARMS4C, P50ARMS1A, P50ARMS1B, P50ARMS1C, P50ARMS2A, P50ARMS2B, P50ARMS2C, P50ARMS3A, P50ARMS3B, P50ARMS3C"
"271","0.431507878005879","12.1446292410812","0.001","0.20146590477483","0.266787940977322","0.159253639600954",NA,"RUNARMS5C, RUNARMS1A, RUNARMS9B, RUNARMS4B, RUNARMS1C, RUNARMS6B, RUNARMS2B, RUNARMS3A, RUNARMS4A, P50ARMS1A, P50ARMS1B, P50ARMS1C, P50ARMS2A, P50ARMS2B, P50ARMS2C, P50ARMS3A, P50ARMS3B, P50ARMS3C"
"272","0.392616691593313","10.3425085585112","0.002","0.216312888917853","0.268417388861031","0.246910543959249",NA,"RUNARMS9B, RUNARMS3C, RUNARMS2A, RUNARMS6B, RUNARMS6C, RUNARMS8C, RUNARMS4A, RUNARMS1A, RUNARMS7B, P50ARMS1A, P50ARMS1B, P50ARMS1C, P50ARMS2A, P50ARMS2B, P50ARMS2C, P50ARMS3A, P50ARMS3B, P50ARMS3C"
"273","0.453080798545855","13.2547783245849","0.001","0.210522069932569","0.269754610813285","0.193845517112811",NA,"RUNARMS5C, RUNARMS1A, RUNARMS9C, RUNARMS3A, RUNARMS7A, RUNARMS1C, RUNARMS7C, RUNARMS4C, RUNARMS8B, P50ARMS1A, P50ARMS1B, P50ARMS1C, P50ARMS2A, P50ARMS2B, P50ARMS2C, P50ARMS3A, P50ARMS3B, P50ARMS3C"
"274","0.419376943525862","11.5566046191152","0.001","0.233563480523765","0.275508444203021","0.358237553734253",NA,"RUNARMS1A, RUNARMS9C, RUNARMS1C, RUNARMS1B, RUNARMS6C, RUNARMS9B, RUNARMS5A, RUNARMS8A, RUNARMS2C, P50ARMS1A, P50ARMS1B, P50ARMS1C, P50ARMS2A, P50ARMS2B, P50ARMS2C, P50ARMS3A, P50ARMS3B, P50ARMS3C"
"275","0.385846136613838","10.0521034774305","0.001","0.23397111610686","0.272150592159761","0.419534911994893",NA,"RUNARMS4C, RUNARMS1C, RUNARMS8C, RUNARMS3C, RUNARMS8A, RUNARMS8B, RUNARMS9A, RUNARMS6B, RUNARMS4A, P50ARMS1A, P50ARMS1B, P50ARMS1C, P50ARMS2A, P50ARMS2B, P50ARMS2C, P50ARMS3A, P50ARMS3B, P50ARMS3C"
"276","0.425490484657954","11.8498433406696","0.002","0.197396926824323","0.27133009995824","0.088927223399076",NA,"RUNARMS6C, RUNARMS3B, RUNARMS1B, RUNARMS7A, RUNARMS6B, RUNARMS2C, RUNARMS4B, RUNARMS9A, RUNARMS4A, P50ARMS1A, P50ARMS1B, P50ARMS1C, P50ARMS2A, P50ARMS2B, P50ARMS2C, P50ARMS3A, P50ARMS3B, P50ARMS3C"
"277","0.426391927640503","11.8936102384074","0.001","0.196749552697109","0.271492202958107","0.083893430183043",NA,"RUNARMS3B, RUNARMS4B, RUNARMS1B, RUNARMS9A, RUNARMS7B, RUNARMS3C, RUNARMS2A, RUNARMS8C, RUNARMS2C, P50ARMS1A, P50ARMS1B, P50ARMS1C, P50ARMS2A, P50ARMS2B, P50ARMS2C, P50ARMS3A, P50ARMS3B, P50ARMS3C"
"278","0.453209298582137","13.2616534233501","0.001","0.184393761042514","0.273971444507578","0.0469692016765833",NA,"RUNARMS2C, RUNARMS2B, RUNARMS1B, RUNARMS5A, RUNARMS3B, RUNARMS6B, RUNARMS2A, RUNARMS8C, RUNARMS6A, P50ARMS1A, P50ARMS1B, P50ARMS1C, P50ARMS2A, P50ARMS2B, P50ARMS2C, P50ARMS3A, P50ARMS3B, P50ARMS3C"
"279","0.420133959242429","11.5925797949759","0.001","0.20676088620723","0.275874245432302","0.109722288771562",NA,"RUNARMS1B, RUNARMS2B, RUNARMS3C, RUNARMS7A, RUNARMS5A, RUNARMS6A, RUNARMS2C, RUNARMS4A, RUNARMS5C, P50ARMS1A, P50ARMS1B, P50ARMS1C, P50ARMS2A, P50ARMS2B, P50ARMS2C, P50ARMS3A, P50ARMS3B, P50ARMS3C"
"280","0.430103728694361","12.0752845835328","0.001","0.197518427646678","0.274600329352056","0.0847284296447052",NA,"RUNARMS1B, RUNARMS2B, RUNARMS6A, RUNARMS6B, RUNARMS3B, RUNARMS4A, RUNARMS2C, RUNARMS7C, RUNARMS8C, P50ARMS1A, P50ARMS1B, P50ARMS1C, P50ARMS2A, P50ARMS2B, P50ARMS2C, P50ARMS3A, P50ARMS3B, P50ARMS3C"
"281","0.403843261206229","10.838579452064","0.001","0.216754510216533","0.271880165921481","0.211381914308354",NA,"RUNARMS8A, RUNARMS7B, RUNARMS2B, RUNARMS6B, RUNARMS7A, RUNARMS4B, RUNARMS2C, RUNARMS8C, RUNARMS1B, P50ARMS1A, P50ARMS1B, P50ARMS1C, P50ARMS2A, P50ARMS2B, P50ARMS2C, P50ARMS3A, P50ARMS3B, P50ARMS3C"
"282","0.419599743378745","11.5671828491987","0.001","0.217015096818294","0.27497965715611","0.206171865424696",NA,"RUNARMS8C, RUNARMS2C, RUNARMS1C, RUNARMS4C, RUNARMS7B, RUNARMS7A, RUNARMS8B, RUNARMS4A, RUNARMS6C, P50ARMS1A, P50ARMS1B, P50ARMS1C, P50ARMS2A, P50ARMS2B, P50ARMS2C, P50ARMS3A, P50ARMS3B, P50ARMS3C"
"283","0.426881168210535","11.9174215058381","0.001","0.213501038335177","0.277255465373218","0.131222501290042",NA,"RUNARMS2A, RUNARMS5B, RUNARMS5A, RUNARMS3C, RUNARMS9C, RUNARMS8C, RUNARMS7C, RUNARMS2C, RUNARMS1B, P50ARMS1A, P50ARMS1B, P50ARMS1C, P50ARMS2A, P50ARMS2B, P50ARMS2C, P50ARMS3A, P50ARMS3B, P50ARMS3C"
"284","0.436496125465042","12.3937710511828","0.001","0.227932297773308","0.278311339630316","0.265005690492713",NA,"RUNARMS8B, RUNARMS4B, RUNARMS6A, RUNARMS3B, RUNARMS9B, RUNARMS1A, RUNARMS2C, RUNARMS9C, RUNARMS5A, P50ARMS1A, P50ARMS1B, P50ARMS1C, P50ARMS2A, P50ARMS2B, P50ARMS2C, P50ARMS3A, P50ARMS3B, P50ARMS3C"
"285","0.40784269886839","11.0198475462923","0.001","0.22936500199745","0.274945542365374","0.290090290642937",NA,"RUNARMS7B, RUNARMS8C, RUNARMS9A, RUNARMS6C, RUNARMS8A, RUNARMS9C, RUNARMS1A, RUNARMS6B, RUNARMS3C, P50ARMS1A, P50ARMS1B, P50ARMS1C, P50ARMS2A, P50ARMS2B, P50ARMS2C, P50ARMS3A, P50ARMS3B, P50ARMS3C"
"286","0.451202111212049","13.1546311071583","0.001","0.190998982229045","0.272576970448375","0.0652249226936684",NA,"RUNARMS9C, RUNARMS4C, RUNARMS1B, RUNARMS7C, RUNARMS3B, RUNARMS5B, RUNARMS7B, RUNARMS5A, RUNARMS6A, P50ARMS1A, P50ARMS1B, P50ARMS1C, P50ARMS2A, P50ARMS2B, P50ARMS2C, P50ARMS3A, P50ARMS3B, P50ARMS3C"
"287","0.434252022441019","12.281143962785","0.001","0.216047427270454","0.271068284941607","0.246646099080838",NA,"RUNARMS2B, RUNARMS8B, RUNARMS9B, RUNARMS1A, RUNARMS9A, RUNARMS3B, RUNARMS5C, RUNARMS4B, RUNARMS2C, P50ARMS1A, P50ARMS1B, P50ARMS1C, P50ARMS2A, P50ARMS2B, P50ARMS2C, P50ARMS3A, P50ARMS3B, P50ARMS3C"
"288","0.408714214250395","11.0596729798196","0.001","0.209760036670401","0.2715442440613","0.193683937766978",NA,"RUNARMS3A, RUNARMS1A, RUNARMS1B, RUNARMS2C, RUNARMS2B, RUNARMS9B, RUNARMS7A, RUNARMS5B, RUNARMS4B, P50ARMS1A, P50ARMS1B, P50ARMS1C, P50ARMS2A, P50ARMS2B, P50ARMS2C, P50ARMS3A, P50ARMS3B, P50ARMS3C"
"289","0.441812924832247","12.6642251528155","0.001","0.208535191436901","0.271585717053179","0.17684305407892",NA,"RUNARMS3B, RUNARMS9A, RUNARMS2B, RUNARMS6C, RUNARMS1A, RUNARMS5B, RUNARMS7B, RUNARMS9C, RUNARMS8B, P50ARMS1A, P50ARMS1B, P50ARMS1C, P50ARMS2A, P50ARMS2B, P50ARMS2C, P50ARMS3A, P50ARMS3B, P50ARMS3C"
"290","0.418994531851231","11.538467152435","0.001","0.194317439226153","0.273114407530202","0.0750464500808428",NA,"RUNARMS6B, RUNARMS3C, RUNARMS7B, RUNARMS3B, RUNARMS1B, RUNARMS4C, RUNARMS2A, RUNARMS3A, RUNARMS5B, P50ARMS1A, P50ARMS1B, P50ARMS1C, P50ARMS2A, P50ARMS2B, P50ARMS2C, P50ARMS3A, P50ARMS3B, P50ARMS3C"
"291","0.436763388325768","12.4072442528899","0.001","0.208328145142734","0.275887377048031","0.137954839094946",NA,"RUNARMS4B, RUNARMS2A, RUNARMS1A, RUNARMS9C, RUNARMS4C, RUNARMS7B, RUNARMS3C, RUNARMS8A, RUNARMS5B, P50ARMS1A, P50ARMS1B, P50ARMS1C, P50ARMS2A, P50ARMS2B, P50ARMS2C, P50ARMS3A, P50ARMS3B, P50ARMS3C"
"292","0.409844936193083","11.1115186181555","0.001","0.218666548141013","0.269204219846429","0.255553347261318",NA,"RUNARMS3C, RUNARMS5C, RUNARMS9B, RUNARMS4B, RUNARMS9A, RUNARMS2B, RUNARMS1C, RUNARMS8C, RUNARMS3A, P50ARMS1A, P50ARMS1B, P50ARMS1C, P50ARMS2A, P50ARMS2B, P50ARMS2C, P50ARMS3A, P50ARMS3B, P50ARMS3C"
"293","0.425681107939365","11.8590870354144","0.001","0.21223034831622","0.26839145143671","0.224724327866391",NA,"RUNARMS6C, RUNARMS1B, RUNARMS5C, RUNARMS2A, RUNARMS3B, RUNARMS9C, RUNARMS9B, RUNARMS1C, RUNARMS6B, P50ARMS1A, P50ARMS1B, P50ARMS1C, P50ARMS2A, P50ARMS2B, P50ARMS2C, P50ARMS3A, P50ARMS3B, P50ARMS3C"
"294","0.443053476954761","12.7280723336168","0.002","0.191756499497493","0.275757879155256","0.0544911765498902",NA,"RUNARMS5C, RUNARMS1B, RUNARMS9C, RUNARMS3B, RUNARMS3A, RUNARMS4C, RUNARMS8C, RUNARMS4A, RUNARMS1A, P50ARMS1A, P50ARMS1B, P50ARMS1C, P50ARMS2A, P50ARMS2B, P50ARMS2C, P50ARMS3A, P50ARMS3B, P50ARMS3C"
"295","0.45071178810177","13.1286061732641","0.001","0.215563995450018","0.273477843983035","0.21132125720582",NA,"RUNARMS2B, RUNARMS1A, RUNARMS1C, RUNARMS6C, RUNARMS3B, RUNARMS8B, RUNARMS9C, RUNARMS7A, RUNARMS9A, P50ARMS1A, P50ARMS1B, P50ARMS1C, P50ARMS2A, P50ARMS2B, P50ARMS2C, P50ARMS3A, P50ARMS3B, P50ARMS3C"
"296","0.432608393725312","12.1992187107788","0.001","0.197596791817043","0.2665384583613","0.1159801811653",NA,"RUNARMS4B, RUNARMS2A, RUNARMS6A, RUNARMS5C, RUNARMS7B, RUNARMS9A, RUNARMS6C, RUNARMS3C, RUNARMS1A, P50ARMS1A, P50ARMS1B, P50ARMS1C, P50ARMS2A, P50ARMS2B, P50ARMS2C, P50ARMS3A, P50ARMS3B, P50ARMS3C"
"297","0.426950105807551","11.920779956774","0.001","0.226595043889045","0.274844866439411","0.294510650707685",NA,"RUNARMS8A, RUNARMS3C, RUNARMS3B, RUNARMS7B, RUNARMS5B, RUNARMS5A, RUNARMS1A, RUNARMS9C, RUNARMS8B, P50ARMS1A, P50ARMS1B, P50ARMS1C, P50ARMS2A, P50ARMS2B, P50ARMS2C, P50ARMS3A, P50ARMS3B, P50ARMS3C"
"298","0.425312512767609","11.8412186718274","0.001","0.216354048449479","0.269245266356854","0.274949865223724",NA,"RUNARMS2B, RUNARMS5C, RUNARMS1A, RUNARMS4A, RUNARMS8B, RUNARMS1C, RUNARMS5B, RUNARMS8A, RUNARMS4B, P50ARMS1A, P50ARMS1B, P50ARMS1C, P50ARMS2A, P50ARMS2B, P50ARMS2C, P50ARMS3A, P50ARMS3B, P50ARMS3C"
"299","0.410806394479507","11.1557597538175","0.001","0.238821347258289","0.271568762481454","0.483323593372405",NA,"RUNARMS8A, RUNARMS5A, RUNARMS3C, RUNARMS5B, RUNARMS8B, RUNARMS2C, RUNARMS3A, RUNARMS1C, RUNARMS9C, P50ARMS1A, P50ARMS1B, P50ARMS1C, P50ARMS2A, P50ARMS2B, P50ARMS2C, P50ARMS3A, P50ARMS3B, P50ARMS3C"
"300","0.42590742898634","11.8700697550383","0.001","0.200730645036808","0.267090778892559","0.153230621691181",NA,"RUNARMS5A, RUNARMS1B, RUNARMS6A, RUNARMS8A, RUNARMS4B, RUNARMS3B, RUNARMS1A, RUNARMS5B, RUNARMS7A, P50ARMS1A, P50ARMS1B, P50ARMS1C, P50ARMS2A, P50ARMS2B, P50ARMS2C, P50ARMS3A, P50ARMS3B, P50ARMS3C"
"301","0.424755279371399","11.8142491816629","0.001","0.224699269430765","0.27665216656718","0.245957300669382",NA,"RUNARMS6B, RUNARMS9B, RUNARMS2C, RUNARMS4B, RUNARMS9C, RUNARMS6A, RUNARMS3C, RUNARMS1C, RUNARMS2A, P50ARMS1A, P50ARMS1B, P50ARMS1C, P50ARMS2A, P50ARMS2B, P50ARMS2C, P50ARMS3A, P50ARMS3B, P50ARMS3C"
"302","0.443783082522847","12.765755764085","0.001","0.202383628089766","0.270503265695446","0.130892921038079",NA,"RUNARMS5A, RUNARMS1A, RUNARMS5C, RUNARMS4C, RUNARMS7A, RUNARMS6C, RUNARMS2C, RUNARMS3C, RUNARMS1C, P50ARMS1A, P50ARMS1B, P50ARMS1C, P50ARMS2A, P50ARMS2B, P50ARMS2C, P50ARMS3A, P50ARMS3B, P50ARMS3C"
"303","0.43623888689076","12.3808152565849","0.001","0.216629767739957","0.277719535453995","0.175006778250309",NA,"RUNARMS5B, RUNARMS3C, RUNARMS4C, RUNARMS3B, RUNARMS2A, RUNARMS9B, RUNARMS9C, RUNARMS1C, RUNARMS9A, P50ARMS1A, P50ARMS1B, P50ARMS1C, P50ARMS2A, P50ARMS2B, P50ARMS2C, P50ARMS3A, P50ARMS3B, P50ARMS3C"
"304","0.487611159281111","15.2262850563876","0.001","0.186420728588748","0.277018374818285","0.0369575756172678",NA,"RUNARMS5A, RUNARMS4B, RUNARMS2A, RUNARMS9C, RUNARMS1C, RUNARMS4C, RUNARMS5C, RUNARMS2B, RUNARMS6A, P50ARMS1A, P50ARMS1B, P50ARMS1C, P50ARMS2A, P50ARMS2B, P50ARMS2C, P50ARMS3A, P50ARMS3B, P50ARMS3C"
"305","0.468212613254172","14.0872122934486","0.001","0.195330044640031","0.272301321856471","0.0832176688944196",NA,"RUNARMS4C, RUNARMS7A, RUNARMS7C, RUNARMS6C, RUNARMS2A, RUNARMS1C, RUNARMS5A, RUNARMS9A, RUNARMS3B, P50ARMS1A, P50ARMS1B, P50ARMS1C, P50ARMS2A, P50ARMS2B, P50ARMS2C, P50ARMS3A, P50ARMS3B, P50ARMS3C"
"306","0.432334888870052","12.1856321382015","0.001","0.226867975607339","0.269206650045135","0.344111781635954",NA,"RUNARMS1C, RUNARMS2C, RUNARMS7A, RUNARMS8A, RUNARMS5C, RUNARMS8B, RUNARMS9A, RUNARMS4A, RUNARMS7C, P50ARMS1A, P50ARMS1B, P50ARMS1C, P50ARMS2A, P50ARMS2B, P50ARMS2C, P50ARMS3A, P50ARMS3B, P50ARMS3C"
"307","0.425284572215392","11.8398651340825","0.001","0.225987099397372","0.274702093681426","0.256007532242114",NA,"RUNARMS8C, RUNARMS4A, RUNARMS9B, RUNARMS1C, RUNARMS5A, RUNARMS6C, RUNARMS3A, RUNARMS7C, RUNARMS9C, P50ARMS1A, P50ARMS1B, P50ARMS1C, P50ARMS2A, P50ARMS2B, P50ARMS2C, P50ARMS3A, P50ARMS3B, P50ARMS3C"
"308","0.385060262079427","10.0188096708536","0.001","0.219748176543581","0.268238456371352","0.279642302126575",NA,"RUNARMS3C, RUNARMS8C, RUNARMS1B, RUNARMS6B, RUNARMS4B, RUNARMS9B, RUNARMS7B, RUNARMS2A, RUNARMS1C, P50ARMS1A, P50ARMS1B, P50ARMS1C, P50ARMS2A, P50ARMS2B, P50ARMS2C, P50ARMS3A, P50ARMS3B, P50ARMS3C"
"309","0.410256691396751","11.1304477161334","0.001","0.228617404645872","0.277604310528658","0.248292660311039",NA,"RUNARMS6A, RUNARMS1A, RUNARMS9B, RUNARMS4A, RUNARMS9A, RUNARMS3C, RUNARMS9C, RUNARMS3A, RUNARMS7A, P50ARMS1A, P50ARMS1B, P50ARMS1C, P50ARMS2A, P50ARMS2B, P50ARMS2C, P50ARMS3A, P50ARMS3B, P50ARMS3C"
"310","0.38251265507176","9.91146220471841","0.001","0.219057645909267","0.26425049247355","0.352914294747389",NA,"RUNARMS5B, RUNARMS4B, RUNARMS9C, RUNARMS1B, RUNARMS1A, RUNARMS8B, RUNARMS6C, RUNARMS6B, RUNARMS3C, P50ARMS1A, P50ARMS1B, P50ARMS1C, P50ARMS2A, P50ARMS2B, P50ARMS2C, P50ARMS3A, P50ARMS3B, P50ARMS3C"
"311","0.404842958055802","10.8836607355478","0.001","0.221888202651275","0.27350210246146","0.255592461466827",NA,"RUNARMS9A, RUNARMS3A, RUNARMS1A, RUNARMS8B, RUNARMS5A, RUNARMS9C, RUNARMS4A, RUNARMS1B, RUNARMS6B, P50ARMS1A, P50ARMS1B, P50ARMS1C, P50ARMS2A, P50ARMS2B, P50ARMS2C, P50ARMS3A, P50ARMS3B, P50ARMS3C"
"312","0.420455528785663","11.6078899803404","0.001","0.228855192813313","0.27530030455606","0.280233955626919",NA,"RUNARMS9A, RUNARMS9B, RUNARMS2A, RUNARMS7A, RUNARMS3C, RUNARMS6B, RUNARMS9C, RUNARMS1C, RUNARMS7B, P50ARMS1A, P50ARMS1B, P50ARMS1C, P50ARMS2A, P50ARMS2B, P50ARMS2C, P50ARMS3A, P50ARMS3B, P50ARMS3C"
"313","0.438173618503039","12.4785487597943","0.001","0.195749631747456","0.275248105050568","0.0775967555948188",NA,"RUNARMS3A, RUNARMS6A, RUNARMS2B, RUNARMS7A, RUNARMS2C, RUNARMS6C, RUNARMS6B, RUNARMS1B, RUNARMS3B, P50ARMS1A, P50ARMS1B, P50ARMS1C, P50ARMS2A, P50ARMS2B, P50ARMS2C, P50ARMS3A, P50ARMS3B, P50ARMS3C"
"314","0.402429831357941","10.7750982890578","0.001","0.230968278203158","0.274876108005105","0.319487855510219",NA,"RUNARMS2C, RUNARMS2A, RUNARMS3C, RUNARMS1C, RUNARMS6B, RUNARMS9B, RUNARMS8C, RUNARMS7C, RUNARMS4A, P50ARMS1A, P50ARMS1B, P50ARMS1C, P50ARMS2A, P50ARMS2B, P50ARMS2C, P50ARMS3A, P50ARMS3B, P50ARMS3C"
"315","0.427439572064509","11.9446486682497","0.001","0.202987653949617","0.267295646523686","0.184117972001118",NA,"RUNARMS3B, RUNARMS6B, RUNARMS5A, RUNARMS5C, RUNARMS1C, RUNARMS4C, RUNARMS3C, RUNARMS7B, RUNARMS9B, P50ARMS1A, P50ARMS1B, P50ARMS1C, P50ARMS2A, P50ARMS2B, P50ARMS2C, P50ARMS3A, P50ARMS3B, P50ARMS3C"
"316","0.431412940947478","12.1399299285178","0.001","0.211854645320408","0.274789488413251","0.190661913427125",NA,"RUNARMS6A, RUNARMS2A, RUNARMS4C, RUNARMS2C, RUNARMS8B, RUNARMS1A, RUNARMS3A, RUNARMS5A, RUNARMS9A, P50ARMS1A, P50ARMS1B, P50ARMS1C, P50ARMS2A, P50ARMS2B, P50ARMS2C, P50ARMS3A, P50ARMS3B, P50ARMS3C"
"317","0.418002583962844","11.4915309915715","0.001","0.208332811174138","0.275002042560202","0.158155388570247",NA,"RUNARMS2A, RUNARMS8B, RUNARMS5A, RUNARMS1B, RUNARMS7A, RUNARMS4C, RUNARMS5C, RUNARMS7B, RUNARMS5B, P50ARMS1A, P50ARMS1B, P50ARMS1C, P50ARMS2A, P50ARMS2B, P50ARMS2C, P50ARMS3A, P50ARMS3B, P50ARMS3C"
"318","0.427771874953339","11.9608766148908","0.001","0.224710456221624","0.276205329460266","0.287521480990032",NA,"RUNARMS1C, RUNARMS2C, RUNARMS6A, RUNARMS6B, RUNARMS8B, RUNARMS3B, RUNARMS9C, RUNARMS3C, RUNARMS2A, P50ARMS1A, P50ARMS1B, P50ARMS1C, P50ARMS2A, P50ARMS2B, P50ARMS2C, P50ARMS3A, P50ARMS3B, P50ARMS3C"
"319","0.475317923446137","14.4946570789854","0.001","0.181296369564783","0.273378487674174","0.0381888881554057",NA,"RUNARMS1C, RUNARMS4C, RUNARMS3A, RUNARMS5A, RUNARMS5B, RUNARMS4A, RUNARMS4B, RUNARMS3B, RUNARMS9C, P50ARMS1A, P50ARMS1B, P50ARMS1C, P50ARMS2A, P50ARMS2B, P50ARMS2C, P50ARMS3A, P50ARMS3B, P50ARMS3C"
"320","0.420254105864693","11.5982980851707","0.001","0.212256560209583","0.269014013084093","0.216329571248316",NA,"RUNARMS1C, RUNARMS8C, RUNARMS9B, RUNARMS7B, RUNARMS6B, RUNARMS2C, RUNARMS2B, RUNARMS3A, RUNARMS6A, P50ARMS1A, P50ARMS1B, P50ARMS1C, P50ARMS2A, P50ARMS2B, P50ARMS2C, P50ARMS3A, P50ARMS3B, P50ARMS3C"
"321","0.444468008155059","12.8012215945718","0.001","0.206736273564767","0.274467774318488","0.117603933678836",NA,"RUNARMS6A, RUNARMS1C, RUNARMS8C, RUNARMS6C, RUNARMS3B, RUNARMS7C, RUNARMS7A, RUNARMS2A, RUNARMS4A, P50ARMS1A, P50ARMS1B, P50ARMS1C, P50ARMS2A, P50ARMS2B, P50ARMS2C, P50ARMS3A, P50ARMS3B, P50ARMS3C"
"322","0.380432231896736","9.82445508581276","0.001","0.23908289934482","0.284461680864073","0.310002097565653",NA,"RUNARMS5C, RUNARMS6C, RUNARMS3C, RUNARMS2B, RUNARMS3A, RUNARMS1B, RUNARMS8B, RUNARMS4C, RUNARMS9A, P50ARMS1A, P50ARMS1B, P50ARMS1C, P50ARMS2A, P50ARMS2B, P50ARMS2C, P50ARMS3A, P50ARMS3B, P50ARMS3C"
"323","0.430501855409537","12.0949115497223","0.001","0.22738571652325","0.272211629491203","0.30571932824837",NA,"RUNARMS1C, RUNARMS6B, RUNARMS7C, RUNARMS9C, RUNARMS8C, RUNARMS5C, RUNARMS9A, RUNARMS8B, RUNARMS2A, P50ARMS1A, P50ARMS1B, P50ARMS1C, P50ARMS2A, P50ARMS2B, P50ARMS2C, P50ARMS3A, P50ARMS3B, P50ARMS3C"
"324","0.422733670429053","11.7168426086655","0.001","0.203991388542357","0.267406163041694","0.159040957772165",NA,"RUNARMS6B, RUNARMS8C, RUNARMS4A, RUNARMS4B, RUNARMS1C, RUNARMS7B, RUNARMS9B, RUNARMS2A, RUNARMS9A, P50ARMS1A, P50ARMS1B, P50ARMS1C, P50ARMS2A, P50ARMS2B, P50ARMS2C, P50ARMS3A, P50ARMS3B, P50ARMS3C"
"325","0.426479714255497","11.8978798094822","0.002","0.226216081448187","0.272519854179977","0.310205427079141",NA,"RUNARMS6B, RUNARMS1A, RUNARMS9B, RUNARMS4B, RUNARMS9A, RUNARMS2C, RUNARMS8B, RUNARMS3B, RUNARMS9C, P50ARMS1A, P50ARMS1B, P50ARMS1C, P50ARMS2A, P50ARMS2B, P50ARMS2C, P50ARMS3A, P50ARMS3B, P50ARMS3C"
"326","0.415779360067444","11.3869132762018","0.001","0.221437137459639","0.27393848512705","0.234732579758025",NA,"RUNARMS2C, RUNARMS3C, RUNARMS8C, RUNARMS1A, RUNARMS7C, RUNARMS5B, RUNARMS6A, RUNARMS7B, RUNARMS8A, P50ARMS1A, P50ARMS1B, P50ARMS1C, P50ARMS2A, P50ARMS2B, P50ARMS2C, P50ARMS3A, P50ARMS3B, P50ARMS3C"
"327","0.434752560789825","12.3061875032232","0.001","0.211192577732659","0.271185714907035","0.21400369719816",NA,"RUNARMS9C, RUNARMS1C, RUNARMS1A, RUNARMS3A, RUNARMS5B, RUNARMS2A, RUNARMS8B, RUNARMS4C, RUNARMS6A, P50ARMS1A, P50ARMS1B, P50ARMS1C, P50ARMS2A, P50ARMS2B, P50ARMS2C, P50ARMS3A, P50ARMS3B, P50ARMS3C"
"328","0.382338457949187","9.904154477346","0.001","0.22402045527947","0.270219010726932","0.320783097859265",NA,"RUNARMS3A, RUNARMS8C, RUNARMS8A, RUNARMS1A, RUNARMS2A, RUNARMS5B, RUNARMS9B, RUNARMS1B, RUNARMS4A, P50ARMS1A, P50ARMS1B, P50ARMS1C, P50ARMS2A, P50ARMS2B, P50ARMS2C, P50ARMS3A, P50ARMS3B, P50ARMS3C"
"329","0.429474290567566","12.0443102483795","0.001","0.219421714479973","0.278177192091054","0.183260815623848",NA,"RUNARMS8B, RUNARMS7B, RUNARMS7A, RUNARMS9A, RUNARMS2C, RUNARMS4A, RUNARMS6A, RUNARMS1A, RUNARMS2A, P50ARMS1A, P50ARMS1B, P50ARMS1C, P50ARMS2A, P50ARMS2B, P50ARMS2C, P50ARMS3A, P50ARMS3B, P50ARMS3C"
"330","0.394981564736053","10.4454751581575","0.001","0.230295468248422","0.272020237364181","0.363366904958347",NA,"RUNARMS6A, RUNARMS8A, RUNARMS4C, RUNARMS1B, RUNARMS7C, RUNARMS3A, RUNARMS7A, RUNARMS5A, RUNARMS9B, P50ARMS1A, P50ARMS1B, P50ARMS1C, P50ARMS2A, P50ARMS2B, P50ARMS2C, P50ARMS3A, P50ARMS3B, P50ARMS3C"
"331","0.445129998469305","12.8355830300098","0.001","0.193427488076537","0.271485428459378","0.0782016698302239",NA,"RUNARMS6A, RUNARMS5A, RUNARMS7A, RUNARMS5C, RUNARMS4A, RUNARMS1A, RUNARMS3B, RUNARMS4B, RUNARMS3C, P50ARMS1A, P50ARMS1B, P50ARMS1C, P50ARMS2A, P50ARMS2B, P50ARMS2C, P50ARMS3A, P50ARMS3B, P50ARMS3C"
"332","0.403732254379976","10.8335829290289","0.001","0.211252591998545","0.275824323001859","0.175959976786231",NA,"RUNARMS6A, RUNARMS3C, RUNARMS3B, RUNARMS2A, RUNARMS6B, RUNARMS1B, RUNARMS2C, RUNARMS9B, RUNARMS4C, P50ARMS1A, P50ARMS1B, P50ARMS1C, P50ARMS2A, P50ARMS2B, P50ARMS2C, P50ARMS3A, P50ARMS3B, P50ARMS3C"
"333","0.404064380888979","10.8485378065969","0.001","0.234524870585712","0.271208575909944","0.411424938656194",NA,"RUNARMS7C, RUNARMS8A, RUNARMS8B, RUNARMS6A, RUNARMS1A, RUNARMS4A, RUNARMS7A, RUNARMS2B, RUNARMS3C, P50ARMS1A, P50ARMS1B, P50ARMS1C, P50ARMS2A, P50ARMS2B, P50ARMS2C, P50ARMS3A, P50ARMS3B, P50ARMS3C"
"334","0.435746109645548","12.3560295702155","0.002","0.211347925596444","0.271709811215047","0.188838034160618",NA,"RUNARMS4C, RUNARMS7C, RUNARMS3B, RUNARMS7B, RUNARMS3A, RUNARMS6C, RUNARMS9A, RUNARMS1C, RUNARMS9B, P50ARMS1A, P50ARMS1B, P50ARMS1C, P50ARMS2A, P50ARMS2B, P50ARMS2C, P50ARMS3A, P50ARMS3B, P50ARMS3C"
"335","0.430543396862918","12.0969610534983","0.001","0.194425850314932","0.267117841665366","0.105526224054094",NA,"RUNARMS4C, RUNARMS9A, RUNARMS3A, RUNARMS7A, RUNARMS6A, RUNARMS1B, RUNARMS2A, RUNARMS7B, RUNARMS1C, P50ARMS1A, P50ARMS1B, P50ARMS1C, P50ARMS2A, P50ARMS2B, P50ARMS2C, P50ARMS3A, P50ARMS3B, P50ARMS3C"
"336","0.430482227508099","12.0939432846716","0.001","0.210834534549175","0.279541813205375","0.107189816525998",NA,"RUNARMS4B, RUNARMS8C, RUNARMS3C, RUNARMS1A, RUNARMS6C, RUNARMS6A, RUNARMS3B, RUNARMS5C, RUNARMS2B, P50ARMS1A, P50ARMS1B, P50ARMS1C, P50ARMS2A, P50ARMS2B, P50ARMS2C, P50ARMS3A, P50ARMS3B, P50ARMS3C"
"337","0.409962728800391","11.1169310499153","0.001","0.244318910547852","0.27797579536374","0.445369609518631",NA,"RUNARMS2C, RUNARMS7B, RUNARMS7C, RUNARMS8B, RUNARMS3A, RUNARMS2A, RUNARMS6B, RUNARMS1A, RUNARMS8A, P50ARMS1A, P50ARMS1B, P50ARMS1C, P50ARMS2A, P50ARMS2B, P50ARMS2C, P50ARMS3A, P50ARMS3B, P50ARMS3C"
"338","0.418779081025257","11.5282590107451","0.001","0.213220475107269","0.266881349308997","0.236591389667953",NA,"RUNARMS9A, RUNARMS1C, RUNARMS5C, RUNARMS3B, RUNARMS8A, RUNARMS8C, RUNARMS6C, RUNARMS1B, RUNARMS1A, P50ARMS1A, P50ARMS1B, P50ARMS1C, P50ARMS2A, P50ARMS2B, P50ARMS2C, P50ARMS3A, P50ARMS3B, P50ARMS3C"
"339","0.399109137089001","10.6271314602596","0.001","0.205067930441961","0.271919395852721","0.157182361803214",NA,"RUNARMS5B, RUNARMS6C, RUNARMS1B, RUNARMS9B, RUNARMS6A, RUNARMS4B, RUNARMS2B, RUNARMS3A, RUNARMS4C, P50ARMS1A, P50ARMS1B, P50ARMS1C, P50ARMS2A, P50ARMS2B, P50ARMS2C, P50ARMS3A, P50ARMS3B, P50ARMS3C"
"340","0.425572383919051","11.8538140439008","0.001","0.224133870013578","0.277697147791549","0.262828092148235",NA,"RUNARMS2B, RUNARMS3A, RUNARMS7A, RUNARMS4B, RUNARMS6B, RUNARMS2C, RUNARMS8B, RUNARMS2A, RUNARMS1C, P50ARMS1A, P50ARMS1B, P50ARMS1C, P50ARMS2A, P50ARMS2B, P50ARMS2C, P50ARMS3A, P50ARMS3B, P50ARMS3C"
"341","0.432537441826385","12.1956928603293","0.001","0.219331106741156","0.274403991360657","0.231557494332201",NA,"RUNARMS3C, RUNARMS3B, RUNARMS9C, RUNARMS8B, RUNARMS1A, RUNARMS5A, RUNARMS2C, RUNARMS5C, RUNARMS8C, P50ARMS1A, P50ARMS1B, P50ARMS1C, P50ARMS2A, P50ARMS2B, P50ARMS2C, P50ARMS3A, P50ARMS3B, P50ARMS3C"
"342","0.461238768177462","13.6977567333023","0.001","0.184745576531789","0.272764593820596","0.0424246432300906",NA,"RUNARMS2B, RUNARMS2A, RUNARMS2C, RUNARMS1A, RUNARMS7B, RUNARMS5A, RUNARMS1B, RUNARMS9A, RUNARMS4B, P50ARMS1A, P50ARMS1B, P50ARMS1C, P50ARMS2A, P50ARMS2B, P50ARMS2C, P50ARMS3A, P50ARMS3B, P50ARMS3C"
"343","0.422170460651987","11.6898270345497","0.001","0.196699435478878","0.271413583537831","0.130067532965946",NA,"RUNARMS4C, RUNARMS8B, RUNARMS2B, RUNARMS2C, RUNARMS4B, RUNARMS5B, RUNARMS7B, RUNARMS1B, RUNARMS1A, P50ARMS1A, P50ARMS1B, P50ARMS1C, P50ARMS2A, P50ARMS2B, P50ARMS2C, P50ARMS3A, P50ARMS3B, P50ARMS3C"
"344","0.416524374209959","11.4218824108301","0.002","0.198214287959063","0.270381443079392","0.128106534728496",NA,"RUNARMS6A, RUNARMS4C, RUNARMS4B, RUNARMS9A, RUNARMS5A, RUNARMS5B, RUNARMS1B, RUNARMS9B, RUNARMS2C, P50ARMS1A, P50ARMS1B, P50ARMS1C, P50ARMS2A, P50ARMS2B, P50ARMS2C, P50ARMS3A, P50ARMS3B, P50ARMS3C"
"345","0.45032309682233","13.1080085546697","0.001","0.186351660712635","0.268420332909721","0.0704528339815603",NA,"RUNARMS3A, RUNARMS3B, RUNARMS6B, RUNARMS2A, RUNARMS4C, RUNARMS6C, RUNARMS7B, RUNARMS8C, RUNARMS1C, P50ARMS1A, P50ARMS1B, P50ARMS1C, P50ARMS2A, P50ARMS2B, P50ARMS2C, P50ARMS3A, P50ARMS3B, P50ARMS3C"
"346","0.452210686275514","13.2083098357908","0.001","0.202023109456498","0.280512831621477","0.0622748576724527",NA,"RUNARMS6A, RUNARMS2B, RUNARMS3A, RUNARMS4B, RUNARMS2A, RUNARMS7A, RUNARMS4A, RUNARMS5A, RUNARMS1A, P50ARMS1A, P50ARMS1B, P50ARMS1C, P50ARMS2A, P50ARMS2B, P50ARMS2C, P50ARMS3A, P50ARMS3B, P50ARMS3C"
"347","0.443564895707827","12.7544762661105","0.001","0.20764573711271","0.279139927441487","0.0879321809358675",NA,"RUNARMS5A, RUNARMS9A, RUNARMS6B, RUNARMS1B, RUNARMS9C, RUNARMS1A, RUNARMS3A, RUNARMS2B, RUNARMS2A, P50ARMS1A, P50ARMS1B, P50ARMS1C, P50ARMS2A, P50ARMS2B, P50ARMS2C, P50ARMS3A, P50ARMS3B, P50ARMS3C"
"348","0.417283567641001","11.4576090727827","0.002","0.200357364032537","0.265669269045677","0.167946317832606",NA,"RUNARMS2B, RUNARMS5A, RUNARMS9A, RUNARMS1B, RUNARMS3A, RUNARMS9B, RUNARMS3B, RUNARMS8C, RUNARMS1A, P50ARMS1A, P50ARMS1B, P50ARMS1C, P50ARMS2A, P50ARMS2B, P50ARMS2C, P50ARMS3A, P50ARMS3B, P50ARMS3C"
"349","0.39930497731043","10.6358125099175","0.001","0.222072403392586","0.276280270853702","0.256790081545762",NA,"RUNARMS2A, RUNARMS7B, RUNARMS3B, RUNARMS1C, RUNARMS3C, RUNARMS1B, RUNARMS6B, RUNARMS8B, RUNARMS4C, P50ARMS1A, P50ARMS1B, P50ARMS1C, P50ARMS2A, P50ARMS2B, P50ARMS2C, P50ARMS3A, P50ARMS3B, P50ARMS3C"
"350","0.424542052534792","11.8039430517507","0.001","0.21734608466877","0.272770464591448","0.235257693964799",NA,"RUNARMS1C, RUNARMS7B, RUNARMS8C, RUNARMS1A, RUNARMS8B, RUNARMS3B, RUNARMS2A, RUNARMS6C, RUNARMS5B, P50ARMS1A, P50ARMS1B, P50ARMS1C, P50ARMS2A, P50ARMS2B, P50ARMS2C, P50ARMS3A, P50ARMS3B, P50ARMS3C"
"351","0.411057829440906","11.1673532646013","0.001","0.239644071990326","0.275355359777735","0.4230278912905",NA,"RUNARMS2B, RUNARMS8C, RUNARMS9B, RUNARMS3A, RUNARMS8A, RUNARMS2A, RUNARMS6C, RUNARMS7C, RUNARMS1C, P50ARMS1A, P50ARMS1B, P50ARMS1C, P50ARMS2A, P50ARMS2B, P50ARMS2C, P50ARMS3A, P50ARMS3B, P50ARMS3C"
"352","0.449950850645976","13.088309687944","0.001","0.213654165498957","0.27903708018061","0.116157103171227",NA,"RUNARMS9C, RUNARMS1C, RUNARMS1A, RUNARMS5C, RUNARMS8C, RUNARMS6A, RUNARMS6B, RUNARMS3B, RUNARMS6C, P50ARMS1A, P50ARMS1B, P50ARMS1C, P50ARMS2A, P50ARMS2B, P50ARMS2C, P50ARMS3A, P50ARMS3B, P50ARMS3C"
"353","0.415015051232754","11.3511310568199","0.001","0.212259788088237","0.273669693648068","0.152067685405082",NA,"RUNARMS4A, RUNARMS1B, RUNARMS5A, RUNARMS3C, RUNARMS9C, RUNARMS3A, RUNARMS5B, RUNARMS1C, RUNARMS6C, P50ARMS1A, P50ARMS1B, P50ARMS1C, P50ARMS2A, P50ARMS2B, P50ARMS2C, P50ARMS3A, P50ARMS3B, P50ARMS3C"
"354","0.369660759518077","9.38315715164308","0.001","0.232791887444092","0.268383063975606","0.445751378757303",NA,"RUNARMS8C, RUNARMS6B, RUNARMS6C, RUNARMS8A, RUNARMS8B, RUNARMS3A, RUNARMS1B, RUNARMS5A, RUNARMS4A, P50ARMS1A, P50ARMS1B, P50ARMS1C, P50ARMS2A, P50ARMS2B, P50ARMS2C, P50ARMS3A, P50ARMS3B, P50ARMS3C"
"355","0.422654471789921","11.713040489989","0.002","0.230735725832179","0.270512199844072","0.368545845587515",NA,"RUNARMS6A, RUNARMS9C, RUNARMS7A, RUNARMS3C, RUNARMS1C, RUNARMS7C, RUNARMS4B, RUNARMS8B, RUNARMS2C, P50ARMS1A, P50ARMS1B, P50ARMS1C, P50ARMS2A, P50ARMS2B, P50ARMS2C, P50ARMS3A, P50ARMS3B, P50ARMS3C"
"356","0.429829165524419","12.0617650580393","0.001","0.229449960855236","0.273559010919472","0.330698420450866",NA,"RUNARMS6A, RUNARMS8A, RUNARMS9B, RUNARMS9C, RUNARMS1A, RUNARMS2A, RUNARMS2C, RUNARMS5B, RUNARMS7C, P50ARMS1A, P50ARMS1B, P50ARMS1C, P50ARMS2A, P50ARMS2B, P50ARMS2C, P50ARMS3A, P50ARMS3B, P50ARMS3C"
"357","0.407005280126023","10.9816905003814","0.001","0.213265803220561","0.273873404129715","0.183957281181279",NA,"RUNARMS7B, RUNARMS8A, RUNARMS3A, RUNARMS1B, RUNARMS2A, RUNARMS6C, RUNARMS4C, RUNARMS8C, RUNARMS2C, P50ARMS1A, P50ARMS1B, P50ARMS1C, P50ARMS2A, P50ARMS2B, P50ARMS2C, P50ARMS3A, P50ARMS3B, P50ARMS3C"
"358","0.385431806653557","10.0345396543822","0.001","0.219101861945326","0.263965053833425","0.341960840082554",NA,"RUNARMS3C, RUNARMS8C, RUNARMS5A, RUNARMS9B, RUNARMS2B, RUNARMS9A, RUNARMS1B, RUNARMS8A, RUNARMS4B, P50ARMS1A, P50ARMS1B, P50ARMS1C, P50ARMS2A, P50ARMS2B, P50ARMS2C, P50ARMS3A, P50ARMS3B, P50ARMS3C"
"359","0.419074029449197","11.5422356911151","0.001","0.219021220483433","0.276293748910593","0.212381419428555",NA,"RUNARMS2B, RUNARMS7C, RUNARMS5A, RUNARMS8A, RUNARMS4B, RUNARMS3C, RUNARMS1B, RUNARMS3B, RUNARMS2A, P50ARMS1A, P50ARMS1B, P50ARMS1C, P50ARMS2A, P50ARMS2B, P50ARMS2C, P50ARMS3A, P50ARMS3B, P50ARMS3C"
"360","0.41578765654698","11.3873022015096","0.002","0.195679731897279","0.266381110270793","0.118210540846369",NA,"RUNARMS9A, RUNARMS6A, RUNARMS6C, RUNARMS1B, RUNARMS7C, RUNARMS4A, RUNARMS6B, RUNARMS5B, RUNARMS3B, P50ARMS1A, P50ARMS1B, P50ARMS1C, P50ARMS2A, P50ARMS2B, P50ARMS2C, P50ARMS3A, P50ARMS3B, P50ARMS3C"
"361","0.409562569198935","11.0985529801054","0.001","0.219675254119812","0.276377897096321","0.209168759172125",NA,"RUNARMS6C, RUNARMS9C, RUNARMS5C, RUNARMS6A, RUNARMS5A, RUNARMS9B, RUNARMS3A, RUNARMS4C, RUNARMS1B, P50ARMS1A, P50ARMS1B, P50ARMS1C, P50ARMS2A, P50ARMS2B, P50ARMS2C, P50ARMS3A, P50ARMS3B, P50ARMS3C"
"362","0.437906210464079","12.4650004996675","0.001","0.216395172884578","0.272087717308465","0.211636429529748",NA,"RUNARMS7B, RUNARMS1A, RUNARMS2A, RUNARMS7C, RUNARMS6B, RUNARMS9A, RUNARMS9C, RUNARMS9B, RUNARMS7A, P50ARMS1A, P50ARMS1B, P50ARMS1C, P50ARMS2A, P50ARMS2B, P50ARMS2C, P50ARMS3A, P50ARMS3B, P50ARMS3C"
"363","0.428914226435164","12.0168071778862","0.001","0.220871698683772","0.271426990905947","0.261144124511618",NA,"RUNARMS2C, RUNARMS1A, RUNARMS2B, RUNARMS7B, RUNARMS3A, RUNARMS9A, RUNARMS9B, RUNARMS8A, RUNARMS5C, P50ARMS1A, P50ARMS1B, P50ARMS1C, P50ARMS2A, P50ARMS2B, P50ARMS2C, P50ARMS3A, P50ARMS3B, P50ARMS3C"
"364","0.44583080191724","12.8720485645082","0.001","0.199009500117448","0.269544596331759","0.129091285898525",NA,"RUNARMS4B, RUNARMS6A, RUNARMS4A, RUNARMS3B, RUNARMS6B, RUNARMS8A, RUNARMS1C, RUNARMS2A, RUNARMS9A, P50ARMS1A, P50ARMS1B, P50ARMS1C, P50ARMS2A, P50ARMS2B, P50ARMS2C, P50ARMS3A, P50ARMS3B, P50ARMS3C"
"365","0.451906105726989","13.1920785237396","0.001","0.196760254061327","0.274375849986455","0.0776720610920709",NA,"RUNARMS3B, RUNARMS2B, RUNARMS5B, RUNARMS3A, RUNARMS6C, RUNARMS6A, RUNARMS1C, RUNARMS8C, RUNARMS1A, P50ARMS1A, P50ARMS1B, P50ARMS1C, P50ARMS2A, P50ARMS2B, P50ARMS2C, P50ARMS3A, P50ARMS3B, P50ARMS3C"
"366","0.392567854895346","10.3403906575332","0.001","0.221925145757537","0.27082319131795","0.270818105710961",NA,"RUNARMS9B, RUNARMS7B, RUNARMS8C, RUNARMS2C, RUNARMS5C, RUNARMS1A, RUNARMS1B, RUNARMS6C, RUNARMS3A, P50ARMS1A, P50ARMS1B, P50ARMS1C, P50ARMS2A, P50ARMS2B, P50ARMS2C, P50ARMS3A, P50ARMS3B, P50ARMS3C"
"367","0.426537026627071","11.9006679470394","0.001","0.197271394932161","0.267818841586636","0.116798416097567",NA,"RUNARMS2A, RUNARMS5C, RUNARMS1C, RUNARMS4C, RUNARMS7A, RUNARMS9A, RUNARMS3C, RUNARMS7B, RUNARMS1B, P50ARMS1A, P50ARMS1B, P50ARMS1C, P50ARMS2A, P50ARMS2B, P50ARMS2C, P50ARMS3A, P50ARMS3B, P50ARMS3C"
"368","0.400383540277011","10.6837238046995","0.001","0.224783572025204","0.280069824899021","0.201180117623313",NA,"RUNARMS4A, RUNARMS6C, RUNARMS1B, RUNARMS9B, RUNARMS2A, RUNARMS2C, RUNARMS9A, RUNARMS7B, RUNARMS3A, P50ARMS1A, P50ARMS1B, P50ARMS1C, P50ARMS2A, P50ARMS2B, P50ARMS2C, P50ARMS3A, P50ARMS3B, P50ARMS3C"
"369","0.452324906973969","13.2144013918842","0.001","0.194884846272599","0.27286624712059","0.0693783548490435",NA,"RUNARMS1B, RUNARMS5B, RUNARMS1A, RUNARMS7B, RUNARMS7C, RUNARMS9C, RUNARMS8C, RUNARMS5A, RUNARMS2C, P50ARMS1A, P50ARMS1B, P50ARMS1C, P50ARMS2A, P50ARMS2B, P50ARMS2C, P50ARMS3A, P50ARMS3B, P50ARMS3C"
"370","0.438515539666641","12.4958910358813","0.001","0.180505341427675","0.263588550759563","0.0757009013586965",NA,"RUNARMS6B, RUNARMS5C, RUNARMS8C, RUNARMS4C, RUNARMS7B, RUNARMS2A, RUNARMS4B, RUNARMS3A, RUNARMS1A, P50ARMS1A, P50ARMS1B, P50ARMS1C, P50ARMS2A, P50ARMS2B, P50ARMS2C, P50ARMS3A, P50ARMS3B, P50ARMS3C"
"371","0.437129405210632","12.4257165823121","0.001","0.227501155102278","0.272315163642498","0.301278854811657",NA,"RUNARMS9C, RUNARMS7C, RUNARMS9B, RUNARMS8C, RUNARMS5C, RUNARMS1C, RUNARMS3A, RUNARMS2B, RUNARMS8A, P50ARMS1A, P50ARMS1B, P50ARMS1C, P50ARMS2A, P50ARMS2B, P50ARMS2C, P50ARMS3A, P50ARMS3B, P50ARMS3C"
"372","0.423559520760349","11.7565517624728","0.001","0.219976500649372","0.280420796640845","0.147503049222564",NA,"RUNARMS2B, RUNARMS7B, RUNARMS1C, RUNARMS4A, RUNARMS7C, RUNARMS6B, RUNARMS3A, RUNARMS4B, RUNARMS3C, P50ARMS1A, P50ARMS1B, P50ARMS1C, P50ARMS2A, P50ARMS2B, P50ARMS2C, P50ARMS3A, P50ARMS3B, P50ARMS3C"
"373","0.441193905288204","12.6324722500602","0.001","0.212876146738779","0.284333000370461","0.0921152222951175",NA,"RUNARMS4B, RUNARMS6C, RUNARMS5A, RUNARMS1A, RUNARMS6B, RUNARMS3C, RUNARMS4C, RUNARMS9C, RUNARMS2B, P50ARMS1A, P50ARMS1B, P50ARMS1C, P50ARMS2A, P50ARMS2B, P50ARMS2C, P50ARMS3A, P50ARMS3B, P50ARMS3C"
"374","0.455675948348414","13.3942550424749","0.001","0.205471760090871","0.277340548359688","0.113659850530432",NA,"RUNARMS2B, RUNARMS6B, RUNARMS2A, RUNARMS1A, RUNARMS6A, RUNARMS9C, RUNARMS4A, RUNARMS2C, RUNARMS8A, P50ARMS1A, P50ARMS1B, P50ARMS1C, P50ARMS2A, P50ARMS2B, P50ARMS2C, P50ARMS3A, P50ARMS3B, P50ARMS3C"
"375","0.390215523400907","10.2387788046617","0.001","0.24461812543876","0.268593600297294","0.583260250114036",NA,"RUNARMS9A, RUNARMS8B, RUNARMS2C, RUNARMS8C, RUNARMS6B, RUNARMS8A, RUNARMS6C, RUNARMS9B, RUNARMS1A, P50ARMS1A, P50ARMS1B, P50ARMS1C, P50ARMS2A, P50ARMS2B, P50ARMS2C, P50ARMS3A, P50ARMS3B, P50ARMS3C"
"376","0.393758366253071","10.3921167886649","0.001","0.228767927094791","0.271023126714925","0.362509509174185",NA,"RUNARMS8A, RUNARMS3C, RUNARMS8C, RUNARMS9B, RUNARMS6B, RUNARMS3B, RUNARMS5B, RUNARMS1A, RUNARMS2B, P50ARMS1A, P50ARMS1B, P50ARMS1C, P50ARMS2A, P50ARMS2B, P50ARMS2C, P50ARMS3A, P50ARMS3B, P50ARMS3C"
"377","0.418471693914866","11.513707987342","0.001","0.216767727352734","0.272850454937209","0.229152803463728",NA,"RUNARMS8A, RUNARMS2B, RUNARMS5B, RUNARMS7C, RUNARMS2A, RUNARMS6C, RUNARMS3B, RUNARMS7A, RUNARMS1B, P50ARMS1A, P50ARMS1B, P50ARMS1C, P50ARMS2A, P50ARMS2B, P50ARMS2C, P50ARMS3A, P50ARMS3B, P50ARMS3C"
"378","0.427946455089319","11.9694097560364","0.001","0.214936292852489","0.269166630698015","0.221826264518833",NA,"RUNARMS9C, RUNARMS5B, RUNARMS6C, RUNARMS5C, RUNARMS9B, RUNARMS7A, RUNARMS4B, RUNARMS2A, RUNARMS1A, P50ARMS1A, P50ARMS1B, P50ARMS1C, P50ARMS2A, P50ARMS2B, P50ARMS2C, P50ARMS3A, P50ARMS3B, P50ARMS3C"
"379","0.454429818397522","13.3271159963397","0.001","0.196249322481676","0.273694888330843","0.0734594563180113",NA,"RUNARMS8C, RUNARMS4B, RUNARMS2B, RUNARMS6A, RUNARMS3B, RUNARMS9C, RUNARMS1A, RUNARMS7A, RUNARMS5B, P50ARMS1A, P50ARMS1B, P50ARMS1C, P50ARMS2A, P50ARMS2B, P50ARMS2C, P50ARMS3A, P50ARMS3B, P50ARMS3C"
"380","0.383566379368771","9.95575494992628","0.001","0.240476687766695","0.276855968474354","0.447238660274154",NA,"RUNARMS2A, RUNARMS4B, RUNARMS1B, RUNARMS8A, RUNARMS8B, RUNARMS2B, RUNARMS4C, RUNARMS3A, RUNARMS9B, P50ARMS1A, P50ARMS1B, P50ARMS1C, P50ARMS2A, P50ARMS2B, P50ARMS2C, P50ARMS3A, P50ARMS3B, P50ARMS3C"
"381","0.406254429934515","10.9475694753147","0.001","0.241094525876047","0.282238761698122","0.324804377769568",NA,"RUNARMS9C, RUNARMS9B, RUNARMS7A, RUNARMS2B, RUNARMS4A, RUNARMS1B, RUNARMS8B, RUNARMS7C, RUNARMS6C, P50ARMS1A, P50ARMS1B, P50ARMS1C, P50ARMS2A, P50ARMS2B, P50ARMS2C, P50ARMS3A, P50ARMS3B, P50ARMS3C"
"382","0.386205806259936","10.0673694263974","0.001","0.234760148903577","0.279076667783826","0.320302473689626",NA,"RUNARMS2A, RUNARMS4A, RUNARMS8C, RUNARMS6C, RUNARMS8B, RUNARMS1B, RUNARMS2C, RUNARMS9C, RUNARMS3C, P50ARMS1A, P50ARMS1B, P50ARMS1C, P50ARMS2A, P50ARMS2B, P50ARMS2C, P50ARMS3A, P50ARMS3B, P50ARMS3C"
"383","0.454501482123025","13.3309687847923","0.001","0.191985264352336","0.275055401461715","0.0546828062234752",NA,"RUNARMS2A, RUNARMS1A, RUNARMS2C, RUNARMS3A, RUNARMS1B, RUNARMS9A, RUNARMS1C, RUNARMS4B, RUNARMS4C, P50ARMS1A, P50ARMS1B, P50ARMS1C, P50ARMS2A, P50ARMS2B, P50ARMS2C, P50ARMS3A, P50ARMS3B, P50ARMS3C"
"384","0.435155614699965","12.3263858443084","0.001","0.214242801281762","0.275400634229954","0.175624395161418",NA,"RUNARMS4C, RUNARMS2A, RUNARMS4A, RUNARMS8C, RUNARMS8A, RUNARMS1A, RUNARMS5C, RUNARMS9C, RUNARMS9B, P50ARMS1A, P50ARMS1B, P50ARMS1C, P50ARMS2A, P50ARMS2B, P50ARMS2C, P50ARMS3A, P50ARMS3B, P50ARMS3C"
"385","0.433917085328479","12.2644107167309","0.001","0.220039506485925","0.280532347278061","0.160305619322723",NA,"RUNARMS9C, RUNARMS1B, RUNARMS3A, RUNARMS1C, RUNARMS8A, RUNARMS5B, RUNARMS1A, RUNARMS8C, RUNARMS3B, P50ARMS1A, P50ARMS1B, P50ARMS1C, P50ARMS2A, P50ARMS2B, P50ARMS2C, P50ARMS3A, P50ARMS3B, P50ARMS3C"
"386","0.459357188196434","13.5944006850374","0.001","0.183094126430511","0.269449960591118","0.0495182953543015",NA,"RUNARMS7A, RUNARMS7B, RUNARMS3B, RUNARMS1A, RUNARMS9A, RUNARMS2B, RUNARMS4B, RUNARMS4A, RUNARMS6A, P50ARMS1A, P50ARMS1B, P50ARMS1C, P50ARMS2A, P50ARMS2B, P50ARMS2C, P50ARMS3A, P50ARMS3B, P50ARMS3C"
"387","0.437715512124064","12.4553466172275","0.001","0.208769821716009","0.280901444624522","0.0936086414195403",NA,"RUNARMS1C, RUNARMS7B, RUNARMS4C, RUNARMS2A, RUNARMS6A, RUNARMS4A, RUNARMS9C, RUNARMS8C, RUNARMS3C, P50ARMS1A, P50ARMS1B, P50ARMS1C, P50ARMS2A, P50ARMS2B, P50ARMS2C, P50ARMS3A, P50ARMS3B, P50ARMS3C"
"388","0.42037774784537","11.6041852094588","0.001","0.219800929864484","0.273996611785485","0.225339207929523",NA,"RUNARMS4C, RUNARMS1B, RUNARMS9C, RUNARMS6C, RUNARMS2C, RUNARMS7C, RUNARMS3A, RUNARMS7B, RUNARMS8A, P50ARMS1A, P50ARMS1B, P50ARMS1C, P50ARMS2A, P50ARMS2B, P50ARMS2C, P50ARMS3A, P50ARMS3B, P50ARMS3C"
"389","0.457968238278995","13.5185653866452","0.001","0.19435377539648","0.267748634857045","0.123229476679261",NA,"RUNARMS5A, RUNARMS9A, RUNARMS1C, RUNARMS4C, RUNARMS9B, RUNARMS3B, RUNARMS4B, RUNARMS7C, RUNARMS2A, P50ARMS1A, P50ARMS1B, P50ARMS1C, P50ARMS2A, P50ARMS2B, P50ARMS2C, P50ARMS3A, P50ARMS3B, P50ARMS3C"
"390","0.404064222068996","10.848530651322","0.001","0.232660059383488","0.26860154994963","0.415883977978193",NA,"RUNARMS3C, RUNARMS7A, RUNARMS1A, RUNARMS6C, RUNARMS8B, RUNARMS9C, RUNARMS7C, RUNARMS4B, RUNARMS6B, P50ARMS1A, P50ARMS1B, P50ARMS1C, P50ARMS2A, P50ARMS2B, P50ARMS2C, P50ARMS3A, P50ARMS3B, P50ARMS3C"
"391","0.448803124810492","13.0277407586881","0.001","0.188374266904012","0.26793405215757","0.0967663526090839",NA,"RUNARMS9B, RUNARMS4C, RUNARMS9A, RUNARMS3B, RUNARMS2A, RUNARMS1A, RUNARMS5A, RUNARMS5B, RUNARMS7B, P50ARMS1A, P50ARMS1B, P50ARMS1C, P50ARMS2A, P50ARMS2B, P50ARMS2C, P50ARMS3A, P50ARMS3B, P50ARMS3C"
"392","0.392479739422211","10.3365702154246","0.001","0.231399908478403","0.278127902826849","0.29868455419756",NA,"RUNARMS1A, RUNARMS4A, RUNARMS4B, RUNARMS7B, RUNARMS5B, RUNARMS8B, RUNARMS9B, RUNARMS6A, RUNARMS3C, P50ARMS1A, P50ARMS1B, P50ARMS1C, P50ARMS2A, P50ARMS2B, P50ARMS2C, P50ARMS3A, P50ARMS3B, P50ARMS3C"
"393","0.4090955834371","11.0771372687766","0.001","0.222842758239171","0.276198431799669","0.224119063748637",NA,"RUNARMS2A, RUNARMS3C, RUNARMS2B, RUNARMS8A, RUNARMS1A, RUNARMS4B, RUNARMS1B, RUNARMS5C, RUNARMS7A, P50ARMS1A, P50ARMS1B, P50ARMS1C, P50ARMS2A, P50ARMS2B, P50ARMS2C, P50ARMS3A, P50ARMS3B, P50ARMS3C"
"394","0.440084166389424","12.5757234204741","0.001","0.199481531587014","0.272513420626551","0.116768500872137",NA,"RUNARMS2B, RUNARMS4C, RUNARMS1A, RUNARMS6A, RUNARMS9B, RUNARMS8C, RUNARMS7A, RUNARMS3B, RUNARMS5A, P50ARMS1A, P50ARMS1B, P50ARMS1C, P50ARMS2A, P50ARMS2B, P50ARMS2C, P50ARMS3A, P50ARMS3B, P50ARMS3C"
"395","0.430663958838832","12.1029108351683","0.001","0.221067937950511","0.283418125289816","0.15901751544656",NA,"RUNARMS1B, RUNARMS3B, RUNARMS2B, RUNARMS9B, RUNARMS5A, RUNARMS1A, RUNARMS6A, RUNARMS3A, RUNARMS9C, P50ARMS1A, P50ARMS1B, P50ARMS1C, P50ARMS2A, P50ARMS2B, P50ARMS2C, P50ARMS3A, P50ARMS3B, P50ARMS3C"
"396","0.436432996505069","12.3905904724316","0.001","0.204703811009149","0.26875988552817","0.193304778719337",NA,"RUNARMS1C, RUNARMS8B, RUNARMS5B, RUNARMS3A, RUNARMS3B, RUNARMS2C, RUNARMS4C, RUNARMS9A, RUNARMS5C, P50ARMS1A, P50ARMS1B, P50ARMS1C, P50ARMS2A, P50ARMS2B, P50ARMS2C, P50ARMS3A, P50ARMS3B, P50ARMS3C"
"397","0.390196377395336","10.2379549856705","0.001","0.219496835262558","0.27459909395103","0.241440357169967",NA,"RUNARMS8B, RUNARMS7B, RUNARMS3C, RUNARMS4C, RUNARMS1B, RUNARMS3B, RUNARMS6A, RUNARMS6B, RUNARMS5C, P50ARMS1A, P50ARMS1B, P50ARMS1C, P50ARMS2A, P50ARMS2B, P50ARMS2C, P50ARMS3A, P50ARMS3B, P50ARMS3C"
"398","0.452232533978934","13.209474809124","0.001","0.187225515197971","0.274148978491841","0.0528506278928038",NA,"RUNARMS2C, RUNARMS1A, RUNARMS2B, RUNARMS1B, RUNARMS5A, RUNARMS4C, RUNARMS2A, RUNARMS7A, RUNARMS6B, P50ARMS1A, P50ARMS1B, P50ARMS1C, P50ARMS2A, P50ARMS2B, P50ARMS2C, P50ARMS3A, P50ARMS3B, P50ARMS3C"
"399","0.422194430686681","11.6909757360333","0.001","0.206511775894633","0.266467951170887","0.184123193740585",NA,"RUNARMS5C, RUNARMS4A, RUNARMS6B, RUNARMS2B, RUNARMS9C, RUNARMS1B, RUNARMS9A, RUNARMS7A, RUNARMS8A, P50ARMS1A, P50ARMS1B, P50ARMS1C, P50ARMS2A, P50ARMS2B, P50ARMS2C, P50ARMS3A, P50ARMS3B, P50ARMS3C"
"400","0.44328848538352","12.740199510733","0.001","0.213130469247126","0.271857837722813","0.185742029318882",NA,"RUNARMS5C, RUNARMS5B, RUNARMS1A, RUNARMS9A, RUNARMS8A, RUNARMS7C, RUNARMS4A, RUNARMS2A, RUNARMS1C, P50ARMS1A, P50ARMS1B, P50ARMS1C, P50ARMS2A, P50ARMS2B, P50ARMS2C, P50ARMS3A, P50ARMS3B, P50ARMS3C"
"401","0.418312590966776","11.5061824470162","0.001","0.232576072665749","0.277616966138306","0.324863623382111",NA,"RUNARMS4C, RUNARMS4A, RUNARMS7C, RUNARMS5C, RUNARMS2C, RUNARMS8B, RUNARMS1A, RUNARMS8A, RUNARMS6C, P50ARMS1A, P50ARMS1B, P50ARMS1C, P50ARMS2A, P50ARMS2B, P50ARMS2C, P50ARMS3A, P50ARMS3B, P50ARMS3C"
"402","0.399949967609939","10.6644431902959","0.001","0.245014651389411","0.275722170788696","0.470513919432327",NA,"RUNARMS6B, RUNARMS2A, RUNARMS7C, RUNARMS7A, RUNARMS1B, RUNARMS8A, RUNARMS8B, RUNARMS6A, RUNARMS9C, P50ARMS1A, P50ARMS1B, P50ARMS1C, P50ARMS2A, P50ARMS2B, P50ARMS2C, P50ARMS3A, P50ARMS3B, P50ARMS3C"
"403","0.42941043122983","12.0411715806265","0.001","0.204499680179078","0.272073238994578","0.145203586157008",NA,"RUNARMS5B, RUNARMS4B, RUNARMS1B, RUNARMS1C, RUNARMS5C, RUNARMS1A, RUNARMS9B, RUNARMS2B, RUNARMS2A, P50ARMS1A, P50ARMS1B, P50ARMS1C, P50ARMS2A, P50ARMS2B, P50ARMS2C, P50ARMS3A, P50ARMS3B, P50ARMS3C"
"404","0.416975512885974","11.4431011966582","0.001","0.232038302076598","0.274568756765246","0.333606263796528",NA,"RUNARMS9A, RUNARMS7A, RUNARMS1B, RUNARMS9C, RUNARMS7C, RUNARMS6C, RUNARMS8A, RUNARMS9B, RUNARMS3B, P50ARMS1A, P50ARMS1B, P50ARMS1C, P50ARMS2A, P50ARMS2B, P50ARMS2C, P50ARMS3A, P50ARMS3B, P50ARMS3C"
"405","0.406050204465311","10.9383037426528","0.001","0.22886178015695","0.284282999285049","0.170398502143741",NA,"RUNARMS8C, RUNARMS6A, RUNARMS3C, RUNARMS1A, RUNARMS2C, RUNARMS1B, RUNARMS3A, RUNARMS6C, RUNARMS9C, P50ARMS1A, P50ARMS1B, P50ARMS1C, P50ARMS2A, P50ARMS2B, P50ARMS2C, P50ARMS3A, P50ARMS3B, P50ARMS3C"
"406","0.451574665676301","13.1744363336728","0.001","0.205301083998407","0.270821173460403","0.150325801175274",NA,"RUNARMS7B, RUNARMS1C, RUNARMS7C, RUNARMS1A, RUNARMS9B, RUNARMS5B, RUNARMS5C, RUNARMS2B, RUNARMS5A, P50ARMS1A, P50ARMS1B, P50ARMS1C, P50ARMS2A, P50ARMS2B, P50ARMS2C, P50ARMS3A, P50ARMS3B, P50ARMS3C"
"407","0.418088131937691","11.4955725740359","0.001","0.23066942320762","0.277781143230372","0.278147760372594",NA,"RUNARMS4B, RUNARMS1B, RUNARMS7B, RUNARMS3A, RUNARMS9B, RUNARMS8A, RUNARMS9C, RUNARMS7C, RUNARMS3B, P50ARMS1A, P50ARMS1B, P50ARMS1C, P50ARMS2A, P50ARMS2B, P50ARMS2C, P50ARMS3A, P50ARMS3B, P50ARMS3C"
"408","0.451702732482269","13.1812506606785","0.001","0.199953007079513","0.282626982689061","0.0472005264379115",NA,"RUNARMS4A, RUNARMS5B, RUNARMS2C, RUNARMS1B, RUNARMS3B, RUNARMS3A, RUNARMS4B, RUNARMS2A, RUNARMS9C, P50ARMS1A, P50ARMS1B, P50ARMS1C, P50ARMS2A, P50ARMS2B, P50ARMS2C, P50ARMS3A, P50ARMS3B, P50ARMS3C"
"409","0.440537506278655","12.5988787086936","0.001","0.189842074076708","0.270143596154963","0.068587160530559",NA,"RUNARMS2B, RUNARMS9C, RUNARMS7A, RUNARMS4B, RUNARMS5C, RUNARMS5A, RUNARMS8C, RUNARMS4A, RUNARMS1B, P50ARMS1A, P50ARMS1B, P50ARMS1C, P50ARMS2A, P50ARMS2B, P50ARMS2C, P50ARMS3A, P50ARMS3B, P50ARMS3C"
"410","0.421590239749131","11.6620505038858","0.001","0.215290711349661","0.271406444617124","0.215400845847305",NA,"RUNARMS3B, RUNARMS1C, RUNARMS8B, RUNARMS9C, RUNARMS7B, RUNARMS1B, RUNARMS5B, RUNARMS7A, RUNARMS8C, P50ARMS1A, P50ARMS1B, P50ARMS1C, P50ARMS2A, P50ARMS2B, P50ARMS2C, P50ARMS3A, P50ARMS3B, P50ARMS3C"
"411","0.433624587586265","12.2498139031361","0.001","0.220046563248215","0.277677982167084","0.203796710032623",NA,"RUNARMS2A, RUNARMS2C, RUNARMS8B, RUNARMS6A, RUNARMS9A, RUNARMS4A, RUNARMS1C, RUNARMS7B, RUNARMS1A, P50ARMS1A, P50ARMS1B, P50ARMS1C, P50ARMS2A, P50ARMS2B, P50ARMS2C, P50ARMS3A, P50ARMS3B, P50ARMS3C"
"412","0.419968976376355","11.5847314166796","0.001","0.19775074283369","0.268964071104447","0.106212284433223",NA,"RUNARMS9A, RUNARMS4B, RUNARMS3A, RUNARMS6B, RUNARMS4A, RUNARMS3C, RUNARMS5C, RUNARMS1A, RUNARMS5B, P50ARMS1A, P50ARMS1B, P50ARMS1C, P50ARMS2A, P50ARMS2B, P50ARMS2C, P50ARMS3A, P50ARMS3B, P50ARMS3C"
"413","0.426767441232333","11.9118828044184","0.001","0.207868306317568","0.268916042890758","0.194678184503865",NA,"RUNARMS3C, RUNARMS8A, RUNARMS3B, RUNARMS5C, RUNARMS1B, RUNARMS2A, RUNARMS5A, RUNARMS4B, RUNARMS1C, P50ARMS1A, P50ARMS1B, P50ARMS1C, P50ARMS2A, P50ARMS2B, P50ARMS2C, P50ARMS3A, P50ARMS3B, P50ARMS3C"
"414","0.387942424063567","10.1413315169254","0.001","0.22275094488358","0.272549813937539","0.261755375338281",NA,"RUNARMS7A, RUNARMS4A, RUNARMS3A, RUNARMS1B, RUNARMS2C, RUNARMS8C, RUNARMS3C, RUNARMS8A, RUNARMS2B, P50ARMS1A, P50ARMS1B, P50ARMS1C, P50ARMS2A, P50ARMS2B, P50ARMS2C, P50ARMS3A, P50ARMS3B, P50ARMS3C"
"415","0.465662752019709","13.9436358975112","0.001","0.203126704436148","0.276391695345153","0.0825253712768277",NA,"RUNARMS6B, RUNARMS9A, RUNARMS1A, RUNARMS1C, RUNARMS9C, RUNARMS5C, RUNARMS2A, RUNARMS2B, RUNARMS5B, P50ARMS1A, P50ARMS1B, P50ARMS1C, P50ARMS2A, P50ARMS2B, P50ARMS2C, P50ARMS3A, P50ARMS3B, P50ARMS3C"
"416","0.42270091691161","11.7152700718048","0.001","0.211963718052375","0.274159146904754","0.17364259852407",NA,"RUNARMS9C, RUNARMS7B, RUNARMS4C, RUNARMS8C, RUNARMS7A, RUNARMS5B, RUNARMS3C, RUNARMS1A, RUNARMS8B, P50ARMS1A, P50ARMS1B, P50ARMS1C, P50ARMS2A, P50ARMS2B, P50ARMS2C, P50ARMS3A, P50ARMS3B, P50ARMS3C"
"417","0.429682461956437","12.0545466914571","0.001","0.214105110073457","0.273475216346201","0.208929350337289",NA,"RUNARMS2B, RUNARMS8C, RUNARMS5B, RUNARMS9A, RUNARMS6A, RUNARMS3B, RUNARMS1C, RUNARMS1A, RUNARMS8B, P50ARMS1A, P50ARMS1B, P50ARMS1C, P50ARMS2A, P50ARMS2B, P50ARMS2C, P50ARMS3A, P50ARMS3B, P50ARMS3C"
"418","0.447559168748818","12.9623776790046","0.001","0.194293941171534","0.271350436600702","0.0962316317134051",NA,"RUNARMS6A, RUNARMS3B, RUNARMS4A, RUNARMS9B, RUNARMS4B, RUNARMS9A, RUNARMS1C, RUNARMS4C, RUNARMS5C, P50ARMS1A, P50ARMS1B, P50ARMS1C, P50ARMS2A, P50ARMS2B, P50ARMS2C, P50ARMS3A, P50ARMS3B, P50ARMS3C"
"419","0.413690205087049","11.2893274832216","0.001","0.239864136279252","0.277553989597787","0.38524367301468",NA,"RUNARMS8B, RUNARMS9C, RUNARMS9B, RUNARMS7B, RUNARMS1C, RUNARMS3C, RUNARMS8C, RUNARMS2C, RUNARMS5C, P50ARMS1A, P50ARMS1B, P50ARMS1C, P50ARMS2A, P50ARMS2B, P50ARMS2C, P50ARMS3A, P50ARMS3B, P50ARMS3C"
"420","0.395900986276642","10.4857244202141","0.002","0.223296677390992","0.272809945025767","0.260107853241493",NA,"RUNARMS1A, RUNARMS3C, RUNARMS8C, RUNARMS9B, RUNARMS5B, RUNARMS6C, RUNARMS9A, RUNARMS3B, RUNARMS6B, P50ARMS1A, P50ARMS1B, P50ARMS1C, P50ARMS2A, P50ARMS2B, P50ARMS2C, P50ARMS3A, P50ARMS3B, P50ARMS3C"
"421","0.414500563616208","11.327097185303","0.001","0.22859532577982","0.264059911179478","0.453252506712693",NA,"RUNARMS5C, RUNARMS4B, RUNARMS7C, RUNARMS1C, RUNARMS8B, RUNARMS8A, RUNARMS6B, RUNARMS3A, RUNARMS2B, P50ARMS1A, P50ARMS1B, P50ARMS1C, P50ARMS2A, P50ARMS2B, P50ARMS2C, P50ARMS3A, P50ARMS3B, P50ARMS3C"
"422","0.442804592501691","12.7152402634412","0.001","0.210294590810604","0.270840360489213","0.204709487175254",NA,"RUNARMS3B, RUNARMS5A, RUNARMS9B, RUNARMS7B, RUNARMS7A, RUNARMS4C, RUNARMS1C, RUNARMS8B, RUNARMS2B, P50ARMS1A, P50ARMS1B, P50ARMS1C, P50ARMS2A, P50ARMS2B, P50ARMS2C, P50ARMS3A, P50ARMS3B, P50ARMS3C"
"423","0.446008790567666","12.8813246989875","0.001","0.218781850312713","0.272654916371167","0.247853938794026",NA,"RUNARMS2A, RUNARMS5B, RUNARMS3B, RUNARMS2B, RUNARMS8A, RUNARMS7A, RUNARMS9B, RUNARMS9C, RUNARMS1C, P50ARMS1A, P50ARMS1B, P50ARMS1C, P50ARMS2A, P50ARMS2B, P50ARMS2C, P50ARMS3A, P50ARMS3B, P50ARMS3C"
"424","0.428677539998584","12.0052004256236","0.001","0.210651232957659","0.27288925347346","0.164475956224499",NA,"RUNARMS1A, RUNARMS2B, RUNARMS4A, RUNARMS3A, RUNARMS7C, RUNARMS5B, RUNARMS9C, RUNARMS1B, RUNARMS8A, P50ARMS1A, P50ARMS1B, P50ARMS1C, P50ARMS2A, P50ARMS2B, P50ARMS2C, P50ARMS3A, P50ARMS3B, P50ARMS3C"
"425","0.432102742572995","12.1741103531506","0.001","0.212518634501757","0.275263839726915","0.159219333023876",NA,"RUNARMS2C, RUNARMS3A, RUNARMS8A, RUNARMS9C, RUNARMS4A, RUNARMS5A, RUNARMS1B, RUNARMS3B, RUNARMS6C, P50ARMS1A, P50ARMS1B, P50ARMS1C, P50ARMS2A, P50ARMS2B, P50ARMS2C, P50ARMS3A, P50ARMS3B, P50ARMS3C"
"426","0.466707888152642","14.0023188878136","0.001","0.20360574462673","0.278647322137343","0.0807533506210386",NA,"RUNARMS3B, RUNARMS7B, RUNARMS3A, RUNARMS9C, RUNARMS6B, RUNARMS6C, RUNARMS5A, RUNARMS1C, RUNARMS2B, P50ARMS1A, P50ARMS1B, P50ARMS1C, P50ARMS2A, P50ARMS2B, P50ARMS2C, P50ARMS3A, P50ARMS3B, P50ARMS3C"
"427","0.402507047737026","10.778558540985","0.001","0.222436362539969","0.273455844482712","0.28118239048724",NA,"RUNARMS2A, RUNARMS5B, RUNARMS8A, RUNARMS2B, RUNARMS9B, RUNARMS1B, RUNARMS4C, RUNARMS7B, RUNARMS7C, P50ARMS1A, P50ARMS1B, P50ARMS1C, P50ARMS2A, P50ARMS2B, P50ARMS2C, P50ARMS3A, P50ARMS3B, P50ARMS3C"
"428","0.459024287702484","13.5761891639243","0.001","0.179142536196266","0.274621188952004","0.0346721916364905",NA,"RUNARMS6C, RUNARMS4C, RUNARMS1B, RUNARMS3B, RUNARMS6B, RUNARMS2C, RUNARMS7B, RUNARMS2B, RUNARMS2A, P50ARMS1A, P50ARMS1B, P50ARMS1C, P50ARMS2A, P50ARMS2B, P50ARMS2C, P50ARMS3A, P50ARMS3B, P50ARMS3C"
"429","0.45508721607885","13.362497030929","0.002","0.200613561332594","0.275098374841322","0.0982392174588072",NA,"RUNARMS4A, RUNARMS9C, RUNARMS8C, RUNARMS3A, RUNARMS1C, RUNARMS8A, RUNARMS4C, RUNARMS7B, RUNARMS3B, P50ARMS1A, P50ARMS1B, P50ARMS1C, P50ARMS2A, P50ARMS2B, P50ARMS2C, P50ARMS3A, P50ARMS3B, P50ARMS3C"
"430","0.411047503226531","11.166876934311","0.001","0.232855689449605","0.279635187055957","0.308874055309465",NA,"RUNARMS6C, RUNARMS5A, RUNARMS8B, RUNARMS9C, RUNARMS1B, RUNARMS2A, RUNARMS4A, RUNARMS2B, RUNARMS8A, P50ARMS1A, P50ARMS1B, P50ARMS1C, P50ARMS2A, P50ARMS2B, P50ARMS2C, P50ARMS3A, P50ARMS3B, P50ARMS3C"
"431","0.42082885931939","11.6256858744683","0.001","0.217242568725812","0.274950672424408","0.186588411101765",NA,"RUNARMS1B, RUNARMS9B, RUNARMS2A, RUNARMS9A, RUNARMS1C, RUNARMS7B, RUNARMS7A, RUNARMS4B, RUNARMS5C, P50ARMS1A, P50ARMS1B, P50ARMS1C, P50ARMS2A, P50ARMS2B, P50ARMS2C, P50ARMS3A, P50ARMS3B, P50ARMS3C"
"432","0.443723026063807","12.7626501718823","0.001","0.212156679789673","0.276182074832414","0.147307303828993",NA,"RUNARMS2C, RUNARMS9A, RUNARMS1B, RUNARMS9C, RUNARMS1C, RUNARMS6A, RUNARMS4C, RUNARMS1A, RUNARMS8A, P50ARMS1A, P50ARMS1B, P50ARMS1C, P50ARMS2A, P50ARMS2B, P50ARMS2C, P50ARMS3A, P50ARMS3B, P50ARMS3C"
"433","0.415218724757436","11.3606571847966","0.001","0.229029680680942","0.277583122401449","0.266242650250615",NA,"RUNARMS3A, RUNARMS9B, RUNARMS5C, RUNARMS1C, RUNARMS9A, RUNARMS9C, RUNARMS4C, RUNARMS6B, RUNARMS3C, P50ARMS1A, P50ARMS1B, P50ARMS1C, P50ARMS2A, P50ARMS2B, P50ARMS2C, P50ARMS3A, P50ARMS3B, P50ARMS3C"
"434","0.424856317041542","11.8191354162116","0.001","0.224232476686871","0.275169135274282","0.248968546059903",NA,"RUNARMS1C, RUNARMS7C, RUNARMS3C, RUNARMS2A, RUNARMS6A, RUNARMS5A, RUNARMS8A, RUNARMS7B, RUNARMS4A, P50ARMS1A, P50ARMS1B, P50ARMS1C, P50ARMS2A, P50ARMS2B, P50ARMS2C, P50ARMS3A, P50ARMS3B, P50ARMS3C"
"435","0.43665640146154","12.4018493180901","0.001","0.191175453615577","0.271471558706126","0.0723154496248845",NA,"RUNARMS9C, RUNARMS3B, RUNARMS1B, RUNARMS4B, RUNARMS7A, RUNARMS3C, RUNARMS5B, RUNARMS1A, RUNARMS4C, P50ARMS1A, P50ARMS1B, P50ARMS1C, P50ARMS2A, P50ARMS2B, P50ARMS2C, P50ARMS3A, P50ARMS3B, P50ARMS3C"
"436","0.416498555544987","11.420669052403","0.001","0.20617652172529","0.269119547674062","0.141988627784311",NA,"RUNARMS8C, RUNARMS7B, RUNARMS6C, RUNARMS4B, RUNARMS3C, RUNARMS6A, RUNARMS2C, RUNARMS1A, RUNARMS3A, P50ARMS1A, P50ARMS1B, P50ARMS1C, P50ARMS2A, P50ARMS2B, P50ARMS2C, P50ARMS3A, P50ARMS3B, P50ARMS3C"
"437","0.380876766963841","9.84299723584358","0.001","0.23308385993043","0.27554298304262","0.381226015052206",NA,"RUNARMS2C, RUNARMS5A, RUNARMS9B, RUNARMS8B, RUNARMS3A, RUNARMS4C, RUNARMS5B, RUNARMS6C, RUNARMS1B, P50ARMS1A, P50ARMS1B, P50ARMS1C, P50ARMS2A, P50ARMS2B, P50ARMS2C, P50ARMS3A, P50ARMS3B, P50ARMS3C"
"438","0.458704475287534","13.5587147307363","0.001","0.204175046564578","0.278807514003945","0.0835110444712056",NA,"RUNARMS2A, RUNARMS2C, RUNARMS1C, RUNARMS6B, RUNARMS9A, RUNARMS5B, RUNARMS7C, RUNARMS4A, RUNARMS3B, P50ARMS1A, P50ARMS1B, P50ARMS1C, P50ARMS2A, P50ARMS2B, P50ARMS2C, P50ARMS3A, P50ARMS3B, P50ARMS3C"
"439","0.460148301935099","13.6377691454005","0.001","0.19211233513977","0.272746072942448","0.0701062567294009",NA,"RUNARMS1C, RUNARMS2B, RUNARMS5B, RUNARMS8C, RUNARMS2C, RUNARMS6A, RUNARMS7C, RUNARMS1A, RUNARMS4C, P50ARMS1A, P50ARMS1B, P50ARMS1C, P50ARMS2A, P50ARMS2B, P50ARMS2C, P50ARMS3A, P50ARMS3B, P50ARMS3C"
"440","0.372747169082993","9.50805546243441","0.001","0.231421314804837","0.274894782929875","0.344261525247207",NA,"RUNARMS4C, RUNARMS8C, RUNARMS8B, RUNARMS3A, RUNARMS9B, RUNARMS7B, RUNARMS3C, RUNARMS5C, RUNARMS1B, P50ARMS1A, P50ARMS1B, P50ARMS1C, P50ARMS2A, P50ARMS2B, P50ARMS2C, P50ARMS3A, P50ARMS3B, P50ARMS3C"
"441","0.432776254309864","12.2075638080577","0.001","0.196196976097919","0.266671619367658","0.114722683718584",NA,"RUNARMS1C, RUNARMS9A, RUNARMS3C, RUNARMS5A, RUNARMS5C, RUNARMS1B, RUNARMS3B, RUNARMS1A, RUNARMS8C, P50ARMS1A, P50ARMS1B, P50ARMS1C, P50ARMS2A, P50ARMS2B, P50ARMS2C, P50ARMS3A, P50ARMS3B, P50ARMS3C"
"442","0.435799961546372","12.3587361033387","0.001","0.197794107670765","0.275864147188547","0.104484898368564",NA,"RUNARMS6A, RUNARMS2A, RUNARMS2C, RUNARMS2B, RUNARMS4A, RUNARMS3B, RUNARMS5A, RUNARMS9B, RUNARMS1B, P50ARMS1A, P50ARMS1B, P50ARMS1C, P50ARMS2A, P50ARMS2B, P50ARMS2C, P50ARMS3A, P50ARMS3B, P50ARMS3C"
"443","0.433481033699903","12.2426555010066","0.001","0.215362833230377","0.272447007191476","0.177531411646072",NA,"RUNARMS2C, RUNARMS6C, RUNARMS4A, RUNARMS8C, RUNARMS6B, RUNARMS1C, RUNARMS9C, RUNARMS3A, RUNARMS7C, P50ARMS1A, P50ARMS1B, P50ARMS1C, P50ARMS2A, P50ARMS2B, P50ARMS2C, P50ARMS3A, P50ARMS3B, P50ARMS3C"
"444","0.427890026674164","11.9666510740715","0.001","0.204253913898138","0.269978168039058","0.149630562082316",NA,"RUNARMS3B, RUNARMS5B, RUNARMS8A, RUNARMS3A, RUNARMS1B, RUNARMS5A, RUNARMS2A, RUNARMS5C, RUNARMS7B, P50ARMS1A, P50ARMS1B, P50ARMS1C, P50ARMS2A, P50ARMS2B, P50ARMS2C, P50ARMS3A, P50ARMS3B, P50ARMS3C"
"445","0.421106981240384","11.6389582902259","0.001","0.21625727741446","0.280631904007636","0.131856445054451",NA,"RUNARMS3B, RUNARMS9A, RUNARMS3C, RUNARMS1B, RUNARMS2B, RUNARMS6C, RUNARMS7A, RUNARMS5C, RUNARMS2A, P50ARMS1A, P50ARMS1B, P50ARMS1C, P50ARMS2A, P50ARMS2B, P50ARMS2C, P50ARMS3A, P50ARMS3B, P50ARMS3C"
"446","0.389436998818527","10.2053219226175","0.001","0.239186436138726","0.277029488342012","0.386131951585208",NA,"RUNARMS7A, RUNARMS9A, RUNARMS1B, RUNARMS8A, RUNARMS6B, RUNARMS9C, RUNARMS7B, RUNARMS3C, RUNARMS9B, P50ARMS1A, P50ARMS1B, P50ARMS1C, P50ARMS2A, P50ARMS2B, P50ARMS2C, P50ARMS3A, P50ARMS3B, P50ARMS3C"
"447","0.452082127674418","13.2014566564321","0.001","0.196449528312304","0.272586965939311","0.0778889514658124",NA,"RUNARMS7A, RUNARMS9A, RUNARMS3B, RUNARMS2C, RUNARMS1B, RUNARMS9C, RUNARMS4A, RUNARMS5B, RUNARMS1C, P50ARMS1A, P50ARMS1B, P50ARMS1C, P50ARMS2A, P50ARMS2B, P50ARMS2C, P50ARMS3A, P50ARMS3B, P50ARMS3C"
"448","0.408485264625272","11.0491993574157","0.002","0.217090750780594","0.273223612478996","0.215254909396912",NA,"RUNARMS2A, RUNARMS7C, RUNARMS1A, RUNARMS3C, RUNARMS9B, RUNARMS6A, RUNARMS4A, RUNARMS5B, RUNARMS4B, P50ARMS1A, P50ARMS1B, P50ARMS1C, P50ARMS2A, P50ARMS2B, P50ARMS2C, P50ARMS3A, P50ARMS3B, P50ARMS3C"
"449","0.403509664147835","10.8235695338499","0.001","0.213093203162873","0.270498419888134","0.225563378093982",NA,"RUNARMS3A, RUNARMS4A, RUNARMS5B, RUNARMS1C, RUNARMS2C, RUNARMS8B, RUNARMS1B, RUNARMS4B, RUNARMS7B, P50ARMS1A, P50ARMS1B, P50ARMS1C, P50ARMS2A, P50ARMS2B, P50ARMS2C, P50ARMS3A, P50ARMS3B, P50ARMS3C"
"450","0.410073780364051","11.1220357180832","0.002","0.229432590509102","0.274500845907067","0.294747162455865",NA,"RUNARMS3A, RUNARMS1B, RUNARMS5A, RUNARMS1C, RUNARMS6B, RUNARMS9C, RUNARMS7A, RUNARMS9B, RUNARMS9A, P50ARMS1A, P50ARMS1B, P50ARMS1C, P50ARMS2A, P50ARMS2B, P50ARMS2C, P50ARMS3A, P50ARMS3B, P50ARMS3C"
"451","0.403155972748804","10.8076738133563","0.001","0.234026035216402","0.271679939686885","0.386090825476563",NA,"RUNARMS7A, RUNARMS7C, RUNARMS6C, RUNARMS1B, RUNARMS8B, RUNARMS9A, RUNARMS2A, RUNARMS9C, RUNARMS3A, P50ARMS1A, P50ARMS1B, P50ARMS1C, P50ARMS2A, P50ARMS2B, P50ARMS2C, P50ARMS3A, P50ARMS3B, P50ARMS3C"
"452","0.388189774601596","10.1519002719854","0.001","0.215011485076263","0.26705126228223","0.257593570825859",NA,"RUNARMS4C, RUNARMS8A, RUNARMS3C, RUNARMS1A, RUNARMS5C, RUNARMS8C, RUNARMS7A, RUNARMS6B, RUNARMS1B, P50ARMS1A, P50ARMS1B, P50ARMS1C, P50ARMS2A, P50ARMS2B, P50ARMS2C, P50ARMS3A, P50ARMS3B, P50ARMS3C"
"453","0.47530197859115","14.4937303880791","0.001","0.18511059082828","0.272131834430958","0.0485422778719049",NA,"RUNARMS2B, RUNARMS1A, RUNARMS5A, RUNARMS9A, RUNARMS6A, RUNARMS3A, RUNARMS1C, RUNARMS2C, RUNARMS4C, P50ARMS1A, P50ARMS1B, P50ARMS1C, P50ARMS2A, P50ARMS2B, P50ARMS2C, P50ARMS3A, P50ARMS3B, P50ARMS3C"
"454","0.424079445344828","11.7816095825576","0.001","0.210875987847631","0.268992713932282","0.21229204513669",NA,"RUNARMS1C, RUNARMS6A, RUNARMS9B, RUNARMS3A, RUNARMS4B, RUNARMS1A, RUNARMS6C, RUNARMS2A, RUNARMS6B, P50ARMS1A, P50ARMS1B, P50ARMS1C, P50ARMS2A, P50ARMS2B, P50ARMS2C, P50ARMS3A, P50ARMS3B, P50ARMS3C"
"455","0.434282481689792","12.2826666704468","0.001","0.210043539787189","0.277848877926448","0.115320547724834",NA,"RUNARMS9C, RUNARMS9A, RUNARMS4A, RUNARMS1C, RUNARMS3C, RUNARMS5B, RUNARMS3A, RUNARMS7A, RUNARMS4C, P50ARMS1A, P50ARMS1B, P50ARMS1C, P50ARMS2A, P50ARMS2B, P50ARMS2C, P50ARMS3A, P50ARMS3B, P50ARMS3C"
"456","0.46457951667951","13.883055464695","0.001","0.189288486587697","0.270104723913306","0.0944154946696595",NA,"RUNARMS3B, RUNARMS5A, RUNARMS2C, RUNARMS1C, RUNARMS2B, RUNARMS4B, RUNARMS4C, RUNARMS8A, RUNARMS6B, P50ARMS1A, P50ARMS1B, P50ARMS1C, P50ARMS2A, P50ARMS2B, P50ARMS2C, P50ARMS3A, P50ARMS3B, P50ARMS3C"
"457","0.488373724195036","15.2728269767351","0.001","0.183983259287537","0.273886719747196","0.0423148820419506",NA,"RUNARMS5A, RUNARMS9C, RUNARMS5C, RUNARMS2B, RUNARMS1A, RUNARMS6B, RUNARMS4C, RUNARMS3B, RUNARMS1C, P50ARMS1A, P50ARMS1B, P50ARMS1C, P50ARMS2A, P50ARMS2B, P50ARMS2C, P50ARMS3A, P50ARMS3B, P50ARMS3C"
"458","0.410037869443612","11.1203848031916","0.001","0.226899380808624","0.269245661654703","0.349440689406582",NA,"RUNARMS9C, RUNARMS8B, RUNARMS3A, RUNARMS1B, RUNARMS4A, RUNARMS7C, RUNARMS8A, RUNARMS9A, RUNARMS2B, P50ARMS1A, P50ARMS1B, P50ARMS1C, P50ARMS2A, P50ARMS2B, P50ARMS2C, P50ARMS3A, P50ARMS3B, P50ARMS3C"
"459","0.437905495726576","12.4649643046803","0.001","0.224125642224934","0.274977502603254","0.261095616660935",NA,"RUNARMS4B, RUNARMS8A, RUNARMS2A, RUNARMS6A, RUNARMS9C, RUNARMS3B, RUNARMS1C, RUNARMS6B, RUNARMS9B, P50ARMS1A, P50ARMS1B, P50ARMS1C, P50ARMS2A, P50ARMS2B, P50ARMS2C, P50ARMS3A, P50ARMS3B, P50ARMS3C"
"460","0.402595981282365","10.7825449757519","0.001","0.208659769300457","0.264322918392066","0.246520337465827",NA,"RUNARMS2A, RUNARMS1C, RUNARMS4C, RUNARMS6A, RUNARMS8A, RUNARMS6C, RUNARMS1B, RUNARMS3C, RUNARMS7B, P50ARMS1A, P50ARMS1B, P50ARMS1C, P50ARMS2A, P50ARMS2B, P50ARMS2C, P50ARMS3A, P50ARMS3B, P50ARMS3C"
"461","0.405077687803431","10.8942678262056","0.001","0.212434741846852","0.269058250240915","0.220132627258603",NA,"RUNARMS9B, RUNARMS2C, RUNARMS4B, RUNARMS7B, RUNARMS7C, RUNARMS5B, RUNARMS5A, RUNARMS1B, RUNARMS6B, P50ARMS1A, P50ARMS1B, P50ARMS1C, P50ARMS2A, P50ARMS2B, P50ARMS2C, P50ARMS3A, P50ARMS3B, P50ARMS3C"
"462","0.446914847135975","12.9286376919497","0.001","0.200370668113966","0.274238117546666","0.0933924763400089",NA,"RUNARMS2B, RUNARMS3A, RUNARMS1A, RUNARMS4C, RUNARMS2A, RUNARMS7A, RUNARMS1B, RUNARMS7C, RUNARMS1C, P50ARMS1A, P50ARMS1B, P50ARMS1C, P50ARMS2A, P50ARMS2B, P50ARMS2C, P50ARMS3A, P50ARMS3B, P50ARMS3C"
"463","0.414338812469153","11.3195498364099","0.001","0.237889262906164","0.278317394685863","0.362994823242251",NA,"RUNARMS9A, RUNARMS4C, RUNARMS5C, RUNARMS9B, RUNARMS4A, RUNARMS8A, RUNARMS3A, RUNARMS1C, RUNARMS8B, P50ARMS1A, P50ARMS1B, P50ARMS1C, P50ARMS2A, P50ARMS2B, P50ARMS2C, P50ARMS3A, P50ARMS3B, P50ARMS3C"
"464","0.423099623567247","11.7344246140652","0.001","0.216348022215075","0.279631257257401","0.138956492260211",NA,"RUNARMS2A, RUNARMS1C, RUNARMS4A, RUNARMS5C, RUNARMS7C, RUNARMS3C, RUNARMS6A, RUNARMS2B, RUNARMS1B, P50ARMS1A, P50ARMS1B, P50ARMS1C, P50ARMS2A, P50ARMS2B, P50ARMS2C, P50ARMS3A, P50ARMS3B, P50ARMS3C"
"465","0.443197695808205","12.7355132684377","0.001","0.218615154256664","0.275051424581937","0.191427463148084",NA,"RUNARMS2C, RUNARMS9A, RUNARMS6B, RUNARMS1A, RUNARMS4A, RUNARMS8A, RUNARMS9C, RUNARMS3A, RUNARMS1C, P50ARMS1A, P50ARMS1B, P50ARMS1C, P50ARMS2A, P50ARMS2B, P50ARMS2C, P50ARMS3A, P50ARMS3B, P50ARMS3C"
"466","0.440958695394345","12.6204254823108","0.001","0.207214761310984","0.272347850381006","0.128471817600838",NA,"RUNARMS7B, RUNARMS1A, RUNARMS7A, RUNARMS1C, RUNARMS1B, RUNARMS4B, RUNARMS2C, RUNARMS6C, RUNARMS9C, P50ARMS1A, P50ARMS1B, P50ARMS1C, P50ARMS2A, P50ARMS2B, P50ARMS2C, P50ARMS3A, P50ARMS3B, P50ARMS3C"
"467","0.447944371106734","12.9825864688239","0.001","0.213268052434231","0.282202007512145","0.113690780017353",NA,"RUNARMS6C, RUNARMS3B, RUNARMS7C, RUNARMS3C, RUNARMS5A, RUNARMS6A, RUNARMS1A, RUNARMS2B, RUNARMS2A, P50ARMS1A, P50ARMS1B, P50ARMS1C, P50ARMS2A, P50ARMS2B, P50ARMS2C, P50ARMS3A, P50ARMS3B, P50ARMS3C"
"468","0.454779693686021","13.3459356056815","0.001","0.195803634538232","0.269667186422209","0.0915858816701628",NA,"RUNARMS1A, RUNARMS2C, RUNARMS7A, RUNARMS9A, RUNARMS5B, RUNARMS3A, RUNARMS7C, RUNARMS5A, RUNARMS4B, P50ARMS1A, P50ARMS1B, P50ARMS1C, P50ARMS2A, P50ARMS2B, P50ARMS2C, P50ARMS3A, P50ARMS3B, P50ARMS3C"
"469","0.446072931773395","12.8846689713574","0.001","0.19862167523829","0.272247951197184","0.104312761585599",NA,"RUNARMS3B, RUNARMS2C, RUNARMS1B, RUNARMS3A, RUNARMS1C, RUNARMS2B, RUNARMS7B, RUNARMS7C, RUNARMS6B, P50ARMS1A, P50ARMS1B, P50ARMS1C, P50ARMS2A, P50ARMS2B, P50ARMS2C, P50ARMS3A, P50ARMS3B, P50ARMS3C"
"470","0.435470248508235","12.3421732118106","0.001","0.216737138507592","0.272884912883571","0.202195786861769",NA,"RUNARMS1C, RUNARMS2C, RUNARMS4A, RUNARMS9C, RUNARMS7A, RUNARMS6A, RUNARMS9B, RUNARMS6B, RUNARMS5C, P50ARMS1A, P50ARMS1B, P50ARMS1C, P50ARMS2A, P50ARMS2B, P50ARMS2C, P50ARMS3A, P50ARMS3B, P50ARMS3C"
"471","0.419413814106535","11.5583546228844","0.001","0.203692242279898","0.274579472942861","0.100703034210495",NA,"RUNARMS7C, RUNARMS9A, RUNARMS3C, RUNARMS3B, RUNARMS4A, RUNARMS4B, RUNARMS1B, RUNARMS2A, RUNARMS5B, P50ARMS1A, P50ARMS1B, P50ARMS1C, P50ARMS2A, P50ARMS2B, P50ARMS2C, P50ARMS3A, P50ARMS3B, P50ARMS3C"
"472","0.436313857256383","12.3845899104838","0.001","0.182945516276566","0.261321584203333","0.0947091301245795",NA,"RUNARMS4C, RUNARMS3A, RUNARMS2A, RUNARMS9A, RUNARMS5C, RUNARMS4B, RUNARMS3C, RUNARMS6A, RUNARMS1A, P50ARMS1A, P50ARMS1B, P50ARMS1C, P50ARMS2A, P50ARMS2B, P50ARMS2C, P50ARMS3A, P50ARMS3B, P50ARMS3C"
"473","0.42009699974463","11.5908212113994","0.001","0.227610214547164","0.273727013692772","0.302402399901232",NA,"RUNARMS5B, RUNARMS6C, RUNARMS9C, RUNARMS8C, RUNARMS9A, RUNARMS1C, RUNARMS2C, RUNARMS8B, RUNARMS6A, P50ARMS1A, P50ARMS1B, P50ARMS1C, P50ARMS2A, P50ARMS2B, P50ARMS2C, P50ARMS3A, P50ARMS3B, P50ARMS3C"
"474","0.413005309909786","11.2574867713727","0.001","0.22444128661343","0.276232114863744","0.23129240629594",NA,"RUNARMS8C, RUNARMS7B, RUNARMS4A, RUNARMS4B, RUNARMS1C, RUNARMS9B, RUNARMS7C, RUNARMS3C, RUNARMS2C, P50ARMS1A, P50ARMS1B, P50ARMS1C, P50ARMS2A, P50ARMS2B, P50ARMS2C, P50ARMS3A, P50ARMS3B, P50ARMS3C"
"475","0.428371528005396","11.9902082976564","0.001","0.214964278445997","0.271298678367506","0.223178724750879",NA,"RUNARMS5A, RUNARMS9A, RUNARMS5B, RUNARMS1A, RUNARMS8B, RUNARMS2A, RUNARMS7C, RUNARMS9C, RUNARMS1B, P50ARMS1A, P50ARMS1B, P50ARMS1C, P50ARMS2A, P50ARMS2B, P50ARMS2C, P50ARMS3A, P50ARMS3B, P50ARMS3C"
"476","0.438501787602381","12.4951931221284","0.001","0.213569040522376","0.276855909447526","0.13183710935263",NA,"RUNARMS1C, RUNARMS8C, RUNARMS9A, RUNARMS6B, RUNARMS3B, RUNARMS6C, RUNARMS3A, RUNARMS9C, RUNARMS5B, P50ARMS1A, P50ARMS1B, P50ARMS1C, P50ARMS2A, P50ARMS2B, P50ARMS2C, P50ARMS3A, P50ARMS3B, P50ARMS3C"
"477","0.425387087022693","11.8448319532142","0.001","0.207838109463469","0.270934951126482","0.191655402596",NA,"RUNARMS1A, RUNARMS8B, RUNARMS3B, RUNARMS6C, RUNARMS9C, RUNARMS2C, RUNARMS6A, RUNARMS4C, RUNARMS1B, P50ARMS1A, P50ARMS1B, P50ARMS1C, P50ARMS2A, P50ARMS2B, P50ARMS2C, P50ARMS3A, P50ARMS3B, P50ARMS3C"
"478","0.408117572148804","11.0323957041389","0.001","0.216171028723103","0.271268618360929","0.234938959139769",NA,"RUNARMS6B, RUNARMS7B, RUNARMS1A, RUNARMS5A, RUNARMS3A, RUNARMS4A, RUNARMS4B, RUNARMS6C, RUNARMS8B, P50ARMS1A, P50ARMS1B, P50ARMS1C, P50ARMS2A, P50ARMS2B, P50ARMS2C, P50ARMS3A, P50ARMS3B, P50ARMS3C"
"479","0.42937823010272","12.03958917109","0.001","0.197173223942411","0.271792485035887","0.0927061179013431",NA,"RUNARMS3B, RUNARMS1B, RUNARMS2B, RUNARMS3A, RUNARMS4A, RUNARMS6A, RUNARMS9A, RUNARMS4B, RUNARMS7C, P50ARMS1A, P50ARMS1B, P50ARMS1C, P50ARMS2A, P50ARMS2B, P50ARMS2C, P50ARMS3A, P50ARMS3B, P50ARMS3C"
"480","0.385318158633911","10.0297261497771","0.001","0.239198435055501","0.273734191218828","0.447543512151022",NA,"RUNARMS8A, RUNARMS3A, RUNARMS2C, RUNARMS1B, RUNARMS2B, RUNARMS7C, RUNARMS6C, RUNARMS9B, RUNARMS8C, P50ARMS1A, P50ARMS1B, P50ARMS1C, P50ARMS2A, P50ARMS2B, P50ARMS2C, P50ARMS3A, P50ARMS3B, P50ARMS3C"
"481","0.42810824968149","11.9773226158428","0.001","0.216477345072623","0.280482329395231","0.1226505087696",NA,"RUNARMS7B, RUNARMS5C, RUNARMS3C, RUNARMS3A, RUNARMS9C, RUNARMS1B, RUNARMS9A, RUNARMS2A, RUNARMS3B, P50ARMS1A, P50ARMS1B, P50ARMS1C, P50ARMS2A, P50ARMS2B, P50ARMS2C, P50ARMS3A, P50ARMS3B, P50ARMS3C"
"482","0.434007502112333","12.2689259304909","0.001","0.201784354832678","0.267807214757596","0.152484861499521",NA,"RUNARMS6B, RUNARMS3B, RUNARMS4B, RUNARMS8A, RUNARMS5B, RUNARMS1A, RUNARMS6A, RUNARMS5A, RUNARMS3A, P50ARMS1A, P50ARMS1B, P50ARMS1C, P50ARMS2A, P50ARMS2B, P50ARMS2C, P50ARMS3A, P50ARMS3B, P50ARMS3C"
"483","0.470422683587892","14.2127744224397","0.001","0.186030174208273","0.26855961069498","0.0646262066750908",NA,"RUNARMS5A, RUNARMS1C, RUNARMS7B, RUNARMS1A, RUNARMS3A, RUNARMS6B, RUNARMS3B, RUNARMS2B, RUNARMS5C, P50ARMS1A, P50ARMS1B, P50ARMS1C, P50ARMS2A, P50ARMS2B, P50ARMS2C, P50ARMS3A, P50ARMS3B, P50ARMS3C"
"484","0.411859131622093","11.2043669472044","0.001","0.209240496585986","0.28045826942423","0.101923185347649",NA,"RUNARMS4C, RUNARMS3C, RUNARMS3B, RUNARMS1B, RUNARMS8C, RUNARMS6A, RUNARMS7C, RUNARMS4A, RUNARMS2A, P50ARMS1A, P50ARMS1B, P50ARMS1C, P50ARMS2A, P50ARMS2B, P50ARMS2C, P50ARMS3A, P50ARMS3B, P50ARMS3C"
"485","0.387712687689316","10.1315230257153","0.001","0.230499669640135","0.265381458901561","0.447925037197162",NA,"RUNARMS3C, RUNARMS6C, RUNARMS9B, RUNARMS1A, RUNARMS7A, RUNARMS3A, RUNARMS7B, RUNARMS8A, RUNARMS5B, P50ARMS1A, P50ARMS1B, P50ARMS1C, P50ARMS2A, P50ARMS2B, P50ARMS2C, P50ARMS3A, P50ARMS3B, P50ARMS3C"
"486","0.445385311507937","12.8488572913607","0.001","0.216442075667147","0.275371859303179","0.183449433893709",NA,"RUNARMS9A, RUNARMS1A, RUNARMS8A, RUNARMS4B, RUNARMS6C, RUNARMS9C, RUNARMS4C, RUNARMS2C, RUNARMS7C, P50ARMS1A, P50ARMS1B, P50ARMS1C, P50ARMS2A, P50ARMS2B, P50ARMS2C, P50ARMS3A, P50ARMS3B, P50ARMS3C"
"487","0.439376169818786","12.5396359174176","0.001","0.214014105343141","0.270854293516088","0.204752142199524",NA,"RUNARMS7B, RUNARMS3A, RUNARMS6A, RUNARMS1A, RUNARMS9B, RUNARMS3B, RUNARMS1C, RUNARMS7C, RUNARMS9A, P50ARMS1A, P50ARMS1B, P50ARMS1C, P50ARMS2A, P50ARMS2B, P50ARMS2C, P50ARMS3A, P50ARMS3B, P50ARMS3C"
"488","0.411782915987096","11.2008420613112","0.001","0.20696023893229","0.280113210040382","0.0829698269814177",NA,"RUNARMS7B, RUNARMS6B, RUNARMS6C, RUNARMS4A, RUNARMS5B, RUNARMS3B, RUNARMS2B, RUNARMS1B, RUNARMS3C, P50ARMS1A, P50ARMS1B, P50ARMS1C, P50ARMS2A, P50ARMS2B, P50ARMS2C, P50ARMS3A, P50ARMS3B, P50ARMS3C"
"489","0.413417729643108","11.2766512193851","0.001","0.214013336777733","0.265574700741617","0.269490263359803",NA,"RUNARMS2A, RUNARMS6A, RUNARMS4B, RUNARMS5B, RUNARMS8C, RUNARMS9A, RUNARMS7C, RUNARMS8B, RUNARMS1A, P50ARMS1A, P50ARMS1B, P50ARMS1C, P50ARMS2A, P50ARMS2B, P50ARMS2C, P50ARMS3A, P50ARMS3B, P50ARMS3C"
"490","0.439260901097057","12.5337691473685","0.001","0.219265306350338","0.272185623329151","0.220611734563859",NA,"RUNARMS1C, RUNARMS8A, RUNARMS3A, RUNARMS7A, RUNARMS4B, RUNARMS2A, RUNARMS5B, RUNARMS9A, RUNARMS9C, P50ARMS1A, P50ARMS1B, P50ARMS1C, P50ARMS2A, P50ARMS2B, P50ARMS2C, P50ARMS3A, P50ARMS3B, P50ARMS3C"
"491","0.401502375427402","10.7336065225422","0.001","0.19473037760703","0.266385100166642","0.107223941714528",NA,"RUNARMS3C, RUNARMS7B, RUNARMS4B, RUNARMS6B, RUNARMS5C, RUNARMS1A, RUNARMS1B, RUNARMS4A, RUNARMS8C, P50ARMS1A, P50ARMS1B, P50ARMS1C, P50ARMS2A, P50ARMS2B, P50ARMS2C, P50ARMS3A, P50ARMS3B, P50ARMS3C"
"492","0.44740441034311","12.9542665549222","0.001","0.217245267143579","0.281207294835478","0.130979925374486",NA,"RUNARMS6B, RUNARMS7C, RUNARMS2C, RUNARMS9C, RUNARMS7B, RUNARMS1A, RUNARMS3C, RUNARMS2B, RUNARMS2A, P50ARMS1A, P50ARMS1B, P50ARMS1C, P50ARMS2A, P50ARMS2B, P50ARMS2C, P50ARMS3A, P50ARMS3B, P50ARMS3C"
"493","0.421777476931763","11.6710078934643","0.001","0.222174208879146","0.27096473369524","0.292256930545134",NA,"RUNARMS5B, RUNARMS1C, RUNARMS2C, RUNARMS4C, RUNARMS8B, RUNARMS7A, RUNARMS7B, RUNARMS9B, RUNARMS5C, P50ARMS1A, P50ARMS1B, P50ARMS1C, P50ARMS2A, P50ARMS2B, P50ARMS2C, P50ARMS3A, P50ARMS3B, P50ARMS3C"
"494","0.412409796047346","11.2298617171794","0.001","0.221959606336239","0.269914799384901","0.272505826961779",NA,"RUNARMS7A, RUNARMS9A, RUNARMS5C, RUNARMS1A, RUNARMS9B, RUNARMS3A, RUNARMS6B, RUNARMS7C, RUNARMS8C, P50ARMS1A, P50ARMS1B, P50ARMS1C, P50ARMS2A, P50ARMS2B, P50ARMS2C, P50ARMS3A, P50ARMS3B, P50ARMS3C"
"495","0.439671260374453","12.5546659817813","0.001","0.20422976387751","0.270456689684465","0.163202787193272",NA,"RUNARMS5A, RUNARMS5B, RUNARMS6A, RUNARMS5C, RUNARMS7B, RUNARMS1A, RUNARMS8B, RUNARMS3B, RUNARMS2A, P50ARMS1A, P50ARMS1B, P50ARMS1C, P50ARMS2A, P50ARMS2B, P50ARMS2C, P50ARMS3A, P50ARMS3B, P50ARMS3C"
"496","0.428284533486495","11.9859491952752","0.001","0.195230705486263","0.271779154125273","0.0857652488162978",NA,"RUNARMS1B, RUNARMS2B, RUNARMS5B, RUNARMS6A, RUNARMS3A, RUNARMS4C, RUNARMS5C, RUNARMS7B, RUNARMS7C, P50ARMS1A, P50ARMS1B, P50ARMS1C, P50ARMS2A, P50ARMS2B, P50ARMS2C, P50ARMS3A, P50ARMS3B, P50ARMS3C"
"497","0.452712151556171","13.2350726322442","0.001","0.212127786516002","0.280794644777159","0.0997795847402629",NA,"RUNARMS6A, RUNARMS7B, RUNARMS7A, RUNARMS3C, RUNARMS9C, RUNARMS1A, RUNARMS5A, RUNARMS2C, RUNARMS2B, P50ARMS1A, P50ARMS1B, P50ARMS1C, P50ARMS2A, P50ARMS2B, P50ARMS2C, P50ARMS3A, P50ARMS3B, P50ARMS3C"
"498","0.418271819760835","11.5042546390343","0.001","0.205799487044958","0.26432123177207","0.204057448256824",NA,"RUNARMS8C, RUNARMS8A, RUNARMS2A, RUNARMS1A, RUNARMS7B, RUNARMS9A, RUNARMS3C, RUNARMS5C, RUNARMS5B, P50ARMS1A, P50ARMS1B, P50ARMS1C, P50ARMS2A, P50ARMS2B, P50ARMS2C, P50ARMS3A, P50ARMS3B, P50ARMS3C"
"499","0.4318603336877","12.1620892690936","0.001","0.202620634305774","0.267541605276777","0.166185218869184",NA,"RUNARMS8A, RUNARMS3A, RUNARMS5B, RUNARMS6A, RUNARMS1C, RUNARMS3B, RUNARMS1B, RUNARMS2A, RUNARMS5A, P50ARMS1A, P50ARMS1B, P50ARMS1C, P50ARMS2A, P50ARMS2B, P50ARMS2C, P50ARMS3A, P50ARMS3B, P50ARMS3C"
"500","0.427810131036434","11.9627460531266","0.001","0.227129768722544","0.271153014729213","0.314913467412792",NA,"RUNARMS6A, RUNARMS9A, RUNARMS8C, RUNARMS1C, RUNARMS8B, RUNARMS7C, RUNARMS5C, RUNARMS3B, RUNARMS9B, P50ARMS1A, P50ARMS1B, P50ARMS1C, P50ARMS2A, P50ARMS2B, P50ARMS2C, P50ARMS3A, P50ARMS3B, P50ARMS3C"
"501","0.463993579394377","13.8503886985569","0.001","0.202887959945185","0.274453629837802","0.0938021743848535",NA,"RUNARMS2B, RUNARMS9A, RUNARMS5C, RUNARMS2A, RUNARMS1C, RUNARMS7C, RUNARMS2C, RUNARMS7A, RUNARMS4A, P50ARMS1A, P50ARMS1B, P50ARMS1C, P50ARMS2A, P50ARMS2B, P50ARMS2C, P50ARMS3A, P50ARMS3B, P50ARMS3C"
"502","0.431095767495999","12.1242414555027","0.001","0.19289416083683","0.269955660323883","0.089233149523548",NA,"RUNARMS1B, RUNARMS5C, RUNARMS3C, RUNARMS1A, RUNARMS3A, RUNARMS3B, RUNARMS4C, RUNARMS5A, RUNARMS7A, P50ARMS1A, P50ARMS1B, P50ARMS1C, P50ARMS2A, P50ARMS2B, P50ARMS2C, P50ARMS3A, P50ARMS3B, P50ARMS3C"
"503","0.437527771141858","12.4458488421395","0.001","0.209226589208463","0.279067838377494","0.0945624082031313",NA,"RUNARMS3B, RUNARMS2C, RUNARMS1B, RUNARMS6A, RUNARMS1A, RUNARMS5C, RUNARMS6B, RUNARMS8C, RUNARMS9C, P50ARMS1A, P50ARMS1B, P50ARMS1C, P50ARMS2A, P50ARMS2B, P50ARMS2C, P50ARMS3A, P50ARMS3B, P50ARMS3C"
"504","0.435874897421328","12.3625031519824","0.002","0.191865999958492","0.275378080286046","0.0619862743869299",NA,"RUNARMS4A, RUNARMS1B, RUNARMS2A, RUNARMS6B, RUNARMS5B, RUNARMS7C, RUNARMS4C, RUNARMS5C, RUNARMS5A, P50ARMS1A, P50ARMS1B, P50ARMS1C, P50ARMS2A, P50ARMS2B, P50ARMS2C, P50ARMS3A, P50ARMS3B, P50ARMS3C"
"505","0.40081508569715","10.7029419767952","0.001","0.215326740946615","0.265455993280593","0.291241073332586",NA,"RUNARMS3A, RUNARMS6A, RUNARMS8A, RUNARMS6B, RUNARMS8C, RUNARMS7B, RUNARMS1A, RUNARMS9B, RUNARMS4C, P50ARMS1A, P50ARMS1B, P50ARMS1C, P50ARMS2A, P50ARMS2B, P50ARMS2C, P50ARMS3A, P50ARMS3B, P50ARMS3C"
"506","0.398405942861673","10.5960074075683","0.001","0.218262272290188","0.277295891941801","0.157400271659502",NA,"RUNARMS3C, RUNARMS7A, RUNARMS9C, RUNARMS8C, RUNARMS1B, RUNARMS6C, RUNARMS4A, RUNARMS9A, RUNARMS4B, P50ARMS1A, P50ARMS1B, P50ARMS1C, P50ARMS2A, P50ARMS2B, P50ARMS2C, P50ARMS3A, P50ARMS3B, P50ARMS3C"
"507","0.419487354470717","11.5618457637766","0.001","0.23023700345902","0.271110763763425","0.355353488913088",NA,"RUNARMS6A, RUNARMS9B, RUNARMS8A, RUNARMS3C, RUNARMS9C, RUNARMS7C, RUNARMS5C, RUNARMS4B, RUNARMS1A, P50ARMS1A, P50ARMS1B, P50ARMS1C, P50ARMS2A, P50ARMS2B, P50ARMS2C, P50ARMS3A, P50ARMS3B, P50ARMS3C"
"508","0.419133353956359","11.5450486079345","0.001","0.206600059103974","0.269477485918274","0.185779883752521",NA,"RUNARMS5B, RUNARMS9B, RUNARMS7A, RUNARMS1C, RUNARMS4C, RUNARMS4A, RUNARMS6C, RUNARMS3A, RUNARMS2A, P50ARMS1A, P50ARMS1B, P50ARMS1C, P50ARMS2A, P50ARMS2B, P50ARMS2C, P50ARMS3A, P50ARMS3B, P50ARMS3C"
"509","0.408893125508943","11.0678631741104","0.001","0.226055911253267","0.279697543667174","0.214814863742517",NA,"RUNARMS7C, RUNARMS2B, RUNARMS2A, RUNARMS9C, RUNARMS1B, RUNARMS8C, RUNARMS4A, RUNARMS6C, RUNARMS9B, P50ARMS1A, P50ARMS1B, P50ARMS1C, P50ARMS2A, P50ARMS2B, P50ARMS2C, P50ARMS3A, P50ARMS3B, P50ARMS3C"
"510","0.480904480741402","14.8228435931254","0.001","0.186850929636154","0.278400507045363","0.0347892398242439",NA,"RUNARMS1C, RUNARMS6A, RUNARMS5C, RUNARMS5A, RUNARMS4A, RUNARMS2B, RUNARMS4C, RUNARMS4B, RUNARMS9C, P50ARMS1A, P50ARMS1B, P50ARMS1C, P50ARMS2A, P50ARMS2B, P50ARMS2C, P50ARMS3A, P50ARMS3B, P50ARMS3C"
"511","0.420497473691253","11.6098882638443","0.001","0.212222140188184","0.273965115024683","0.181526990612974",NA,"RUNARMS1A, RUNARMS1B, RUNARMS2C, RUNARMS2A, RUNARMS6C, RUNARMS3B, RUNARMS3A, RUNARMS8A, RUNARMS8C, P50ARMS1A, P50ARMS1B, P50ARMS1C, P50ARMS2A, P50ARMS2B, P50ARMS2C, P50ARMS3A, P50ARMS3B, P50ARMS3C"
"512","0.410609929258505","11.1467077480129","0.001","0.200574537337494","0.269401342545123","0.112452553733058",NA,"RUNARMS7B, RUNARMS5C, RUNARMS8C, RUNARMS3C, RUNARMS2B, RUNARMS4B, RUNARMS3A, RUNARMS1A, RUNARMS1B, P50ARMS1A, P50ARMS1B, P50ARMS1C, P50ARMS2A, P50ARMS2B, P50ARMS2C, P50ARMS3A, P50ARMS3B, P50ARMS3C"
"513","0.462415307459945","13.7627522175175","0.001","0.196639367686267","0.278653488284601","0.0572353373297365",NA,"RUNARMS4C, RUNARMS7C, RUNARMS5B, RUNARMS1A, RUNARMS4A, RUNARMS5C, RUNARMS2B, RUNARMS6A, RUNARMS1C, P50ARMS1A, P50ARMS1B, P50ARMS1C, P50ARMS2A, P50ARMS2B, P50ARMS2C, P50ARMS3A, P50ARMS3B, P50ARMS3C"
"514","0.40665088815796","10.9655750395047","0.001","0.241750825448202","0.279473544679752","0.393929829068497",NA,"RUNARMS2B, RUNARMS1C, RUNARMS9C, RUNARMS6C, RUNARMS1B, RUNARMS6A, RUNARMS8B, RUNARMS9B, RUNARMS5A, P50ARMS1A, P50ARMS1B, P50ARMS1C, P50ARMS2A, P50ARMS2B, P50ARMS2C, P50ARMS3A, P50ARMS3B, P50ARMS3C"
"515","0.434319632247676","12.2845241095682","0.001","0.204791179024055","0.278250441528396","0.13290892452193",NA,"RUNARMS1A, RUNARMS2C, RUNARMS4A, RUNARMS8B, RUNARMS1C, RUNARMS2A, RUNARMS4C, RUNARMS1B, RUNARMS2B, P50ARMS1A, P50ARMS1B, P50ARMS1C, P50ARMS2A, P50ARMS2B, P50ARMS2C, P50ARMS3A, P50ARMS3B, P50ARMS3C"
"516","0.409016859645962","11.0735303724823","0.001","0.217570628945225","0.269809575008982","0.257016589635492",NA,"RUNARMS6C, RUNARMS5C, RUNARMS8B, RUNARMS3A, RUNARMS4A, RUNARMS4B, RUNARMS1A, RUNARMS7A, RUNARMS6A, P50ARMS1A, P50ARMS1B, P50ARMS1C, P50ARMS2A, P50ARMS2B, P50ARMS2C, P50ARMS3A, P50ARMS3B, P50ARMS3C"
"517","0.453311949548259","13.2671478492695","0.001","0.193100192914445","0.268479638587881","0.110443804078587",NA,"RUNARMS9B, RUNARMS2B, RUNARMS3B, RUNARMS1C, RUNARMS7A, RUNARMS5A, RUNARMS4C, RUNARMS8C, RUNARMS5C, P50ARMS1A, P50ARMS1B, P50ARMS1C, P50ARMS2A, P50ARMS2B, P50ARMS2C, P50ARMS3A, P50ARMS3B, P50ARMS3C"
"518","0.475615191280487","14.5119441561821","0.001","0.194374577712754","0.272627143540918","0.0705501313393214",NA,"RUNARMS9C, RUNARMS5B, RUNARMS7C, RUNARMS5C, RUNARMS7A, RUNARMS3B, RUNARMS4C, RUNARMS9A, RUNARMS1C, P50ARMS1A, P50ARMS1B, P50ARMS1C, P50ARMS2A, P50ARMS2B, P50ARMS2C, P50ARMS3A, P50ARMS3B, P50ARMS3C"
"519","0.459871803748595","13.6225972112604","0.001","0.205519990638149","0.273824251057718","0.120547732986263",NA,"RUNARMS7C, RUNARMS1C, RUNARMS3B, RUNARMS7A, RUNARMS2B, RUNARMS6C, RUNARMS5C, RUNARMS1A, RUNARMS3A, P50ARMS1A, P50ARMS1B, P50ARMS1C, P50ARMS2A, P50ARMS2B, P50ARMS2C, P50ARMS3A, P50ARMS3B, P50ARMS3C"
"520","0.417558590011025","11.4705742510699","0.001","0.201670020095372","0.271499724278573","0.107870478253568",NA,"RUNARMS3C, RUNARMS7C, RUNARMS3B, RUNARMS1A, RUNARMS8C, RUNARMS5C, RUNARMS4A, RUNARMS1B, RUNARMS4B, P50ARMS1A, P50ARMS1B, P50ARMS1C, P50ARMS2A, P50ARMS2B, P50ARMS2C, P50ARMS3A, P50ARMS3B, P50ARMS3C"
"521","0.451717006711719","13.1820103775996","0.001","0.196143763377731","0.27221062356072","0.0852248020133683",NA,"RUNARMS6B, RUNARMS1A, RUNARMS4A, RUNARMS8C, RUNARMS1C, RUNARMS2B, RUNARMS3B, RUNARMS7C, RUNARMS4B, P50ARMS1A, P50ARMS1B, P50ARMS1C, P50ARMS2A, P50ARMS2B, P50ARMS2C, P50ARMS3A, P50ARMS3B, P50ARMS3C"
"522","0.412197998659821","11.2200502269816","0.001","0.208366435811497","0.274826969302809","0.159649841826553",NA,"RUNARMS6A, RUNARMS2B, RUNARMS9A, RUNARMS4A, RUNARMS5C, RUNARMS1B, RUNARMS4C, RUNARMS1A, RUNARMS8B, P50ARMS1A, P50ARMS1B, P50ARMS1C, P50ARMS2A, P50ARMS2B, P50ARMS2C, P50ARMS3A, P50ARMS3B, P50ARMS3C"
"523","0.392274043859329","10.3276561389727","0.001","0.213044668018228","0.261199573351209","0.295069649980712",NA,"RUNARMS1A, RUNARMS8A, RUNARMS3C, RUNARMS3A, RUNARMS7B, RUNARMS9A, RUNARMS6B, RUNARMS5C, RUNARMS1B, P50ARMS1A, P50ARMS1B, P50ARMS1C, P50ARMS2A, P50ARMS2B, P50ARMS2C, P50ARMS3A, P50ARMS3B, P50ARMS3C"
"524","0.453095616661448","13.2555709689667","0.001","0.198213679377137","0.27753699740684","0.0638105944237085",NA,"RUNARMS7B, RUNARMS8C, RUNARMS4C, RUNARMS7A, RUNARMS2C, RUNARMS4A, RUNARMS9A, RUNARMS1C, RUNARMS2A, P50ARMS1A, P50ARMS1B, P50ARMS1C, P50ARMS2A, P50ARMS2B, P50ARMS2C, P50ARMS3A, P50ARMS3B, P50ARMS3C"
"525","0.41924256229934","11.5502283076173","0.001","0.207404604074488","0.271723636761182","0.181750825923548",NA,"RUNARMS3B, RUNARMS8B, RUNARMS5C, RUNARMS7B, RUNARMS5B, RUNARMS2B, RUNARMS6A, RUNARMS1B, RUNARMS2C, P50ARMS1A, P50ARMS1B, P50ARMS1C, P50ARMS2A, P50ARMS2B, P50ARMS2C, P50ARMS3A, P50ARMS3B, P50ARMS3C"
"526","0.459611638767117","13.6083356856472","0.001","0.215258146648953","0.274219980567419","0.180817717794023",NA,"RUNARMS9C, RUNARMS1A, RUNARMS4B, RUNARMS1C, RUNARMS2A, RUNARMS5A, RUNARMS7C, RUNARMS8A, RUNARMS6A, P50ARMS1A, P50ARMS1B, P50ARMS1C, P50ARMS2A, P50ARMS2B, P50ARMS2C, P50ARMS3A, P50ARMS3B, P50ARMS3C"
"527","0.396620299767357","10.5172991299358","0.001","0.251765083327396","0.285210882792041","0.43016264093697",NA,"RUNARMS8B, RUNARMS4A, RUNARMS5A, RUNARMS7A, RUNARMS9B, RUNARMS2B, RUNARMS3C, RUNARMS1C, RUNARMS6C, P50ARMS1A, P50ARMS1B, P50ARMS1C, P50ARMS2A, P50ARMS2B, P50ARMS2C, P50ARMS3A, P50ARMS3B, P50ARMS3C"
"528","0.44062648645736","12.6034279647392","0.001","0.194238758763674","0.26828571803527","0.089857571553256",NA,"RUNARMS2B, RUNARMS1B, RUNARMS1C, RUNARMS6B, RUNARMS5A, RUNARMS9A, RUNARMS6A, RUNARMS7B, RUNARMS5C, P50ARMS1A, P50ARMS1B, P50ARMS1C, P50ARMS2A, P50ARMS2B, P50ARMS2C, P50ARMS3A, P50ARMS3B, P50ARMS3C"
"529","0.446775473074987","12.9213496894882","0.001","0.197197473537856","0.267957891120698","0.121323704432458",NA,"RUNARMS3B, RUNARMS8C, RUNARMS7B, RUNARMS9C, RUNARMS2B, RUNARMS7A, RUNARMS9B, RUNARMS1A, RUNARMS5B, P50ARMS1A, P50ARMS1B, P50ARMS1C, P50ARMS2A, P50ARMS2B, P50ARMS2C, P50ARMS3A, P50ARMS3B, P50ARMS3C"
"530","0.418367732158024","11.5087901490827","0.001","0.21519289276655","0.275281115901588","0.151756543423114",NA,"RUNARMS3A, RUNARMS6C, RUNARMS7B, RUNARMS6A, RUNARMS2C, RUNARMS1C, RUNARMS7A, RUNARMS1B, RUNARMS6B, P50ARMS1A, P50ARMS1B, P50ARMS1C, P50ARMS2A, P50ARMS2B, P50ARMS2C, P50ARMS3A, P50ARMS3B, P50ARMS3C"
"531","0.429419390139646","12.0416118660532","0.001","0.214912251422328","0.27342566276407","0.21569414595334",NA,"RUNARMS3B, RUNARMS4C, RUNARMS7C, RUNARMS2B, RUNARMS8B, RUNARMS8A, RUNARMS4A, RUNARMS1B, RUNARMS9C, P50ARMS1A, P50ARMS1B, P50ARMS1C, P50ARMS2A, P50ARMS2B, P50ARMS2C, P50ARMS3A, P50ARMS3B, P50ARMS3C"
"532","0.383980630201006","9.97320925999578","0.001","0.2198715353931","0.270833441664663","0.278370795154755",NA,"RUNARMS3C, RUNARMS1B, RUNARMS9A, RUNARMS5A, RUNARMS6A, RUNARMS4A, RUNARMS6B, RUNARMS5C, RUNARMS8B, P50ARMS1A, P50ARMS1B, P50ARMS1C, P50ARMS2A, P50ARMS2B, P50ARMS2C, P50ARMS3A, P50ARMS3B, P50ARMS3C"
"533","0.40765377855586","11.0112299543196","0.001","0.227321107956656","0.275810080102127","0.259869036015689",NA,"RUNARMS7C, RUNARMS2A, RUNARMS3A, RUNARMS8A, RUNARMS1B, RUNARMS4B, RUNARMS2C, RUNARMS8C, RUNARMS5C, P50ARMS1A, P50ARMS1B, P50ARMS1C, P50ARMS2A, P50ARMS2B, P50ARMS2C, P50ARMS3A, P50ARMS3B, P50ARMS3C"
"534","0.387013026616417","10.1016966016141","0.001","0.221980608196178","0.267471376058601","0.313927074284517",NA,"RUNARMS1C, RUNARMS1B, RUNARMS7C, RUNARMS9B, RUNARMS3C, RUNARMS4A, RUNARMS9A, RUNARMS6A, RUNARMS5B, P50ARMS1A, P50ARMS1B, P50ARMS1C, P50ARMS2A, P50ARMS2B, P50ARMS2C, P50ARMS3A, P50ARMS3B, P50ARMS3C"
"535","0.453812495479315","13.2939693192744","0.001","0.198852384937667","0.271708830906918","0.120653442141314",NA,"RUNARMS9B, RUNARMS2A, RUNARMS4C, RUNARMS9C, RUNARMS1A, RUNARMS6B, RUNARMS3B, RUNARMS5A, RUNARMS5C, P50ARMS1A, P50ARMS1B, P50ARMS1C, P50ARMS2A, P50ARMS2B, P50ARMS2C, P50ARMS3A, P50ARMS3B, P50ARMS3C"
"536","0.401790583564084","10.746486364803","0.001","0.224391675903159","0.272911101791664","0.285138910540233",NA,"RUNARMS2C, RUNARMS7B, RUNARMS8A, RUNARMS1B, RUNARMS3B, RUNARMS9B, RUNARMS4A, RUNARMS7A, RUNARMS6C, P50ARMS1A, P50ARMS1B, P50ARMS1C, P50ARMS2A, P50ARMS2B, P50ARMS2C, P50ARMS3A, P50ARMS3B, P50ARMS3C"
"537","0.423172562153935","11.7379315723012","0.001","0.225023202850449","0.277949487371962","0.248027932372022",NA,"RUNARMS4A, RUNARMS2B, RUNARMS9B, RUNARMS1C, RUNARMS6A, RUNARMS2A, RUNARMS3A, RUNARMS8A, RUNARMS4B, P50ARMS1A, P50ARMS1B, P50ARMS1C, P50ARMS2A, P50ARMS2B, P50ARMS2C, P50ARMS3A, P50ARMS3B, P50ARMS3C"
"538","0.429162769137777","12.0290057041878","0.001","0.219338310591234","0.276226679563873","0.206646430017579",NA,"RUNARMS4C, RUNARMS2C, RUNARMS8B, RUNARMS1C, RUNARMS7C, RUNARMS1B, RUNARMS9C, RUNARMS9A, RUNARMS4A, P50ARMS1A, P50ARMS1B, P50ARMS1C, P50ARMS2A, P50ARMS2B, P50ARMS2C, P50ARMS3A, P50ARMS3B, P50ARMS3C"
"539","0.422170482071942","11.6898280610027","0.001","0.233010783332589","0.276531394530316","0.324093476867652",NA,"RUNARMS7A, RUNARMS8B, RUNARMS9B, RUNARMS1B, RUNARMS5A, RUNARMS7C, RUNARMS3B, RUNARMS1C, RUNARMS5C, P50ARMS1A, P50ARMS1B, P50ARMS1C, P50ARMS2A, P50ARMS2B, P50ARMS2C, P50ARMS3A, P50ARMS3B, P50ARMS3C"
"540","0.425649752740907","11.8575661390502","0.001","0.203000739923931","0.271634157483975","0.139142953289052",NA,"RUNARMS1B, RUNARMS5C, RUNARMS2B, RUNARMS2C, RUNARMS6A, RUNARMS9B, RUNARMS7B, RUNARMS3B, RUNARMS4B, P50ARMS1A, P50ARMS1B, P50ARMS1C, P50ARMS2A, P50ARMS2B, P50ARMS2C, P50ARMS3A, P50ARMS3B, P50ARMS3C"
"541","0.428267969458987","11.9851383957965","0.001","0.218133358390913","0.266546477255051","0.286147495236754",NA,"RUNARMS9A, RUNARMS3C, RUNARMS7A, RUNARMS7C, RUNARMS5B, RUNARMS5A, RUNARMS1C, RUNARMS8A, RUNARMS2A, P50ARMS1A, P50ARMS1B, P50ARMS1C, P50ARMS2A, P50ARMS2B, P50ARMS2C, P50ARMS3A, P50ARMS3B, P50ARMS3C"
"542","0.432021283898511","12.1700696635629","0.002","0.217209476068299","0.270107194440925","0.233741491677532",NA,"RUNARMS2C, RUNARMS9B, RUNARMS4A, RUNARMS6C, RUNARMS7C, RUNARMS7A, RUNARMS2B, RUNARMS9A, RUNARMS1C, P50ARMS1A, P50ARMS1B, P50ARMS1C, P50ARMS2A, P50ARMS2B, P50ARMS2C, P50ARMS3A, P50ARMS3B, P50ARMS3C"
"543","0.384316653615837","9.98738473919451","0.001","0.235237014014759","0.277563315696842","0.34183068672561",NA,"RUNARMS2C, RUNARMS9B, RUNARMS6C, RUNARMS3A, RUNARMS1B, RUNARMS3C, RUNARMS8C, RUNARMS1C, RUNARMS2A, P50ARMS1A, P50ARMS1B, P50ARMS1C, P50ARMS2A, P50ARMS2B, P50ARMS2C, P50ARMS3A, P50ARMS3B, P50ARMS3C"
"544","0.401933629726779","10.7528836184027","0.001","0.219001314328617","0.263802946737276","0.340072324149668",NA,"RUNARMS8C, RUNARMS5B, RUNARMS7B, RUNARMS5C, RUNARMS2C, RUNARMS8A, RUNARMS9B, RUNARMS1A, RUNARMS3C, P50ARMS1A, P50ARMS1B, P50ARMS1C, P50ARMS2A, P50ARMS2B, P50ARMS2C, P50ARMS3A, P50ARMS3B, P50ARMS3C"
"545","0.419604575607053","11.5674123667238","0.001","0.206910461612371","0.273560156212443","0.145146507718746",NA,"RUNARMS8A, RUNARMS1B, RUNARMS3A, RUNARMS8C, RUNARMS2A, RUNARMS4C, RUNARMS4A, RUNARMS5C, RUNARMS9C, P50ARMS1A, P50ARMS1B, P50ARMS1C, P50ARMS2A, P50ARMS2B, P50ARMS2C, P50ARMS3A, P50ARMS3B, P50ARMS3C"
"546","0.414436670027285","11.3241153962724","0.001","0.221846973949517","0.273794524229374","0.245361139855701",NA,"RUNARMS5B, RUNARMS5C, RUNARMS8B, RUNARMS5A, RUNARMS1B, RUNARMS9C, RUNARMS3A, RUNARMS7A, RUNARMS9A, P50ARMS1A, P50ARMS1B, P50ARMS1C, P50ARMS2A, P50ARMS2B, P50ARMS2C, P50ARMS3A, P50ARMS3B, P50ARMS3C"
"547","0.452675491130237","13.2331144334105","0.001","0.195472803959946","0.274407156030777","0.0724833473017973",NA,"RUNARMS7A, RUNARMS5A, RUNARMS1B, RUNARMS2C, RUNARMS4A, RUNARMS6C, RUNARMS2A, RUNARMS1C, RUNARMS3B, P50ARMS1A, P50ARMS1B, P50ARMS1C, P50ARMS2A, P50ARMS2B, P50ARMS2C, P50ARMS3A, P50ARMS3B, P50ARMS3C"
"548","0.420018116053789","11.5870685669276","0.001","0.207759698066547","0.271936990180795","0.14057989323971",NA,"RUNARMS7A, RUNARMS1B, RUNARMS5C, RUNARMS6B, RUNARMS2C, RUNARMS2B, RUNARMS8C, RUNARMS5B, RUNARMS1C, P50ARMS1A, P50ARMS1B, P50ARMS1C, P50ARMS2A, P50ARMS2B, P50ARMS2C, P50ARMS3A, P50ARMS3B, P50ARMS3C"
"549","0.425922957783061","11.8708236410432","0.001","0.212313214490926","0.276981217636996","0.142760472947358",NA,"RUNARMS2B, RUNARMS7A, RUNARMS9B, RUNARMS1A, RUNARMS8C, RUNARMS5B, RUNARMS5A, RUNARMS4A, RUNARMS2A, P50ARMS1A, P50ARMS1B, P50ARMS1C, P50ARMS2A, P50ARMS2B, P50ARMS2C, P50ARMS3A, P50ARMS3B, P50ARMS3C"
"550","0.430602978963826","12.0999011390745","0.001","0.213402712894651","0.263398013635996","0.298602005893997",NA,"RUNARMS8A, RUNARMS5C, RUNARMS1C, RUNARMS4B, RUNARMS2A, RUNARMS6C, RUNARMS9B, RUNARMS9A, RUNARMS5A, P50ARMS1A, P50ARMS1B, P50ARMS1C, P50ARMS2A, P50ARMS2B, P50ARMS2C, P50ARMS3A, P50ARMS3B, P50ARMS3C"
"551","0.394243609423935","10.4132582815746","0.001","0.225546589136191","0.266583890985304","0.38272955162857",NA,"RUNARMS9B, RUNARMS8A, RUNARMS7A, RUNARMS1A, RUNARMS3A, RUNARMS4A, RUNARMS5B, RUNARMS3C, RUNARMS2C, P50ARMS1A, P50ARMS1B, P50ARMS1C, P50ARMS2A, P50ARMS2B, P50ARMS2C, P50ARMS3A, P50ARMS3B, P50ARMS3C"
"552","0.410931307128947","11.1615181618596","0.001","0.228720950235315","0.27278421785196","0.331744765293775",NA,"RUNARMS1C, RUNARMS1A, RUNARMS4A, RUNARMS8C, RUNARMS8B, RUNARMS6B, RUNARMS2B, RUNARMS8A, RUNARMS7B, P50ARMS1A, P50ARMS1B, P50ARMS1C, P50ARMS2A, P50ARMS2B, P50ARMS2C, P50ARMS3A, P50ARMS3B, P50ARMS3C"
"553","0.437023442274793","12.4203663197815","0.001","0.216350619106621","0.282442544218767","0.125815466259035",NA,"RUNARMS6C, RUNARMS4C, RUNARMS1C, RUNARMS6A, RUNARMS3C, RUNARMS2B, RUNARMS5A, RUNARMS7C, RUNARMS6B, P50ARMS1A, P50ARMS1B, P50ARMS1C, P50ARMS2A, P50ARMS2B, P50ARMS2C, P50ARMS3A, P50ARMS3B, P50ARMS3C"
"554","0.409223057181525","11.0829797853439","0.001","0.225389709517651","0.27560794524845","0.256189473812074",NA,"RUNARMS6C, RUNARMS3C, RUNARMS9A, RUNARMS3A, RUNARMS4B, RUNARMS2A, RUNARMS9B, RUNARMS2C, RUNARMS1A, P50ARMS1A, P50ARMS1B, P50ARMS1C, P50ARMS2A, P50ARMS2B, P50ARMS2C, P50ARMS3A, P50ARMS3B, P50ARMS3C"
"555","0.469118787244235","14.1385688842617","0.001","0.197645134353504","0.272553490377904","0.0978789591526881",NA,"RUNARMS1A, RUNARMS3B, RUNARMS5A, RUNARMS5C, RUNARMS9A, RUNARMS9C, RUNARMS9B, RUNARMS7C, RUNARMS4C, P50ARMS1A, P50ARMS1B, P50ARMS1C, P50ARMS2A, P50ARMS2B, P50ARMS2C, P50ARMS3A, P50ARMS3B, P50ARMS3C"
"556","0.449760487821745","13.078246192572","0.001","0.189969233171908","0.276454278500403","0.0514425194740892",NA,"RUNARMS3A, RUNARMS9A, RUNARMS2A, RUNARMS1B, RUNARMS2B, RUNARMS6C, RUNARMS3B, RUNARMS1A, RUNARMS4C, P50ARMS1A, P50ARMS1B, P50ARMS1C, P50ARMS2A, P50ARMS2B, P50ARMS2C, P50ARMS3A, P50ARMS3B, P50ARMS3C"
"557","0.441352476554932","12.6405995346246","0.001","0.209258945699622","0.278512418503634","0.0932035764661712",NA,"RUNARMS3A, RUNARMS8C, RUNARMS2B, RUNARMS1A, RUNARMS9C, RUNARMS9A, RUNARMS7A, RUNARMS4A, RUNARMS6A, P50ARMS1A, P50ARMS1B, P50ARMS1C, P50ARMS2A, P50ARMS2B, P50ARMS2C, P50ARMS3A, P50ARMS3B, P50ARMS3C"
"558","0.428364881593183","11.989882854981","0.001","0.206325031472086","0.2742514111768","0.131036013288659",NA,"RUNARMS1B, RUNARMS3B, RUNARMS4A, RUNARMS2A, RUNARMS1A, RUNARMS8C, RUNARMS9A, RUNARMS8A, RUNARMS2C, P50ARMS1A, P50ARMS1B, P50ARMS1C, P50ARMS2A, P50ARMS2B, P50ARMS2C, P50ARMS3A, P50ARMS3B, P50ARMS3C"
"559","0.442000439692276","12.6738577198454","0.001","0.217412276116253","0.278300313634982","0.167682332023459",NA,"RUNARMS4C, RUNARMS9C, RUNARMS1C, RUNARMS9A, RUNARMS4A, RUNARMS3C, RUNARMS8A, RUNARMS1A, RUNARMS2C, P50ARMS1A, P50ARMS1B, P50ARMS1C, P50ARMS2A, P50ARMS2B, P50ARMS2C, P50ARMS3A, P50ARMS3B, P50ARMS3C"
"560","0.436724936349996","12.4053050321819","0.001","0.205361492317148","0.274654937371858","0.101775272490962",NA,"RUNARMS6C, RUNARMS2C, RUNARMS6A, RUNARMS6B, RUNARMS1B, RUNARMS9C, RUNARMS1C, RUNARMS9A, RUNARMS4A, P50ARMS1A, P50ARMS1B, P50ARMS1C, P50ARMS2A, P50ARMS2B, P50ARMS2C, P50ARMS3A, P50ARMS3B, P50ARMS3C"
"561","0.399695378274692","10.6531347934906","0.001","0.227365163300447","0.267924853356465","0.373089028560877",NA,"RUNARMS8B, RUNARMS3C, RUNARMS4B, RUNARMS9A, RUNARMS9B, RUNARMS5C, RUNARMS2C, RUNARMS1A, RUNARMS8C, P50ARMS1A, P50ARMS1B, P50ARMS1C, P50ARMS2A, P50ARMS2B, P50ARMS2C, P50ARMS3A, P50ARMS3B, P50ARMS3C"
"562","0.405655895706843","10.9204319255905","0.001","0.230212102805922","0.271694853933352","0.346141166360365",NA,"RUNARMS7A, RUNARMS3A, RUNARMS8B, RUNARMS7C, RUNARMS1A, RUNARMS9A, RUNARMS1B, RUNARMS9C, RUNARMS6B, P50ARMS1A, P50ARMS1B, P50ARMS1C, P50ARMS2A, P50ARMS2B, P50ARMS2C, P50ARMS3A, P50ARMS3B, P50ARMS3C"
"563","0.448612637339573","13.0177125620009","0.001","0.208868393976111","0.27592222524721","0.112074588558461",NA,"RUNARMS7C, RUNARMS1C, RUNARMS2A, RUNARMS1B, RUNARMS9C, RUNARMS3A, RUNARMS5B, RUNARMS5C, RUNARMS2B, P50ARMS1A, P50ARMS1B, P50ARMS1C, P50ARMS2A, P50ARMS2B, P50ARMS2C, P50ARMS3A, P50ARMS3B, P50ARMS3C"
"564","0.437800822292087","12.4596645360316","0.001","0.20332372770326","0.273098740775714","0.118260631597915",NA,"RUNARMS6A, RUNARMS4C, RUNARMS6C, RUNARMS2C, RUNARMS1B, RUNARMS1C, RUNARMS7C, RUNARMS2B, RUNARMS7A, P50ARMS1A, P50ARMS1B, P50ARMS1C, P50ARMS2A, P50ARMS2B, P50ARMS2C, P50ARMS3A, P50ARMS3B, P50ARMS3C"
"565","0.471154252709656","14.25456871305","0.001","0.197147868225665","0.279899923546701","0.0502426139331051",NA,"RUNARMS1C, RUNARMS4A, RUNARMS1A, RUNARMS7A, RUNARMS7B, RUNARMS2C, RUNARMS2A, RUNARMS5B, RUNARMS3B, P50ARMS1A, P50ARMS1B, P50ARMS1C, P50ARMS2A, P50ARMS2B, P50ARMS2C, P50ARMS3A, P50ARMS3B, P50ARMS3C"
"566","0.384580559260773","9.99852871202963","0.001","0.228288187120293","0.279596912975762","0.231327278272349",NA,"RUNARMS2B, RUNARMS7B, RUNARMS6C, RUNARMS4B, RUNARMS1B, RUNARMS3C, RUNARMS9B, RUNARMS8C, RUNARMS1A, P50ARMS1A, P50ARMS1B, P50ARMS1C, P50ARMS2A, P50ARMS2B, P50ARMS2C, P50ARMS3A, P50ARMS3B, P50ARMS3C"
"567","0.423359994789489","11.746947585017","0.001","0.203408793466531","0.270468372018181","0.126063750992937",NA,"RUNARMS3C, RUNARMS6A, RUNARMS1A, RUNARMS6C, RUNARMS9A, RUNARMS8C, RUNARMS2C, RUNARMS4C, RUNARMS5C, P50ARMS1A, P50ARMS1B, P50ARMS1C, P50ARMS2A, P50ARMS2B, P50ARMS2C, P50ARMS3A, P50ARMS3B, P50ARMS3C"
"568","0.454631550012624","13.3379640871605","0.001","0.201823915095577","0.269256306008841","0.125664975311614",NA,"RUNARMS2C, RUNARMS3A, RUNARMS6A, RUNARMS3B, RUNARMS5C, RUNARMS9A, RUNARMS7C, RUNARMS6B, RUNARMS1C, P50ARMS1A, P50ARMS1B, P50ARMS1C, P50ARMS2A, P50ARMS2B, P50ARMS2C, P50ARMS3A, P50ARMS3B, P50ARMS3C"
"569","0.412910529377364","11.2530862851811","0.001","0.22244803431292","0.270316476393849","0.28223286619997",NA,"RUNARMS3C, RUNARMS5B, RUNARMS1C, RUNARMS7A, RUNARMS6A, RUNARMS5C, RUNARMS8C, RUNARMS8A, RUNARMS5A, P50ARMS1A, P50ARMS1B, P50ARMS1C, P50ARMS2A, P50ARMS2B, P50ARMS2C, P50ARMS3A, P50ARMS3B, P50ARMS3C"
"570","0.445060922446679","12.8319937218021","0.001","0.194728892049529","0.277648089015891","0.0597949366006156",NA,"RUNARMS9C, RUNARMS4C, RUNARMS6C, RUNARMS2C, RUNARMS2A, RUNARMS4B, RUNARMS1B, RUNARMS8C, RUNARMS2B, P50ARMS1A, P50ARMS1B, P50ARMS1C, P50ARMS2A, P50ARMS2B, P50ARMS2C, P50ARMS3A, P50ARMS3B, P50ARMS3C"
"571","0.410805611787563","11.1557236798242","0.002","0.230030647349028","0.269864493929488","0.368516449238583",NA,"RUNARMS8C, RUNARMS8B, RUNARMS7C, RUNARMS1A, RUNARMS4A, RUNARMS3A, RUNARMS2A, RUNARMS8A, RUNARMS7A, P50ARMS1A, P50ARMS1B, P50ARMS1C, P50ARMS2A, P50ARMS2B, P50ARMS2C, P50ARMS3A, P50ARMS3B, P50ARMS3C"
"572","0.393614992390575","10.3858766282455","0.001","0.236830667605354","0.269664813276358","0.487156365687069",NA,"RUNARMS3B, RUNARMS2A, RUNARMS6C, RUNARMS1B, RUNARMS7C, RUNARMS9B, RUNARMS1C, RUNARMS8B, RUNARMS5B, P50ARMS1A, P50ARMS1B, P50ARMS1C, P50ARMS2A, P50ARMS2B, P50ARMS2C, P50ARMS3A, P50ARMS3B, P50ARMS3C"
"573","0.442044702306512","12.6761324180303","0.001","0.203920738732369","0.27202477970577","0.164566677256628",NA,"RUNARMS4C, RUNARMS1A, RUNARMS8B, RUNARMS3B, RUNARMS1C, RUNARMS6B, RUNARMS5C, RUNARMS2B, RUNARMS6A, P50ARMS1A, P50ARMS1B, P50ARMS1C, P50ARMS2A, P50ARMS2B, P50ARMS2C, P50ARMS3A, P50ARMS3B, P50ARMS3C"
"574","0.411692825341307","11.1966766498852","0.001","0.226447598481852","0.268662102083278","0.38297135581494",NA,"RUNARMS8A, RUNARMS6B, RUNARMS5C, RUNARMS1A, RUNARMS8B, RUNARMS2C, RUNARMS3B, RUNARMS5B, RUNARMS6C, P50ARMS1A, P50ARMS1B, P50ARMS1C, P50ARMS2A, P50ARMS2B, P50ARMS2C, P50ARMS3A, P50ARMS3B, P50ARMS3C"
"575","0.389784726209852","10.2202548628803","0.001","0.222079794743902","0.266573953708351","0.326477431265512",NA,"RUNARMS6B, RUNARMS4B, RUNARMS3C, RUNARMS7A, RUNARMS1C, RUNARMS8A, RUNARMS1B, RUNARMS8C, RUNARMS5A, P50ARMS1A, P50ARMS1B, P50ARMS1C, P50ARMS2A, P50ARMS2B, P50ARMS2C, P50ARMS3A, P50ARMS3B, P50ARMS3C"
"576","0.416048546253041","11.3995379193511","0.001","0.205410099295132","0.27164882093525","0.158982844951958",NA,"RUNARMS4C, RUNARMS5A, RUNARMS1A, RUNARMS8A, RUNARMS4B, RUNARMS1B, RUNARMS3C, RUNARMS3A, RUNARMS2C, P50ARMS1A, P50ARMS1B, P50ARMS1C, P50ARMS2A, P50ARMS2B, P50ARMS2C, P50ARMS3A, P50ARMS3B, P50ARMS3C"
"577","0.404939117813474","10.8880050411122","0.001","0.206576071897219","0.268265431552901","0.178912186978105",NA,"RUNARMS8A, RUNARMS4B, RUNARMS6B, RUNARMS1B, RUNARMS6C, RUNARMS2A, RUNARMS9A, RUNARMS7B, RUNARMS4A, P50ARMS1A, P50ARMS1B, P50ARMS1C, P50ARMS2A, P50ARMS2B, P50ARMS2C, P50ARMS3A, P50ARMS3B, P50ARMS3C"
"578","0.435445122006489","12.3409117938467","0.001","0.201837508659217","0.273993087496726","0.0986741332516358",NA,"RUNARMS3A, RUNARMS3C, RUNARMS2A, RUNARMS5A, RUNARMS1A, RUNARMS7C, RUNARMS5B, RUNARMS4A, RUNARMS4B, P50ARMS1A, P50ARMS1B, P50ARMS1C, P50ARMS2A, P50ARMS2B, P50ARMS2C, P50ARMS3A, P50ARMS3B, P50ARMS3C"
"579","0.416308300996473","11.4117312740871","0.001","0.210880074818373","0.267593459293426","0.248823422559909",NA,"RUNARMS2A, RUNARMS1A, RUNARMS7A, RUNARMS3A, RUNARMS4C, RUNARMS8B, RUNARMS3C, RUNARMS5C, RUNARMS5A, P50ARMS1A, P50ARMS1B, P50ARMS1C, P50ARMS2A, P50ARMS2B, P50ARMS2C, P50ARMS3A, P50ARMS3B, P50ARMS3C"
"580","0.41893204461539","11.5355057041643","0.001","0.22742875358202","0.278259262271347","0.248639578912582",NA,"RUNARMS3C, RUNARMS9C, RUNARMS6C, RUNARMS2C, RUNARMS4A, RUNARMS8C, RUNARMS9B, RUNARMS3B, RUNARMS1C, P50ARMS1A, P50ARMS1B, P50ARMS1C, P50ARMS2A, P50ARMS2B, P50ARMS2C, P50ARMS3A, P50ARMS3B, P50ARMS3C"
"581","0.459415502932847","13.5975931363278","0.001","0.206816464584022","0.272502120350142","0.150387394263296",NA,"RUNARMS2C, RUNARMS6A, RUNARMS7C, RUNARMS8A, RUNARMS1C, RUNARMS4C, RUNARMS5A, RUNARMS3B, RUNARMS7A, P50ARMS1A, P50ARMS1B, P50ARMS1C, P50ARMS2A, P50ARMS2B, P50ARMS2C, P50ARMS3A, P50ARMS3B, P50ARMS3C"
"582","0.400191576368259","10.6751838914209","0.001","0.214495377723875","0.272114275694232","0.212331801299471",NA,"RUNARMS4A, RUNARMS5A, RUNARMS8C, RUNARMS8B, RUNARMS1B, RUNARMS5C, RUNARMS7B, RUNARMS6C, RUNARMS2A, P50ARMS1A, P50ARMS1B, P50ARMS1C, P50ARMS2A, P50ARMS2B, P50ARMS2C, P50ARMS3A, P50ARMS3B, P50ARMS3C"
"583","0.422699139816282","11.7151847563647","0.001","0.215780485589878","0.272403677863133","0.208103228981375",NA,"RUNARMS4B, RUNARMS5A, RUNARMS1C, RUNARMS9B, RUNARMS7B, RUNARMS8C, RUNARMS2C, RUNARMS3C, RUNARMS2A, P50ARMS1A, P50ARMS1B, P50ARMS1C, P50ARMS2A, P50ARMS2B, P50ARMS2C, P50ARMS3A, P50ARMS3B, P50ARMS3C"
"584","0.420920763790033","11.6300702900675","0.001","0.192868512981212","0.272670585273013","0.0659209980574998",NA,"RUNARMS8C, RUNARMS2C, RUNARMS1B, RUNARMS4A, RUNARMS5B, RUNARMS2B, RUNARMS7B, RUNARMS6C, RUNARMS4B, P50ARMS1A, P50ARMS1B, P50ARMS1C, P50ARMS2A, P50ARMS2B, P50ARMS2C, P50ARMS3A, P50ARMS3B, P50ARMS3C"
"585","0.40827121936728","11.0394148868196","0.001","0.197175900925191","0.269012723930751","0.137801244434741",NA,"RUNARMS2A, RUNARMS1B, RUNARMS9B, RUNARMS6A, RUNARMS3A, RUNARMS5A, RUNARMS4A, RUNARMS4C, RUNARMS7B, P50ARMS1A, P50ARMS1B, P50ARMS1C, P50ARMS2A, P50ARMS2B, P50ARMS2C, P50ARMS3A, P50ARMS3B, P50ARMS3C"
"586","0.448997616161845","13.037986893174","0.001","0.196895910684174","0.274407300619013","0.0919616959941638",NA,"RUNARMS9A, RUNARMS6C, RUNARMS3B, RUNARMS4A, RUNARMS1A, RUNARMS4C, RUNARMS8A, RUNARMS7B, RUNARMS2B, P50ARMS1A, P50ARMS1B, P50ARMS1C, P50ARMS2A, P50ARMS2B, P50ARMS2C, P50ARMS3A, P50ARMS3B, P50ARMS3C"
"587","0.404556322343103","10.870719432207","0.001","0.205050901715957","0.266875621463303","0.191968370868862",NA,"RUNARMS1B, RUNARMS8A, RUNARMS5A, RUNARMS3A, RUNARMS8C, RUNARMS4C, RUNARMS9A, RUNARMS2A, RUNARMS6B, P50ARMS1A, P50ARMS1B, P50ARMS1C, P50ARMS2A, P50ARMS2B, P50ARMS2C, P50ARMS3A, P50ARMS3B, P50ARMS3C"
"588","0.414010482883745","11.3042427085359","0.001","0.204250629351332","0.268247793347382","0.199461173003503",NA,"RUNARMS2A, RUNARMS4C, RUNARMS7B, RUNARMS1B, RUNARMS3A, RUNARMS5A, RUNARMS1C, RUNARMS8B, RUNARMS5B, P50ARMS1A, P50ARMS1B, P50ARMS1C, P50ARMS2A, P50ARMS2B, P50ARMS2C, P50ARMS3A, P50ARMS3B, P50ARMS3C"
"589","0.433593715255984","12.2482741292871","0.001","0.218257553383781","0.273385013164156","0.24884350467731",NA,"RUNARMS8A, RUNARMS5A, RUNARMS4C, RUNARMS4B, RUNARMS7C, RUNARMS2C, RUNARMS1A, RUNARMS2A, RUNARMS9B, P50ARMS1A, P50ARMS1B, P50ARMS1C, P50ARMS2A, P50ARMS2B, P50ARMS2C, P50ARMS3A, P50ARMS3B, P50ARMS3C"
"590","0.411491710716074","11.1873825591619","0.001","0.203148589993417","0.27005305235019","0.139515938934187",NA,"RUNARMS1A, RUNARMS7C, RUNARMS4B, RUNARMS5B, RUNARMS8C, RUNARMS3C, RUNARMS4C, RUNARMS6B, RUNARMS6C, P50ARMS1A, P50ARMS1B, P50ARMS1C, P50ARMS2A, P50ARMS2B, P50ARMS2C, P50ARMS3A, P50ARMS3B, P50ARMS3C"
"591","0.449093775919582","13.0430554250998","0.001","0.199602700965535","0.276913534348274","0.0791577076075208",NA,"RUNARMS1B, RUNARMS6B, RUNARMS1C, RUNARMS2A, RUNARMS6C, RUNARMS2C, RUNARMS6A, RUNARMS7A, RUNARMS3B, P50ARMS1A, P50ARMS1B, P50ARMS1C, P50ARMS2A, P50ARMS2B, P50ARMS2C, P50ARMS3A, P50ARMS3B, P50ARMS3C"
"592","0.455683091804052","13.3946408040666","0.001","0.202420131775568","0.276473267946268","0.0759363460401337",NA,"RUNARMS7B, RUNARMS5B, RUNARMS8C, RUNARMS9C, RUNARMS1A, RUNARMS7A, RUNARMS2A, RUNARMS5C, RUNARMS2B, P50ARMS1A, P50ARMS1B, P50ARMS1C, P50ARMS2A, P50ARMS2B, P50ARMS2C, P50ARMS3A, P50ARMS3B, P50ARMS3C"
"593","0.420362598847257","11.6034637657617","0.001","0.222657812326012","0.276080978360195","0.22914322725817",NA,"RUNARMS4A, RUNARMS1A, RUNARMS7A, RUNARMS3A, RUNARMS5A, RUNARMS7B, RUNARMS8B, RUNARMS6C, RUNARMS2C, P50ARMS1A, P50ARMS1B, P50ARMS1C, P50ARMS2A, P50ARMS2B, P50ARMS2C, P50ARMS3A, P50ARMS3B, P50ARMS3C"
"594","0.43975936407914","12.5591565019217","0.001","0.186360613251652","0.272209175004656","0.0570893160709194",NA,"RUNARMS7C, RUNARMS2A, RUNARMS2B, RUNARMS5B, RUNARMS4C, RUNARMS1B, RUNARMS5A, RUNARMS4B, RUNARMS8C, P50ARMS1A, P50ARMS1B, P50ARMS1C, P50ARMS2A, P50ARMS2B, P50ARMS2C, P50ARMS3A, P50ARMS3B, P50ARMS3C"
"595","0.43126508397613","12.1326142447151","0.001","0.204244994235553","0.273777527955956","0.157183048002749",NA,"RUNARMS8B, RUNARMS5B, RUNARMS1B, RUNARMS5A, RUNARMS2B, RUNARMS5C, RUNARMS2A, RUNARMS2C, RUNARMS1A, P50ARMS1A, P50ARMS1B, P50ARMS1C, P50ARMS2A, P50ARMS2B, P50ARMS2C, P50ARMS3A, P50ARMS3B, P50ARMS3C"
"596","0.386304580870399","10.0715649836407","0.001","0.238542604906021","0.271003599030325","0.483449796252138",NA,"RUNARMS6A, RUNARMS9B, RUNARMS8B, RUNARMS1C, RUNARMS1A, RUNARMS3C, RUNARMS3B, RUNARMS1B, RUNARMS5C, P50ARMS1A, P50ARMS1B, P50ARMS1C, P50ARMS2A, P50ARMS2B, P50ARMS2C, P50ARMS3A, P50ARMS3B, P50ARMS3C"
"597","0.420907163184481","11.6294213687487","0.001","0.204757928845209","0.276282550953164","0.0976869916746074",NA,"RUNARMS5C, RUNARMS9A, RUNARMS3C, RUNARMS7B, RUNARMS4C, RUNARMS9C, RUNARMS1B, RUNARMS3A, RUNARMS5B, P50ARMS1A, P50ARMS1B, P50ARMS1C, P50ARMS2A, P50ARMS2B, P50ARMS2C, P50ARMS3A, P50ARMS3B, P50ARMS3C"
"598","0.393765001939259","10.3924056697184","0.001","0.220484582910181","0.271638113322781","0.264571954512869",NA,"RUNARMS7C, RUNARMS2A, RUNARMS1B, RUNARMS4A, RUNARMS8A, RUNARMS3C, RUNARMS5C, RUNARMS6B, RUNARMS4B, P50ARMS1A, P50ARMS1B, P50ARMS1C, P50ARMS2A, P50ARMS2B, P50ARMS2C, P50ARMS3A, P50ARMS3B, P50ARMS3C"
"599","0.419370094856423","11.5562795823332","0.001","0.222742051678541","0.282030987431232","0.181110422126193",NA,"RUNARMS8A, RUNARMS6C, RUNARMS6A, RUNARMS1A, RUNARMS4A, RUNARMS2C, RUNARMS3C, RUNARMS2A, RUNARMS5B, P50ARMS1A, P50ARMS1B, P50ARMS1C, P50ARMS2A, P50ARMS2B, P50ARMS2C, P50ARMS3A, P50ARMS3B, P50ARMS3C"
"600","0.426764354446957","11.9117325032424","0.001","0.200390152104155","0.279516107327669","0.0561249312711786",NA,"RUNARMS8C, RUNARMS9A, RUNARMS1B, RUNARMS2A, RUNARMS7B, RUNARMS5B, RUNARMS2C, RUNARMS4A, RUNARMS4B, P50ARMS1A, P50ARMS1B, P50ARMS1C, P50ARMS2A, P50ARMS2B, P50ARMS2C, P50ARMS3A, P50ARMS3B, P50ARMS3C"
"601","0.432323461397556","12.1850647542881","0.001","0.20934657218506","0.277111583768633","0.106240835997369",NA,"RUNARMS5C, RUNARMS1A, RUNARMS9A, RUNARMS4B, RUNARMS2B, RUNARMS6A, RUNARMS7B, RUNARMS3C, RUNARMS6C, P50ARMS1A, P50ARMS1B, P50ARMS1C, P50ARMS2A, P50ARMS2B, P50ARMS2C, P50ARMS3A, P50ARMS3B, P50ARMS3C"
"602","0.413441029283819","11.2777347185811","0.001","0.228750429478603","0.278794425237827","0.2340198400032",NA,"RUNARMS2A, RUNARMS8C, RUNARMS7A, RUNARMS1B, RUNARMS2B, RUNARMS7C, RUNARMS6A, RUNARMS9C, RUNARMS9B, P50ARMS1A, P50ARMS1B, P50ARMS1C, P50ARMS2A, P50ARMS2B, P50ARMS2C, P50ARMS3A, P50ARMS3B, P50ARMS3C"
"603","0.399473228243189","10.6432751252584","0.001","0.219698185091189","0.270802812166051","0.276082291360399",NA,"RUNARMS1B, RUNARMS7C, RUNARMS4A, RUNARMS6C, RUNARMS2A, RUNARMS8B, RUNARMS3B, RUNARMS5B, RUNARMS9A, P50ARMS1A, P50ARMS1B, P50ARMS1C, P50ARMS2A, P50ARMS2B, P50ARMS2C, P50ARMS3A, P50ARMS3B, P50ARMS3C"
"604","0.413017645732278","11.2580596054893","0.001","0.211027567555204","0.26870407975745","0.21376550003336",NA,"RUNARMS9B, RUNARMS1C, RUNARMS5B, RUNARMS5A, RUNARMS3A, RUNARMS1B, RUNARMS3B, RUNARMS5C, RUNARMS6B, P50ARMS1A, P50ARMS1B, P50ARMS1C, P50ARMS2A, P50ARMS2B, P50ARMS2C, P50ARMS3A, P50ARMS3B, P50ARMS3C"
"605","0.383694921398667","9.96116851139867","0.001","0.235936885379474","0.275157243332246","0.380002575318808",NA,"RUNARMS6C, RUNARMS3A, RUNARMS6B, RUNARMS1B, RUNARMS8C, RUNARMS2B, RUNARMS1C, RUNARMS7A, RUNARMS8B, P50ARMS1A, P50ARMS1B, P50ARMS1C, P50ARMS2A, P50ARMS2B, P50ARMS2C, P50ARMS3A, P50ARMS3B, P50ARMS3C"
"606","0.430951028951292","12.117088008284","0.001","0.191789455506908","0.271553995879541","0.0749415936004524",NA,"RUNARMS1B, RUNARMS7A, RUNARMS8C, RUNARMS5A, RUNARMS5C, RUNARMS2C, RUNARMS6A, RUNARMS4B, RUNARMS4C, P50ARMS1A, P50ARMS1B, P50ARMS1C, P50ARMS2A, P50ARMS2B, P50ARMS2C, P50ARMS3A, P50ARMS3B, P50ARMS3C"
"607","0.377319621669279","9.69536564311329","0.001","0.244562984141781","0.270578739596161","0.573786366222582",NA,"RUNARMS6B, RUNARMS2C, RUNARMS8B, RUNARMS1B, RUNARMS9B, RUNARMS5A, RUNARMS5B, RUNARMS9A, RUNARMS8A, P50ARMS1A, P50ARMS1B, P50ARMS1C, P50ARMS2A, P50ARMS2B, P50ARMS2C, P50ARMS3A, P50ARMS3B, P50ARMS3C"
"608","0.432865351720267","12.2119952440433","0.001","0.197217201899581","0.26844911929047","0.10854690021506",NA,"RUNARMS4B, RUNARMS1C, RUNARMS1B, RUNARMS1A, RUNARMS3C, RUNARMS6C, RUNARMS7B, RUNARMS5A, RUNARMS3B, P50ARMS1A, P50ARMS1B, P50ARMS1C, P50ARMS2A, P50ARMS2B, P50ARMS2C, P50ARMS3A, P50ARMS3B, P50ARMS3C"
"609","0.400002643822594","10.6667841704108","0.001","0.214716479245206","0.269122309081395","0.209301457612447",NA,"RUNARMS8C, RUNARMS7B, RUNARMS1C, RUNARMS5B, RUNARMS6C, RUNARMS1B, RUNARMS7C, RUNARMS3C, RUNARMS9A, P50ARMS1A, P50ARMS1B, P50ARMS1C, P50ARMS2A, P50ARMS2B, P50ARMS2C, P50ARMS3A, P50ARMS3B, P50ARMS3C"
"610","0.410816337644659","11.1562180391049","0.001","0.218438864725689","0.284358719987408","0.123620845395901",NA,"RUNARMS3A, RUNARMS2C, RUNARMS7C, RUNARMS1B, RUNARMS3C, RUNARMS6C, RUNARMS4A, RUNARMS2A, RUNARMS4C, P50ARMS1A, P50ARMS1B, P50ARMS1C, P50ARMS2A, P50ARMS2B, P50ARMS2C, P50ARMS3A, P50ARMS3B, P50ARMS3C"
"611","0.450995063972462","13.1436359675962","0.001","0.192816732449565","0.275964183319289","0.0563710102975592",NA,"RUNARMS1A, RUNARMS9A, RUNARMS4A, RUNARMS5A, RUNARMS7B, RUNARMS3A, RUNARMS4C, RUNARMS7C, RUNARMS8C, P50ARMS1A, P50ARMS1B, P50ARMS1C, P50ARMS2A, P50ARMS2B, P50ARMS2C, P50ARMS3A, P50ARMS3B, P50ARMS3C"
"612","0.398809222425616","10.6138480443013","0.001","0.211746508035449","0.269745597401459","0.241552310159315",NA,"RUNARMS4C, RUNARMS4B, RUNARMS8A, RUNARMS9B, RUNARMS6B, RUNARMS2A, RUNARMS3B, RUNARMS5B, RUNARMS1B, P50ARMS1A, P50ARMS1B, P50ARMS1C, P50ARMS2A, P50ARMS2B, P50ARMS2C, P50ARMS3A, P50ARMS3B, P50ARMS3C"
"613","0.452765269944038","13.2379103905993","0.001","0.215592960038947","0.280048558273963","0.123101518188933",NA,"RUNARMS3A, RUNARMS2A, RUNARMS9C, RUNARMS9A, RUNARMS2C, RUNARMS6A, RUNARMS3C, RUNARMS1C, RUNARMS1A, P50ARMS1A, P50ARMS1B, P50ARMS1C, P50ARMS2A, P50ARMS2B, P50ARMS2C, P50ARMS3A, P50ARMS3B, P50ARMS3C"
"614","0.378982119525864","9.76415350196403","0.001","0.241024992703607","0.282626532320071","0.34227665453902",NA,"RUNARMS3C, RUNARMS6C, RUNARMS2C, RUNARMS1B, RUNARMS7C, RUNARMS2B, RUNARMS8C, RUNARMS4A, RUNARMS8B, P50ARMS1A, P50ARMS1B, P50ARMS1C, P50ARMS2A, P50ARMS2B, P50ARMS2C, P50ARMS3A, P50ARMS3B, P50ARMS3C"
"615","0.424171650083289","11.7860581235958","0.001","0.210984333742512","0.276314337009404","0.134052394879697",NA,"RUNARMS9C, RUNARMS4B, RUNARMS9A, RUNARMS5B, RUNARMS5A, RUNARMS3B, RUNARMS8C, RUNARMS9B, RUNARMS1B, P50ARMS1A, P50ARMS1B, P50ARMS1C, P50ARMS2A, P50ARMS2B, P50ARMS2C, P50ARMS3A, P50ARMS3B, P50ARMS3C"
"616","0.465748385964515","13.9484354930508","0.001","0.196165156460929","0.275182737738991","0.0675964865772352",NA,"RUNARMS9C, RUNARMS3A, RUNARMS1C, RUNARMS6A, RUNARMS3B, RUNARMS4C, RUNARMS9A, RUNARMS5B, RUNARMS5C, P50ARMS1A, P50ARMS1B, P50ARMS1C, P50ARMS2A, P50ARMS2B, P50ARMS2C, P50ARMS3A, P50ARMS3B, P50ARMS3C"
"617","0.39962039174438","10.6498058561439","0.001","0.220199890147836","0.269178852370626","0.292961974364993",NA,"RUNARMS8B, RUNARMS3C, RUNARMS9A, RUNARMS3B, RUNARMS1B, RUNARMS5A, RUNARMS3A, RUNARMS1A, RUNARMS7A, P50ARMS1A, P50ARMS1B, P50ARMS1C, P50ARMS2A, P50ARMS2B, P50ARMS2C, P50ARMS3A, P50ARMS3B, P50ARMS3C"
"618","0.409507108125811","11.0960077931115","0.001","0.241992801597074","0.27728000997484","0.421609980880313",NA,"RUNARMS1A, RUNARMS8A, RUNARMS9C, RUNARMS8B, RUNARMS4A, RUNARMS2A, RUNARMS9B, RUNARMS3A, RUNARMS5B, P50ARMS1A, P50ARMS1B, P50ARMS1C, P50ARMS2A, P50ARMS2B, P50ARMS2C, P50ARMS3A, P50ARMS3B, P50ARMS3C"
"619","0.417241801371092","11.4556411864204","0.001","0.2080164783723","0.269144787116277","0.213881539290044",NA,"RUNARMS1A, RUNARMS8B, RUNARMS6B, RUNARMS4C, RUNARMS2B, RUNARMS7A, RUNARMS3A, RUNARMS5B, RUNARMS5A, P50ARMS1A, P50ARMS1B, P50ARMS1C, P50ARMS2A, P50ARMS2B, P50ARMS2C, P50ARMS3A, P50ARMS3B, P50ARMS3C"
"620","0.381133046799847","9.85369911459032","0.001","0.236422380088661","0.28412930053105","0.296742729793217",NA,"RUNARMS6A, RUNARMS6C, RUNARMS2C, RUNARMS3C, RUNARMS1B, RUNARMS8B, RUNARMS2A, RUNARMS4A, RUNARMS3A, P50ARMS1A, P50ARMS1B, P50ARMS1C, P50ARMS2A, P50ARMS2B, P50ARMS2C, P50ARMS3A, P50ARMS3B, P50ARMS3C"
"621","0.412817312401524","11.2487597777083","0.001","0.235800733049197","0.279528642473079","0.330841579619019",NA,"RUNARMS1A, RUNARMS2B, RUNARMS8A, RUNARMS9C, RUNARMS1C, RUNARMS1B, RUNARMS8C, RUNARMS8B, RUNARMS5B, P50ARMS1A, P50ARMS1B, P50ARMS1C, P50ARMS2A, P50ARMS2B, P50ARMS2C, P50ARMS3A, P50ARMS3B, P50ARMS3C"
"622","0.448513735345554","13.012508607128","0.001","0.207362775055305","0.276182833743188","0.104434385771468",NA,"RUNARMS1C, RUNARMS9A, RUNARMS3A, RUNARMS8C, RUNARMS5C, RUNARMS6A, RUNARMS4C, RUNARMS7A, RUNARMS9C, P50ARMS1A, P50ARMS1B, P50ARMS1C, P50ARMS2A, P50ARMS2B, P50ARMS2C, P50ARMS3A, P50ARMS3B, P50ARMS3C"
"623","0.381853390771256","9.88382717162043","0.001","0.241018858954914","0.281481179122786","0.403230054202021",NA,"RUNARMS2C, RUNARMS8B, RUNARMS1B, RUNARMS3C, RUNARMS2B, RUNARMS6C, RUNARMS8A, RUNARMS2A, RUNARMS4A, P50ARMS1A, P50ARMS1B, P50ARMS1C, P50ARMS2A, P50ARMS2B, P50ARMS2C, P50ARMS3A, P50ARMS3B, P50ARMS3C"
"624","0.397413687774072","10.5522128122969","0.001","0.219873957887495","0.270437560155229","0.255090257434333",NA,"RUNARMS4B, RUNARMS8C, RUNARMS2A, RUNARMS7C, RUNARMS1A, RUNARMS6C, RUNARMS1B, RUNARMS9B, RUNARMS7B, P50ARMS1A, P50ARMS1B, P50ARMS1C, P50ARMS2A, P50ARMS2B, P50ARMS2C, P50ARMS3A, P50ARMS3B, P50ARMS3C"
"625","0.388923606932769","10.1833056906187","0.001","0.230305152171947","0.273954424460298","0.318305655741733",NA,"RUNARMS4B, RUNARMS2C, RUNARMS5C, RUNARMS6C, RUNARMS7C, RUNARMS3C, RUNARMS9B, RUNARMS1B, RUNARMS7B, P50ARMS1A, P50ARMS1B, P50ARMS1C, P50ARMS2A, P50ARMS2B, P50ARMS2C, P50ARMS3A, P50ARMS3B, P50ARMS3C"
"626","0.418315415764663","11.5063160235423","0.001","0.226328787302023","0.273356016419708","0.294390537664194",NA,"RUNARMS6B, RUNARMS9B, RUNARMS5B, RUNARMS7C, RUNARMS2A, RUNARMS1C, RUNARMS3A, RUNARMS7A, RUNARMS2B, P50ARMS1A, P50ARMS1B, P50ARMS1C, P50ARMS2A, P50ARMS2B, P50ARMS2C, P50ARMS3A, P50ARMS3B, P50ARMS3C"
"627","0.42779649470967","11.9620796658381","0.001","0.223893473241743","0.283415917796505","0.188887066696301",NA,"RUNARMS9B, RUNARMS3A, RUNARMS2B, RUNARMS4B, RUNARMS1C, RUNARMS3B, RUNARMS2A, RUNARMS3C, RUNARMS6A, P50ARMS1A, P50ARMS1B, P50ARMS1C, P50ARMS2A, P50ARMS2B, P50ARMS2C, P50ARMS3A, P50ARMS3B, P50ARMS3C"
"628","0.371339037043018","9.45092019829271","0.001","0.255464207460425","0.275533730990334","0.64800903810962",NA,"RUNARMS5C, RUNARMS8A, RUNARMS3C, RUNARMS6A, RUNARMS8B, RUNARMS2C, RUNARMS1A, RUNARMS9B, RUNARMS1B, P50ARMS1A, P50ARMS1B, P50ARMS1C, P50ARMS2A, P50ARMS2B, P50ARMS2C, P50ARMS3A, P50ARMS3B, P50ARMS3C"
"629","0.43802814014784","12.4711764824117","0.001","0.21134379019538","0.272384918962861","0.152817025864022",NA,"RUNARMS7C, RUNARMS3A, RUNARMS4A, RUNARMS8C, RUNARMS1C, RUNARMS6C, RUNARMS9C, RUNARMS2A, RUNARMS4B, P50ARMS1A, P50ARMS1B, P50ARMS1C, P50ARMS2A, P50ARMS2B, P50ARMS2C, P50ARMS3A, P50ARMS3B, P50ARMS3C"
"630","0.385604394736423","10.0418529412103","0.001","0.247183033158147","0.278608685481764","0.468233150824045",NA,"RUNARMS8A, RUNARMS9A, RUNARMS9B, RUNARMS3A, RUNARMS1B, RUNARMS8B, RUNARMS7B, RUNARMS6A, RUNARMS7A, P50ARMS1A, P50ARMS1B, P50ARMS1C, P50ARMS2A, P50ARMS2B, P50ARMS2C, P50ARMS3A, P50ARMS3B, P50ARMS3C"
"631","0.400122400911966","10.6721078172015","0.001","0.207308860494964","0.271116440594803","0.136789073636391",NA,"RUNARMS8C, RUNARMS1A, RUNARMS7A, RUNARMS3A, RUNARMS6C, RUNARMS7B, RUNARMS4A, RUNARMS1B, RUNARMS6A, P50ARMS1A, P50ARMS1B, P50ARMS1C, P50ARMS2A, P50ARMS2B, P50ARMS2C, P50ARMS3A, P50ARMS3B, P50ARMS3C"
"632","0.434764453779264","12.3067830871197","0.001","0.221909334533485","0.275653855965712","0.207746865306339",NA,"RUNARMS7A, RUNARMS3C, RUNARMS6C, RUNARMS1C, RUNARMS3A, RUNARMS5A, RUNARMS2A, RUNARMS7C, RUNARMS2C, P50ARMS1A, P50ARMS1B, P50ARMS1C, P50ARMS2A, P50ARMS2B, P50ARMS2C, P50ARMS3A, P50ARMS3B, P50ARMS3C"
"633","0.426406729110998","11.8943300279689","0.001","0.212344828623024","0.268641433816038","0.242122716638149",NA,"RUNARMS1C, RUNARMS9A, RUNARMS6A, RUNARMS6B, RUNARMS5B, RUNARMS5A, RUNARMS5C, RUNARMS2A, RUNARMS8B, P50ARMS1A, P50ARMS1B, P50ARMS1C, P50ARMS2A, P50ARMS2B, P50ARMS2C, P50ARMS3A, P50ARMS3B, P50ARMS3C"
"634","0.450397687670385","13.1119590312136","0.001","0.207428666242024","0.272059112578708","0.13104455453796",NA,"RUNARMS7C, RUNARMS3A, RUNARMS1B, RUNARMS9A, RUNARMS5C, RUNARMS9C, RUNARMS7A, RUNARMS3B, RUNARMS1C, P50ARMS1A, P50ARMS1B, P50ARMS1C, P50ARMS2A, P50ARMS2B, P50ARMS2C, P50ARMS3A, P50ARMS3B, P50ARMS3C"
"635","0.41526131809543","11.362650180566","0.001","0.205073538781071","0.263482302854169","0.224210260908568",NA,"RUNARMS1C, RUNARMS2B, RUNARMS5C, RUNARMS7B, RUNARMS9B, RUNARMS1B, RUNARMS1A, RUNARMS3C, RUNARMS3B, P50ARMS1A, P50ARMS1B, P50ARMS1C, P50ARMS2A, P50ARMS2B, P50ARMS2C, P50ARMS3A, P50ARMS3B, P50ARMS3C"
"636","0.43301567869018","12.2194752105976","0.001","0.199815077569966","0.270520124055583","0.127535001852251",NA,"RUNARMS5C, RUNARMS3A, RUNARMS1B, RUNARMS5B, RUNARMS5A, RUNARMS7B, RUNARMS9C, RUNARMS4C, RUNARMS8A, P50ARMS1A, P50ARMS1B, P50ARMS1C, P50ARMS2A, P50ARMS2B, P50ARMS2C, P50ARMS3A, P50ARMS3B, P50ARMS3C"
"637","0.406791921526414","10.9719860207744","0.001","0.220278038402496","0.269827092478756","0.272507579327449",NA,"RUNARMS2A, RUNARMS9B, RUNARMS6B, RUNARMS1A, RUNARMS6C, RUNARMS7C, RUNARMS7A, RUNARMS5B, RUNARMS4A, P50ARMS1A, P50ARMS1B, P50ARMS1C, P50ARMS2A, P50ARMS2B, P50ARMS2C, P50ARMS3A, P50ARMS3B, P50ARMS3C"
"638","0.432396889927341","12.1887109426723","0.001","0.20854208084767","0.267900065773018","0.190313669887908",NA,"RUNARMS7B, RUNARMS4A, RUNARMS1C, RUNARMS5A, RUNARMS7A, RUNARMS5B, RUNARMS2C, RUNARMS6B, RUNARMS8A, P50ARMS1A, P50ARMS1B, P50ARMS1C, P50ARMS2A, P50ARMS2B, P50ARMS2C, P50ARMS3A, P50ARMS3B, P50ARMS3C"
"639","0.444607949121516","12.8084785777762","0.001","0.215727860985363","0.276540171378144","0.152372142516021",NA,"RUNARMS3B, RUNARMS4A, RUNARMS9C, RUNARMS3C, RUNARMS1C, RUNARMS9A, RUNARMS7A, RUNARMS3A, RUNARMS7C, P50ARMS1A, P50ARMS1B, P50ARMS1C, P50ARMS2A, P50ARMS2B, P50ARMS2C, P50ARMS3A, P50ARMS3B, P50ARMS3C"
"640","0.411531858307926","11.1892373884401","0.001","0.216545608923973","0.274279224390564","0.214882287076461",NA,"RUNARMS8C, RUNARMS9B, RUNARMS6A, RUNARMS4A, RUNARMS3A, RUNARMS1A, RUNARMS2B, RUNARMS4C, RUNARMS8A, P50ARMS1A, P50ARMS1B, P50ARMS1C, P50ARMS2A, P50ARMS2B, P50ARMS2C, P50ARMS3A, P50ARMS3B, P50ARMS3C"
"641","0.44367604174752","12.7602210234825","0.001","0.199025882080756","0.270431864685097","0.135158192033785",NA,"RUNARMS1A, RUNARMS9A, RUNARMS8B, RUNARMS5B, RUNARMS4C, RUNARMS8C, RUNARMS2B, RUNARMS9C, RUNARMS3B, P50ARMS1A, P50ARMS1B, P50ARMS1C, P50ARMS2A, P50ARMS2B, P50ARMS2C, P50ARMS3A, P50ARMS3B, P50ARMS3C"
"642","0.454980133765396","13.3567280593636","0.001","0.191417964735806","0.274386292317893","0.0603784627763444",NA,"RUNARMS9C, RUNARMS6B, RUNARMS1A, RUNARMS2B, RUNARMS9A, RUNARMS5B, RUNARMS2A, RUNARMS2C, RUNARMS1B, P50ARMS1A, P50ARMS1B, P50ARMS1C, P50ARMS2A, P50ARMS2B, P50ARMS2C, P50ARMS3A, P50ARMS3B, P50ARMS3C"
"643","0.419602354424577","11.567306866204","0.001","0.233420298571026","0.270739155195748","0.409528786746624",NA,"RUNARMS8A, RUNARMS1A, RUNARMS1C, RUNARMS8C, RUNARMS6B, RUNARMS7C, RUNARMS3B, RUNARMS8B, RUNARMS9A, P50ARMS1A, P50ARMS1B, P50ARMS1C, P50ARMS2A, P50ARMS2B, P50ARMS2C, P50ARMS3A, P50ARMS3B, P50ARMS3C"
"644","0.417993788400116","11.4911155260996","0.001","0.193273929339661","0.265189587371291","0.133402217494861",NA,"RUNARMS3C, RUNARMS1B, RUNARMS8A, RUNARMS5A, RUNARMS1A, RUNARMS4B, RUNARMS3B, RUNARMS5B, RUNARMS4A, P50ARMS1A, P50ARMS1B, P50ARMS1C, P50ARMS2A, P50ARMS2B, P50ARMS2C, P50ARMS3A, P50ARMS3B, P50ARMS3C"
"645","0.408545909922541","11.0519728723232","0.001","0.215398985792962","0.272267060480958","0.246527068360185",NA,"RUNARMS5B, RUNARMS2B, RUNARMS8B, RUNARMS3A, RUNARMS9C, RUNARMS3C, RUNARMS1A, RUNARMS1B, RUNARMS2C, P50ARMS1A, P50ARMS1B, P50ARMS1C, P50ARMS2A, P50ARMS2B, P50ARMS2C, P50ARMS3A, P50ARMS3B, P50ARMS3C"
"646","0.444808403704219","12.8188800168292","0.001","0.204311405560845","0.276922878583326","0.0925831285064386",NA,"RUNARMS1A, RUNARMS3B, RUNARMS4A, RUNARMS2C, RUNARMS6A, RUNARMS7A, RUNARMS2A, RUNARMS5C, RUNARMS3C, P50ARMS1A, P50ARMS1B, P50ARMS1C, P50ARMS2A, P50ARMS2B, P50ARMS2C, P50ARMS3A, P50ARMS3B, P50ARMS3C"
"647","0.421573499305503","11.6612499268089","0.001","0.207456981396564","0.268764140329228","0.196111938154237",NA,"RUNARMS2B, RUNARMS5A, RUNARMS9A, RUNARMS1A, RUNARMS6B, RUNARMS8B, RUNARMS8C, RUNARMS7A, RUNARMS4C, P50ARMS1A, P50ARMS1B, P50ARMS1C, P50ARMS2A, P50ARMS2B, P50ARMS2C, P50ARMS3A, P50ARMS3B, P50ARMS3C"
"648","0.440322415101445","12.5878877977579","0.001","0.206711628591906","0.271649165412312","0.172942632447247",NA,"RUNARMS9B, RUNARMS7A, RUNARMS6C, RUNARMS6B, RUNARMS3B, RUNARMS4B, RUNARMS1C, RUNARMS2B, RUNARMS2C, P50ARMS1A, P50ARMS1B, P50ARMS1C, P50ARMS2A, P50ARMS2B, P50ARMS2C, P50ARMS3A, P50ARMS3B, P50ARMS3C"
"649","0.425967277089103","11.8729754618598","0.001","0.220116416748764","0.269941412467151","0.308810033871065",NA,"RUNARMS8A, RUNARMS1B, RUNARMS3B, RUNARMS5C, RUNARMS1A, RUNARMS1C, RUNARMS2A, RUNARMS5A, RUNARMS8B, P50ARMS1A, P50ARMS1B, P50ARMS1C, P50ARMS2A, P50ARMS2B, P50ARMS2C, P50ARMS3A, P50ARMS3B, P50ARMS3C"
"650","0.431811320969268","12.1596599694564","0.001","0.196308391141254","0.271130894646305","0.0821874498551136",NA,"RUNARMS5C, RUNARMS7B, RUNARMS7A, RUNARMS2B, RUNARMS4B, RUNARMS8C, RUNARMS2C, RUNARMS1B, RUNARMS9A, P50ARMS1A, P50ARMS1B, P50ARMS1C, P50ARMS2A, P50ARMS2B, P50ARMS2C, P50ARMS3A, P50ARMS3B, P50ARMS3C"
"651","0.405890465272547","10.9310607972989","0.001","0.214611480689455","0.270976503493491","0.216725316504114",NA,"RUNARMS2A, RUNARMS7B, RUNARMS8A, RUNARMS3C, RUNARMS3B, RUNARMS5B, RUNARMS6C, RUNARMS1B, RUNARMS5A, P50ARMS1A, P50ARMS1B, P50ARMS1C, P50ARMS2A, P50ARMS2B, P50ARMS2C, P50ARMS3A, P50ARMS3B, P50ARMS3C"
"652","0.442357881882364","12.6922373331649","0.002","0.210355911764927","0.271345092964723","0.195367895605638",NA,"RUNARMS8A, RUNARMS6B, RUNARMS2C, RUNARMS1C, RUNARMS2B, RUNARMS7C, RUNARMS4B, RUNARMS8C, RUNARMS3B, P50ARMS1A, P50ARMS1B, P50ARMS1C, P50ARMS2A, P50ARMS2B, P50ARMS2C, P50ARMS3A, P50ARMS3B, P50ARMS3C"
"653","0.47037879101152","14.2102705262848","0.001","0.194008205701165","0.279069308197209","0.0474416029147044",NA,"RUNARMS2A, RUNARMS4C, RUNARMS5A, RUNARMS8C, RUNARMS5C, RUNARMS6A, RUNARMS1A, RUNARMS9C, RUNARMS2B, P50ARMS1A, P50ARMS1B, P50ARMS1C, P50ARMS2A, P50ARMS2B, P50ARMS2C, P50ARMS3A, P50ARMS3B, P50ARMS3C"
"654","0.426554816783745","11.9015335175745","0.001","0.220376365039701","0.27240654716917","0.251825290094135",NA,"RUNARMS6B, RUNARMS6C, RUNARMS4C, RUNARMS2C, RUNARMS7C, RUNARMS8C, RUNARMS1C, RUNARMS5A, RUNARMS8A, P50ARMS1A, P50ARMS1B, P50ARMS1C, P50ARMS2A, P50ARMS2B, P50ARMS2C, P50ARMS3A, P50ARMS3B, P50ARMS3C"
"655","0.420861473970423","11.6272416371465","0.001","0.210724617486961","0.271971168404014","0.18840003659761",NA,"RUNARMS3B, RUNARMS1B, RUNARMS8B, RUNARMS5C, RUNARMS7B, RUNARMS2A, RUNARMS1A, RUNARMS8C, RUNARMS2C, P50ARMS1A, P50ARMS1B, P50ARMS1C, P50ARMS2A, P50ARMS2B, P50ARMS2C, P50ARMS3A, P50ARMS3B, P50ARMS3C"
"656","0.427022835677511","11.9243240329116","0.001","0.207172047313537","0.269026854263968","0.166404637284159",NA,"RUNARMS8C, RUNARMS5C, RUNARMS8A, RUNARMS1A, RUNARMS9A, RUNARMS7C, RUNARMS7B, RUNARMS1B, RUNARMS2B, P50ARMS1A, P50ARMS1B, P50ARMS1C, P50ARMS2A, P50ARMS2B, P50ARMS2C, P50ARMS3A, P50ARMS3B, P50ARMS3C"
"657","0.402372983154003","10.7725513555942","0.001","0.225564207603984","0.276768417505301","0.228294617108795",NA,"RUNARMS9A, RUNARMS9B, RUNARMS5B, RUNARMS7A, RUNARMS8C, RUNARMS2A, RUNARMS1B, RUNARMS2B, RUNARMS7C, P50ARMS1A, P50ARMS1B, P50ARMS1C, P50ARMS2A, P50ARMS2B, P50ARMS2C, P50ARMS3A, P50ARMS3B, P50ARMS3C"
"658","0.440555114989261","12.5997788677483","0.001","0.204592195361641","0.26935905066646","0.1537927713843",NA,"RUNARMS1C, RUNARMS5B, RUNARMS4A, RUNARMS6C, RUNARMS3B, RUNARMS7B, RUNARMS9A, RUNARMS1A, RUNARMS8A, P50ARMS1A, P50ARMS1B, P50ARMS1C, P50ARMS2A, P50ARMS2B, P50ARMS2C, P50ARMS3A, P50ARMS3B, P50ARMS3C"
"659","0.38851283021721","10.1657166178702","0.001","0.213871098923192","0.272129737510023","0.196991365046959",NA,"RUNARMS3C, RUNARMS4C, RUNARMS7A, RUNARMS1B, RUNARMS4A, RUNARMS8A, RUNARMS8C, RUNARMS6A, RUNARMS9A, P50ARMS1A, P50ARMS1B, P50ARMS1C, P50ARMS2A, P50ARMS2B, P50ARMS2C, P50ARMS3A, P50ARMS3B, P50ARMS3C"
"660","0.402919063837409","10.7970371032631","0.001","0.23934105073817","0.269253067063606","0.517257924984362",NA,"RUNARMS7C, RUNARMS8B, RUNARMS4B, RUNARMS1C, RUNARMS3B, RUNARMS3C, RUNARMS6C, RUNARMS9B, RUNARMS2C, P50ARMS1A, P50ARMS1B, P50ARMS1C, P50ARMS2A, P50ARMS2B, P50ARMS2C, P50ARMS3A, P50ARMS3B, P50ARMS3C"
"661","0.406886755733719","10.9762986321323","0.001","0.239317492645171","0.279282423729093","0.355939487827423",NA,"RUNARMS9C, RUNARMS1B, RUNARMS9B, RUNARMS2C, RUNARMS8A, RUNARMS5C, RUNARMS6A, RUNARMS3A, RUNARMS2A, P50ARMS1A, P50ARMS1B, P50ARMS1C, P50ARMS2A, P50ARMS2B, P50ARMS2C, P50ARMS3A, P50ARMS3B, P50ARMS3C"
"662","0.404409942237883","10.8641153281147","0.001","0.213949004768275","0.269533140317552","0.229068452792665",NA,"RUNARMS6A, RUNARMS6C, RUNARMS3B, RUNARMS5A, RUNARMS1B, RUNARMS1A, RUNARMS9B, RUNARMS7A, RUNARMS5B, P50ARMS1A, P50ARMS1B, P50ARMS1C, P50ARMS2A, P50ARMS2B, P50ARMS2C, P50ARMS3A, P50ARMS3B, P50ARMS3C"
"663","0.429756912433978","12.0582094704437","0.001","0.225236717037606","0.279788471007276","0.213761642293781",NA,"RUNARMS3C, RUNARMS1A, RUNARMS9C, RUNARMS2B, RUNARMS8A, RUNARMS6C, RUNARMS4A, RUNARMS5C, RUNARMS2C, P50ARMS1A, P50ARMS1B, P50ARMS1C, P50ARMS2A, P50ARMS2B, P50ARMS2C, P50ARMS3A, P50ARMS3B, P50ARMS3C"
"664","0.419529056690833","11.5638258631633","0.001","0.202976998874462","0.263381853974863","0.200398034200215",NA,"RUNARMS1B, RUNARMS5B, RUNARMS3A, RUNARMS8A, RUNARMS2B, RUNARMS1A, RUNARMS5C, RUNARMS4B, RUNARMS7C, P50ARMS1A, P50ARMS1B, P50ARMS1C, P50ARMS2A, P50ARMS2B, P50ARMS2C, P50ARMS3A, P50ARMS3B, P50ARMS3C"
"665","0.397166262333202","10.5413147942354","0.001","0.232209453504112","0.270600643065754","0.401947033296031",NA,"RUNARMS8C, RUNARMS1B, RUNARMS9B, RUNARMS5C, RUNARMS5A, RUNARMS1C, RUNARMS6C, RUNARMS3B, RUNARMS8B, P50ARMS1A, P50ARMS1B, P50ARMS1C, P50ARMS2A, P50ARMS2B, P50ARMS2C, P50ARMS3A, P50ARMS3B, P50ARMS3C"
"666","0.402583915293316","10.7820040497497","0.001","0.204131350678462","0.266574293961885","0.16040927697521",NA,"RUNARMS4B, RUNARMS6B, RUNARMS5A, RUNARMS8C, RUNARMS1B, RUNARMS1C, RUNARMS7A, RUNARMS5B, RUNARMS3C, P50ARMS1A, P50ARMS1B, P50ARMS1C, P50ARMS2A, P50ARMS2B, P50ARMS2C, P50ARMS3A, P50ARMS3B, P50ARMS3C"
"667","0.430205206740919","12.0802846731612","0.001","0.202066609525718","0.279203255316647","0.072162595566249",NA,"RUNARMS5C, RUNARMS4A, RUNARMS9A, RUNARMS1B, RUNARMS2A, RUNARMS3C, RUNARMS3B, RUNARMS2B, RUNARMS4B, P50ARMS1A, P50ARMS1B, P50ARMS1C, P50ARMS2A, P50ARMS2B, P50ARMS2C, P50ARMS3A, P50ARMS3B, P50ARMS3C"
"668","0.382685014952883","9.91869691739104","0.001","0.255639609467487","0.281521866654552","0.526468759123298",NA,"RUNARMS8A, RUNARMS9C, RUNARMS7A, RUNARMS9B, RUNARMS6B, RUNARMS3C, RUNARMS1B, RUNARMS6A, RUNARMS1C, P50ARMS1A, P50ARMS1B, P50ARMS1C, P50ARMS2A, P50ARMS2B, P50ARMS2C, P50ARMS3A, P50ARMS3B, P50ARMS3C"
"669","0.428452371318679","11.9941674098365","0.001","0.213300169674823","0.274963208028281","0.174193416693082",NA,"RUNARMS7A, RUNARMS1B, RUNARMS3A, RUNARMS1A, RUNARMS4C, RUNARMS2B, RUNARMS2C, RUNARMS7C, RUNARMS8A, P50ARMS1A, P50ARMS1B, P50ARMS1C, P50ARMS2A, P50ARMS2B, P50ARMS2C, P50ARMS3A, P50ARMS3B, P50ARMS3C"
"670","0.405921061061836","10.9324477797476","0.001","0.205650222061951","0.264336881088315","0.20815604436",NA,"RUNARMS6C, RUNARMS9B, RUNARMS9A, RUNARMS1A, RUNARMS7B, RUNARMS4B, RUNARMS1B, RUNARMS3A, RUNARMS3B, P50ARMS1A, P50ARMS1B, P50ARMS1C, P50ARMS2A, P50ARMS2B, P50ARMS2C, P50ARMS3A, P50ARMS3B, P50ARMS3C"
"671","0.393093022800531","10.363183487906","0.001","0.209800090760496","0.263494497334664","0.24852804195094",NA,"RUNARMS3C, RUNARMS5A, RUNARMS1B, RUNARMS8A, RUNARMS9A, RUNARMS8C, RUNARMS6A, RUNARMS2A, RUNARMS5B, P50ARMS1A, P50ARMS1B, P50ARMS1C, P50ARMS2A, P50ARMS2B, P50ARMS2C, P50ARMS3A, P50ARMS3B, P50ARMS3C"
"672","0.398540214892673","10.6019447952699","0.001","0.228241585735188","0.273813380788515","0.341868465927951",NA,"RUNARMS1A, RUNARMS3B, RUNARMS4C, RUNARMS3A, RUNARMS8B, RUNARMS9B, RUNARMS5B, RUNARMS5C, RUNARMS3C, P50ARMS1A, P50ARMS1B, P50ARMS1C, P50ARMS2A, P50ARMS2B, P50ARMS2C, P50ARMS3A, P50ARMS3B, P50ARMS3C"
"673","0.44268623460152","12.7091419472835","0.001","0.2063853809234","0.277944939600397","0.104855323256043",NA,"RUNARMS2C, RUNARMS6A, RUNARMS1C, RUNARMS2B, RUNARMS3C, RUNARMS3A, RUNARMS7B, RUNARMS8C, RUNARMS3B, P50ARMS1A, P50ARMS1B, P50ARMS1C, P50ARMS2A, P50ARMS2B, P50ARMS2C, P50ARMS3A, P50ARMS3B, P50ARMS3C"
"674","0.424987833523961","11.8254981943356","0.002","0.225667424920766","0.276638558887967","0.264066283710089",NA,"RUNARMS8B, RUNARMS5B, RUNARMS9C, RUNARMS6A, RUNARMS1A, RUNARMS2A, RUNARMS6B, RUNARMS2C, RUNARMS7A, P50ARMS1A, P50ARMS1B, P50ARMS1C, P50ARMS2A, P50ARMS2B, P50ARMS2C, P50ARMS3A, P50ARMS3B, P50ARMS3C"
"675","0.371660875430935","9.4639562847106","0.001","0.247734023178128","0.277222395781399","0.507168716854026",NA,"RUNARMS8B, RUNARMS1C, RUNARMS6B, RUNARMS9A, RUNARMS5B, RUNARMS9B, RUNARMS6A, RUNARMS1B, RUNARMS3A, P50ARMS1A, P50ARMS1B, P50ARMS1C, P50ARMS2A, P50ARMS2B, P50ARMS2C, P50ARMS3A, P50ARMS3B, P50ARMS3C"
"676","0.389072798591541","10.1896997925659","0.001","0.244689891314581","0.273563554220526","0.536435189683615",NA,"RUNARMS7A, RUNARMS6A, RUNARMS2B, RUNARMS2A, RUNARMS1B, RUNARMS8A, RUNARMS9B, RUNARMS2C, RUNARMS8B, P50ARMS1A, P50ARMS1B, P50ARMS1C, P50ARMS2A, P50ARMS2B, P50ARMS2C, P50ARMS3A, P50ARMS3B, P50ARMS3C"
"677","0.413258477407027","11.2692478440789","0.001","0.229529265214515","0.280369785846015","0.265563352280207",NA,"RUNARMS7B, RUNARMS6C, RUNARMS3A, RUNARMS3C, RUNARMS1C, RUNARMS8B, RUNARMS3B, RUNARMS7A, RUNARMS4C, P50ARMS1A, P50ARMS1B, P50ARMS1C, P50ARMS2A, P50ARMS2B, P50ARMS2C, P50ARMS3A, P50ARMS3B, P50ARMS3C"
"678","0.415511086109134","11.3743429853786","0.001","0.224389792671238","0.272404492808962","0.306061412937193",NA,"RUNARMS1A, RUNARMS4A, RUNARMS7A, RUNARMS3C, RUNARMS3B, RUNARMS2C, RUNARMS6C, RUNARMS8B, RUNARMS1C, P50ARMS1A, P50ARMS1B, P50ARMS1C, P50ARMS2A, P50ARMS2B, P50ARMS2C, P50ARMS3A, P50ARMS3B, P50ARMS3C"
"679","0.374692882502082","9.58742664568068","0.001","0.240965919969645","0.278975990546355","0.385321166854626",NA,"RUNARMS6B, RUNARMS1B, RUNARMS6A, RUNARMS9C, RUNARMS9A, RUNARMS3C, RUNARMS8B, RUNARMS3A, RUNARMS5B, P50ARMS1A, P50ARMS1B, P50ARMS1C, P50ARMS2A, P50ARMS2B, P50ARMS2C, P50ARMS3A, P50ARMS3B, P50ARMS3C"
"680","0.432901208322418","12.213779036046","0.001","0.20894045713059","0.281849531048479","0.0918178212454922",NA,"RUNARMS2A, RUNARMS4A, RUNARMS2B, RUNARMS6C, RUNARMS1C, RUNARMS3C, RUNARMS3B, RUNARMS9A, RUNARMS1B, P50ARMS1A, P50ARMS1B, P50ARMS1C, P50ARMS2A, P50ARMS2B, P50ARMS2C, P50ARMS3A, P50ARMS3B, P50ARMS3C"
"681","0.443635193331813","12.758109442286","0.001","0.189564483527411","0.270536527051632","0.0752246944138151",NA,"RUNARMS9A, RUNARMS3C, RUNARMS4A, RUNARMS5C, RUNARMS4C, RUNARMS7A, RUNARMS4B, RUNARMS7B, RUNARMS1C, P50ARMS1A, P50ARMS1B, P50ARMS1C, P50ARMS2A, P50ARMS2B, P50ARMS2C, P50ARMS3A, P50ARMS3B, P50ARMS3C"
"682","0.464348287240871","13.8701555859579","0.001","0.198461713802731","0.28049247483923","0.0545551788118874",NA,"RUNARMS4A, RUNARMS2C, RUNARMS3A, RUNARMS5A, RUNARMS2A, RUNARMS4C, RUNARMS1C, RUNARMS7B, RUNARMS7A, P50ARMS1A, P50ARMS1B, P50ARMS1C, P50ARMS2A, P50ARMS2B, P50ARMS2C, P50ARMS3A, P50ARMS3B, P50ARMS3C"
"683","0.397386363577716","10.5510088603238","0.001","0.215183225747198","0.273000205630004","0.20685303554013",NA,"RUNARMS3A, RUNARMS8C, RUNARMS9B, RUNARMS9A, RUNARMS4C, RUNARMS1B, RUNARMS2C, RUNARMS6C, RUNARMS2A, P50ARMS1A, P50ARMS1B, P50ARMS1C, P50ARMS2A, P50ARMS2B, P50ARMS2C, P50ARMS3A, P50ARMS3B, P50ARMS3C"
"684","0.398052715091755","10.5804006449483","0.001","0.224468082838641","0.272980323121986","0.296962842617258",NA,"RUNARMS2C, RUNARMS9B, RUNARMS7B, RUNARMS8B, RUNARMS6A, RUNARMS4C, RUNARMS7A, RUNARMS1B, RUNARMS2B, P50ARMS1A, P50ARMS1B, P50ARMS1C, P50ARMS2A, P50ARMS2B, P50ARMS2C, P50ARMS3A, P50ARMS3B, P50ARMS3C"
"685","0.439001136373854","12.5205568805974","0.001","0.210613338589749","0.267692770792532","0.223494795134818",NA,"RUNARMS6C, RUNARMS3B, RUNARMS6A, RUNARMS2C, RUNARMS1A, RUNARMS1C, RUNARMS7C, RUNARMS9B, RUNARMS4B, P50ARMS1A, P50ARMS1B, P50ARMS1C, P50ARMS2A, P50ARMS2B, P50ARMS2C, P50ARMS3A, P50ARMS3B, P50ARMS3C"
"686","0.447788203380363","12.9743900763148","0.001","0.197913695043976","0.274715875586839","0.100570801424293",NA,"RUNARMS3A, RUNARMS4B, RUNARMS4C, RUNARMS2B, RUNARMS2C, RUNARMS9C, RUNARMS3B, RUNARMS1B, RUNARMS8A, P50ARMS1A, P50ARMS1B, P50ARMS1C, P50ARMS2A, P50ARMS2B, P50ARMS2C, P50ARMS3A, P50ARMS3B, P50ARMS3C"
"687","0.431197617348463","12.1292773870148","0.001","0.192907104002175","0.26801213436528","0.097480861508867",NA,"RUNARMS2A, RUNARMS5B, RUNARMS6B, RUNARMS7B, RUNARMS4C, RUNARMS5C, RUNARMS3C, RUNARMS7A, RUNARMS1A, P50ARMS1A, P50ARMS1B, P50ARMS1C, P50ARMS2A, P50ARMS2B, P50ARMS2C, P50ARMS3A, P50ARMS3B, P50ARMS3C"
"688","0.451853997328894","13.1893034374642","0.001","0.19701495524647","0.272590418538992","0.0937563321016064",NA,"RUNARMS7A, RUNARMS7B, RUNARMS4C, RUNARMS1C, RUNARMS6C, RUNARMS2C, RUNARMS3C, RUNARMS3B, RUNARMS2A, P50ARMS1A, P50ARMS1B, P50ARMS1C, P50ARMS2A, P50ARMS2B, P50ARMS2C, P50ARMS3A, P50ARMS3B, P50ARMS3C"
"689","0.42546205168148","11.8484650958681","0.001","0.206753936495935","0.274020146422173","0.139476677892964",NA,"RUNARMS5C, RUNARMS7B, RUNARMS7A, RUNARMS2A, RUNARMS1B, RUNARMS4C, RUNARMS2B, RUNARMS8A, RUNARMS6A, P50ARMS1A, P50ARMS1B, P50ARMS1C, P50ARMS2A, P50ARMS2B, P50ARMS2C, P50ARMS3A, P50ARMS3B, P50ARMS3C"
"690","0.443611905454274","12.7569057584949","0.001","0.209387161691374","0.274698986701234","0.154923511414449",NA,"RUNARMS5B, RUNARMS4A, RUNARMS7C, RUNARMS9A, RUNARMS2C, RUNARMS9C, RUNARMS1A, RUNARMS8B, RUNARMS4C, P50ARMS1A, P50ARMS1B, P50ARMS1C, P50ARMS2A, P50ARMS2B, P50ARMS2C, P50ARMS3A, P50ARMS3B, P50ARMS3C"
"691","0.431533896787857","12.1459174251399","0.001","0.225005049591348","0.273413121916917","0.272276205440626",NA,"RUNARMS1C, RUNARMS8C, RUNARMS6A, RUNARMS8B, RUNARMS7B, RUNARMS5C, RUNARMS3B, RUNARMS9B, RUNARMS7C, P50ARMS1A, P50ARMS1B, P50ARMS1C, P50ARMS2A, P50ARMS2B, P50ARMS2C, P50ARMS3A, P50ARMS3B, P50ARMS3C"
"692","0.406729379166883","10.9691426444336","0.001","0.221534269301088","0.270447764346672","0.279169562939498",NA,"RUNARMS2C, RUNARMS3C, RUNARMS5C, RUNARMS3B, RUNARMS8A, RUNARMS1B, RUNARMS7A, RUNARMS1A, RUNARMS6C, P50ARMS1A, P50ARMS1B, P50ARMS1C, P50ARMS2A, P50ARMS2B, P50ARMS2C, P50ARMS3A, P50ARMS3B, P50ARMS3C"
"693","0.457779842728364","13.5083090981151","0.001","0.191969326573066","0.271027151861873","0.0691064423759016",NA,"RUNARMS7B, RUNARMS5C, RUNARMS6B, RUNARMS1A, RUNARMS1C, RUNARMS2B, RUNARMS3A, RUNARMS4A, RUNARMS5A, P50ARMS1A, P50ARMS1B, P50ARMS1C, P50ARMS2A, P50ARMS2B, P50ARMS2C, P50ARMS3A, P50ARMS3B, P50ARMS3C"
"694","0.445374008500437","12.8482693657039","0.001","0.200382759831706","0.278113655861587","0.0671685394359905",NA,"RUNARMS5C, RUNARMS6B, RUNARMS8C, RUNARMS4A, RUNARMS2A, RUNARMS5A, RUNARMS2B, RUNARMS1A, RUNARMS3A, P50ARMS1A, P50ARMS1B, P50ARMS1C, P50ARMS2A, P50ARMS2B, P50ARMS2C, P50ARMS3A, P50ARMS3B, P50ARMS3C"
"695","0.460064780537864","13.6331845437655","0.001","0.201741861360374","0.279238920580807","0.070729484711169",NA,"RUNARMS8C, RUNARMS2B, RUNARMS4C, RUNARMS1C, RUNARMS4B, RUNARMS9C, RUNARMS9A, RUNARMS6C, RUNARMS2A, P50ARMS1A, P50ARMS1B, P50ARMS1C, P50ARMS2A, P50ARMS2B, P50ARMS2C, P50ARMS3A, P50ARMS3B, P50ARMS3C"
"696","0.41320306922413","11.2666729508019","0.001","0.214752984922704","0.274356636043214","0.215897226522598",NA,"RUNARMS7C, RUNARMS4C, RUNARMS2B, RUNARMS5A, RUNARMS6A, RUNARMS6B, RUNARMS8B, RUNARMS1B, RUNARMS2C, P50ARMS1A, P50ARMS1B, P50ARMS1C, P50ARMS2A, P50ARMS2B, P50ARMS2C, P50ARMS3A, P50ARMS3B, P50ARMS3C"
"697","0.406763430813333","10.9706906671922","0.001","0.221008723642809","0.268289089893184","0.322560790367227",NA,"RUNARMS5C, RUNARMS5B, RUNARMS1A, RUNARMS4C, RUNARMS9B, RUNARMS8A, RUNARMS6C, RUNARMS6B, RUNARMS2C, P50ARMS1A, P50ARMS1B, P50ARMS1C, P50ARMS2A, P50ARMS2B, P50ARMS2C, P50ARMS3A, P50ARMS3B, P50ARMS3C"
"698","0.41901725791788","11.5395443635027","0.001","0.217513094691489","0.27394072217308","0.202009383117503",NA,"RUNARMS4A, RUNARMS2A, RUNARMS7C, RUNARMS7A, RUNARMS5B, RUNARMS8B, RUNARMS9C, RUNARMS1B, RUNARMS7B, P50ARMS1A, P50ARMS1B, P50ARMS1C, P50ARMS2A, P50ARMS2B, P50ARMS2C, P50ARMS3A, P50ARMS3B, P50ARMS3C"
"699","0.410383306080321","11.1362737266384","0.001","0.232842160828678","0.271937738657023","0.40081524762411",NA,"RUNARMS8B, RUNARMS1C, RUNARMS5B, RUNARMS4C, RUNARMS8A, RUNARMS7C, RUNARMS2C, RUNARMS8C, RUNARMS6A, P50ARMS1A, P50ARMS1B, P50ARMS1C, P50ARMS2A, P50ARMS2B, P50ARMS2C, P50ARMS3A, P50ARMS3B, P50ARMS3C"
"700","0.380199485859658","9.8147575469373","0.002","0.26118943386335","0.282154527225867","0.60784415770463",NA,"RUNARMS1B, RUNARMS7A, RUNARMS8A, RUNARMS9B, RUNARMS1C, RUNARMS5B, RUNARMS8B, RUNARMS3A, RUNARMS9A, P50ARMS1A, P50ARMS1B, P50ARMS1C, P50ARMS2A, P50ARMS2B, P50ARMS2C, P50ARMS3A, P50ARMS3B, P50ARMS3C"
"701","0.414636337541583","11.3334356505886","0.001","0.21419461079193","0.269245294429501","0.221995444429433",NA,"RUNARMS1C, RUNARMS8C, RUNARMS6B, RUNARMS3A, RUNARMS6A, RUNARMS3B, RUNARMS9A, RUNARMS5B, RUNARMS9B, P50ARMS1A, P50ARMS1B, P50ARMS1C, P50ARMS2A, P50ARMS2B, P50ARMS2C, P50ARMS3A, P50ARMS3B, P50ARMS3C"
"702","0.439984652076903","12.5706455355884","0.001","0.194336905201132","0.271665636922615","0.0881485592347911",NA,"RUNARMS4C, RUNARMS4A, RUNARMS3C, RUNARMS7A, RUNARMS2A, RUNARMS1C, RUNARMS6B, RUNARMS5A, RUNARMS7B, P50ARMS1A, P50ARMS1B, P50ARMS1C, P50ARMS2A, P50ARMS2B, P50ARMS2C, P50ARMS3A, P50ARMS3B, P50ARMS3C"
"703","0.430160412940559","12.0780773455302","0.001","0.202654538319714","0.272290414922325","0.13926387535302",NA,"RUNARMS5B, RUNARMS4C, RUNARMS2A, RUNARMS1C, RUNARMS6A, RUNARMS9B, RUNARMS4A, RUNARMS1A, RUNARMS6C, P50ARMS1A, P50ARMS1B, P50ARMS1C, P50ARMS2A, P50ARMS2B, P50ARMS2C, P50ARMS3A, P50ARMS3B, P50ARMS3C"
"704","0.460798796624479","13.673524279687","0.001","0.185947946245198","0.275279384774331","0.0462251387652763",NA,"RUNARMS1C, RUNARMS5B, RUNARMS2A, RUNARMS4C, RUNARMS7A, RUNARMS4A, RUNARMS2B, RUNARMS3B, RUNARMS8C, P50ARMS1A, P50ARMS1B, P50ARMS1C, P50ARMS2A, P50ARMS2B, P50ARMS2C, P50ARMS3A, P50ARMS3B, P50ARMS3C"
"705","0.424291176806449","11.7918269712202","0.001","0.2114481325373","0.276728300022774","0.120812633536131",NA,"RUNARMS8C, RUNARMS2B, RUNARMS7B, RUNARMS6A, RUNARMS1C, RUNARMS3A, RUNARMS4A, RUNARMS1A, RUNARMS3C, P50ARMS1A, P50ARMS1B, P50ARMS1C, P50ARMS2A, P50ARMS2B, P50ARMS2C, P50ARMS3A, P50ARMS3B, P50ARMS3C"
"706","0.411654155103818","11.1948890925257","0.001","0.224821329524165","0.270321324297433","0.305865458692891",NA,"RUNARMS9A, RUNARMS1C, RUNARMS7A, RUNARMS3C, RUNARMS5B, RUNARMS8A, RUNARMS6A, RUNARMS2C, RUNARMS6B, P50ARMS1A, P50ARMS1B, P50ARMS1C, P50ARMS2A, P50ARMS2B, P50ARMS2C, P50ARMS3A, P50ARMS3B, P50ARMS3C"
"707","0.459269701493246","13.5896125003252","0.001","0.193553252901546","0.269459559216659","0.0962321187526382",NA,"RUNARMS9A, RUNARMS2B, RUNARMS9C, RUNARMS5C, RUNARMS5B, RUNARMS7B, RUNARMS1A, RUNARMS8A, RUNARMS4C, P50ARMS1A, P50ARMS1B, P50ARMS1C, P50ARMS2A, P50ARMS2B, P50ARMS2C, P50ARMS3A, P50ARMS3B, P50ARMS3C"
"708","0.414715842642793","11.337148629217","0.001","0.209926810644661","0.277806162672076","0.152228391710567",NA,"RUNARMS3B, RUNARMS9B, RUNARMS2B, RUNARMS1B, RUNARMS5B, RUNARMS2A, RUNARMS3C, RUNARMS2C, RUNARMS4B, P50ARMS1A, P50ARMS1B, P50ARMS1C, P50ARMS2A, P50ARMS2B, P50ARMS2C, P50ARMS3A, P50ARMS3B, P50ARMS3C"
"709","0.42946247240215","12.0437293360268","0.001","0.197097025373961","0.274217063575606","0.0746687834422774",NA,"RUNARMS4B, RUNARMS3C, RUNARMS1A, RUNARMS9C, RUNARMS6A, RUNARMS5B, RUNARMS4A, RUNARMS1B, RUNARMS3B, P50ARMS1A, P50ARMS1B, P50ARMS1C, P50ARMS2A, P50ARMS2B, P50ARMS2C, P50ARMS3A, P50ARMS3B, P50ARMS3C"
"710","0.398809509698856","10.6138607614791","0.001","0.228589160339731","0.270868723508635","0.344474559662441",NA,"RUNARMS8B, RUNARMS6C, RUNARMS9C, RUNARMS6A, RUNARMS7B, RUNARMS3A, RUNARMS1C, RUNARMS1B, RUNARMS5B, P50ARMS1A, P50ARMS1B, P50ARMS1C, P50ARMS2A, P50ARMS2B, P50ARMS2C, P50ARMS3A, P50ARMS3B, P50ARMS3C"
"711","0.435533118455745","12.3453299442964","0.001","0.204122381733734","0.272279096000835","0.154653231701672",NA,"RUNARMS5C, RUNARMS1C, RUNARMS6C, RUNARMS8B, RUNARMS4A, RUNARMS4C, RUNARMS6A, RUNARMS3B, RUNARMS7B, P50ARMS1A, P50ARMS1B, P50ARMS1C, P50ARMS2A, P50ARMS2B, P50ARMS2C, P50ARMS3A, P50ARMS3B, P50ARMS3C"
"712","0.420984503046606","11.6331118669314","0.001","0.218623010079522","0.272348887722444","0.255174622076603",NA,"RUNARMS1C, RUNARMS8B, RUNARMS6B, RUNARMS5B, RUNARMS5C, RUNARMS1A, RUNARMS2B, RUNARMS6A, RUNARMS6C, P50ARMS1A, P50ARMS1B, P50ARMS1C, P50ARMS2A, P50ARMS2B, P50ARMS2C, P50ARMS3A, P50ARMS3B, P50ARMS3C"
"713","0.440173044723849","12.5802601128907","0.001","0.200021461695614","0.272672143163676","0.119596939452629",NA,"RUNARMS5B, RUNARMS1A, RUNARMS7B, RUNARMS2B, RUNARMS4B, RUNARMS7C, RUNARMS4C, RUNARMS2A, RUNARMS9B, P50ARMS1A, P50ARMS1B, P50ARMS1C, P50ARMS2A, P50ARMS2B, P50ARMS2C, P50ARMS3A, P50ARMS3B, P50ARMS3C"
"714","0.421804791453816","11.6723150996537","0.001","0.213454702287821","0.268814029582192","0.239871531212836",NA,"RUNARMS4C, RUNARMS8C, RUNARMS1C, RUNARMS2B, RUNARMS5C, RUNARMS6B, RUNARMS8B, RUNARMS7A, RUNARMS1A, P50ARMS1A, P50ARMS1B, P50ARMS1C, P50ARMS2A, P50ARMS2B, P50ARMS2C, P50ARMS3A, P50ARMS3B, P50ARMS3C"
"715","0.40332312306736","10.8151835919163","0.001","0.215000769623861","0.278728200951985","0.129191274511692",NA,"RUNARMS5C, RUNARMS7B, RUNARMS3C, RUNARMS4A, RUNARMS3A, RUNARMS7A, RUNARMS2B, RUNARMS6A, RUNARMS1B, P50ARMS1A, P50ARMS1B, P50ARMS1C, P50ARMS2A, P50ARMS2B, P50ARMS2C, P50ARMS3A, P50ARMS3B, P50ARMS3C"
"716","0.394747123246013","10.4352316436877","0.002","0.233964484607343","0.273412153673678","0.364305786231917",NA,"RUNARMS7A, RUNARMS3C, RUNARMS1B, RUNARMS6C, RUNARMS6A, RUNARMS8A, RUNARMS1A, RUNARMS2C, RUNARMS7C, P50ARMS1A, P50ARMS1B, P50ARMS1C, P50ARMS2A, P50ARMS2B, P50ARMS2C, P50ARMS3A, P50ARMS3B, P50ARMS3C"
"717","0.456976941457564","13.464678798257","0.001","0.199438874785393","0.275552460999706","0.107261474202528",NA,"RUNARMS6B, RUNARMS1A, RUNARMS2A, RUNARMS3B, RUNARMS5A, RUNARMS2B, RUNARMS9B, RUNARMS9C, RUNARMS4C, P50ARMS1A, P50ARMS1B, P50ARMS1C, P50ARMS2A, P50ARMS2B, P50ARMS2C, P50ARMS3A, P50ARMS3B, P50ARMS3C"
"718","0.437230168073834","12.4308061525572","0.001","0.20279362669118","0.273811895690487","0.13188201489606",NA,"RUNARMS5A, RUNARMS1A, RUNARMS4A, RUNARMS1C, RUNARMS2B, RUNARMS8A, RUNARMS3C, RUNARMS5B, RUNARMS4C, P50ARMS1A, P50ARMS1B, P50ARMS1C, P50ARMS2A, P50ARMS2B, P50ARMS2C, P50ARMS3A, P50ARMS3B, P50ARMS3C"
"719","0.42241654356929","11.7016244524647","0.001","0.22699053375661","0.272637880971467","0.312282393953436",NA,"RUNARMS1A, RUNARMS8A, RUNARMS9A, RUNARMS6B, RUNARMS8C, RUNARMS4B, RUNARMS3B, RUNARMS8B, RUNARMS9C, P50ARMS1A, P50ARMS1B, P50ARMS1C, P50ARMS2A, P50ARMS2B, P50ARMS2C, P50ARMS3A, P50ARMS3B, P50ARMS3C"
"720","0.421805510270406","11.6723495021247","0.001","0.214545562003785","0.274843266607258","0.178074377488802",NA,"RUNARMS2B, RUNARMS9C, RUNARMS2C, RUNARMS8A, RUNARMS5B, RUNARMS6C, RUNARMS4A, RUNARMS7A, RUNARMS1B, P50ARMS1A, P50ARMS1B, P50ARMS1C, P50ARMS2A, P50ARMS2B, P50ARMS2C, P50ARMS3A, P50ARMS3B, P50ARMS3C"
"721","0.422911687571473","11.7253925532959","0.001","0.212899018864673","0.27298118159211","0.183019817783539",NA,"RUNARMS4B, RUNARMS9B, RUNARMS9C, RUNARMS3A, RUNARMS5C, RUNARMS1A, RUNARMS6C, RUNARMS8C, RUNARMS4C, P50ARMS1A, P50ARMS1B, P50ARMS1C, P50ARMS2A, P50ARMS2B, P50ARMS2C, P50ARMS3A, P50ARMS3B, P50ARMS3C"
"722","0.408800746069874","11.0636336119109","0.001","0.215642516876956","0.283765523220691","0.101463304529718",NA,"RUNARMS3A, RUNARMS6A, RUNARMS6C, RUNARMS1B, RUNARMS9A, RUNARMS3C, RUNARMS4C, RUNARMS2B, RUNARMS7B, P50ARMS1A, P50ARMS1B, P50ARMS1C, P50ARMS2A, P50ARMS2B, P50ARMS2C, P50ARMS3A, P50ARMS3B, P50ARMS3C"
"723","0.426789805471054","11.9129718080965","0.001","0.204834892473587","0.263835034878062","0.201442462481987",NA,"RUNARMS9A, RUNARMS3A, RUNARMS1C, RUNARMS4B, RUNARMS9B, RUNARMS3B, RUNARMS6C, RUNARMS6B, RUNARMS7B, P50ARMS1A, P50ARMS1B, P50ARMS1C, P50ARMS2A, P50ARMS2B, P50ARMS2C, P50ARMS3A, P50ARMS3B, P50ARMS3C"
"724","0.442035231386255","12.6756456680083","0.001","0.200757967264709","0.274232484173323","0.0866116041214621",NA,"RUNARMS6A, RUNARMS3B, RUNARMS7C, RUNARMS5C, RUNARMS8C, RUNARMS1A, RUNARMS3A, RUNARMS4B, RUNARMS4A, P50ARMS1A, P50ARMS1B, P50ARMS1C, P50ARMS2A, P50ARMS2B, P50ARMS2C, P50ARMS3A, P50ARMS3B, P50ARMS3C"
"725","0.415158398189251","11.3578349256651","0.001","0.234560019011724","0.275773032061412","0.345830357019722",NA,"RUNARMS6A, RUNARMS1A, RUNARMS2A, RUNARMS4A, RUNARMS7A, RUNARMS8B, RUNARMS9A, RUNARMS1C, RUNARMS9B, P50ARMS1A, P50ARMS1B, P50ARMS1C, P50ARMS2A, P50ARMS2B, P50ARMS2C, P50ARMS3A, P50ARMS3B, P50ARMS3C"
"726","0.404605703558261","10.8729480541231","0.001","0.239557434569889","0.277541672137897","0.386760527911409",NA,"RUNARMS1B, RUNARMS9C, RUNARMS1C, RUNARMS9B, RUNARMS2A, RUNARMS6B, RUNARMS5C, RUNARMS4B, RUNARMS8B, P50ARMS1A, P50ARMS1B, P50ARMS1C, P50ARMS2A, P50ARMS2B, P50ARMS2C, P50ARMS3A, P50ARMS3B, P50ARMS3C"
"727","0.390669656588099","10.2583345355972","0.001","0.233626226479006","0.275069368545706","0.332224290882635",NA,"RUNARMS3C, RUNARMS6B, RUNARMS8A, RUNARMS7B, RUNARMS6C, RUNARMS3A, RUNARMS1B, RUNARMS2A, RUNARMS9C, P50ARMS1A, P50ARMS1B, P50ARMS1C, P50ARMS2A, P50ARMS2B, P50ARMS2C, P50ARMS3A, P50ARMS3B, P50ARMS3C"
"728","0.424910127377487","11.8217384128799","0.001","0.217871780466495","0.26822821782678","0.260629547918693",NA,"RUNARMS2C, RUNARMS9A, RUNARMS7A, RUNARMS8A, RUNARMS6C, RUNARMS1C, RUNARMS3A, RUNARMS4B, RUNARMS5B, P50ARMS1A, P50ARMS1B, P50ARMS1C, P50ARMS2A, P50ARMS2B, P50ARMS2C, P50ARMS3A, P50ARMS3B, P50ARMS3C"
"729","0.416914056917722","11.4402087545133","0.001","0.214538463109305","0.273553057222408","0.224808558016535",NA,"RUNARMS2B, RUNARMS5B, RUNARMS9C, RUNARMS6B, RUNARMS2A, RUNARMS2C, RUNARMS8B, RUNARMS1B, RUNARMS9A, P50ARMS1A, P50ARMS1B, P50ARMS1C, P50ARMS2A, P50ARMS2B, P50ARMS2C, P50ARMS3A, P50ARMS3B, P50ARMS3C"
"730","0.416334101444774","11.4129429860568","0.001","0.218352091406526","0.277805734914154","0.187950342696576",NA,"RUNARMS9B, RUNARMS5C, RUNARMS6C, RUNARMS4C, RUNARMS4A, RUNARMS9C, RUNARMS1B, RUNARMS2A, RUNARMS7C, P50ARMS1A, P50ARMS1B, P50ARMS1C, P50ARMS2A, P50ARMS2B, P50ARMS2C, P50ARMS3A, P50ARMS3B, P50ARMS3C"
"731","0.464429782167731","13.87470077175","0.001","0.201126795224143","0.273113173241066","0.122202902201011",NA,"RUNARMS8A, RUNARMS6A, RUNARMS5A, RUNARMS2A, RUNARMS1A, RUNARMS2C, RUNARMS1C, RUNARMS3B, RUNARMS6B, P50ARMS1A, P50ARMS1B, P50ARMS1C, P50ARMS2A, P50ARMS2B, P50ARMS2C, P50ARMS3A, P50ARMS3B, P50ARMS3C"
"732","0.42313444718532","11.7360988568857","0.001","0.223739209957614","0.281089966696089","0.209266422621677",NA,"RUNARMS2B, RUNARMS3B, RUNARMS2A, RUNARMS3C, RUNARMS5C, RUNARMS1A, RUNARMS5B, RUNARMS8B, RUNARMS7B, P50ARMS1A, P50ARMS1B, P50ARMS1C, P50ARMS2A, P50ARMS2B, P50ARMS2C, P50ARMS3A, P50ARMS3B, P50ARMS3C"
"733","0.405868202280725","10.9300516508627","0.001","0.202628218763893","0.269035524158024","0.165582687739958",NA,"RUNARMS8C, RUNARMS5B, RUNARMS4B, RUNARMS9B, RUNARMS1A, RUNARMS6B, RUNARMS4C, RUNARMS5A, RUNARMS3C, P50ARMS1A, P50ARMS1B, P50ARMS1C, P50ARMS2A, P50ARMS2B, P50ARMS2C, P50ARMS3A, P50ARMS3B, P50ARMS3C"
"734","0.452554128680722","13.2266337883633","0.001","0.199041185165954","0.2759869468417","0.0902882255030303",NA,"RUNARMS5C, RUNARMS8A, RUNARMS1A, RUNARMS4A, RUNARMS2A, RUNARMS2B, RUNARMS4B, RUNARMS5A, RUNARMS5B, P50ARMS1A, P50ARMS1B, P50ARMS1C, P50ARMS2A, P50ARMS2B, P50ARMS2C, P50ARMS3A, P50ARMS3B, P50ARMS3C"
"735","0.429597506828149","12.0503682777199","0.001","0.214759733968128","0.273294172335053","0.203372294074576",NA,"RUNARMS2C, RUNARMS7A, RUNARMS2B, RUNARMS3B, RUNARMS6B, RUNARMS7C, RUNARMS8A, RUNARMS1B, RUNARMS5A, P50ARMS1A, P50ARMS1B, P50ARMS1C, P50ARMS2A, P50ARMS2B, P50ARMS2C, P50ARMS3A, P50ARMS3B, P50ARMS3C"
"736","0.434823404574403","12.3097356286515","0.001","0.214063099543135","0.275379408632733","0.16714459540573",NA,"RUNARMS8C, RUNARMS9C, RUNARMS8A, RUNARMS2B, RUNARMS1B, RUNARMS2C, RUNARMS4C, RUNARMS7A, RUNARMS1C, P50ARMS1A, P50ARMS1B, P50ARMS1C, P50ARMS2A, P50ARMS2B, P50ARMS2C, P50ARMS3A, P50ARMS3B, P50ARMS3C"
"737","0.415694220745421","11.382922723119","0.001","0.205476471480911","0.274193678866226","0.132962542102347",NA,"RUNARMS4C, RUNARMS7B, RUNARMS1B, RUNARMS4A, RUNARMS8A, RUNARMS4B, RUNARMS2C, RUNARMS7A, RUNARMS6A, P50ARMS1A, P50ARMS1B, P50ARMS1C, P50ARMS2A, P50ARMS2B, P50ARMS2C, P50ARMS3A, P50ARMS3B, P50ARMS3C"
"738","0.392721688006503","10.3470630911834","0.001","0.230406143112606","0.274072568455307","0.339531223697938",NA,"RUNARMS3C, RUNARMS5B, RUNARMS2A, RUNARMS8B, RUNARMS9C, RUNARMS6C, RUNARMS1B, RUNARMS9A, RUNARMS5A, P50ARMS1A, P50ARMS1B, P50ARMS1C, P50ARMS2A, P50ARMS2B, P50ARMS2C, P50ARMS3A, P50ARMS3B, P50ARMS3C"
"739","0.390728197916539","10.2608575438524","0.001","0.237781802683945","0.273373730357582","0.412416305511764",NA,"RUNARMS2C, RUNARMS8C, RUNARMS7A, RUNARMS3C, RUNARMS5C, RUNARMS3A, RUNARMS6C, RUNARMS1A, RUNARMS8B, P50ARMS1A, P50ARMS1B, P50ARMS1C, P50ARMS2A, P50ARMS2B, P50ARMS2C, P50ARMS3A, P50ARMS3B, P50ARMS3C"
"740","0.421990113175929","11.6811874065225","0.001","0.218826633961528","0.274276200257515","0.236461358589032",NA,"RUNARMS8B, RUNARMS8C, RUNARMS1C, RUNARMS3C, RUNARMS4A, RUNARMS3B, RUNARMS9C, RUNARMS2B, RUNARMS4B, P50ARMS1A, P50ARMS1B, P50ARMS1C, P50ARMS2A, P50ARMS2B, P50ARMS2C, P50ARMS3A, P50ARMS3B, P50ARMS3C"
"741","0.400337259034743","10.6816643872943","0.002","0.231531270960842","0.283718732768792","0.236868063780527",NA,"RUNARMS2B, RUNARMS8A, RUNARMS6A, RUNARMS3A, RUNARMS6C, RUNARMS3C, RUNARMS1C, RUNARMS4C, RUNARMS1B, P50ARMS1A, P50ARMS1B, P50ARMS1C, P50ARMS2A, P50ARMS2B, P50ARMS2C, P50ARMS3A, P50ARMS3B, P50ARMS3C"
"742","0.405626254762655","10.9190894251409","0.001","0.203852025205089","0.268776372628583","0.154720773014768",NA,"RUNARMS1B, RUNARMS3B, RUNARMS9B, RUNARMS4B, RUNARMS4A, RUNARMS9A, RUNARMS7B, RUNARMS3A, RUNARMS6A, P50ARMS1A, P50ARMS1B, P50ARMS1C, P50ARMS2A, P50ARMS2B, P50ARMS2C, P50ARMS3A, P50ARMS3B, P50ARMS3C"
"743","0.463112670942419","13.801411085796","0.001","0.196624153237183","0.272523505399982","0.076648375573683",NA,"RUNARMS1A, RUNARMS1C, RUNARMS4A, RUNARMS5A, RUNARMS3A, RUNARMS4B, RUNARMS6B, RUNARMS2C, RUNARMS9C, P50ARMS1A, P50ARMS1B, P50ARMS1C, P50ARMS2A, P50ARMS2B, P50ARMS2C, P50ARMS3A, P50ARMS3B, P50ARMS3C"
"744","0.436324207866524","12.3851111282268","0.001","0.218147395910114","0.277151109010044","0.21402936216193",NA,"RUNARMS2C, RUNARMS2B, RUNARMS1C, RUNARMS4C, RUNARMS8B, RUNARMS3A, RUNARMS6C, RUNARMS6B, RUNARMS9C, P50ARMS1A, P50ARMS1B, P50ARMS1C, P50ARMS2A, P50ARMS2B, P50ARMS2C, P50ARMS3A, P50ARMS3B, P50ARMS3C"
"745","0.421135445430125","11.6403173655861","0.001","0.205158716181365","0.274255116187124","0.110436661077336",NA,"RUNARMS4A, RUNARMS7C, RUNARMS5B, RUNARMS6A, RUNARMS4B, RUNARMS9C, RUNARMS3C, RUNARMS1B, RUNARMS1A, P50ARMS1A, P50ARMS1B, P50ARMS1C, P50ARMS2A, P50ARMS2B, P50ARMS2C, P50ARMS3A, P50ARMS3B, P50ARMS3C"
"746","0.436616352419531","12.3998303264823","0.001","0.226079793127729","0.277743674502222","0.249393285362363",NA,"RUNARMS2C, RUNARMS9C, RUNARMS6A, RUNARMS9B, RUNARMS2B, RUNARMS8A, RUNARMS3A, RUNARMS4A, RUNARMS1C, P50ARMS1A, P50ARMS1B, P50ARMS1C, P50ARMS2A, P50ARMS2B, P50ARMS2C, P50ARMS3A, P50ARMS3B, P50ARMS3C"
"747","0.428809958850182","12.0116928645878","0.001","0.202996724543258","0.266447611269049","0.192602070461784",NA,"RUNARMS8B, RUNARMS4B, RUNARMS1A, RUNARMS1B, RUNARMS2B, RUNARMS1C, RUNARMS3B, RUNARMS4A, RUNARMS7C, P50ARMS1A, P50ARMS1B, P50ARMS1C, P50ARMS2A, P50ARMS2B, P50ARMS2C, P50ARMS3A, P50ARMS3B, P50ARMS3C"
"748","0.411446266545445","11.1852833318836","0.001","0.233309410377556","0.267111358918515","0.465403885434162",NA,"RUNARMS8A, RUNARMS7C, RUNARMS3B, RUNARMS9C, RUNARMS3C, RUNARMS5C, RUNARMS1C, RUNARMS8B, RUNARMS1B, P50ARMS1A, P50ARMS1B, P50ARMS1C, P50ARMS2A, P50ARMS2B, P50ARMS2C, P50ARMS3A, P50ARMS3B, P50ARMS3C"
"749","0.438047770394873","12.4721710442236","0.001","0.203537240558209","0.269325017171746","0.164121387610032",NA,"RUNARMS7A, RUNARMS4C, RUNARMS2C, RUNARMS1B, RUNARMS5C, RUNARMS1A, RUNARMS3B, RUNARMS9C, RUNARMS8B, P50ARMS1A, P50ARMS1B, P50ARMS1C, P50ARMS2A, P50ARMS2B, P50ARMS2C, P50ARMS3A, P50ARMS3B, P50ARMS3C"
"750","0.413038969962372","11.2590498878167","0.001","0.229186538957426","0.272125153063673","0.336251964726316",NA,"RUNARMS4A, RUNARMS2C, RUNARMS1A, RUNARMS5B, RUNARMS9B, RUNARMS3A, RUNARMS8A, RUNARMS7A, RUNARMS7C, P50ARMS1A, P50ARMS1B, P50ARMS1C, P50ARMS2A, P50ARMS2B, P50ARMS2C, P50ARMS3A, P50ARMS3B, P50ARMS3C"
"751","0.409521366237512","11.0966620723414","0.001","0.229966722191111","0.26803135205596","0.38709085967406",NA,"RUNARMS7A, RUNARMS1A, RUNARMS9A, RUNARMS8A, RUNARMS2A, RUNARMS9B, RUNARMS5C, RUNARMS6C, RUNARMS6B, P50ARMS1A, P50ARMS1B, P50ARMS1C, P50ARMS2A, P50ARMS2B, P50ARMS2C, P50ARMS3A, P50ARMS3B, P50ARMS3C"
"752","0.459460127366304","13.600036574624","0.001","0.204336889815477","0.275244213888515","0.120854149666457",NA,"RUNARMS5B, RUNARMS2B, RUNARMS5A, RUNARMS8A, RUNARMS3B, RUNARMS6B, RUNARMS2A, RUNARMS1A, RUNARMS9C, P50ARMS1A, P50ARMS1B, P50ARMS1C, P50ARMS2A, P50ARMS2B, P50ARMS2C, P50ARMS3A, P50ARMS3B, P50ARMS3C"
"753","0.40357644208527","10.8265728066488","0.002","0.242120825950787","0.274538855575752","0.462445087545738",NA,"RUNARMS9A, RUNARMS2A, RUNARMS4B, RUNARMS6B, RUNARMS9C, RUNARMS3C, RUNARMS8B, RUNARMS9B, RUNARMS1C, P50ARMS1A, P50ARMS1B, P50ARMS1C, P50ARMS2A, P50ARMS2B, P50ARMS2C, P50ARMS3A, P50ARMS3B, P50ARMS3C"
"754","0.411017130590797","11.1654759943176","0.001","0.222793528387884","0.26617745239275","0.35239064577689",NA,"RUNARMS8A, RUNARMS3C, RUNARMS9A, RUNARMS1C, RUNARMS3B, RUNARMS3A, RUNARMS1A, RUNARMS9B, RUNARMS4A, P50ARMS1A, P50ARMS1B, P50ARMS1C, P50ARMS2A, P50ARMS2B, P50ARMS2C, P50ARMS3A, P50ARMS3B, P50ARMS3C"
"755","0.490816582397919","15.4228614815256","0.001","0.19602099123266","0.279640079537293","0.0490081319512335",NA,"RUNARMS2C, RUNARMS9A, RUNARMS6A, RUNARMS2A, RUNARMS2B, RUNARMS1A, RUNARMS5A, RUNARMS1C, RUNARMS9C, P50ARMS1A, P50ARMS1B, P50ARMS1C, P50ARMS2A, P50ARMS2B, P50ARMS2C, P50ARMS3A, P50ARMS3B, P50ARMS3C"
"756","0.402603152803171","10.7828664899672","0.001","0.238051552953322","0.273262234471782","0.42698161170283",NA,"RUNARMS8B, RUNARMS7A, RUNARMS1C, RUNARMS3C, RUNARMS5B, RUNARMS2C, RUNARMS6A, RUNARMS7C, RUNARMS3A, P50ARMS1A, P50ARMS1B, P50ARMS1C, P50ARMS2A, P50ARMS2B, P50ARMS2C, P50ARMS3A, P50ARMS3B, P50ARMS3C"
"757","0.472760594879782","14.3467454151151","0.001","0.205687712462914","0.273073067230945","0.131036483272837",NA,"RUNARMS1A, RUNARMS1C, RUNARMS4B, RUNARMS7C, RUNARMS3B, RUNARMS8A, RUNARMS2B, RUNARMS9C, RUNARMS9A, P50ARMS1A, P50ARMS1B, P50ARMS1C, P50ARMS2A, P50ARMS2B, P50ARMS2C, P50ARMS3A, P50ARMS3B, P50ARMS3C"
"758","0.392902983772946","10.3549310445235","0.001","0.23542399109594","0.28140716085024","0.295650555007585",NA,"RUNARMS1B, RUNARMS2A, RUNARMS3C, RUNARMS4B, RUNARMS6A, RUNARMS3B, RUNARMS8B, RUNARMS9C, RUNARMS8C, P50ARMS1A, P50ARMS1B, P50ARMS1C, P50ARMS2A, P50ARMS2B, P50ARMS2C, P50ARMS3A, P50ARMS3B, P50ARMS3C"
"759","0.426749150029233","11.9109921962016","0.001","0.209200574093282","0.272168998987922","0.147719465161405",NA,"RUNARMS1C, RUNARMS5B, RUNARMS9A, RUNARMS6C, RUNARMS6B, RUNARMS7A, RUNARMS6A, RUNARMS3C, RUNARMS2A, P50ARMS1A, P50ARMS1B, P50ARMS1C, P50ARMS2A, P50ARMS2B, P50ARMS2C, P50ARMS3A, P50ARMS3B, P50ARMS3C"
"760","0.396527789263782","10.5132341064727","0.001","0.216765191229689","0.272124112790919","0.212450206832113",NA,"RUNARMS7B, RUNARMS6A, RUNARMS8C, RUNARMS4B, RUNARMS9B, RUNARMS3A, RUNARMS2C, RUNARMS1A, RUNARMS1B, P50ARMS1A, P50ARMS1B, P50ARMS1C, P50ARMS2A, P50ARMS2B, P50ARMS2C, P50ARMS3A, P50ARMS3B, P50ARMS3C"
"761","0.395642313424057","10.4743881899638","0.001","0.22254844790739","0.268742055407276","0.308223269063921",NA,"RUNARMS7A, RUNARMS3B, RUNARMS6C, RUNARMS8A, RUNARMS9A, RUNARMS8C, RUNARMS9B, RUNARMS4B, RUNARMS1B, P50ARMS1A, P50ARMS1B, P50ARMS1C, P50ARMS2A, P50ARMS2B, P50ARMS2C, P50ARMS3A, P50ARMS3B, P50ARMS3C"
"762","0.407647519450505","11.0109445395715","0.001","0.236909750765978","0.283656126234037","0.25859971938294",NA,"RUNARMS9C, RUNARMS6A, RUNARMS9A, RUNARMS3A, RUNARMS1B, RUNARMS3B, RUNARMS3C, RUNARMS7A, RUNARMS8A, P50ARMS1A, P50ARMS1B, P50ARMS1C, P50ARMS2A, P50ARMS2B, P50ARMS2C, P50ARMS3A, P50ARMS3B, P50ARMS3C"
"763","0.416545072590881","11.4228552170248","0.001","0.226615174219281","0.272682123023533","0.288909483154151",NA,"RUNARMS3C, RUNARMS8A, RUNARMS5C, RUNARMS6B, RUNARMS1A, RUNARMS7B, RUNARMS9A, RUNARMS9C, RUNARMS6C, P50ARMS1A, P50ARMS1B, P50ARMS1C, P50ARMS2A, P50ARMS2B, P50ARMS2C, P50ARMS3A, P50ARMS3B, P50ARMS3C"
"764","0.448733629771402","13.0240813952884","0.001","0.216106971440005","0.276187658000242","0.180835750411937",NA,"RUNARMS2A, RUNARMS3B, RUNARMS9C, RUNARMS6B, RUNARMS1C, RUNARMS2C, RUNARMS9B, RUNARMS4B, RUNARMS7A, P50ARMS1A, P50ARMS1B, P50ARMS1C, P50ARMS2A, P50ARMS2B, P50ARMS2C, P50ARMS3A, P50ARMS3B, P50ARMS3C"
"765","0.438614962217637","12.5009377221821","0.001","0.210080774305146","0.270689526436284","0.184095432043677",NA,"RUNARMS7A, RUNARMS3B, RUNARMS1A, RUNARMS5C, RUNARMS9B, RUNARMS4A, RUNARMS7B, RUNARMS8A, RUNARMS2A, P50ARMS1A, P50ARMS1B, P50ARMS1C, P50ARMS2A, P50ARMS2B, P50ARMS2C, P50ARMS3A, P50ARMS3B, P50ARMS3C"
"766","0.409498882234961","11.095630336074","0.001","0.229235731170552","0.274581925490789","0.313383171695554",NA,"RUNARMS1B, RUNARMS7B, RUNARMS7C, RUNARMS6C, RUNARMS2B, RUNARMS3A, RUNARMS8B, RUNARMS1C, RUNARMS1A, P50ARMS1A, P50ARMS1B, P50ARMS1C, P50ARMS2A, P50ARMS2B, P50ARMS2C, P50ARMS3A, P50ARMS3B, P50ARMS3C"
"767","0.425554649710427","11.852954144262","0.001","0.21662707745417","0.271773689219226","0.227734228713574",NA,"RUNARMS8B, RUNARMS3B, RUNARMS1A, RUNARMS7B, RUNARMS8C, RUNARMS7C, RUNARMS6C, RUNARMS4B, RUNARMS2A, P50ARMS1A, P50ARMS1B, P50ARMS1C, P50ARMS2A, P50ARMS2B, P50ARMS2C, P50ARMS3A, P50ARMS3B, P50ARMS3C"
"768","0.454431113559771","13.3271856179301","0.001","0.201117294916469","0.272217931334126","0.105196058341297",NA,"RUNARMS2B, RUNARMS7C, RUNARMS5B, RUNARMS2C, RUNARMS6A, RUNARMS4B, RUNARMS5C, RUNARMS1C, RUNARMS6C, P50ARMS1A, P50ARMS1B, P50ARMS1C, P50ARMS2A, P50ARMS2B, P50ARMS2C, P50ARMS3A, P50ARMS3B, P50ARMS3C"
"769","0.457898640853075","13.5147756596263","0.001","0.184622584303919","0.26653814216448","0.0697888145216947",NA,"RUNARMS1C, RUNARMS6B, RUNARMS8C, RUNARMS1A, RUNARMS5B, RUNARMS2B, RUNARMS7B, RUNARMS5A, RUNARMS3B, P50ARMS1A, P50ARMS1B, P50ARMS1C, P50ARMS2A, P50ARMS2B, P50ARMS2C, P50ARMS3A, P50ARMS3B, P50ARMS3C"
"770","0.451385432531275","13.1643732207533","0.001","0.214290839724288","0.273654519930201","0.222021023068356",NA,"RUNARMS8A, RUNARMS1C, RUNARMS1A, RUNARMS3A, RUNARMS9C, RUNARMS4C, RUNARMS3B, RUNARMS8B, RUNARMS2B, P50ARMS1A, P50ARMS1B, P50ARMS1C, P50ARMS2A, P50ARMS2B, P50ARMS2C, P50ARMS3A, P50ARMS3B, P50ARMS3C"
"771","0.409708181986126","11.1052376328617","0.001","0.226928387157838","0.274229469708059","0.288150265599195",NA,"RUNARMS1A, RUNARMS2A, RUNARMS8B, RUNARMS8C, RUNARMS4C, RUNARMS9A, RUNARMS7A, RUNARMS9B, RUNARMS6A, P50ARMS1A, P50ARMS1B, P50ARMS1C, P50ARMS2A, P50ARMS2B, P50ARMS2C, P50ARMS3A, P50ARMS3B, P50ARMS3C"
"772","0.422253064168652","11.6937859946878","0.001","0.222774003600571","0.273212574223038","0.255091566117056",NA,"RUNARMS1B, RUNARMS4A, RUNARMS5A, RUNARMS9B, RUNARMS1C, RUNARMS9C, RUNARMS2C, RUNARMS7C, RUNARMS6C, P50ARMS1A, P50ARMS1B, P50ARMS1C, P50ARMS2A, P50ARMS2B, P50ARMS2C, P50ARMS3A, P50ARMS3B, P50ARMS3C"
"773","0.423776020239277","11.7669804832559","0.001","0.206615151742073","0.26934326160845","0.170855224729856",NA,"RUNARMS8C, RUNARMS6A, RUNARMS7C, RUNARMS7A, RUNARMS1B, RUNARMS3B, RUNARMS9A, RUNARMS8A, RUNARMS7B, P50ARMS1A, P50ARMS1B, P50ARMS1C, P50ARMS2A, P50ARMS2B, P50ARMS2C, P50ARMS3A, P50ARMS3B, P50ARMS3C"
"774","0.45979363317406","13.6183106726607","0.001","0.200330776586169","0.274378213816416","0.0829034880957974",NA,"RUNARMS6A, RUNARMS7C, RUNARMS1C, RUNARMS7B, RUNARMS3B, RUNARMS4A, RUNARMS4B, RUNARMS2C, RUNARMS7A, P50ARMS1A, P50ARMS1B, P50ARMS1C, P50ARMS2A, P50ARMS2B, P50ARMS2C, P50ARMS3A, P50ARMS3B, P50ARMS3C"
"775","0.399625917186488","10.6500511231594","0.001","0.221146310256661","0.271170151980355","0.27626408481063",NA,"RUNARMS9A, RUNARMS6B, RUNARMS2B, RUNARMS4A, RUNARMS8B, RUNARMS1A, RUNARMS4B, RUNARMS3C, RUNARMS7A, P50ARMS1A, P50ARMS1B, P50ARMS1C, P50ARMS2A, P50ARMS2B, P50ARMS2C, P50ARMS3A, P50ARMS3B, P50ARMS3C"
"776","0.436490394997467","12.3934823079512","0.001","0.215982428016886","0.270707307266934","0.212244659295314",NA,"RUNARMS2C, RUNARMS1C, RUNARMS7B, RUNARMS9C, RUNARMS1B, RUNARMS8C, RUNARMS8A, RUNARMS5C, RUNARMS7C, P50ARMS1A, P50ARMS1B, P50ARMS1C, P50ARMS2A, P50ARMS2B, P50ARMS2C, P50ARMS3A, P50ARMS3B, P50ARMS3C"
"777","0.415018249190317","11.3512805790166","0.001","0.216441230144967","0.274987618615655","0.186776423697432",NA,"RUNARMS8C, RUNARMS3C, RUNARMS1A, RUNARMS9B, RUNARMS2A, RUNARMS2C, RUNARMS9A, RUNARMS5B, RUNARMS7B, P50ARMS1A, P50ARMS1B, P50ARMS1C, P50ARMS2A, P50ARMS2B, P50ARMS2C, P50ARMS3A, P50ARMS3B, P50ARMS3C"
"778","0.400040167051577","10.6684519884775","0.001","0.221520412793695","0.277794820369576","0.185970062077602",NA,"RUNARMS3C, RUNARMS7C, RUNARMS3A, RUNARMS4A, RUNARMS6B, RUNARMS7A, RUNARMS2C, RUNARMS2B, RUNARMS1B, P50ARMS1A, P50ARMS1B, P50ARMS1C, P50ARMS2A, P50ARMS2B, P50ARMS2C, P50ARMS3A, P50ARMS3B, P50ARMS3C"
"779","0.389801111746209","10.2209589496095","0.001","0.218253243866259","0.270172742377264","0.262236439461806",NA,"RUNARMS7B, RUNARMS8B, RUNARMS2A, RUNARMS8C, RUNARMS5B, RUNARMS5A, RUNARMS1B, RUNARMS3A, RUNARMS6A, P50ARMS1A, P50ARMS1B, P50ARMS1C, P50ARMS2A, P50ARMS2B, P50ARMS2C, P50ARMS3A, P50ARMS3B, P50ARMS3C"
"780","0.405201730540478","10.8998765153416","0.001","0.218687118487822","0.278093083124169","0.21064007176943",NA,"RUNARMS3C, RUNARMS2A, RUNARMS5A, RUNARMS4B, RUNARMS4A, RUNARMS8B, RUNARMS3B, RUNARMS1B, RUNARMS2C, P50ARMS1A, P50ARMS1B, P50ARMS1C, P50ARMS2A, P50ARMS2B, P50ARMS2C, P50ARMS3A, P50ARMS3B, P50ARMS3C"
"781","0.381412588369608","9.86538248140111","0.001","0.235457449164541","0.278524415186206","0.334346991110026",NA,"RUNARMS4A, RUNARMS2C, RUNARMS3C, RUNARMS7B, RUNARMS9B, RUNARMS8B, RUNARMS5C, RUNARMS4B, RUNARMS1B, P50ARMS1A, P50ARMS1B, P50ARMS1C, P50ARMS2A, P50ARMS2B, P50ARMS2C, P50ARMS3A, P50ARMS3B, P50ARMS3C"
"782","0.417475050233042","11.4666347019143","0.001","0.242459718509035","0.281006847362987","0.37145521090669",NA,"RUNARMS9B, RUNARMS3B, RUNARMS7C, RUNARMS6C, RUNARMS7B, RUNARMS3C, RUNARMS9C, RUNARMS8B, RUNARMS1A, P50ARMS1A, P50ARMS1B, P50ARMS1C, P50ARMS2A, P50ARMS2B, P50ARMS2C, P50ARMS3A, P50ARMS3B, P50ARMS3C"
"783","0.439498343588814","12.5458567641812","0.001","0.178897531275891","0.268718041808835","0.0478920234718748",NA,"RUNARMS3B, RUNARMS4C, RUNARMS3A, RUNARMS9A, RUNARMS1B, RUNARMS4B, RUNARMS2B, RUNARMS5B, RUNARMS6A, P50ARMS1A, P50ARMS1B, P50ARMS1C, P50ARMS2A, P50ARMS2B, P50ARMS2C, P50ARMS3A, P50ARMS3B, P50ARMS3C"
"784","0.46973686312842","14.1736984667575","0.001","0.188140263695494","0.272393913978922","0.0599138858776294",NA,"RUNARMS1C, RUNARMS4C, RUNARMS5A, RUNARMS9C, RUNARMS6B, RUNARMS4A, RUNARMS2A, RUNARMS5C, RUNARMS7A, P50ARMS1A, P50ARMS1B, P50ARMS1C, P50ARMS2A, P50ARMS2B, P50ARMS2C, P50ARMS3A, P50ARMS3B, P50ARMS3C"
"785","0.380590971165225","9.83107325719646","0.002","0.243134713162271","0.281210838269006","0.380538946278645",NA,"RUNARMS4B, RUNARMS3C, RUNARMS8B, RUNARMS7B, RUNARMS1B, RUNARMS9A, RUNARMS9B, RUNARMS8C, RUNARMS1C, P50ARMS1A, P50ARMS1B, P50ARMS1C, P50ARMS2A, P50ARMS2B, P50ARMS2C, P50ARMS3A, P50ARMS3B, P50ARMS3C"
"786","0.445137625669227","12.8359794071418","0.001","0.200844817863548","0.277491106258635","0.0806790430996119",NA,"RUNARMS1B, RUNARMS5A, RUNARMS7C, RUNARMS5C, RUNARMS2B, RUNARMS2A, RUNARMS4A, RUNARMS6C, RUNARMS2C, P50ARMS1A, P50ARMS1B, P50ARMS1C, P50ARMS2A, P50ARMS2B, P50ARMS2C, P50ARMS3A, P50ARMS3B, P50ARMS3C"
"787","0.43437283669719","12.2871846298413","0.001","0.215367218747529","0.283107888415116","0.104908337335193",NA,"RUNARMS4A, RUNARMS2B, RUNARMS6B, RUNARMS8C, RUNARMS3C, RUNARMS2A, RUNARMS5A, RUNARMS9C, RUNARMS1A, P50ARMS1A, P50ARMS1B, P50ARMS1C, P50ARMS2A, P50ARMS2B, P50ARMS2C, P50ARMS3A, P50ARMS3B, P50ARMS3C"
"788","0.383990444545387","9.97362306854487","0.001","0.22702663916999","0.270591187043327","0.331228439676368",NA,"RUNARMS4A, RUNARMS6C, RUNARMS1B, RUNARMS5A, RUNARMS8C, RUNARMS3C, RUNARMS2A, RUNARMS7C, RUNARMS8A, P50ARMS1A, P50ARMS1B, P50ARMS1C, P50ARMS2A, P50ARMS2B, P50ARMS2C, P50ARMS3A, P50ARMS3B, P50ARMS3C"
"789","0.415035797122647","11.3521010709687","0.001","0.199180303572635","0.267005706793438","0.136988006180928",NA,"RUNARMS6C, RUNARMS3A, RUNARMS4B, RUNARMS9A, RUNARMS5C, RUNARMS4C, RUNARMS1B, RUNARMS7C, RUNARMS6A, P50ARMS1A, P50ARMS1B, P50ARMS1C, P50ARMS2A, P50ARMS2B, P50ARMS2C, P50ARMS3A, P50ARMS3B, P50ARMS3C"
"790","0.40812148763984","11.0325745332413","0.001","0.227194421513082","0.273256850619586","0.291177485823986",NA,"RUNARMS9B, RUNARMS3C, RUNARMS9A, RUNARMS1C, RUNARMS4B, RUNARMS6A, RUNARMS6B, RUNARMS2C, RUNARMS7A, P50ARMS1A, P50ARMS1B, P50ARMS1C, P50ARMS2A, P50ARMS2B, P50ARMS2C, P50ARMS3A, P50ARMS3B, P50ARMS3C"
"791","0.414303270463201","11.3178919961764","0.001","0.215179661002019","0.275385436201577","0.180906154182937",NA,"RUNARMS2B, RUNARMS6C, RUNARMS2A, RUNARMS1A, RUNARMS8A, RUNARMS5B, RUNARMS3A, RUNARMS1B, RUNARMS7B, P50ARMS1A, P50ARMS1B, P50ARMS1C, P50ARMS2A, P50ARMS2B, P50ARMS2C, P50ARMS3A, P50ARMS3B, P50ARMS3C"
"792","0.428100351069003","11.9769362158334","0.001","0.210559459960365","0.269594229894691","0.195157101298347",NA,"RUNARMS2B, RUNARMS1A, RUNARMS1B, RUNARMS6C, RUNARMS3B, RUNARMS7A, RUNARMS8A, RUNARMS7B, RUNARMS7C, P50ARMS1A, P50ARMS1B, P50ARMS1C, P50ARMS2A, P50ARMS2B, P50ARMS2C, P50ARMS3A, P50ARMS3B, P50ARMS3C"
"793","0.422834214346136","11.7216709612712","0.001","0.222969227942653","0.276672240715028","0.218402865257563",NA,"RUNARMS9C, RUNARMS6A, RUNARMS2B, RUNARMS6B, RUNARMS1B, RUNARMS7B, RUNARMS1C, RUNARMS8A, RUNARMS6C, P50ARMS1A, P50ARMS1B, P50ARMS1C, P50ARMS2A, P50ARMS2B, P50ARMS2C, P50ARMS3A, P50ARMS3B, P50ARMS3C"
"794","0.443599440852437","12.7562615402704","0.001","0.213011056354706","0.27706859672891","0.150842108379287",NA,"RUNARMS1B, RUNARMS4B, RUNARMS5A, RUNARMS9C, RUNARMS3B, RUNARMS2C, RUNARMS1A, RUNARMS9B, RUNARMS7C, P50ARMS1A, P50ARMS1B, P50ARMS1C, P50ARMS2A, P50ARMS2B, P50ARMS2C, P50ARMS3A, P50ARMS3B, P50ARMS3C"
"795","0.389948311253364","10.2272858106045","0.002","0.234721294519426","0.268543924481586","0.452217109163371",NA,"RUNARMS7C, RUNARMS1A, RUNARMS2A, RUNARMS1B, RUNARMS7B, RUNARMS6A, RUNARMS6C, RUNARMS8A, RUNARMS9B, P50ARMS1A, P50ARMS1B, P50ARMS1C, P50ARMS2A, P50ARMS2B, P50ARMS2C, P50ARMS3A, P50ARMS3B, P50ARMS3C"
"796","0.417693411608565","11.4769345203502","0.001","0.198334178133549","0.268711708316849","0.158602821916898",NA,"RUNARMS5A, RUNARMS4B, RUNARMS1A, RUNARMS8B, RUNARMS6B, RUNARMS5C, RUNARMS4C, RUNARMS1B, RUNARMS2B, P50ARMS1A, P50ARMS1B, P50ARMS1C, P50ARMS2A, P50ARMS2B, P50ARMS2C, P50ARMS3A, P50ARMS3B, P50ARMS3C"
"797","0.46111697704511","13.6910448435845","0.001","0.183263863592574","0.270505754423828","0.0463563732572384",NA,"RUNARMS5A, RUNARMS4B, RUNARMS3B, RUNARMS2A, RUNARMS9A, RUNARMS6A, RUNARMS1A, RUNARMS6B, RUNARMS4A, P50ARMS1A, P50ARMS1B, P50ARMS1C, P50ARMS2A, P50ARMS2B, P50ARMS2C, P50ARMS3A, P50ARMS3B, P50ARMS3C"
"798","0.411726708826063","11.1982431296022","0.001","0.211650443621862","0.270581372158278","0.201228458962611",NA,"RUNARMS8C, RUNARMS4C, RUNARMS9B, RUNARMS2B, RUNARMS3C, RUNARMS1C, RUNARMS3A, RUNARMS9A, RUNARMS4B, P50ARMS1A, P50ARMS1B, P50ARMS1C, P50ARMS2A, P50ARMS2B, P50ARMS2C, P50ARMS3A, P50ARMS3B, P50ARMS3C"
"799","0.430344471233567","12.0871495000626","0.001","0.233666124481991","0.279905292056317","0.272789985820268",NA,"RUNARMS9B, RUNARMS9A, RUNARMS2B, RUNARMS9C, RUNARMS1C, RUNARMS7C, RUNARMS6A, RUNARMS5C, RUNARMS3C, P50ARMS1A, P50ARMS1B, P50ARMS1C, P50ARMS2A, P50ARMS2B, P50ARMS2C, P50ARMS3A, P50ARMS3B, P50ARMS3C"
"800","0.387979696180208","10.1429235274377","0.001","0.210508189917568","0.274649912089067","0.171084456055003",NA,"RUNARMS2A, RUNARMS6B, RUNARMS3B, RUNARMS8C, RUNARMS3C, RUNARMS4A, RUNARMS9B, RUNARMS1B, RUNARMS4C, P50ARMS1A, P50ARMS1B, P50ARMS1C, P50ARMS2A, P50ARMS2B, P50ARMS2C, P50ARMS3A, P50ARMS3B, P50ARMS3C"
"801","0.459108889365992","13.5808152240578","0.001","0.192049089333823","0.27151559616882","0.0715137111251618",NA,"RUNARMS6C, RUNARMS1B, RUNARMS6A, RUNARMS2A, RUNARMS5C, RUNARMS3B, RUNARMS2C, RUNARMS9C, RUNARMS5A, P50ARMS1A, P50ARMS1B, P50ARMS1C, P50ARMS2A, P50ARMS2B, P50ARMS2C, P50ARMS3A, P50ARMS3B, P50ARMS3C"
"802","0.412168220740369","11.2186713351086","0.001","0.210234439318881","0.26831531746782","0.209906909018061",NA,"RUNARMS7A, RUNARMS4C, RUNARMS3C, RUNARMS9B, RUNARMS1A, RUNARMS9A, RUNARMS4B, RUNARMS6C, RUNARMS2A, P50ARMS1A, P50ARMS1B, P50ARMS1C, P50ARMS2A, P50ARMS2B, P50ARMS2C, P50ARMS3A, P50ARMS3B, P50ARMS3C"
"803","0.402981989171955","10.7998614946449","0.001","0.232822723498877","0.271800767784964","0.391674618693829",NA,"RUNARMS6C, RUNARMS2C, RUNARMS9B, RUNARMS8B, RUNARMS1A, RUNARMS9A, RUNARMS2A, RUNARMS6A, RUNARMS8C, P50ARMS1A, P50ARMS1B, P50ARMS1C, P50ARMS2A, P50ARMS2B, P50ARMS2C, P50ARMS3A, P50ARMS3B, P50ARMS3C"
"804","0.391906951335028","10.3117627065906","0.001","0.233918715852506","0.269339520476693","0.439646110100227",NA,"RUNARMS1A, RUNARMS6B, RUNARMS4C, RUNARMS3A, RUNARMS8A, RUNARMS9B, RUNARMS3C, RUNARMS7C, RUNARMS9A, P50ARMS1A, P50ARMS1B, P50ARMS1C, P50ARMS2A, P50ARMS2B, P50ARMS2C, P50ARMS3A, P50ARMS3B, P50ARMS3C"
"805","0.469064100783622","14.1354646080907","0.001","0.189689385970602","0.272402927139264","0.0559016966947022",NA,"RUNARMS5C, RUNARMS2C, RUNARMS3B, RUNARMS1C, RUNARMS4A, RUNARMS7B, RUNARMS5A, RUNARMS6A, RUNARMS3A, P50ARMS1A, P50ARMS1B, P50ARMS1C, P50ARMS2A, P50ARMS2B, P50ARMS2C, P50ARMS3A, P50ARMS3B, P50ARMS3C"
"806","0.464532810002154","13.8804488843926","0.001","0.178442280005454","0.268878391292764","0.0474613403570333",NA,"RUNARMS1A, RUNARMS4C, RUNARMS3B, RUNARMS4B, RUNARMS7B, RUNARMS2A, RUNARMS5A, RUNARMS7A, RUNARMS6B, P50ARMS1A, P50ARMS1B, P50ARMS1C, P50ARMS2A, P50ARMS2B, P50ARMS2C, P50ARMS3A, P50ARMS3B, P50ARMS3C"
"807","0.390883036862898","10.267533114816","0.001","0.238747907122582","0.279749230520062","0.385274849618557",NA,"RUNARMS2A, RUNARMS1C, RUNARMS8B, RUNARMS4C, RUNARMS3A, RUNARMS9B, RUNARMS4A, RUNARMS6A, RUNARMS3C, P50ARMS1A, P50ARMS1B, P50ARMS1C, P50ARMS2A, P50ARMS2B, P50ARMS2C, P50ARMS3A, P50ARMS3B, P50ARMS3C"
"808","0.438790679096433","12.5098614795625","0.001","0.191126940138585","0.272028350798395","0.0965930341277774",NA,"RUNARMS2A, RUNARMS2B, RUNARMS9B, RUNARMS2C, RUNARMS4C, RUNARMS4B, RUNARMS5C, RUNARMS1B, RUNARMS3B, P50ARMS1A, P50ARMS1B, P50ARMS1C, P50ARMS2A, P50ARMS2B, P50ARMS2C, P50ARMS3A, P50ARMS3B, P50ARMS3C"
"809","0.44443444225699","12.7994814959374","0.001","0.201983937607378","0.273648747226414","0.139737635462568",NA,"RUNARMS7B, RUNARMS2B, RUNARMS8B, RUNARMS9A, RUNARMS2C, RUNARMS3B, RUNARMS6C, RUNARMS1A, RUNARMS4C, P50ARMS1A, P50ARMS1B, P50ARMS1C, P50ARMS2A, P50ARMS2B, P50ARMS2C, P50ARMS3A, P50ARMS3B, P50ARMS3C"
"810","0.421852472966585","11.6745973161885","0.001","0.223383508978784","0.27233034884663","0.276177022113384",NA,"RUNARMS3C, RUNARMS2C, RUNARMS1A, RUNARMS7C, RUNARMS4B, RUNARMS8B, RUNARMS9A, RUNARMS2B, RUNARMS7A, P50ARMS1A, P50ARMS1B, P50ARMS1C, P50ARMS2A, P50ARMS2B, P50ARMS2C, P50ARMS3A, P50ARMS3B, P50ARMS3C"
"811","0.462703819103879","13.7787339067154","0.001","0.187442308533565","0.269520690347502","0.0634205461634226",NA,"RUNARMS3A, RUNARMS7B, RUNARMS7A, RUNARMS5B, RUNARMS3B, RUNARMS1A, RUNARMS1C, RUNARMS2C, RUNARMS4A, P50ARMS1A, P50ARMS1B, P50ARMS1C, P50ARMS2A, P50ARMS2B, P50ARMS2C, P50ARMS3A, P50ARMS3B, P50ARMS3C"
"812","0.409254525555177","11.0844224664381","0.001","0.197350969151481","0.264449888256404","0.152891531614428",NA,"RUNARMS4B, RUNARMS6C, RUNARMS5B, RUNARMS6A, RUNARMS3B, RUNARMS8A, RUNARMS7B, RUNARMS4A, RUNARMS1B, P50ARMS1A, P50ARMS1B, P50ARMS1C, P50ARMS2A, P50ARMS2B, P50ARMS2C, P50ARMS3A, P50ARMS3B, P50ARMS3C"
"813","0.401970884502022","10.7545502139588","0.001","0.227646827159941","0.271908661413558","0.322814706067649",NA,"RUNARMS8A, RUNARMS3B, RUNARMS1B, RUNARMS4A, RUNARMS9B, RUNARMS7A, RUNARMS6B, RUNARMS1C, RUNARMS9A, P50ARMS1A, P50ARMS1B, P50ARMS1C, P50ARMS2A, P50ARMS2B, P50ARMS2C, P50ARMS3A, P50ARMS3B, P50ARMS3C"
"814","0.396087183976952","10.4938904681059","0.001","0.235558684360914","0.268138140388288","0.476223658002524",NA,"RUNARMS8A, RUNARMS5C, RUNARMS6C, RUNARMS8B, RUNARMS7B, RUNARMS2C, RUNARMS1B, RUNARMS1C, RUNARMS6A, P50ARMS1A, P50ARMS1B, P50ARMS1C, P50ARMS2A, P50ARMS2B, P50ARMS2C, P50ARMS3A, P50ARMS3B, P50ARMS3C"
"815","0.454499138764961","13.3308427850604","0.001","0.195178625133171","0.27089638559926","0.0830999515104095",NA,"RUNARMS2A, RUNARMS6A, RUNARMS6B, RUNARMS5B, RUNARMS3B, RUNARMS7C, RUNARMS1A, RUNARMS5A, RUNARMS7B, P50ARMS1A, P50ARMS1B, P50ARMS1C, P50ARMS2A, P50ARMS2B, P50ARMS2C, P50ARMS3A, P50ARMS3B, P50ARMS3C"
"816","0.409936153928918","11.1157097770612","0.001","0.212855740746781","0.276284849628813","0.140547438115073",NA,"RUNARMS3C, RUNARMS6B, RUNARMS3A, RUNARMS9C, RUNARMS6C, RUNARMS2A, RUNARMS9A, RUNARMS4C, RUNARMS1B, P50ARMS1A, P50ARMS1B, P50ARMS1C, P50ARMS2A, P50ARMS2B, P50ARMS2C, P50ARMS3A, P50ARMS3B, P50ARMS3C"
"817","0.418168268722536","11.4993595912526","0.001","0.230165587129156","0.271772685306363","0.377083233690319",NA,"RUNARMS5C, RUNARMS3B, RUNARMS8B, RUNARMS9B, RUNARMS4C, RUNARMS8A, RUNARMS4B, RUNARMS6B, RUNARMS1C, P50ARMS1A, P50ARMS1B, P50ARMS1C, P50ARMS2A, P50ARMS2B, P50ARMS2C, P50ARMS3A, P50ARMS3B, P50ARMS3C"
"818","0.419457936990463","11.5604491379243","0.001","0.212080859347135","0.267532370479213","0.258087502296291",NA,"RUNARMS1C, RUNARMS5C, RUNARMS5B, RUNARMS2B, RUNARMS8B, RUNARMS3C, RUNARMS9A, RUNARMS4B, RUNARMS5A, P50ARMS1A, P50ARMS1B, P50ARMS1C, P50ARMS2A, P50ARMS2B, P50ARMS2C, P50ARMS3A, P50ARMS3B, P50ARMS3C"
"819","0.386352456653283","10.0735990447204","0.001","0.215196286950214","0.266789777490237","0.267494769614356",NA,"RUNARMS1B, RUNARMS5A, RUNARMS1A, RUNARMS6C, RUNARMS3C, RUNARMS4B, RUNARMS9B, RUNARMS5C, RUNARMS8C, P50ARMS1A, P50ARMS1B, P50ARMS1C, P50ARMS2A, P50ARMS2B, P50ARMS2C, P50ARMS3A, P50ARMS3B, P50ARMS3C"
"820","0.445504709016261","12.8550692136882","0.001","0.179262759827757","0.269365537323837","0.049249069682564",NA,"RUNARMS1B, RUNARMS4A, RUNARMS5A, RUNARMS5C, RUNARMS1A, RUNARMS4C, RUNARMS6C, RUNARMS7B, RUNARMS3B, P50ARMS1A, P50ARMS1B, P50ARMS1C, P50ARMS2A, P50ARMS2B, P50ARMS2C, P50ARMS3A, P50ARMS3B, P50ARMS3C"
"821","0.411582660124803","11.1915848084857","0.001","0.220466755916404","0.272052164259584","0.25542731533277",NA,"RUNARMS7C, RUNARMS7A, RUNARMS8A, RUNARMS1B, RUNARMS4B, RUNARMS3B, RUNARMS9B, RUNARMS2B, RUNARMS4A, P50ARMS1A, P50ARMS1B, P50ARMS1C, P50ARMS2A, P50ARMS2B, P50ARMS2C, P50ARMS3A, P50ARMS3B, P50ARMS3C"
"822","0.438073030587225","12.4734509481194","0.001","0.211715588895163","0.279095795208281","0.133377675422733",NA,"RUNARMS4C, RUNARMS2B, RUNARMS9C, RUNARMS1B, RUNARMS1A, RUNARMS2C, RUNARMS4B, RUNARMS7C, RUNARMS9B, P50ARMS1A, P50ARMS1B, P50ARMS1C, P50ARMS2A, P50ARMS2B, P50ARMS2C, P50ARMS3A, P50ARMS3B, P50ARMS3C"
"823","0.423961817086065","11.7759365170252","0.001","0.231806163115118","0.278541387132121","0.28437400389995",NA,"RUNARMS4A, RUNARMS9A, RUNARMS8B, RUNARMS5A, RUNARMS1C, RUNARMS9B, RUNARMS7A, RUNARMS3A, RUNARMS5C, P50ARMS1A, P50ARMS1B, P50ARMS1C, P50ARMS2A, P50ARMS2B, P50ARMS2C, P50ARMS3A, P50ARMS3B, P50ARMS3C"
"824","0.404301596616734","10.8592292830199","0.001","0.228002976190278","0.280189259740952","0.239016884850309",NA,"RUNARMS7B, RUNARMS6C, RUNARMS3C, RUNARMS8A, RUNARMS2B, RUNARMS5C, RUNARMS1B, RUNARMS1C, RUNARMS4C, P50ARMS1A, P50ARMS1B, P50ARMS1C, P50ARMS2A, P50ARMS2B, P50ARMS2C, P50ARMS3A, P50ARMS3B, P50ARMS3C"
"825","0.396304127770281","10.503411296991","0.001","0.231686174667768","0.276496970408418","0.323663389880991",NA,"RUNARMS1B, RUNARMS3A, RUNARMS8B, RUNARMS1C, RUNARMS7A, RUNARMS2A, RUNARMS2B, RUNARMS6A, RUNARMS8C, P50ARMS1A, P50ARMS1B, P50ARMS1C, P50ARMS2A, P50ARMS2B, P50ARMS2C, P50ARMS3A, P50ARMS3B, P50ARMS3C"
"826","0.407900110268507","11.022467454361","0.001","0.206300863677406","0.270703396091926","0.158194642230508",NA,"RUNARMS7B, RUNARMS3B, RUNARMS9B, RUNARMS6C, RUNARMS5A, RUNARMS4A, RUNARMS8C, RUNARMS2A, RUNARMS1B, P50ARMS1A, P50ARMS1B, P50ARMS1C, P50ARMS2A, P50ARMS2B, P50ARMS2C, P50ARMS3A, P50ARMS3B, P50ARMS3C"
"827","0.412886817542027","11.2519856103645","0.001","0.216085596999092","0.262417268832267","0.303708379073687",NA,"RUNARMS5C, RUNARMS1B, RUNARMS6A, RUNARMS2A, RUNARMS8A, RUNARMS7C, RUNARMS1C, RUNARMS9A, RUNARMS8C, P50ARMS1A, P50ARMS1B, P50ARMS1C, P50ARMS2A, P50ARMS2B, P50ARMS2C, P50ARMS3A, P50ARMS3B, P50ARMS3C"
"828","0.411838431680149","11.2034095082169","0.001","0.223544472443119","0.278303182381075","0.199605965556718",NA,"RUNARMS9B, RUNARMS4B, RUNARMS2C, RUNARMS1C, RUNARMS1B, RUNARMS8C, RUNARMS9C, RUNARMS3A, RUNARMS4A, P50ARMS1A, P50ARMS1B, P50ARMS1C, P50ARMS2A, P50ARMS2B, P50ARMS2C, P50ARMS3A, P50ARMS3B, P50ARMS3C"
"829","0.4029057889217","10.7964413372982","0.001","0.236027150801488","0.277058025296929","0.340734919816863",NA,"RUNARMS3C, RUNARMS6A, RUNARMS1C, RUNARMS2B, RUNARMS9B, RUNARMS7B, RUNARMS6B, RUNARMS3A, RUNARMS7C, P50ARMS1A, P50ARMS1B, P50ARMS1C, P50ARMS2A, P50ARMS2B, P50ARMS2C, P50ARMS3A, P50ARMS3B, P50ARMS3C"
"830","0.422707242996202","11.7155737810422","0.001","0.221572693781528","0.276680258800202","0.219264216727825",NA,"RUNARMS1A, RUNARMS4B, RUNARMS8B, RUNARMS8C, RUNARMS9C, RUNARMS5B, RUNARMS4A, RUNARMS1C, RUNARMS3A, P50ARMS1A, P50ARMS1B, P50ARMS1C, P50ARMS2A, P50ARMS2B, P50ARMS2C, P50ARMS3A, P50ARMS3B, P50ARMS3C"
"831","0.445780491417241","12.8694276405299","0.001","0.187635163744332","0.274543187525887","0.0496264340966064",NA,"RUNARMS6A, RUNARMS1B, RUNARMS7A, RUNARMS2B, RUNARMS4C, RUNARMS2C, RUNARMS4A, RUNARMS5C, RUNARMS5A, P50ARMS1A, P50ARMS1B, P50ARMS1C, P50ARMS2A, P50ARMS2B, P50ARMS2C, P50ARMS3A, P50ARMS3B, P50ARMS3C"
"832","0.408053820041571","11.0294843377883","0.001","0.209742766989798","0.269805800612323","0.21115021494647",NA,"RUNARMS4B, RUNARMS1A, RUNARMS1C, RUNARMS4A, RUNARMS8B, RUNARMS1B, RUNARMS5B, RUNARMS3A, RUNARMS5C, P50ARMS1A, P50ARMS1B, P50ARMS1C, P50ARMS2A, P50ARMS2B, P50ARMS2C, P50ARMS3A, P50ARMS3B, P50ARMS3C"
"833","0.419483327474828","11.5616545695442","0.001","0.213903591436987","0.275450340169057","0.169259913620307",NA,"RUNARMS7A, RUNARMS2B, RUNARMS9B, RUNARMS6C, RUNARMS5C, RUNARMS1B, RUNARMS7B, RUNARMS4C, RUNARMS9C, P50ARMS1A, P50ARMS1B, P50ARMS1C, P50ARMS2A, P50ARMS2B, P50ARMS2C, P50ARMS3A, P50ARMS3B, P50ARMS3C"
"834","0.425919841589588","11.8706723540192","0.001","0.204924699231868","0.266849046379453","0.1872662472557",NA,"RUNARMS5C, RUNARMS9B, RUNARMS7B, RUNARMS4C, RUNARMS6B, RUNARMS6A, RUNARMS1C, RUNARMS1A, RUNARMS3A, P50ARMS1A, P50ARMS1B, P50ARMS1C, P50ARMS2A, P50ARMS2B, P50ARMS2C, P50ARMS3A, P50ARMS3B, P50ARMS3C"
"835","0.400205442366087","10.6758005659759","0.001","0.234568644777589","0.271827995140158","0.405388150337567",NA,"RUNARMS8B, RUNARMS9A, RUNARMS3A, RUNARMS2C, RUNARMS7A, RUNARMS8A, RUNARMS2B, RUNARMS5C, RUNARMS1B, P50ARMS1A, P50ARMS1B, P50ARMS1C, P50ARMS2A, P50ARMS2B, P50ARMS2C, P50ARMS3A, P50ARMS3B, P50ARMS3C"
"836","0.409403455230811","11.091252296867","0.001","0.214959234656412","0.271877437527629","0.232656726815878",NA,"RUNARMS4B, RUNARMS3B, RUNARMS2C, RUNARMS6B, RUNARMS1B, RUNARMS9A, RUNARMS4C, RUNARMS8B, RUNARMS7C, P50ARMS1A, P50ARMS1B, P50ARMS1C, P50ARMS2A, P50ARMS2B, P50ARMS2C, P50ARMS3A, P50ARMS3B, P50ARMS3C"
"837","0.376311025394702","9.65381247941027","0.001","0.228762398017401","0.268936219793554","0.390169316548314",NA,"RUNARMS6A, RUNARMS8A, RUNARMS5A, RUNARMS1B, RUNARMS3A, RUNARMS4A, RUNARMS3C, RUNARMS9B, RUNARMS5C, P50ARMS1A, P50ARMS1B, P50ARMS1C, P50ARMS2A, P50ARMS2B, P50ARMS2C, P50ARMS3A, P50ARMS3B, P50ARMS3C"
"838","0.399568909863474","10.6475208609899","0.001","0.226221510632243","0.27431288084681","0.303878416781049",NA,"RUNARMS9B, RUNARMS5A, RUNARMS8B, RUNARMS5C, RUNARMS2C, RUNARMS4A, RUNARMS6B, RUNARMS3B, RUNARMS1B, P50ARMS1A, P50ARMS1B, P50ARMS1C, P50ARMS2A, P50ARMS2B, P50ARMS2C, P50ARMS3A, P50ARMS3B, P50ARMS3C"
"839","0.447363797463351","12.9521387244603","0.001","0.194555311078914","0.266939319389428","0.0992023423495857",NA,"RUNARMS5A, RUNARMS5C, RUNARMS7B, RUNARMS6C, RUNARMS6A, RUNARMS1A, RUNARMS2A, RUNARMS9A, RUNARMS3A, P50ARMS1A, P50ARMS1B, P50ARMS1C, P50ARMS2A, P50ARMS2B, P50ARMS2C, P50ARMS3A, P50ARMS3B, P50ARMS3C"
"840","0.431126248180153","12.1257483735459","0.001","0.206574221146812","0.269827942607541","0.173883910515883",NA,"RUNARMS9C, RUNARMS1B, RUNARMS4C, RUNARMS9A, RUNARMS4B, RUNARMS5C, RUNARMS7C, RUNARMS2B, RUNARMS8B, P50ARMS1A, P50ARMS1B, P50ARMS1C, P50ARMS2A, P50ARMS2B, P50ARMS2C, P50ARMS3A, P50ARMS3B, P50ARMS3C"
"841","0.465298414236602","13.923232745152","0.001","0.203155657722074","0.274543066221265","0.0934353892204717",NA,"RUNARMS5C, RUNARMS8C, RUNARMS3B, RUNARMS3A, RUNARMS7C, RUNARMS5A, RUNARMS9C, RUNARMS1C, RUNARMS5B, P50ARMS1A, P50ARMS1B, P50ARMS1C, P50ARMS2A, P50ARMS2B, P50ARMS2C, P50ARMS3A, P50ARMS3B, P50ARMS3C"
"842","0.430149907396333","12.0775597085461","0.001","0.212420017464112","0.270029570754809","0.209621641716606",NA,"RUNARMS3A, RUNARMS7B, RUNARMS6B, RUNARMS4C, RUNARMS6C, RUNARMS5A, RUNARMS9C, RUNARMS1C, RUNARMS9B, P50ARMS1A, P50ARMS1B, P50ARMS1C, P50ARMS2A, P50ARMS2B, P50ARMS2C, P50ARMS3A, P50ARMS3B, P50ARMS3C"
"843","0.435655318607526","12.3514676890749","0.001","0.199161871573522","0.268369222003426","0.148629952822416",NA,"RUNARMS9B, RUNARMS2C, RUNARMS3A, RUNARMS7A, RUNARMS3B, RUNARMS1A, RUNARMS5B, RUNARMS5C, RUNARMS4C, P50ARMS1A, P50ARMS1B, P50ARMS1C, P50ARMS2A, P50ARMS2B, P50ARMS2C, P50ARMS3A, P50ARMS3B, P50ARMS3C"
"844","0.405410682644624","10.9093297389954","0.001","0.203667506378334","0.265866826589979","0.178357923535552",NA,"RUNARMS1B, RUNARMS4B, RUNARMS3A, RUNARMS9A, RUNARMS9B, RUNARMS8C, RUNARMS2A, RUNARMS7B, RUNARMS5A, P50ARMS1A, P50ARMS1B, P50ARMS1C, P50ARMS2A, P50ARMS2B, P50ARMS2C, P50ARMS3A, P50ARMS3B, P50ARMS3C"
"845","0.422633265866388","11.7120226263284","0.001","0.230652934029744","0.270152634515871","0.371943368369324",NA,"RUNARMS2A, RUNARMS5C, RUNARMS6B, RUNARMS1C, RUNARMS9B, RUNARMS7C, RUNARMS8A, RUNARMS4B, RUNARMS7A, P50ARMS1A, P50ARMS1B, P50ARMS1C, P50ARMS2A, P50ARMS2B, P50ARMS2C, P50ARMS3A, P50ARMS3B, P50ARMS3C"
"846","0.464123159181722","13.8576067880974","0.001","0.185385871792309","0.273265528983625","0.0418088990518184",NA,"RUNARMS5A, RUNARMS1B, RUNARMS4A, RUNARMS1C, RUNARMS9C, RUNARMS2B, RUNARMS1A, RUNARMS4B, RUNARMS5B, P50ARMS1A, P50ARMS1B, P50ARMS1C, P50ARMS2A, P50ARMS2B, P50ARMS2C, P50ARMS3A, P50ARMS3B, P50ARMS3C"
"847","0.412453861178495","11.231903918376","0.001","0.193286913130921","0.270821409379275","0.0882674377618767",NA,"RUNARMS6C, RUNARMS4C, RUNARMS1B, RUNARMS7B, RUNARMS7A, RUNARMS5A, RUNARMS3A, RUNARMS8C, RUNARMS4A, P50ARMS1A, P50ARMS1B, P50ARMS1C, P50ARMS2A, P50ARMS2B, P50ARMS2C, P50ARMS3A, P50ARMS3B, P50ARMS3C"
"848","0.458688432629981","13.5578387096669","0.002","0.199014896301624","0.270652806262073","0.102176043687484",NA,"RUNARMS5B, RUNARMS3B, RUNARMS1C, RUNARMS4A, RUNARMS7C, RUNARMS9C, RUNARMS9A, RUNARMS6B, RUNARMS2A, P50ARMS1A, P50ARMS1B, P50ARMS1C, P50ARMS2A, P50ARMS2B, P50ARMS2C, P50ARMS3A, P50ARMS3B, P50ARMS3C"
"849","0.427689843180265","11.956868857457","0.001","0.225280820618835","0.27628533920334","0.277818553272955",NA,"RUNARMS8A, RUNARMS2C, RUNARMS5B, RUNARMS6A, RUNARMS4A, RUNARMS8B, RUNARMS1C, RUNARMS9C, RUNARMS4C, P50ARMS1A, P50ARMS1B, P50ARMS1C, P50ARMS2A, P50ARMS2B, P50ARMS2C, P50ARMS3A, P50ARMS3B, P50ARMS3C"
"850","0.403774812577125","10.8354982941234","0.001","0.20356554212213","0.264825965253484","0.1903922209214",NA,"RUNARMS7B, RUNARMS9B, RUNARMS5C, RUNARMS1A, RUNARMS3B, RUNARMS4A, RUNARMS6C, RUNARMS1B, RUNARMS6B, P50ARMS1A, P50ARMS1B, P50ARMS1C, P50ARMS2A, P50ARMS2B, P50ARMS2C, P50ARMS3A, P50ARMS3B, P50ARMS3C"
"851","0.403332079563387","10.8155861107665","0.001","0.233513043840236","0.272095684685593","0.392987722322833",NA,"RUNARMS8B, RUNARMS8A, RUNARMS1B, RUNARMS6A, RUNARMS7A, RUNARMS9C, RUNARMS1A, RUNARMS2A, RUNARMS5B, P50ARMS1A, P50ARMS1B, P50ARMS1C, P50ARMS2A, P50ARMS2B, P50ARMS2C, P50ARMS3A, P50ARMS3B, P50ARMS3C"
"852","0.385126039931359","10.0215931053802","0.001","0.245179857322338","0.283847956244746","0.373901779219695",NA,"RUNARMS4B, RUNARMS3A, RUNARMS9B, RUNARMS6A, RUNARMS9C, RUNARMS4C, RUNARMS1B, RUNARMS6C, RUNARMS8B, P50ARMS1A, P50ARMS1B, P50ARMS1C, P50ARMS2A, P50ARMS2B, P50ARMS2C, P50ARMS3A, P50ARMS3B, P50ARMS3C"
"853","0.404432280354463","10.8651229276205","0.001","0.203099666207578","0.265703331317827","0.154146328618765",NA,"RUNARMS2A, RUNARMS7B, RUNARMS5A, RUNARMS6C, RUNARMS3A, RUNARMS8C, RUNARMS1B, RUNARMS3C, RUNARMS1A, P50ARMS1A, P50ARMS1B, P50ARMS1C, P50ARMS2A, P50ARMS2B, P50ARMS2C, P50ARMS3A, P50ARMS3B, P50ARMS3C"
"854","0.439132657526122","12.5272448373034","0.002","0.21582288632699","0.273773205295276","0.179943397831722",NA,"RUNARMS4B, RUNARMS7A, RUNARMS2C, RUNARMS4A, RUNARMS1A, RUNARMS9A, RUNARMS9C, RUNARMS8A, RUNARMS6C, P50ARMS1A, P50ARMS1B, P50ARMS1C, P50ARMS2A, P50ARMS2B, P50ARMS2C, P50ARMS3A, P50ARMS3B, P50ARMS3C"
"855","0.438733342968884","12.506949058107","0.001","0.202208980742535","0.269110063002048","0.140857815617439",NA,"RUNARMS9B, RUNARMS6A, RUNARMS1A, RUNARMS7A, RUNARMS2A, RUNARMS4B, RUNARMS7B, RUNARMS5A, RUNARMS9A, P50ARMS1A, P50ARMS1B, P50ARMS1C, P50ARMS2A, P50ARMS2B, P50ARMS2C, P50ARMS3A, P50ARMS3B, P50ARMS3C"
"856","0.380782528525121","9.83906420129021","0.002","0.223870617611879","0.273751603838092","0.286595514003237",NA,"RUNARMS5B, RUNARMS4B, RUNARMS3B, RUNARMS8B, RUNARMS8C, RUNARMS6C, RUNARMS1A, RUNARMS3C, RUNARMS1B, P50ARMS1A, P50ARMS1B, P50ARMS1C, P50ARMS2A, P50ARMS2B, P50ARMS2C, P50ARMS3A, P50ARMS3B, P50ARMS3C"
"857","0.426442828457582","11.8960856804781","0.001","0.199732797478776","0.267958226537314","0.14247489629254",NA,"RUNARMS8C, RUNARMS3B, RUNARMS4A, RUNARMS9B, RUNARMS2A, RUNARMS6B, RUNARMS1C, RUNARMS4B, RUNARMS5B, P50ARMS1A, P50ARMS1B, P50ARMS1C, P50ARMS2A, P50ARMS2B, P50ARMS2C, P50ARMS3A, P50ARMS3B, P50ARMS3C"
"858","0.428120306379151","11.9779124499005","0.001","0.21271647514076","0.272615971030958","0.209654931282659",NA,"RUNARMS2A, RUNARMS6C, RUNARMS8B, RUNARMS1C, RUNARMS5C, RUNARMS4A, RUNARMS1A, RUNARMS9A, RUNARMS4C, P50ARMS1A, P50ARMS1B, P50ARMS1C, P50ARMS2A, P50ARMS2B, P50ARMS2C, P50ARMS3A, P50ARMS3B, P50ARMS3C"
"859","0.437516832984665","12.4452956786239","0.001","0.216960003645392","0.277303258098566","0.160950217361222",NA,"RUNARMS1C, RUNARMS5A, RUNARMS9C, RUNARMS1B, RUNARMS9A, RUNARMS8A, RUNARMS4A, RUNARMS1A, RUNARMS3A, P50ARMS1A, P50ARMS1B, P50ARMS1C, P50ARMS2A, P50ARMS2B, P50ARMS2C, P50ARMS3A, P50ARMS3B, P50ARMS3C"
"860","0.42684080878113","11.915455679904","0.001","0.215050519390312","0.274962211220431","0.189785859204072",NA,"RUNARMS2B, RUNARMS9B, RUNARMS6A, RUNARMS2A, RUNARMS7B, RUNARMS1C, RUNARMS6C, RUNARMS5B, RUNARMS3A, P50ARMS1A, P50ARMS1B, P50ARMS1C, P50ARMS2A, P50ARMS2B, P50ARMS2C, P50ARMS3A, P50ARMS3B, P50ARMS3C"
"861","0.437164008058878","12.427464179785","0.001","0.204901779259685","0.273827331411735","0.137213199485067",NA,"RUNARMS1C, RUNARMS4B, RUNARMS6B, RUNARMS7B, RUNARMS2A, RUNARMS9B, RUNARMS4C, RUNARMS6A, RUNARMS2C, P50ARMS1A, P50ARMS1B, P50ARMS1C, P50ARMS2A, P50ARMS2B, P50ARMS2C, P50ARMS3A, P50ARMS3B, P50ARMS3C"
"862","0.389607418853177","10.2126383809232","0.001","0.235318379522855","0.270985902850814","0.433502348248732",NA,"RUNARMS7B, RUNARMS5A, RUNARMS3C, RUNARMS6A, RUNARMS8C, RUNARMS8B, RUNARMS6B, RUNARMS1A, RUNARMS8A, P50ARMS1A, P50ARMS1B, P50ARMS1C, P50ARMS2A, P50ARMS2B, P50ARMS2C, P50ARMS3A, P50ARMS3B, P50ARMS3C"
"863","0.414878828041205","11.344763387107","0.001","0.218263897207863","0.269852689399299","0.260264276020174",NA,"RUNARMS5A, RUNARMS8C, RUNARMS6C, RUNARMS1A, RUNARMS4A, RUNARMS3B, RUNARMS8A, RUNARMS9B, RUNARMS6A, P50ARMS1A, P50ARMS1B, P50ARMS1C, P50ARMS2A, P50ARMS2B, P50ARMS2C, P50ARMS3A, P50ARMS3B, P50ARMS3C"
"864","0.419769070615938","11.5752277062938","0.001","0.230643721225384","0.278927765106379","0.271703895220784",NA,"RUNARMS5A, RUNARMS6C, RUNARMS7A, RUNARMS9B, RUNARMS4A, RUNARMS1A, RUNARMS5C, RUNARMS2B, RUNARMS8B, P50ARMS1A, P50ARMS1B, P50ARMS1C, P50ARMS2A, P50ARMS2B, P50ARMS2C, P50ARMS3A, P50ARMS3B, P50ARMS3C"
"865","0.392434378433656","10.3346039210562","0.001","0.234144975288492","0.271232729018506","0.418451386293764",NA,"RUNARMS8A, RUNARMS9A, RUNARMS5A, RUNARMS1B, RUNARMS8B, RUNARMS5C, RUNARMS3C, RUNARMS2B, RUNARMS7A, P50ARMS1A, P50ARMS1B, P50ARMS1C, P50ARMS2A, P50ARMS2B, P50ARMS2C, P50ARMS3A, P50ARMS3B, P50ARMS3C"
"866","0.419743681398752","11.5740211473599","0.001","0.207689779955727","0.272556629821924","0.15558994252884",NA,"RUNARMS2C, RUNARMS7B, RUNARMS8C, RUNARMS6B, RUNARMS1A, RUNARMS4A, RUNARMS8A, RUNARMS6C, RUNARMS4C, P50ARMS1A, P50ARMS1B, P50ARMS1C, P50ARMS2A, P50ARMS2B, P50ARMS2C, P50ARMS3A, P50ARMS3B, P50ARMS3C"
"867","0.399671530853905","10.652076025577","0.001","0.219315923678497","0.272845056110612","0.217907915680851",NA,"RUNARMS6B, RUNARMS1B, RUNARMS8C, RUNARMS5B, RUNARMS7B, RUNARMS9C, RUNARMS9A, RUNARMS9B, RUNARMS2A, P50ARMS1A, P50ARMS1B, P50ARMS1C, P50ARMS2A, P50ARMS2B, P50ARMS2C, P50ARMS3A, P50ARMS3B, P50ARMS3C"
"868","0.409569149889828","11.0988550090404","0.001","0.223261993341245","0.270328895522183","0.310912189674981",NA,"RUNARMS9C, RUNARMS9B, RUNARMS3B, RUNARMS8A, RUNARMS1B, RUNARMS2A, RUNARMS6B, RUNARMS5B, RUNARMS5A, P50ARMS1A, P50ARMS1B, P50ARMS1C, P50ARMS2A, P50ARMS2B, P50ARMS2C, P50ARMS3A, P50ARMS3B, P50ARMS3C"
"869","0.411931312363201","11.2077060662714","0.001","0.202806454251556","0.272802862357191","0.145918814688806",NA,"RUNARMS4A, RUNARMS8B, RUNARMS3B, RUNARMS2C, RUNARMS1B, RUNARMS8C, RUNARMS5C, RUNARMS4B, RUNARMS4C, P50ARMS1A, P50ARMS1B, P50ARMS1C, P50ARMS2A, P50ARMS2B, P50ARMS2C, P50ARMS3A, P50ARMS3B, P50ARMS3C"
"870","0.432300670724875","12.1839332458431","0.001","0.212695400857904","0.270570549216724","0.170355589062711",NA,"RUNARMS7A, RUNARMS4B, RUNARMS3A, RUNARMS5B, RUNARMS1C, RUNARMS9A, RUNARMS6B, RUNARMS9C, RUNARMS6C, P50ARMS1A, P50ARMS1B, P50ARMS1C, P50ARMS2A, P50ARMS2B, P50ARMS2C, P50ARMS3A, P50ARMS3B, P50ARMS3C"
"871","0.428317272092675","11.987551869144","0.001","0.192358621863977","0.264343227272918","0.110295361018053",NA,"RUNARMS2C, RUNARMS8C, RUNARMS5C, RUNARMS4B, RUNARMS5B, RUNARMS1C, RUNARMS3C, RUNARMS4A, RUNARMS7B, P50ARMS1A, P50ARMS1B, P50ARMS1C, P50ARMS2A, P50ARMS2B, P50ARMS2C, P50ARMS3A, P50ARMS3B, P50ARMS3C"
"872","0.411980419341924","11.2099782495232","0.001","0.23026046996528","0.270893637330469","0.360493580832418",NA,"RUNARMS9C, RUNARMS3C, RUNARMS1A, RUNARMS9B, RUNARMS2B, RUNARMS7C, RUNARMS5B, RUNARMS8A, RUNARMS8C, P50ARMS1A, P50ARMS1B, P50ARMS1C, P50ARMS2A, P50ARMS2B, P50ARMS2C, P50ARMS3A, P50ARMS3B, P50ARMS3C"
"873","0.440496064497122","12.5967604242485","0.001","0.194679836900725","0.272972224728163","0.0761340483169738",NA,"RUNARMS1B, RUNARMS7C, RUNARMS4C, RUNARMS6A, RUNARMS5A, RUNARMS2C, RUNARMS7A, RUNARMS4B, RUNARMS7B, P50ARMS1A, P50ARMS1B, P50ARMS1C, P50ARMS2A, P50ARMS2B, P50ARMS2C, P50ARMS3A, P50ARMS3B, P50ARMS3C"
"874","0.428670204079012","12.0048408366447","0.001","0.195499221047197","0.271900359984299","0.0834038840601797",NA,"RUNARMS3A, RUNARMS6A, RUNARMS1B, RUNARMS3B, RUNARMS2B, RUNARMS7B, RUNARMS7C, RUNARMS5B, RUNARMS4A, P50ARMS1A, P50ARMS1B, P50ARMS1C, P50ARMS2A, P50ARMS2B, P50ARMS2C, P50ARMS3A, P50ARMS3B, P50ARMS3C"
"875","0.407228107018169","10.9918330970703","0.001","0.205930180348424","0.266728353767624","0.163733026585087",NA,"RUNARMS3C, RUNARMS1C, RUNARMS9A, RUNARMS5A, RUNARMS5B, RUNARMS8C, RUNARMS7A, RUNARMS6A, RUNARMS1B, P50ARMS1A, P50ARMS1B, P50ARMS1C, P50ARMS2A, P50ARMS2B, P50ARMS2C, P50ARMS3A, P50ARMS3B, P50ARMS3C"
"876","0.410528170890901","11.1429425629748","0.001","0.227193405861626","0.266547195588473","0.397684444782609",NA,"RUNARMS6B, RUNARMS8B, RUNARMS9C, RUNARMS5B, RUNARMS5C, RUNARMS8A, RUNARMS3A, RUNARMS1A, RUNARMS4B, P50ARMS1A, P50ARMS1B, P50ARMS1C, P50ARMS2A, P50ARMS2B, P50ARMS2C, P50ARMS3A, P50ARMS3B, P50ARMS3C"
"877","0.406095002660647","10.9403356962456","0.001","0.198263976665906","0.266157235592141","0.174938974590088",NA,"RUNARMS4C, RUNARMS3B, RUNARMS4B, RUNARMS6B, RUNARMS8B, RUNARMS2B, RUNARMS5C, RUNARMS1B, RUNARMS8C, P50ARMS1A, P50ARMS1B, P50ARMS1C, P50ARMS2A, P50ARMS2B, P50ARMS2C, P50ARMS3A, P50ARMS3B, P50ARMS3C"
"878","0.428713444206545","12.0069604959944","0.001","0.220670536782116","0.276347670565708","0.224879220645556",NA,"RUNARMS2A, RUNARMS6B, RUNARMS8B, RUNARMS6A, RUNARMS2C, RUNARMS5B, RUNARMS9C, RUNARMS1A, RUNARMS7B, P50ARMS1A, P50ARMS1B, P50ARMS1C, P50ARMS2A, P50ARMS2B, P50ARMS2C, P50ARMS3A, P50ARMS3B, P50ARMS3C"
"879","0.439016858629427","12.5213562049465","0.001","0.213005461831116","0.285520544415259","0.0791843343199271",NA,"RUNARMS6A, RUNARMS4A, RUNARMS1A, RUNARMS2B, RUNARMS3C, RUNARMS2A, RUNARMS6C, RUNARMS7B, RUNARMS5A, P50ARMS1A, P50ARMS1B, P50ARMS1C, P50ARMS2A, P50ARMS2B, P50ARMS2C, P50ARMS3A, P50ARMS3B, P50ARMS3C"
"880","0.4024172936591","10.7745365289613","0.001","0.224612699789098","0.274651206718235","0.253860977134261",NA,"RUNARMS9C, RUNARMS3A, RUNARMS6C, RUNARMS1B, RUNARMS5C, RUNARMS4A, RUNARMS2A, RUNARMS7A, RUNARMS9B, P50ARMS1A, P50ARMS1B, P50ARMS1C, P50ARMS2A, P50ARMS2B, P50ARMS2C, P50ARMS3A, P50ARMS3B, P50ARMS3C"
"881","0.450135911676484","13.0980995845401","0.002","0.193931695765473","0.2743512256254","0.0639510523317006",NA,"RUNARMS6A, RUNARMS9A, RUNARMS4B, RUNARMS8C, RUNARMS5B, RUNARMS1A, RUNARMS4C, RUNARMS2A, RUNARMS9C, P50ARMS1A, P50ARMS1B, P50ARMS1C, P50ARMS2A, P50ARMS2B, P50ARMS2C, P50ARMS3A, P50ARMS3B, P50ARMS3C"
"882","0.38519464374423","10.0244967568951","0.001","0.242555465274655","0.274157048127803","0.47978026809679",NA,"RUNARMS8A, RUNARMS7A, RUNARMS9B, RUNARMS5B, RUNARMS2C, RUNARMS7C, RUNARMS2A, RUNARMS1B, RUNARMS6B, P50ARMS1A, P50ARMS1B, P50ARMS1C, P50ARMS2A, P50ARMS2B, P50ARMS2C, P50ARMS3A, P50ARMS3B, P50ARMS3C"
"883","0.379268464763284","9.7760385798643","0.002","0.229796880569962","0.269610571724718","0.401452001043274",NA,"RUNARMS6C, RUNARMS4C, RUNARMS6A, RUNARMS8B, RUNARMS9A, RUNARMS5A, RUNARMS1B, RUNARMS9B, RUNARMS3A, P50ARMS1A, P50ARMS1B, P50ARMS1C, P50ARMS2A, P50ARMS2B, P50ARMS2C, P50ARMS3A, P50ARMS3B, P50ARMS3C"
"884","0.400128076702344","10.6723601798926","0.001","0.223143316990467","0.280877167092841","0.190872619375023",NA,"RUNARMS1B, RUNARMS2C, RUNARMS6C, RUNARMS9B, RUNARMS2A, RUNARMS3A, RUNARMS7B, RUNARMS6A, RUNARMS4A, P50ARMS1A, P50ARMS1B, P50ARMS1C, P50ARMS2A, P50ARMS2B, P50ARMS2C, P50ARMS3A, P50ARMS3B, P50ARMS3C"
"885","0.458358708020431","13.5398453495372","0.001","0.201465613832721","0.276723223472337","0.0877160362544248",NA,"RUNARMS7C, RUNARMS3C, RUNARMS4B, RUNARMS4C, RUNARMS2B, RUNARMS5B, RUNARMS9C, RUNARMS5A, RUNARMS1C, P50ARMS1A, P50ARMS1B, P50ARMS1C, P50ARMS2A, P50ARMS2B, P50ARMS2C, P50ARMS3A, P50ARMS3B, P50ARMS3C"
"886","0.385442627285614","10.0349980496222","0.001","0.215927290632755","0.270893923150505","0.250796167002625",NA,"RUNARMS3B, RUNARMS6A, RUNARMS4A, RUNARMS4B, RUNARMS3C, RUNARMS8B, RUNARMS6B, RUNARMS5C, RUNARMS1B, P50ARMS1A, P50ARMS1B, P50ARMS1C, P50ARMS2A, P50ARMS2B, P50ARMS2C, P50ARMS3A, P50ARMS3B, P50ARMS3C"
"887","0.403025981020964","10.8018364138589","0.001","0.231550034633084","0.272218613426783","0.373190001808752",NA,"RUNARMS2C, RUNARMS4B, RUNARMS1C, RUNARMS6B, RUNARMS7A, RUNARMS3B, RUNARMS9B, RUNARMS1B, RUNARMS8A, P50ARMS1A, P50ARMS1B, P50ARMS1C, P50ARMS2A, P50ARMS2B, P50ARMS2C, P50ARMS3A, P50ARMS3B, P50ARMS3C"
"888","0.407079681016789","10.9850762197493","0.001","0.213049076684195","0.271727377318044","0.171376546639188",NA,"RUNARMS5B, RUNARMS3C, RUNARMS5C, RUNARMS2B, RUNARMS6B, RUNARMS1B, RUNARMS1C, RUNARMS6A, RUNARMS7A, P50ARMS1A, P50ARMS1B, P50ARMS1C, P50ARMS2A, P50ARMS2B, P50ARMS2C, P50ARMS3A, P50ARMS3B, P50ARMS3C"
"889","0.412907811227916","11.2529601074481","0.001","0.215111597602866","0.268305226902507","0.273700629095671",NA,"RUNARMS3B, RUNARMS1A, RUNARMS7A, RUNARMS5B, RUNARMS2B, RUNARMS3C, RUNARMS9B, RUNARMS8A, RUNARMS4C, P50ARMS1A, P50ARMS1B, P50ARMS1C, P50ARMS2A, P50ARMS2B, P50ARMS2C, P50ARMS3A, P50ARMS3B, P50ARMS3C"
"890","0.458979623386621","13.5737474809268","0.001","0.198939557945044","0.274683329679649","0.074111000616566",NA,"RUNARMS4A, RUNARMS5B, RUNARMS3A, RUNARMS9C, RUNARMS1A, RUNARMS1C, RUNARMS5C, RUNARMS9A, RUNARMS4B, P50ARMS1A, P50ARMS1B, P50ARMS1C, P50ARMS2A, P50ARMS2B, P50ARMS2C, P50ARMS3A, P50ARMS3B, P50ARMS3C"
"891","0.425948748857892","11.8720758262735","0.001","0.211348906121653","0.280513430936809","0.141647672011993",NA,"RUNARMS2A, RUNARMS2B, RUNARMS4C, RUNARMS7B, RUNARMS5B, RUNARMS4A, RUNARMS6C, RUNARMS8B, RUNARMS1A, P50ARMS1A, P50ARMS1B, P50ARMS1C, P50ARMS2A, P50ARMS2B, P50ARMS2C, P50ARMS3A, P50ARMS3B, P50ARMS3C"
"892","0.420378527970646","11.6042223625382","0.001","0.203261724987998","0.268752839066799","0.150991410378048",NA,"RUNARMS3B, RUNARMS8C, RUNARMS4B, RUNARMS8A, RUNARMS7A, RUNARMS7B, RUNARMS5A, RUNARMS6A, RUNARMS1B, P50ARMS1A, P50ARMS1B, P50ARMS1C, P50ARMS2A, P50ARMS2B, P50ARMS2C, P50ARMS3A, P50ARMS3B, P50ARMS3C"
"893","0.412032095228684","11.2123697061713","0.001","0.232906096812178","0.277569205942953","0.319911213694827",NA,"RUNARMS1C, RUNARMS6B, RUNARMS7B, RUNARMS8B, RUNARMS3C, RUNARMS4C, RUNARMS2C, RUNARMS7C, RUNARMS7A, P50ARMS1A, P50ARMS1B, P50ARMS1C, P50ARMS2A, P50ARMS2B, P50ARMS2C, P50ARMS3A, P50ARMS3B, P50ARMS3C"
"894","0.432818449600929","12.2096623007965","0.001","0.217342246624353","0.270757625691225","0.24697283211903",NA,"RUNARMS1A, RUNARMS7A, RUNARMS9B, RUNARMS9C, RUNARMS8A, RUNARMS4C, RUNARMS6B, RUNARMS2B, RUNARMS5A, P50ARMS1A, P50ARMS1B, P50ARMS1C, P50ARMS2A, P50ARMS2B, P50ARMS2C, P50ARMS3A, P50ARMS3B, P50ARMS3C"
"895","0.47955901348113","14.7431590025623","0.001","0.190260200044537","0.272751519805639","0.0672717921588431",NA,"RUNARMS3B, RUNARMS8A, RUNARMS1A, RUNARMS9C, RUNARMS4C, RUNARMS5A, RUNARMS7B, RUNARMS7A, RUNARMS5C, P50ARMS1A, P50ARMS1B, P50ARMS1C, P50ARMS2A, P50ARMS2B, P50ARMS2C, P50ARMS3A, P50ARMS3B, P50ARMS3C"
"896","0.424950092242221","11.8236719702936","0.001","0.219449956675428","0.273625418982419","0.200171574213887",NA,"RUNARMS3C, RUNARMS6B, RUNARMS7A, RUNARMS2C, RUNARMS7C, RUNARMS1A, RUNARMS2A, RUNARMS6C, RUNARMS9A, P50ARMS1A, P50ARMS1B, P50ARMS1C, P50ARMS2A, P50ARMS2B, P50ARMS2C, P50ARMS3A, P50ARMS3B, P50ARMS3C"
"897","0.420458787194919","11.6080452027858","0.001","0.213748245887021","0.273149472272821","0.202246855522075",NA,"RUNARMS5C, RUNARMS8B, RUNARMS6A, RUNARMS2C, RUNARMS2A, RUNARMS1B, RUNARMS7B, RUNARMS3B, RUNARMS9A, P50ARMS1A, P50ARMS1B, P50ARMS1C, P50ARMS2A, P50ARMS2B, P50ARMS2C, P50ARMS3A, P50ARMS3B, P50ARMS3C"
"898","0.411663288751476","11.1953112802463","0.001","0.21668515031917","0.274179671735903","0.206295115186233",NA,"RUNARMS2A, RUNARMS6C, RUNARMS4A, RUNARMS7C, RUNARMS8A, RUNARMS8C, RUNARMS9C, RUNARMS4C, RUNARMS1B, P50ARMS1A, P50ARMS1B, P50ARMS1C, P50ARMS2A, P50ARMS2B, P50ARMS2C, P50ARMS3A, P50ARMS3B, P50ARMS3C"
"899","0.454812392320725","13.3476956824237","0.001","0.212675766577861","0.276528472879668","0.125766659238383",NA,"RUNARMS9C, RUNARMS1C, RUNARMS5B, RUNARMS6B, RUNARMS2B, RUNARMS7A, RUNARMS7C, RUNARMS6A, RUNARMS5A, P50ARMS1A, P50ARMS1B, P50ARMS1C, P50ARMS2A, P50ARMS2B, P50ARMS2C, P50ARMS3A, P50ARMS3B, P50ARMS3C"
"900","0.411175537763359","11.1727841252115","0.001","0.222328455762441","0.27251577810416","0.265971813054405",NA,"RUNARMS8A, RUNARMS4C, RUNARMS7A, RUNARMS6B, RUNARMS9C, RUNARMS5A, RUNARMS3C, RUNARMS1C, RUNARMS1B, P50ARMS1A, P50ARMS1B, P50ARMS1C, P50ARMS2A, P50ARMS2B, P50ARMS2C, P50ARMS3A, P50ARMS3B, P50ARMS3C"
"901","0.426438579263417","11.8958790140598","0.001","0.200452181510808","0.274853534100416","0.095447754601646",NA,"RUNARMS6B, RUNARMS2B, RUNARMS2C, RUNARMS5A, RUNARMS1B, RUNARMS4B, RUNARMS3C, RUNARMS7C, RUNARMS4C, P50ARMS1A, P50ARMS1B, P50ARMS1C, P50ARMS2A, P50ARMS2B, P50ARMS2C, P50ARMS3A, P50ARMS3B, P50ARMS3C"
"902","0.401206910872546","10.7204152661728","0.001","0.235609819567029","0.280973304991656","0.331481917876209",NA,"RUNARMS1C, RUNARMS4A, RUNARMS9B, RUNARMS2A, RUNARMS2B, RUNARMS8B, RUNARMS6C, RUNARMS1B, RUNARMS5A, P50ARMS1A, P50ARMS1B, P50ARMS1C, P50ARMS2A, P50ARMS2B, P50ARMS2C, P50ARMS3A, P50ARMS3B, P50ARMS3C"
"903","0.424137105743306","11.7843913187918","0.001","0.203930064219185","0.264060387966811","0.189622549832853",NA,"RUNARMS2C, RUNARMS1C, RUNARMS8C, RUNARMS9A, RUNARMS5A, RUNARMS4A, RUNARMS7B, RUNARMS6B, RUNARMS9B, P50ARMS1A, P50ARMS1B, P50ARMS1C, P50ARMS2A, P50ARMS2B, P50ARMS2C, P50ARMS3A, P50ARMS3B, P50ARMS3C"
"904","0.383309703526403","9.94495177156564","0.001","0.240743697982063","0.27200316486179","0.492837757557818",NA,"RUNARMS8C, RUNARMS1B, RUNARMS8A, RUNARMS8B, RUNARMS3A, RUNARMS6B, RUNARMS2A, RUNARMS7C, RUNARMS3B, P50ARMS1A, P50ARMS1B, P50ARMS1C, P50ARMS2A, P50ARMS2B, P50ARMS2C, P50ARMS3A, P50ARMS3B, P50ARMS3C"
"905","0.427505463517023","11.9478649670498","0.001","0.211940481133264","0.271197699451208","0.194997353333787",NA,"RUNARMS5B, RUNARMS7C, RUNARMS1A, RUNARMS8B, RUNARMS3A, RUNARMS7B, RUNARMS8C, RUNARMS5A, RUNARMS9A, P50ARMS1A, P50ARMS1B, P50ARMS1C, P50ARMS2A, P50ARMS2B, P50ARMS2C, P50ARMS3A, P50ARMS3B, P50ARMS3C"
"906","0.435043794704455","12.3207792923169","0.001","0.22962921100766","0.279006291475284","0.243965501774615",NA,"RUNARMS5C, RUNARMS9A, RUNARMS3C, RUNARMS9C, RUNARMS1C, RUNARMS8A, RUNARMS1A, RUNARMS8C, RUNARMS2C, P50ARMS1A, P50ARMS1B, P50ARMS1C, P50ARMS2A, P50ARMS2B, P50ARMS2C, P50ARMS3A, P50ARMS3B, P50ARMS3C"
"907","0.477296508641404","14.6100882517797","0.001","0.188584411568382","0.274309455469635","0.0491849698281976",NA,"RUNARMS1A, RUNARMS7A, RUNARMS4B, RUNARMS5A, RUNARMS2C, RUNARMS9C, RUNARMS4C, RUNARMS9A, RUNARMS5C, P50ARMS1A, P50ARMS1B, P50ARMS1C, P50ARMS2A, P50ARMS2B, P50ARMS2C, P50ARMS3A, P50ARMS3B, P50ARMS3C"
"908","0.404090059221283","10.8496947359054","0.001","0.216056050373732","0.262651406932352","0.311197502227152",NA,"RUNARMS8A, RUNARMS5A, RUNARMS6A, RUNARMS7B, RUNARMS8C, RUNARMS5B, RUNARMS6C, RUNARMS3C, RUNARMS1C, P50ARMS1A, P50ARMS1B, P50ARMS1C, P50ARMS2A, P50ARMS2B, P50ARMS2C, P50ARMS3A, P50ARMS3B, P50ARMS3C"
"909","0.430108325720189","12.0755110525516","0.001","0.212055544143717","0.26899883804149","0.203811075052657",NA,"RUNARMS9A, RUNARMS3A, RUNARMS4A, RUNARMS8C, RUNARMS7C, RUNARMS5B, RUNARMS1C, RUNARMS3B, RUNARMS8A, P50ARMS1A, P50ARMS1B, P50ARMS1C, P50ARMS2A, P50ARMS2B, P50ARMS2C, P50ARMS3A, P50ARMS3B, P50ARMS3C"
"910","0.418298943788442","11.5055371296781","0.001","0.221562386180082","0.270978614225814","0.236913453263282",NA,"RUNARMS6C, RUNARMS1C, RUNARMS8C, RUNARMS7A, RUNARMS7C, RUNARMS1B, RUNARMS2C, RUNARMS9C, RUNARMS6B, P50ARMS1A, P50ARMS1B, P50ARMS1C, P50ARMS2A, P50ARMS2B, P50ARMS2C, P50ARMS3A, P50ARMS3B, P50ARMS3C"
"911","0.448762568366225","13.0256050874098","0.001","0.203351034630443","0.276651039568663","0.0820270444923258",NA,"RUNARMS6B, RUNARMS6A, RUNARMS7B, RUNARMS9C, RUNARMS8C, RUNARMS4B, RUNARMS2C, RUNARMS2B, RUNARMS1A, P50ARMS1A, P50ARMS1B, P50ARMS1C, P50ARMS2A, P50ARMS2B, P50ARMS2C, P50ARMS3A, P50ARMS3B, P50ARMS3C"
"912","0.431605305072818","12.1494534393038","0.001","0.225433577039599","0.273164761355915","0.309807674550529",NA,"RUNARMS8A, RUNARMS1C, RUNARMS8B, RUNARMS2C, RUNARMS7C, RUNARMS4C, RUNARMS2B, RUNARMS1A, RUNARMS8C, P50ARMS1A, P50ARMS1B, P50ARMS1C, P50ARMS2A, P50ARMS2B, P50ARMS2C, P50ARMS3A, P50ARMS3B, P50ARMS3C"
"913","0.401551614023226","10.7358060860757","0.001","0.223353466844621","0.278406824082619","0.179459189584239",NA,"RUNARMS1B, RUNARMS7B, RUNARMS3A, RUNARMS6C, RUNARMS9A, RUNARMS3C, RUNARMS2A, RUNARMS9C, RUNARMS8C, P50ARMS1A, P50ARMS1B, P50ARMS1C, P50ARMS2A, P50ARMS2B, P50ARMS2C, P50ARMS3A, P50ARMS3B, P50ARMS3C"
"914","0.428813287812872","12.0118561209775","0.001","0.209662575357881","0.275343287086389","0.122413780622334",NA,"RUNARMS4B, RUNARMS9C, RUNARMS8C, RUNARMS6C, RUNARMS1B, RUNARMS7A, RUNARMS5C, RUNARMS3B, RUNARMS1A, P50ARMS1A, P50ARMS1B, P50ARMS1C, P50ARMS2A, P50ARMS2B, P50ARMS2C, P50ARMS3A, P50ARMS3B, P50ARMS3C"
"915","0.457621858498631","13.4997139001768","0.001","0.204067998097984","0.272624465195253","0.117048071217619",NA,"RUNARMS1A, RUNARMS8C, RUNARMS4B, RUNARMS9B, RUNARMS7C, RUNARMS5A, RUNARMS9A, RUNARMS9C, RUNARMS3B, P50ARMS1A, P50ARMS1B, P50ARMS1C, P50ARMS2A, P50ARMS2B, P50ARMS2C, P50ARMS3A, P50ARMS3B, P50ARMS3C"
"916","0.41105357655996","11.1671570845849","0.001","0.209302571335562","0.279825312876093","0.0926644055156743",NA,"RUNARMS4A, RUNARMS3C, RUNARMS8C, RUNARMS1B, RUNARMS2A, RUNARMS2B, RUNARMS9A, RUNARMS4B, RUNARMS5C, P50ARMS1A, P50ARMS1B, P50ARMS1C, P50ARMS2A, P50ARMS2B, P50ARMS2C, P50ARMS3A, P50ARMS3B, P50ARMS3C"
"917","0.418414691809457","11.5110113248562","0.001","0.209083117987569","0.27281689697031","0.141175221801355",NA,"RUNARMS1A, RUNARMS7C, RUNARMS6A, RUNARMS5B, RUNARMS4A, RUNARMS3A, RUNARMS5A, RUNARMS6B, RUNARMS3C, P50ARMS1A, P50ARMS1B, P50ARMS1C, P50ARMS2A, P50ARMS2B, P50ARMS2C, P50ARMS3A, P50ARMS3B, P50ARMS3C"
"918","0.420392152784323","11.6048712536604","0.001","0.212576940256381","0.276003400169668","0.161419473369805",NA,"RUNARMS9B, RUNARMS3A, RUNARMS4A, RUNARMS4C, RUNARMS6A, RUNARMS8C, RUNARMS7C, RUNARMS5A, RUNARMS1A, P50ARMS1A, P50ARMS1B, P50ARMS1C, P50ARMS2A, P50ARMS2B, P50ARMS2C, P50ARMS3A, P50ARMS3B, P50ARMS3C"
"919","0.419153509276703","11.5460044186134","0.001","0.222528181734416","0.270651011929539","0.319742493157288",NA,"RUNARMS8A, RUNARMS2B, RUNARMS6C, RUNARMS8B, RUNARMS1A, RUNARMS5C, RUNARMS6B, RUNARMS3B, RUNARMS4B, P50ARMS1A, P50ARMS1B, P50ARMS1C, P50ARMS2A, P50ARMS2B, P50ARMS2C, P50ARMS3A, P50ARMS3B, P50ARMS3C"
"920","0.424981522899374","11.8251928193258","0.001","0.213259860628717","0.273438527621633","0.194675693454214",NA,"RUNARMS5B, RUNARMS2C, RUNARMS9A, RUNARMS1B, RUNARMS7A, RUNARMS2A, RUNARMS1C, RUNARMS3B, RUNARMS9B, P50ARMS1A, P50ARMS1B, P50ARMS1C, P50ARMS2A, P50ARMS2B, P50ARMS2C, P50ARMS3A, P50ARMS3B, P50ARMS3C"
"921","0.448392059892513","13.0061089346941","0.001","0.1947538045137","0.267625346003155","0.101600273186606",NA,"RUNARMS9A, RUNARMS6A, RUNARMS8C, RUNARMS7B, RUNARMS5C, RUNARMS3A, RUNARMS1C, RUNARMS7A, RUNARMS5A, P50ARMS1A, P50ARMS1B, P50ARMS1C, P50ARMS2A, P50ARMS2B, P50ARMS2C, P50ARMS3A, P50ARMS3B, P50ARMS3C"
"922","0.414362428274434","11.320651495867","0.001","0.226521939433974","0.277576981254098","0.256774544194325",NA,"RUNARMS7C, RUNARMS3B, RUNARMS2B, RUNARMS6A, RUNARMS8C, RUNARMS6C, RUNARMS9C, RUNARMS1B, RUNARMS8B, P50ARMS1A, P50ARMS1B, P50ARMS1C, P50ARMS2A, P50ARMS2B, P50ARMS2C, P50ARMS3A, P50ARMS3B, P50ARMS3C"
"923","0.45572115327207","13.3966963739047","0.001","0.200657965011957","0.270835009929184","0.109083602080683",NA,"RUNARMS7C, RUNARMS5A, RUNARMS1A, RUNARMS7B, RUNARMS4B, RUNARMS6B, RUNARMS1C, RUNARMS3B, RUNARMS6C, P50ARMS1A, P50ARMS1B, P50ARMS1C, P50ARMS2A, P50ARMS2B, P50ARMS2C, P50ARMS3A, P50ARMS3B, P50ARMS3C"
"924","0.435432170295429","12.3402616269732","0.001","0.200068029717022","0.269931783112329","0.140877947667184",NA,"RUNARMS5B, RUNARMS6A, RUNARMS7A, RUNARMS1A, RUNARMS4C, RUNARMS8B, RUNARMS3B, RUNARMS9A, RUNARMS7B, P50ARMS1A, P50ARMS1B, P50ARMS1C, P50ARMS2A, P50ARMS2B, P50ARMS2C, P50ARMS3A, P50ARMS3B, P50ARMS3C"
"925","0.435200483892444","12.3286361685782","0.001","0.195480869391413","0.26820841430393","0.104234491185175",NA,"RUNARMS6B, RUNARMS9A, RUNARMS3A, RUNARMS5C, RUNARMS1A, RUNARMS8C, RUNARMS4C, RUNARMS5B, RUNARMS1C, P50ARMS1A, P50ARMS1B, P50ARMS1C, P50ARMS2A, P50ARMS2B, P50ARMS2C, P50ARMS3A, P50ARMS3B, P50ARMS3C"
"926","0.431746440811676","12.1564448498201","0.001","0.20637798389249","0.272966034527417","0.162008264276292",NA,"RUNARMS9A, RUNARMS2B, RUNARMS2C, RUNARMS6B, RUNARMS8A, RUNARMS2A, RUNARMS3B, RUNARMS7A, RUNARMS1B, P50ARMS1A, P50ARMS1B, P50ARMS1C, P50ARMS2A, P50ARMS2B, P50ARMS2C, P50ARMS3A, P50ARMS3B, P50ARMS3C"
"927","0.377784494055968","9.71456327775798","0.001","0.238214849801319","0.273617645155996","0.438552857646604",NA,"RUNARMS9A, RUNARMS1B, RUNARMS8C, RUNARMS6A, RUNARMS8B, RUNARMS5B, RUNARMS3A, RUNARMS8A, RUNARMS2C, P50ARMS1A, P50ARMS1B, P50ARMS1C, P50ARMS2A, P50ARMS2B, P50ARMS2C, P50ARMS3A, P50ARMS3B, P50ARMS3C"
"928","0.393775920112817","10.392881000335","0.001","0.21367194867411","0.263212094783533","0.293855020397622",NA,"RUNARMS9B, RUNARMS6B, RUNARMS1C, RUNARMS4B, RUNARMS1B, RUNARMS1A, RUNARMS3C, RUNARMS5A, RUNARMS6C, P50ARMS1A, P50ARMS1B, P50ARMS1C, P50ARMS2A, P50ARMS2B, P50ARMS2C, P50ARMS3A, P50ARMS3B, P50ARMS3C"
"929","0.394112429911156","10.4075395995561","0.001","0.219812152739719","0.272314011484518","0.237578479946322",NA,"RUNARMS1B, RUNARMS9B, RUNARMS7A, RUNARMS2B, RUNARMS6C, RUNARMS6B, RUNARMS5A, RUNARMS5B, RUNARMS7B, P50ARMS1A, P50ARMS1B, P50ARMS1C, P50ARMS2A, P50ARMS2B, P50ARMS2C, P50ARMS3A, P50ARMS3B, P50ARMS3C"
"930","0.406722755589786","10.9688415504725","0.001","0.226213410233342","0.269321244969557","0.362992217717961",NA,"RUNARMS8A, RUNARMS9C, RUNARMS5A, RUNARMS8B, RUNARMS4B, RUNARMS3C, RUNARMS5C, RUNARMS3B, RUNARMS1B, P50ARMS1A, P50ARMS1B, P50ARMS1C, P50ARMS2A, P50ARMS2B, P50ARMS2C, P50ARMS3A, P50ARMS3B, P50ARMS3C"
"931","0.440730301056869","12.6087374843223","0.001","0.196322015853905","0.268016694167166","0.135511283808437",NA,"RUNARMS7A, RUNARMS8A, RUNARMS1C, RUNARMS3A, RUNARMS4C, RUNARMS3B, RUNARMS5A, RUNARMS2B, RUNARMS1B, P50ARMS1A, P50ARMS1B, P50ARMS1C, P50ARMS2A, P50ARMS2B, P50ARMS2C, P50ARMS3A, P50ARMS3B, P50ARMS3C"
"932","0.450517398703302","13.1183014025237","0.001","0.18477293427512","0.271615920383296","0.0506534601021288",NA,"RUNARMS4C, RUNARMS4A, RUNARMS1A, RUNARMS1C, RUNARMS9A, RUNARMS6B, RUNARMS1B, RUNARMS2A, RUNARMS3B, P50ARMS1A, P50ARMS1B, P50ARMS1C, P50ARMS2A, P50ARMS2B, P50ARMS2C, P50ARMS3A, P50ARMS3B, P50ARMS3C"
"933","0.413376114077765","11.274716192039","0.001","0.235343571940369","0.270075997599663","0.440558248392209",NA,"RUNARMS1A, RUNARMS8C, RUNARMS4A, RUNARMS1C, RUNARMS8B, RUNARMS8A, RUNARMS9B, RUNARMS5A, RUNARMS2C, P50ARMS1A, P50ARMS1B, P50ARMS1C, P50ARMS2A, P50ARMS2B, P50ARMS2C, P50ARMS3A, P50ARMS3B, P50ARMS3C"
"934","0.425964973629859","11.8728636145682","0.001","0.21220166897104","0.270227835175135","0.197519141419593",NA,"RUNARMS1C, RUNARMS4B, RUNARMS5A, RUNARMS9A, RUNARMS6A, RUNARMS7A, RUNARMS1B, RUNARMS2B, RUNARMS8A, P50ARMS1A, P50ARMS1B, P50ARMS1C, P50ARMS2A, P50ARMS2B, P50ARMS2C, P50ARMS3A, P50ARMS3B, P50ARMS3C"
"935","0.402753871355146","10.7896253028946","0.001","0.235101528524535","0.277381539366342","0.328736133309094",NA,"RUNARMS1B, RUNARMS1C, RUNARMS9B, RUNARMS8B, RUNARMS3B, RUNARMS8C, RUNARMS5C, RUNARMS4B, RUNARMS7A, P50ARMS1A, P50ARMS1B, P50ARMS1C, P50ARMS2A, P50ARMS2B, P50ARMS2C, P50ARMS3A, P50ARMS3B, P50ARMS3C"
"936","0.480239826598453","14.7834282401607","0.001","0.183101784884721","0.271896057340881","0.0422395296124156",NA,"RUNARMS2A, RUNARMS9A, RUNARMS5A, RUNARMS1C, RUNARMS5B, RUNARMS3B, RUNARMS2C, RUNARMS4B, RUNARMS6A, P50ARMS1A, P50ARMS1B, P50ARMS1C, P50ARMS2A, P50ARMS2B, P50ARMS2C, P50ARMS3A, P50ARMS3B, P50ARMS3C"
"937","0.377300212147085","9.69456471981213","0.002","0.236389878435174","0.268623161493746","0.476575094235671",NA,"RUNARMS8B, RUNARMS1B, RUNARMS5A, RUNARMS8A, RUNARMS7A, RUNARMS4B, RUNARMS3A, RUNARMS6C, RUNARMS8C, P50ARMS1A, P50ARMS1B, P50ARMS1C, P50ARMS2A, P50ARMS2B, P50ARMS2C, P50ARMS3A, P50ARMS3B, P50ARMS3C"
"938","0.391675423355722","10.3017484650404","0.001","0.228139990424274","0.274760506691585","0.301569093782927",NA,"RUNARMS8B, RUNARMS1B, RUNARMS5A, RUNARMS2A, RUNARMS3C, RUNARMS7B, RUNARMS6B, RUNARMS7A, RUNARMS1A, P50ARMS1A, P50ARMS1B, P50ARMS1C, P50ARMS2A, P50ARMS2B, P50ARMS2C, P50ARMS3A, P50ARMS3B, P50ARMS3C"
"939","0.387268353209179","10.1125732346288","0.001","0.241784442707725","0.279498584349459","0.413658714294219",NA,"RUNARMS1A, RUNARMS6C, RUNARMS3C, RUNARMS2C, RUNARMS4A, RUNARMS8B, RUNARMS2B, RUNARMS6B, RUNARMS9B, P50ARMS1A, P50ARMS1B, P50ARMS1C, P50ARMS2A, P50ARMS2B, P50ARMS2C, P50ARMS3A, P50ARMS3B, P50ARMS3C"
"940","0.402080641275427","10.7594613998278","0.001","0.218040020043034","0.271034150749269","0.240015331717938",NA,"RUNARMS3C, RUNARMS3B, RUNARMS6C, RUNARMS2C, RUNARMS1B, RUNARMS9A, RUNARMS5C, RUNARMS4A, RUNARMS8A, P50ARMS1A, P50ARMS1B, P50ARMS1C, P50ARMS2A, P50ARMS2B, P50ARMS2C, P50ARMS3A, P50ARMS3B, P50ARMS3C"
"941","0.442670542849076","12.708333634099","0.002","0.197019788707789","0.270991610653429","0.0940794010882974",NA,"RUNARMS4B, RUNARMS7C, RUNARMS8C, RUNARMS2C, RUNARMS6B, RUNARMS5C, RUNARMS1A, RUNARMS4C, RUNARMS9A, P50ARMS1A, P50ARMS1B, P50ARMS1C, P50ARMS2A, P50ARMS2B, P50ARMS2C, P50ARMS3A, P50ARMS3B, P50ARMS3C"
"942","0.409382959638828","11.0903121762551","0.001","0.235815823332608","0.266445506880611","0.507182282967032",NA,"RUNARMS7C, RUNARMS6C, RUNARMS6A, RUNARMS8C, RUNARMS8B, RUNARMS2A, RUNARMS1C, RUNARMS8A, RUNARMS5A, P50ARMS1A, P50ARMS1B, P50ARMS1C, P50ARMS2A, P50ARMS2B, P50ARMS2C, P50ARMS3A, P50ARMS3B, P50ARMS3C"
"943","0.404439490526321","10.865448171068","0.001","0.244698321592064","0.279264013659932","0.416232581324101",NA,"RUNARMS3A, RUNARMS2B, RUNARMS9B, RUNARMS6C, RUNARMS9C, RUNARMS1B, RUNARMS8A, RUNARMS1C, RUNARMS7A, P50ARMS1A, P50ARMS1B, P50ARMS1C, P50ARMS2A, P50ARMS2B, P50ARMS2C, P50ARMS3A, P50ARMS3B, P50ARMS3C"
"944","0.443824206766806","12.7678827353989","0.001","0.214729086115263","0.278580039784942","0.12775015070006",NA,"RUNARMS3A, RUNARMS6A, RUNARMS1C, RUNARMS9C, RUNARMS4B, RUNARMS7A, RUNARMS6C, RUNARMS8C, RUNARMS3B, P50ARMS1A, P50ARMS1B, P50ARMS1C, P50ARMS2A, P50ARMS2B, P50ARMS2C, P50ARMS3A, P50ARMS3B, P50ARMS3C"
"945","0.403422810385911","10.8196643762897","0.001","0.221479103489721","0.265818703416456","0.320200683133996",NA,"RUNARMS1C, RUNARMS7A, RUNARMS6B, RUNARMS8C, RUNARMS3C, RUNARMS9A, RUNARMS2C, RUNARMS8A, RUNARMS4A, P50ARMS1A, P50ARMS1B, P50ARMS1C, P50ARMS2A, P50ARMS2B, P50ARMS2C, P50ARMS3A, P50ARMS3B, P50ARMS3C"
"946","0.38678170172906","10.0918502352496","0.001","0.245831463743636","0.277614663454994","0.476608554059564",NA,"RUNARMS6C, RUNARMS8C, RUNARMS2C, RUNARMS3C, RUNARMS2A, RUNARMS4A, RUNARMS9B, RUNARMS8B, RUNARMS1C, P50ARMS1A, P50ARMS1B, P50ARMS1C, P50ARMS2A, P50ARMS2B, P50ARMS2C, P50ARMS3A, P50ARMS3B, P50ARMS3C"
"947","0.384818431227999","10.0085815508721","0.001","0.237202275512275","0.271333323168246","0.45041569517575",NA,"RUNARMS6A, RUNARMS3A, RUNARMS8A, RUNARMS8B, RUNARMS7A, RUNARMS6B, RUNARMS1B, RUNARMS5C, RUNARMS2B, P50ARMS1A, P50ARMS1B, P50ARMS1C, P50ARMS2A, P50ARMS2B, P50ARMS2C, P50ARMS3A, P50ARMS3B, P50ARMS3C"
"948","0.410503431662226","11.1418034631072","0.001","0.227568886883339","0.280040305347269","0.230649040218187",NA,"RUNARMS9C, RUNARMS1A, RUNARMS7A, RUNARMS1B, RUNARMS9B, RUNARMS2B, RUNARMS3C, RUNARMS4B, RUNARMS2C, P50ARMS1A, P50ARMS1B, P50ARMS1C, P50ARMS2A, P50ARMS2B, P50ARMS2C, P50ARMS3A, P50ARMS3B, P50ARMS3C"
"949","0.48076523479785","14.8145776675235","0.001","0.197348935894275","0.275996805573671","0.0684414482109141",NA,"RUNARMS2C, RUNARMS7B, RUNARMS1C, RUNARMS6C, RUNARMS1A, RUNARMS3B, RUNARMS2A, RUNARMS9C, RUNARMS9A, P50ARMS1A, P50ARMS1B, P50ARMS1C, P50ARMS2A, P50ARMS2B, P50ARMS2C, P50ARMS3A, P50ARMS3B, P50ARMS3C"
"950","0.427970829205794","11.9706015303128","0.001","0.206801939150862","0.270044438024306","0.139173297564625",NA,"RUNARMS7A, RUNARMS2A, RUNARMS9A, RUNARMS3A, RUNARMS4B, RUNARMS7C, RUNARMS1A, RUNARMS1B, RUNARMS5C, P50ARMS1A, P50ARMS1B, P50ARMS1C, P50ARMS2A, P50ARMS2B, P50ARMS2C, P50ARMS3A, P50ARMS3B, P50ARMS3C"
"951","0.419055036296481","11.5413352376792","0.001","0.210612683421874","0.282489805427762","0.092309398901446",NA,"RUNARMS3C, RUNARMS7A, RUNARMS1B, RUNARMS4C, RUNARMS7C, RUNARMS7B, RUNARMS3B, RUNARMS6A, RUNARMS4A, P50ARMS1A, P50ARMS1B, P50ARMS1C, P50ARMS2A, P50ARMS2B, P50ARMS2C, P50ARMS3A, P50ARMS3B, P50ARMS3C"
"952","0.378404917804988","9.74022938453741","0.001","0.250467651487596","0.274403202605791","0.580601625875282",NA,"RUNARMS3A, RUNARMS8B, RUNARMS7A, RUNARMS1C, RUNARMS6B, RUNARMS3C, RUNARMS4B, RUNARMS9B, RUNARMS6C, P50ARMS1A, P50ARMS1B, P50ARMS1C, P50ARMS2A, P50ARMS2B, P50ARMS2C, P50ARMS3A, P50ARMS3B, P50ARMS3C"
"953","0.441251509487183","12.6354241159833","0.001","0.212214257133883","0.271785219854101","0.199238655441151",NA,"RUNARMS2C, RUNARMS7C, RUNARMS1A, RUNARMS6B, RUNARMS5B, RUNARMS1C, RUNARMS9B, RUNARMS9C, RUNARMS4C, P50ARMS1A, P50ARMS1B, P50ARMS1C, P50ARMS2A, P50ARMS2B, P50ARMS2C, P50ARMS3A, P50ARMS3B, P50ARMS3C"
"954","0.45128181400229","13.158865895629","0.001","0.184510322230635","0.271106234411112","0.0503012213867622",NA,"RUNARMS8C, RUNARMS4C, RUNARMS9A, RUNARMS1A, RUNARMS2C, RUNARMS4A, RUNARMS7A, RUNARMS5A, RUNARMS5B, P50ARMS1A, P50ARMS1B, P50ARMS1C, P50ARMS2A, P50ARMS2B, P50ARMS2C, P50ARMS3A, P50ARMS3B, P50ARMS3C"
"955","0.428478310593541","11.995437962497","0.001","0.200773309227056","0.271254963580791","0.113196290034308",NA,"RUNARMS1C, RUNARMS8C, RUNARMS9A, RUNARMS7B, RUNARMS4C, RUNARMS7A, RUNARMS7C, RUNARMS1B, RUNARMS3A, P50ARMS1A, P50ARMS1B, P50ARMS1C, P50ARMS2A, P50ARMS2B, P50ARMS2C, P50ARMS3A, P50ARMS3B, P50ARMS3C"
"956","0.445722303717253","12.8663969474213","0.001","0.208849196499066","0.270701988856051","0.186346850392043",NA,"RUNARMS9C, RUNARMS3B, RUNARMS7C, RUNARMS6C, RUNARMS1C, RUNARMS4C, RUNARMS5B, RUNARMS2A, RUNARMS9B, P50ARMS1A, P50ARMS1B, P50ARMS1C, P50ARMS2A, P50ARMS2B, P50ARMS2C, P50ARMS3A, P50ARMS3B, P50ARMS3C"
"957","0.448494858483056","13.0115155699023","0.001","0.214637061988973","0.278729745972606","0.162573629873532",NA,"RUNARMS8B, RUNARMS5A, RUNARMS1A, RUNARMS1C, RUNARMS8C, RUNARMS9C, RUNARMS6A, RUNARMS4C, RUNARMS3B, P50ARMS1A, P50ARMS1B, P50ARMS1C, P50ARMS2A, P50ARMS2B, P50ARMS2C, P50ARMS3A, P50ARMS3B, P50ARMS3C"
"958","0.396699477870928","10.520779301724","0.001","0.22179874404311","0.272139650616593","0.256536759291696",NA,"RUNARMS2B, RUNARMS8C, RUNARMS4A, RUNARMS5C, RUNARMS1B, RUNARMS7C, RUNARMS6B, RUNARMS8B, RUNARMS7A, P50ARMS1A, P50ARMS1B, P50ARMS1C, P50ARMS2A, P50ARMS2B, P50ARMS2C, P50ARMS3A, P50ARMS3B, P50ARMS3C"
"959","0.45711240637897","13.4720310207881","0.001","0.179739973252033","0.270411100837138","0.0443822029926644",NA,"RUNARMS1C, RUNARMS7A, RUNARMS1A, RUNARMS1B, RUNARMS3B, RUNARMS4B, RUNARMS4A, RUNARMS4C, RUNARMS5A, P50ARMS1A, P50ARMS1B, P50ARMS1C, P50ARMS2A, P50ARMS2B, P50ARMS2C, P50ARMS3A, P50ARMS3B, P50ARMS3C"
"960","0.404499063187421","10.8681357339924","0.001","0.211952920549442","0.273289643154205","0.176341789301096",NA,"RUNARMS9B, RUNARMS9C, RUNARMS5B, RUNARMS6B, RUNARMS8C, RUNARMS2B, RUNARMS4C, RUNARMS1B, RUNARMS5C, P50ARMS1A, P50ARMS1B, P50ARMS1C, P50ARMS2A, P50ARMS2B, P50ARMS2C, P50ARMS3A, P50ARMS3B, P50ARMS3C"
"961","0.434777029334563","12.3074128802005","0.001","0.209130904859899","0.27087163081187","0.17680918076177",NA,"RUNARMS2C, RUNARMS3B, RUNARMS8C, RUNARMS1C, RUNARMS4A, RUNARMS6C, RUNARMS6B, RUNARMS1A, RUNARMS8A, P50ARMS1A, P50ARMS1B, P50ARMS1C, P50ARMS2A, P50ARMS2B, P50ARMS2C, P50ARMS3A, P50ARMS3B, P50ARMS3C"
"962","0.401659908161026","10.7406450248464","0.001","0.237442838971197","0.27875083426426","0.340247100937153",NA,"RUNARMS1B, RUNARMS3C, RUNARMS5C, RUNARMS8B, RUNARMS9A, RUNARMS7C, RUNARMS4C, RUNARMS9C, RUNARMS9B, P50ARMS1A, P50ARMS1B, P50ARMS1C, P50ARMS2A, P50ARMS2B, P50ARMS2C, P50ARMS3A, P50ARMS3B, P50ARMS3C"
"963","0.445450351329711","12.8522408018203","0.001","0.206726387382364","0.267577290355027","0.181315498316815",NA,"RUNARMS5A, RUNARMS6B, RUNARMS3B, RUNARMS1A, RUNARMS8A, RUNARMS9A, RUNARMS6A, RUNARMS7C, RUNARMS5C, P50ARMS1A, P50ARMS1B, P50ARMS1C, P50ARMS2A, P50ARMS2B, P50ARMS2C, P50ARMS3A, P50ARMS3B, P50ARMS3C"
"964","0.422470292729161","11.7042025692656","0.001","0.208038835594896","0.27673955327198","0.114453954548757",NA,"RUNARMS9C, RUNARMS6C, RUNARMS2C, RUNARMS4C, RUNARMS3C, RUNARMS4B, RUNARMS3A, RUNARMS5A, RUNARMS1B, P50ARMS1A, P50ARMS1B, P50ARMS1C, P50ARMS2A, P50ARMS2B, P50ARMS2C, P50ARMS3A, P50ARMS3B, P50ARMS3C"
"965","0.439603125450658","12.5511942101155","0.001","0.205285159317669","0.272009315864187","0.150522816871104",NA,"RUNARMS2B, RUNARMS1C, RUNARMS1B, RUNARMS3B, RUNARMS4B, RUNARMS5C, RUNARMS8A, RUNARMS6C, RUNARMS5A, P50ARMS1A, P50ARMS1B, P50ARMS1C, P50ARMS2A, P50ARMS2B, P50ARMS2C, P50ARMS3A, P50ARMS3B, P50ARMS3C"
"966","0.399101330717784","10.626785542914","0.002","0.212557406145201","0.27639044674974","0.163626542272078",NA,"RUNARMS6C, RUNARMS9B, RUNARMS1B, RUNARMS3A, RUNARMS2B, RUNARMS4A, RUNARMS7A, RUNARMS4C, RUNARMS7B, P50ARMS1A, P50ARMS1B, P50ARMS1C, P50ARMS2A, P50ARMS2B, P50ARMS2C, P50ARMS3A, P50ARMS3B, P50ARMS3C"
"967","0.436506386931826","12.3942881142545","0.001","0.194627314171677","0.270475530936851","0.0903208300681671",NA,"RUNARMS1C, RUNARMS5A, RUNARMS5C, RUNARMS3A, RUNARMS7A, RUNARMS4C, RUNARMS1A, RUNARMS1B, RUNARMS8C, P50ARMS1A, P50ARMS1B, P50ARMS1C, P50ARMS2A, P50ARMS2B, P50ARMS2C, P50ARMS3A, P50ARMS3B, P50ARMS3C"
"968","0.442808418686738","12.715437448443","0.001","0.191663469132189","0.275192227759458","0.0547667220677036",NA,"RUNARMS6A, RUNARMS3B, RUNARMS4C, RUNARMS7A, RUNARMS9A, RUNARMS1A, RUNARMS4A, RUNARMS2C, RUNARMS1B, P50ARMS1A, P50ARMS1B, P50ARMS1C, P50ARMS2A, P50ARMS2B, P50ARMS2C, P50ARMS3A, P50ARMS3B, P50ARMS3C"
"969","0.38792166075204","10.1404447340167","0.001","0.240237185135348","0.281648582462496","0.349366915757765",NA,"RUNARMS2C, RUNARMS4B, RUNARMS8B, RUNARMS7B, RUNARMS9A, RUNARMS5A, RUNARMS3C, RUNARMS1B, RUNARMS9B, P50ARMS1A, P50ARMS1B, P50ARMS1C, P50ARMS2A, P50ARMS2B, P50ARMS2C, P50ARMS3A, P50ARMS3B, P50ARMS3C"
"970","0.437105621491896","12.4245155235098","0.001","0.221390007696126","0.275341372605639","0.240287674501861",NA,"RUNARMS7A, RUNARMS1C, RUNARMS8B, RUNARMS2A, RUNARMS2B, RUNARMS9A, RUNARMS1A, RUNARMS5A, RUNARMS3A, P50ARMS1A, P50ARMS1B, P50ARMS1C, P50ARMS2A, P50ARMS2B, P50ARMS2C, P50ARMS3A, P50ARMS3B, P50ARMS3C"
"971","0.444913403417994","12.8243313719362","0.001","0.215167607857282","0.279886823220194","0.118274718256753",NA,"RUNARMS8C, RUNARMS5B, RUNARMS3C, RUNARMS1C, RUNARMS9A, RUNARMS1A, RUNARMS5A, RUNARMS9C, RUNARMS7A, P50ARMS1A, P50ARMS1B, P50ARMS1C, P50ARMS2A, P50ARMS2B, P50ARMS2C, P50ARMS3A, P50ARMS3B, P50ARMS3C"
"972","0.482935070737686","14.9438894315012","0.001","0.1839394155949","0.269567100034518","0.0528326671846753",NA,"RUNARMS5A, RUNARMS7B, RUNARMS3B, RUNARMS9A, RUNARMS5C, RUNARMS4B, RUNARMS1C, RUNARMS7C, RUNARMS2B, P50ARMS1A, P50ARMS1B, P50ARMS1C, P50ARMS2A, P50ARMS2B, P50ARMS2C, P50ARMS3A, P50ARMS3B, P50ARMS3C"
"973","0.418899643704417","11.5339703833556","0.001","0.2114266217101","0.279491624440113","0.119615565661578",NA,"RUNARMS7A, RUNARMS2C, RUNARMS6C, RUNARMS5C, RUNARMS4A, RUNARMS1B, RUNARMS3C, RUNARMS2B, RUNARMS3B, P50ARMS1A, P50ARMS1B, P50ARMS1C, P50ARMS2A, P50ARMS2B, P50ARMS2C, P50ARMS3A, P50ARMS3B, P50ARMS3C"
"974","0.483885495518155","15.0008725991207","0.001","0.19052073839267","0.272683658893182","0.0629577000086392",NA,"RUNARMS6C, RUNARMS2C, RUNARMS1C, RUNARMS9C, RUNARMS3B, RUNARMS6B, RUNARMS1A, RUNARMS5A, RUNARMS2A, P50ARMS1A, P50ARMS1B, P50ARMS1C, P50ARMS2A, P50ARMS2B, P50ARMS2C, P50ARMS3A, P50ARMS3B, P50ARMS3C"
"975","0.462080768415113","13.744242370474","0.001","0.199087725437883","0.277554093118343","0.0672085152910697",NA,"RUNARMS4A, RUNARMS9C, RUNARMS7A, RUNARMS3B, RUNARMS1C, RUNARMS7C, RUNARMS4C, RUNARMS5B, RUNARMS8C, P50ARMS1A, P50ARMS1B, P50ARMS1C, P50ARMS2A, P50ARMS2B, P50ARMS2C, P50ARMS3A, P50ARMS3B, P50ARMS3C"
"976","0.413865790229921","11.2975024035472","0.001","0.210475884732658","0.270242773735463","0.202963130640671",NA,"RUNARMS3B, RUNARMS9B, RUNARMS4C, RUNARMS3C, RUNARMS8C, RUNARMS3A, RUNARMS1A, RUNARMS2C, RUNARMS7A, P50ARMS1A, P50ARMS1B, P50ARMS1C, P50ARMS2A, P50ARMS2B, P50ARMS2C, P50ARMS3A, P50ARMS3B, P50ARMS3C"
"977","0.444460560081333","12.8008354588514","0.001","0.196388952789355","0.273313806194755","0.0764238088075206",NA,"RUNARMS5B, RUNARMS4A, RUNARMS2A, RUNARMS4B, RUNARMS6A, RUNARMS3C, RUNARMS1C, RUNARMS9A, RUNARMS3B, P50ARMS1A, P50ARMS1B, P50ARMS1C, P50ARMS2A, P50ARMS2B, P50ARMS2C, P50ARMS3A, P50ARMS3B, P50ARMS3C"
"978","0.387980836388725","10.1429722324225","0.001","0.222556851832622","0.271111912935582","0.265142201685118",NA,"RUNARMS3A, RUNARMS4A, RUNARMS6A, RUNARMS8C, RUNARMS1A, RUNARMS7A, RUNARMS1B, RUNARMS8A, RUNARMS6C, P50ARMS1A, P50ARMS1B, P50ARMS1C, P50ARMS2A, P50ARMS2B, P50ARMS2C, P50ARMS3A, P50ARMS3B, P50ARMS3C"
"979","0.424827800838802","11.8177561838587","0.002","0.228125730099872","0.274579409856495","0.297571308095257",NA,"RUNARMS5A, RUNARMS6A, RUNARMS9B, RUNARMS2C, RUNARMS3C, RUNARMS1C, RUNARMS6C, RUNARMS1A, RUNARMS9C, P50ARMS1A, P50ARMS1B, P50ARMS1C, P50ARMS2A, P50ARMS2B, P50ARMS2C, P50ARMS3A, P50ARMS3B, P50ARMS3C"
"980","0.3987585637523","10.6116056469007","0.001","0.230789261645853","0.26895029904212","0.425109489696547",NA,"RUNARMS8B, RUNARMS4B, RUNARMS1B, RUNARMS6C, RUNARMS7B, RUNARMS5A, RUNARMS1C, RUNARMS2A, RUNARMS8A, P50ARMS1A, P50ARMS1B, P50ARMS1C, P50ARMS2A, P50ARMS2B, P50ARMS2C, P50ARMS3A, P50ARMS3B, P50ARMS3C"
"981","0.448962087609778","13.0361146488038","0.001","0.204819737482852","0.273813830634897","0.112659988899626",NA,"RUNARMS5B, RUNARMS4A, RUNARMS2A, RUNARMS7A, RUNARMS9C, RUNARMS3B, RUNARMS1C, RUNARMS5C, RUNARMS3C, P50ARMS1A, P50ARMS1B, P50ARMS1C, P50ARMS2A, P50ARMS2B, P50ARMS2C, P50ARMS3A, P50ARMS3B, P50ARMS3C"
"982","0.454962421279278","13.3557740322313","0.001","0.192140806231432","0.270108590331131","0.0830232815866096",NA,"RUNARMS4C, RUNARMS1C, RUNARMS7B, RUNARMS5C, RUNARMS8C, RUNARMS3B, RUNARMS6C, RUNARMS2C, RUNARMS7A, P50ARMS1A, P50ARMS1B, P50ARMS1C, P50ARMS2A, P50ARMS2B, P50ARMS2C, P50ARMS3A, P50ARMS3B, P50ARMS3C"
"983","0.465166810686745","13.9158696948942","0.001","0.188531697010846","0.278534814600543","0.0382308327261388",NA,"RUNARMS3B, RUNARMS2B, RUNARMS9A, RUNARMS5B, RUNARMS2C, RUNARMS1B, RUNARMS4A, RUNARMS9C, RUNARMS2A, P50ARMS1A, P50ARMS1B, P50ARMS1C, P50ARMS2A, P50ARMS2B, P50ARMS2C, P50ARMS3A, P50ARMS3B, P50ARMS3C"
"984","0.426837843884066","11.9153112766986","0.001","0.213227875891055","0.275367078619091","0.182084512157258",NA,"RUNARMS4C, RUNARMS8C, RUNARMS1A, RUNARMS6C, RUNARMS9A, RUNARMS5C, RUNARMS5A, RUNARMS2B, RUNARMS8B, P50ARMS1A, P50ARMS1B, P50ARMS1C, P50ARMS2A, P50ARMS2B, P50ARMS2C, P50ARMS3A, P50ARMS3B, P50ARMS3C"
"985","0.397941325438554","10.5754828823865","0.001","0.224551930374046","0.274693752050124","0.291131265924726",NA,"RUNARMS9C, RUNARMS3A, RUNARMS8A, RUNARMS1B, RUNARMS6A, RUNARMS4B, RUNARMS4C, RUNARMS4A, RUNARMS8B, P50ARMS1A, P50ARMS1B, P50ARMS1C, P50ARMS2A, P50ARMS2B, P50ARMS2C, P50ARMS3A, P50ARMS3B, P50ARMS3C"
"986","0.401175063339607","10.7189941842284","0.001","0.221896096156433","0.274224128471961","0.256768689210074",NA,"RUNARMS2A, RUNARMS1B, RUNARMS7C, RUNARMS7B, RUNARMS4A, RUNARMS6B, RUNARMS8B, RUNARMS3B, RUNARMS6C, P50ARMS1A, P50ARMS1B, P50ARMS1C, P50ARMS2A, P50ARMS2B, P50ARMS2C, P50ARMS3A, P50ARMS3B, P50ARMS3C"
"987","0.418476632582903","11.5139416513318","0.001","0.223824081507853","0.274664186097968","0.261535873279334",NA,"RUNARMS9C, RUNARMS6B, RUNARMS7C, RUNARMS2C, RUNARMS2A, RUNARMS2B, RUNARMS7A, RUNARMS1B, RUNARMS9B, P50ARMS1A, P50ARMS1B, P50ARMS1C, P50ARMS2A, P50ARMS2B, P50ARMS2C, P50ARMS3A, P50ARMS3B, P50ARMS3C"
"988","0.413358136298317","11.2738803518739","0.001","0.223509849087039","0.275753704201346","0.230115060220603",NA,"RUNARMS8C, RUNARMS5B, RUNARMS3C, RUNARMS7B, RUNARMS8A, RUNARMS2B, RUNARMS7C, RUNARMS1A, RUNARMS6A, P50ARMS1A, P50ARMS1B, P50ARMS1C, P50ARMS2A, P50ARMS2B, P50ARMS2C, P50ARMS3A, P50ARMS3B, P50ARMS3C"
"989","0.448662887732671","13.0203573167808","0.001","0.205785379598321","0.279230647781975","0.0974696547985465",NA,"RUNARMS3B, RUNARMS9C, RUNARMS2B, RUNARMS4C, RUNARMS8C, RUNARMS1C, RUNARMS5A, RUNARMS6B, RUNARMS3C, P50ARMS1A, P50ARMS1B, P50ARMS1C, P50ARMS2A, P50ARMS2B, P50ARMS2C, P50ARMS3A, P50ARMS3B, P50ARMS3C"
"990","0.440610113118693","12.6025907425726","0.001","0.19701255416898","0.277403159050998","0.0650873697856822",NA,"RUNARMS4C, RUNARMS6B, RUNARMS2B, RUNARMS1B, RUNARMS2A, RUNARMS3A, RUNARMS7B, RUNARMS1C, RUNARMS6C, P50ARMS1A, P50ARMS1B, P50ARMS1C, P50ARMS2A, P50ARMS2B, P50ARMS2C, P50ARMS3A, P50ARMS3B, P50ARMS3C"
"991","0.440148964128657","12.5790308043243","0.001","0.201144047191653","0.273014841140973","0.102887160620441",NA,"RUNARMS8C, RUNARMS7C, RUNARMS5B, RUNARMS6B, RUNARMS5C, RUNARMS1C, RUNARMS4C, RUNARMS2B, RUNARMS6A, P50ARMS1A, P50ARMS1B, P50ARMS1C, P50ARMS2A, P50ARMS2B, P50ARMS2C, P50ARMS3A, P50ARMS3B, P50ARMS3C"
"992","0.448423083156016","13.0077403738157","0.001","0.221991980091221","0.273563683339593","0.24398628622227",NA,"RUNARMS2C, RUNARMS5A, RUNARMS4A, RUNARMS9C, RUNARMS8B, RUNARMS8A, RUNARMS7A, RUNARMS1A, RUNARMS7C, P50ARMS1A, P50ARMS1B, P50ARMS1C, P50ARMS2A, P50ARMS2B, P50ARMS2C, P50ARMS3A, P50ARMS3B, P50ARMS3C"
"993","0.436494711004119","12.3936997796607","0.001","0.206678735370611","0.282063454282795","0.0833936613278942",NA,"RUNARMS2B, RUNARMS1B, RUNARMS4C, RUNARMS3A, RUNARMS1A, RUNARMS3C, RUNARMS2A, RUNARMS3B, RUNARMS7C, P50ARMS1A, P50ARMS1B, P50ARMS1C, P50ARMS2A, P50ARMS2B, P50ARMS2C, P50ARMS3A, P50ARMS3B, P50ARMS3C"
"994","0.450661485321061","13.1259388745957","0.001","0.184475472412134","0.267425811471459","0.0633208122230495",NA,"RUNARMS7B, RUNARMS5A, RUNARMS7A, RUNARMS1A, RUNARMS3C, RUNARMS9A, RUNARMS3B, RUNARMS4A, RUNARMS4B, P50ARMS1A, P50ARMS1B, P50ARMS1C, P50ARMS2A, P50ARMS2B, P50ARMS2C, P50ARMS3A, P50ARMS3B, P50ARMS3C"
"995","0.421287260979663","11.6475683377651","0.001","0.238680401564662","0.272388609474965","0.450567339974867",NA,"RUNARMS6C, RUNARMS3B, RUNARMS2C, RUNARMS8A, RUNARMS9B, RUNARMS7A, RUNARMS8B, RUNARMS1C, RUNARMS7B, P50ARMS1A, P50ARMS1B, P50ARMS1C, P50ARMS2A, P50ARMS2B, P50ARMS2C, P50ARMS3A, P50ARMS3B, P50ARMS3C"
"996","0.464523907331528","13.8799521006926","0.001","0.214846020739229","0.278011450074691","0.15277287882118",NA,"RUNARMS6C, RUNARMS1C, RUNARMS5A, RUNARMS8A, RUNARMS2A, RUNARMS2B, RUNARMS5C, RUNARMS9C, RUNARMS1A, P50ARMS1A, P50ARMS1B, P50ARMS1C, P50ARMS2A, P50ARMS2B, P50ARMS2C, P50ARMS3A, P50ARMS3B, P50ARMS3C"
"997","0.440399362988454","12.5918187753419","0.001","0.210890111619014","0.274671527386987","0.183314012307981",NA,"RUNARMS3B, RUNARMS4B, RUNARMS9A, RUNARMS2A, RUNARMS1A, RUNARMS2C, RUNARMS3A, RUNARMS5A, RUNARMS8B, P50ARMS1A, P50ARMS1B, P50ARMS1C, P50ARMS2A, P50ARMS2B, P50ARMS2C, P50ARMS3A, P50ARMS3B, P50ARMS3C"
"998","0.441148420377582","12.6301418541399","0.001","0.210428482380864","0.277659772071386","0.124270739964923",NA,"RUNARMS4C, RUNARMS3B, RUNARMS7B, RUNARMS6B, RUNARMS9C, RUNARMS7A, RUNARMS3A, RUNARMS1C, RUNARMS3C, P50ARMS1A, P50ARMS1B, P50ARMS1C, P50ARMS2A, P50ARMS2B, P50ARMS2C, P50ARMS3A, P50ARMS3B, P50ARMS3C"
"999","0.420815365617227","11.6250422579855","0.001","0.220513066352982","0.278562665796975","0.161878745137352",NA,"RUNARMS3A, RUNARMS1C, RUNARMS1B, RUNARMS6B, RUNARMS9C, RUNARMS9A, RUNARMS3B, RUNARMS7B, RUNARMS3C, P50ARMS1A, P50ARMS1B, P50ARMS1C, P50ARMS2A, P50ARMS2B, P50ARMS2C, P50ARMS3A, P50ARMS3B, P50ARMS3C"
"1000","0.435626785583123","12.350034323531","0.001","0.214781828268399","0.273246860031727","0.184867324015707",NA,"RUNARMS2A, RUNARMS6A, RUNARMS3A, RUNARMS2B, RUNARMS1C, RUNARMS5C, RUNARMS8A, RUNARMS8C, RUNARMS7B, P50ARMS1A, P50ARMS1B, P50ARMS1C, P50ARMS2A, P50ARMS2B, P50ARMS2C, P50ARMS3A, P50ARMS3B, P50ARMS3C"
