"","R2","F","p_value","mean_permdisp_Reunion.Reunion","mean_permdisp_Rodrigues.Rodrigues","p_disp1","p_disp2","samples"
"1","0.262212210720288","5.33104941279147","0.001","0.210170274568467","0.253587726003513","0.0122274593256258",NA,"RUNARMS7C, RUNARMS5C, RUNARMS4B, RUNARMS1A, RUNARMS2A, RUNARMS6A, RUNARMS3C, RUNARMS6C, RUNARMS9A, RODARMS1A, RODARMS1B, RODARMS1C, RODARMS2A, RODARMS2B, RODARMS2C, RODARMS3A, RODARMS3B"
"2","0.161594832367082","2.89111109888519","0.03","0.239238649207351","0.256792660951498","0.532840621969982",NA,"RUNARMS2C, RUNARMS1B, RUNARMS3A, RUNARMS6B, RUNARMS8B, RUNARMS5B, RUNARMS8C, RUNARMS9B, RUNARMS2A, RODARMS1A, RODARMS1B, RODARMS1C, RODARMS2A, RODARMS2B, RODARMS2C, RODARMS3A, RODARMS3B"
"3","0.181120692497692","3.31771771807499","0.009","0.209279771945539","0.249207629636751","0.174072282522933",NA,"RUNARMS2B, RUNARMS5C, RUNARMS2A, RUNARMS1C, RUNARMS1A, RUNARMS8B, RUNARMS4C, RUNARMS7B, RUNARMS9B, RODARMS1A, RODARMS1B, RODARMS1C, RODARMS2A, RODARMS2B, RODARMS2C, RODARMS3A, RODARMS3B"
"4","0.248231712812177","4.95295659000361","0.001","0.178144961432168","0.245440912711135","0.00180693702538696",NA,"RUNARMS8C, RUNARMS2A, RUNARMS4A, RUNARMS6A, RUNARMS7B, RUNARMS6C, RUNARMS4C, RUNARMS1C, RUNARMS9A, RODARMS1A, RODARMS1B, RODARMS1C, RODARMS2A, RODARMS2B, RODARMS2C, RODARMS3A, RODARMS3B"
"5","0.183782948643807","3.37746464016724","0.012","0.209393759935106","0.246908100604717","0.118746158877884",NA,"RUNARMS7B, RUNARMS2B, RUNARMS8B, RUNARMS7A, RUNARMS1B, RUNARMS9A, RUNARMS4A, RUNARMS1C, RUNARMS3A, RODARMS1A, RODARMS1B, RODARMS1C, RODARMS2A, RODARMS2B, RODARMS2C, RODARMS3A, RODARMS3B"
"6","0.208567192915758","3.95296715745492","0.008","0.194124973575396","0.24627598826319","0.082967615337678",NA,"RUNARMS2A, RUNARMS3B, RUNARMS5C, RUNARMS5B, RUNARMS5A, RUNARMS8B, RUNARMS1C, RUNARMS2C, RUNARMS9C, RODARMS1A, RODARMS1B, RODARMS1C, RODARMS2A, RODARMS2B, RODARMS2C, RODARMS3A, RODARMS3B"
"7","0.199604115496196","3.74072604621034","0.007","0.181232625262082","0.245440912711119","0.0231826303293047",NA,"RUNARMS9C, RUNARMS9B, RUNARMS7B, RUNARMS5B, RUNARMS1B, RUNARMS2A, RUNARMS4A, RUNARMS4C, RUNARMS3B, RODARMS1A, RODARMS1B, RODARMS1C, RODARMS2A, RODARMS2B, RODARMS2C, RODARMS3A, RODARMS3B"
"8","0.250834790287558","5.02228587971613","0.001","0.181173184207935","0.245440912711119","0.00135639491586136",NA,"RUNARMS3B, RUNARMS6B, RUNARMS5C, RUNARMS1C, RUNARMS5B, RUNARMS1A, RUNARMS3A, RUNARMS2C, RUNARMS7B, RODARMS1A, RODARMS1B, RODARMS1C, RODARMS2A, RODARMS2B, RODARMS2C, RODARMS3A, RODARMS3B"
"9","0.262659900018733","5.34339377497724","0.001","0.195363729753908","0.246273758577841","0.0037633231824809",NA,"RUNARMS7A, RUNARMS9A, RUNARMS5A, RUNARMS5B, RUNARMS4A, RUNARMS1B, RUNARMS3A, RUNARMS3C, RUNARMS8C, RODARMS1A, RODARMS1B, RODARMS1C, RODARMS2A, RODARMS2B, RODARMS2C, RODARMS3A, RODARMS3B"
"10","0.25355016373911","5.09512129460415","0.001","0.192970787102582","0.251292005416809","0.00109150691836604",NA,"RUNARMS2C, RUNARMS7B, RUNARMS3A, RUNARMS4A, RUNARMS5B, RUNARMS3C, RUNARMS6A, RUNARMS4B, RUNARMS1B, RODARMS1A, RODARMS1B, RODARMS1C, RODARMS2A, RODARMS2B, RODARMS2C, RODARMS3A, RODARMS3B"
"11","0.238214916444496","4.69059295567985","0.001","0.203360078648651","0.248809811399691","0.010493222252228",NA,"RUNARMS2A, RUNARMS6B, RUNARMS1B, RUNARMS9A, RUNARMS3C, RUNARMS3B, RUNARMS3A, RUNARMS8C, RUNARMS5C, RODARMS1A, RODARMS1B, RODARMS1C, RODARMS2A, RODARMS2B, RODARMS2C, RODARMS3A, RODARMS3B"
"12","0.198498618295484","3.71487728205807","0.006","0.20606247430044","0.249567357682878","0.0751458648905423",NA,"RUNARMS4A, RUNARMS7A, RUNARMS9A, RUNARMS2C, RUNARMS8C, RUNARMS8B, RUNARMS2B, RUNARMS1B, RUNARMS5A, RODARMS1A, RODARMS1B, RODARMS1C, RODARMS2A, RODARMS2B, RODARMS2C, RODARMS3A, RODARMS3B"
"13","0.199332995010435","3.73438009375132","0.006","0.246701282959144","0.270166521350008","0.223716077691179",NA,"RUNARMS9C, RUNARMS2C, RUNARMS7C, RUNARMS8C, RUNARMS4B, RUNARMS8B, RUNARMS6B, RUNARMS1A, RUNARMS6C, RODARMS1A, RODARMS1B, RODARMS1C, RODARMS2A, RODARMS2B, RODARMS2C, RODARMS3A, RODARMS3B"
"14","0.185497722265028","3.41615476105618","0.004","0.22346872858906","0.262855545836762","0.102469617354263",NA,"RUNARMS4C, RUNARMS4A, RUNARMS9B, RUNARMS8A, RUNARMS8C, RUNARMS6C, RUNARMS1C, RUNARMS3B, RUNARMS9C, RODARMS1A, RODARMS1B, RODARMS1C, RODARMS2A, RODARMS2B, RODARMS2C, RODARMS3A, RODARMS3B"
"15","0.235294593240159","4.61539681477735","0.001","0.204505336057553","0.251038046410828","0.0110748905829304",NA,"RUNARMS9C, RUNARMS9A, RUNARMS1A, RUNARMS5C, RUNARMS7B, RUNARMS3C, RUNARMS1B, RUNARMS2C, RUNARMS6C, RODARMS1A, RODARMS1B, RODARMS1C, RODARMS2A, RODARMS2B, RODARMS2C, RODARMS3A, RODARMS3B"
"16","0.190791050362951","3.53662148290362","0.012","0.205734395591789","0.250845170592464","0.117389309780389",NA,"RUNARMS2B, RUNARMS2A, RUNARMS9C, RUNARMS2C, RUNARMS8B, RUNARMS7B, RUNARMS4B, RUNARMS1C, RUNARMS3A, RODARMS1A, RODARMS1B, RODARMS1C, RODARMS2A, RODARMS2B, RODARMS2C, RODARMS3A, RODARMS3B"
"17","0.218606839697458","4.19648233699955","0.003","0.231143510970668","0.2619732257129","0.159834523577477",NA,"RUNARMS8B, RUNARMS3A, RUNARMS7C, RUNARMS4B, RUNARMS5C, RUNARMS1B, RUNARMS8C, RUNARMS1A, RUNARMS2C, RODARMS1A, RODARMS1B, RODARMS1C, RODARMS2A, RODARMS2B, RODARMS2C, RODARMS3A, RODARMS3B"
"18","0.183686524312371","3.37529386289332","0.008","0.220638218208186","0.255284676840709","0.0863086582460486",NA,"RUNARMS6B, RUNARMS1C, RUNARMS5C, RUNARMS9B, RUNARMS9C, RUNARMS6A, RUNARMS8C, RUNARMS1B, RUNARMS2B, RODARMS1A, RODARMS1B, RODARMS1C, RODARMS2A, RODARMS2B, RODARMS2C, RODARMS3A, RODARMS3B"
"19","0.226603011355702","4.39495526908345","0.002","0.192951204255465","0.249020318633849","0.025678453621603",NA,"RUNARMS5A, RUNARMS1A, RUNARMS1C, RUNARMS3B, RUNARMS5C, RUNARMS4A, RUNARMS9B, RUNARMS5B, RUNARMS6A, RODARMS1A, RODARMS1B, RODARMS1C, RODARMS2A, RODARMS2B, RODARMS2C, RODARMS3A, RODARMS3B"
"20","0.244311543236084","4.84944968490651","0.002","0.20003325319499","0.249807580480391","0.0088010371404587",NA,"RUNARMS7C, RUNARMS7B, RUNARMS1B, RUNARMS6C, RUNARMS3B, RUNARMS8C, RUNARMS1C, RUNARMS2A, RUNARMS5B, RODARMS1A, RODARMS1B, RODARMS1C, RODARMS2A, RODARMS2B, RODARMS2C, RODARMS3A, RODARMS3B"
"21","0.178335822966798","3.25563340750813","0.01","0.241501226206177","0.255962745876549","0.488338756778487",NA,"RUNARMS8B, RUNARMS7C, RUNARMS8A, RUNARMS5A, RUNARMS2A, RUNARMS3A, RUNARMS9C, RUNARMS1A, RUNARMS9B, RODARMS1A, RODARMS1B, RODARMS1C, RODARMS2A, RODARMS2B, RODARMS2C, RODARMS3A, RODARMS3B"
"22","0.213145858588016","4.06325354414859","0.005","0.207667061064228","0.249245664362705","0.1294097996707",NA,"RUNARMS5A, RUNARMS7B, RUNARMS3C, RUNARMS5B, RUNARMS8B, RUNARMS5C, RUNARMS2B, RUNARMS6A, RUNARMS1A, RODARMS1A, RODARMS1B, RODARMS1C, RODARMS2A, RODARMS2B, RODARMS2C, RODARMS3A, RODARMS3B"
"23","0.263779573516293","5.3743328226332","0.001","0.195994681768329","0.247994048138021","0.0118643914315029",NA,"RUNARMS3C, RUNARMS2C, RUNARMS8C, RUNARMS4B, RUNARMS3A, RUNARMS9A, RUNARMS4C, RUNARMS1C, RUNARMS7A, RODARMS1A, RODARMS1B, RODARMS1C, RODARMS2A, RODARMS2B, RODARMS2C, RODARMS3A, RODARMS3B"
"24","0.216352333059164","4.14125522577799","0.004","0.224221177826061","0.260692206742794","0.155119611907358",NA,"RUNARMS2A, RUNARMS6C, RUNARMS4C, RUNARMS9B, RUNARMS1A, RUNARMS2C, RUNARMS3C, RUNARMS1C, RUNARMS8C, RODARMS1A, RODARMS1B, RODARMS1C, RODARMS2A, RODARMS2B, RODARMS2C, RODARMS3A, RODARMS3B"
"25","0.218484946257128","4.19348824844925","0.002","0.21048096558776","0.261935692233846","0.0346452991463066",NA,"RUNARMS4A, RUNARMS4C, RUNARMS7A, RUNARMS3B, RUNARMS1A, RUNARMS8C, RUNARMS6C, RUNARMS9B, RUNARMS5A, RODARMS1A, RODARMS1B, RODARMS1C, RODARMS2A, RODARMS2B, RODARMS2C, RODARMS3A, RODARMS3B"
"26","0.233135573196249","4.56017188399152","0.001","0.194693857027285","0.254944932625915","0.0260664175854086",NA,"RUNARMS9A, RUNARMS5A, RUNARMS4C, RUNARMS8B, RUNARMS9C, RUNARMS1A, RUNARMS7B, RUNARMS3B, RUNARMS4B, RODARMS1A, RODARMS1B, RODARMS1C, RODARMS2A, RODARMS2B, RODARMS2C, RODARMS3A, RODARMS3B"
"27","0.174317863501051","3.16679729030215","0.018","0.220243660027118","0.259274506883644","0.118427774054576",NA,"RUNARMS8B, RUNARMS7B, RUNARMS9C, RUNARMS6C, RUNARMS1B, RUNARMS6A, RUNARMS5A, RUNARMS2C, RUNARMS3B, RODARMS1A, RODARMS1B, RODARMS1C, RODARMS2A, RODARMS2B, RODARMS2C, RODARMS3A, RODARMS3B"
"28","0.20660775478319","3.90615907885633","0.004","0.237726346579291","0.261097034840305","0.353011747998783",NA,"RUNARMS9A, RUNARMS2B, RUNARMS3C, RUNARMS4B, RUNARMS8B, RUNARMS1C, RUNARMS7C, RUNARMS2C, RUNARMS6B, RODARMS1A, RODARMS1B, RODARMS1C, RODARMS2A, RODARMS2B, RODARMS2C, RODARMS3A, RODARMS3B"
"29","0.166725711588931","3.00127546069228","0.022","0.202742841514666","0.245592977254816","0.215041300092828",NA,"RUNARMS4C, RUNARMS8A, RUNARMS5B, RUNARMS7B, RUNARMS3B, RUNARMS2C, RUNARMS2A, RUNARMS8B, RUNARMS1B, RODARMS1A, RODARMS1B, RODARMS1C, RODARMS2A, RODARMS2B, RODARMS2C, RODARMS3A, RODARMS3B"
"30","0.224015598199462","4.33028546088695","0.005","0.1970837667087","0.253571496452628","0.0552173357457295",NA,"RUNARMS7A, RUNARMS3B, RUNARMS4C, RUNARMS1C, RUNARMS5A, RUNARMS7B, RUNARMS8B, RUNARMS2A, RUNARMS4B, RODARMS1A, RODARMS1B, RODARMS1C, RODARMS2A, RODARMS2B, RODARMS2C, RODARMS3A, RODARMS3B"
"31","0.2441313597078","4.84471798459765","0.001","0.202633043237512","0.251714024945742","0.00380725978364147",NA,"RUNARMS1C, RUNARMS2A, RUNARMS4A, RUNARMS9A, RUNARMS1A, RUNARMS9C, RUNARMS3C, RUNARMS8C, RUNARMS1B, RODARMS1A, RODARMS1B, RODARMS1C, RODARMS2A, RODARMS2B, RODARMS2C, RODARMS3A, RODARMS3B"
"32","0.236852481374771","4.6554396547364","0.001","0.220267196566217","0.262225612719014","0.006428991075488",NA,"RUNARMS1B, RUNARMS6C, RUNARMS9C, RUNARMS7A, RUNARMS2B, RUNARMS9A, RUNARMS1C, RUNARMS4B, RUNARMS7C, RODARMS1A, RODARMS1B, RODARMS1C, RODARMS2A, RODARMS2B, RODARMS2C, RODARMS3A, RODARMS3B"
"33","0.171833776017552","3.11230591833206","0.012","0.260332601420877","0.260314904541398","0.99929656902943",NA,"RUNARMS3C, RUNARMS9B, RUNARMS6A, RUNARMS5B, RUNARMS8A, RUNARMS8B, RUNARMS5A, RUNARMS7C, RUNARMS1B, RODARMS1A, RODARMS1B, RODARMS1C, RODARMS2A, RODARMS2B, RODARMS2C, RODARMS3A, RODARMS3B"
"34","0.244926413191847","4.86561344756872","0.001","0.197085241306612","0.247964111469018","0.0256047587558056",NA,"RUNARMS5B, RUNARMS9C, RUNARMS2A, RUNARMS1C, RUNARMS5A, RUNARMS4B, RUNARMS8A, RUNARMS9A, RUNARMS7B, RODARMS1A, RODARMS1B, RODARMS1C, RODARMS2A, RODARMS2B, RODARMS2C, RODARMS3A, RODARMS3B"
"35","0.235947919741027","4.63216957005835","0.001","0.208544179573871","0.257215834044045","0.0196333822507455",NA,"RUNARMS1B, RUNARMS7A, RUNARMS2A, RUNARMS3B, RUNARMS6A, RUNARMS7C, RUNARMS2B, RUNARMS3C, RUNARMS4B, RODARMS1A, RODARMS1B, RODARMS1C, RODARMS2A, RODARMS2B, RODARMS2C, RODARMS3A, RODARMS3B"
"36","0.270740902733322","5.56882122721706","0.001","0.175121104657422","0.249360220811101","0.000186567392211711",NA,"RUNARMS1C, RUNARMS5C, RUNARMS5A, RUNARMS5B, RUNARMS4C, RUNARMS6A, RUNARMS9A, RUNARMS2C, RUNARMS2B, RODARMS1A, RODARMS1B, RODARMS1C, RODARMS2A, RODARMS2B, RODARMS2C, RODARMS3A, RODARMS3B"
"37","0.218700333356317","4.19877947015796","0.002","0.213412992081834","0.250641732761842","0.0874573883173283",NA,"RUNARMS7C, RUNARMS2B, RUNARMS1C, RUNARMS7B, RUNARMS3A, RUNARMS6B, RUNARMS9B, RUNARMS1A, RUNARMS4B, RODARMS1A, RODARMS1B, RODARMS1C, RODARMS2A, RODARMS2B, RODARMS2C, RODARMS3A, RODARMS3B"
"38","0.240297319382094","4.74456637141218","0.001","0.201756054357255","0.251848164186695","0.0131904840859729",NA,"RUNARMS3C, RUNARMS2A, RUNARMS3B, RUNARMS1B, RUNARMS4A, RUNARMS7B, RUNARMS5A, RUNARMS7C, RUNARMS6C, RODARMS1A, RODARMS1B, RODARMS1C, RODARMS2A, RODARMS2B, RODARMS2C, RODARMS3A, RODARMS3B"
"39","0.240729310170165","4.75580013942293","0.001","0.200279233121819","0.24650155681312","0.00541336904582898",NA,"RUNARMS6B, RUNARMS1A, RUNARMS7A, RUNARMS1C, RUNARMS7C, RUNARMS1B, RUNARMS2B, RUNARMS5C, RUNARMS9A, RODARMS1A, RODARMS1B, RODARMS1C, RODARMS2A, RODARMS2B, RODARMS2C, RODARMS3A, RODARMS3B"
"40","0.225222513302228","4.36039734960864","0.005","0.220860003918299","0.26700655076625","0.0401432395275294",NA,"RUNARMS7A, RUNARMS8C, RUNARMS1B, RUNARMS9B, RUNARMS7B, RUNARMS4C, RUNARMS1A, RUNARMS2A, RUNARMS9A, RODARMS1A, RODARMS1B, RODARMS1C, RODARMS2A, RODARMS2B, RODARMS2C, RODARMS3A, RODARMS3B"
"41","0.217997591380608","4.18152659719064","0.002","0.213391719425019","0.25260984489476","0.078424152864673",NA,"RUNARMS3A, RUNARMS2A, RUNARMS8C, RUNARMS6A, RUNARMS5A, RUNARMS5C, RUNARMS8A, RUNARMS1B, RUNARMS5B, RODARMS1A, RODARMS1B, RODARMS1C, RODARMS2A, RODARMS2B, RODARMS2C, RODARMS3A, RODARMS3B"
"42","0.18953633363141","3.50792407167351","0.003","0.240111141256601","0.259579701985374","0.338415227643225",NA,"RUNARMS3A, RUNARMS9B, RUNARMS2A, RUNARMS5C, RUNARMS6C, RUNARMS9A, RUNARMS8A, RUNARMS1A, RUNARMS1C, RODARMS1A, RODARMS1B, RODARMS1C, RODARMS2A, RODARMS2B, RODARMS2C, RODARMS3A, RODARMS3B"
"43","0.218259445121824","4.18795168857212","0.004","0.208977858413238","0.246676086516365","0.15910912853493",NA,"RUNARMS6C, RUNARMS9C, RUNARMS1C, RUNARMS5B, RUNARMS3C, RUNARMS2A, RUNARMS5A, RUNARMS2C, RUNARMS8A, RODARMS1A, RODARMS1B, RODARMS1C, RODARMS2A, RODARMS2B, RODARMS2C, RODARMS3A, RODARMS3B"
"44","0.23304985148422","4.55798565138602","0.002","0.211183402242085","0.245440916990868","0.0950741200123018",NA,"RUNARMS8A, RUNARMS7A, RUNARMS7C, RUNARMS9A, RUNARMS3C, RUNARMS5B, RUNARMS5C, RUNARMS1B, RUNARMS3B, RODARMS1A, RODARMS1B, RODARMS1C, RODARMS2A, RODARMS2B, RODARMS2C, RODARMS3A, RODARMS3B"
"45","0.196962703836621","3.67908261753789","0.009","0.22135980095339","0.259637714960187","0.046980909407825",NA,"RUNARMS6B, RUNARMS1B, RUNARMS5C, RUNARMS9C, RUNARMS8C, RUNARMS4A, RUNARMS9A, RUNARMS9B, RUNARMS2C, RODARMS1A, RODARMS1B, RODARMS1C, RODARMS2A, RODARMS2B, RODARMS2C, RODARMS3A, RODARMS3B"
"46","0.263628533130083","5.37015375373013","0.001","0.192772843383011","0.248791284634308","0.0034424310662044",NA,"RUNARMS2A, RUNARMS2C, RUNARMS9C, RUNARMS8C, RUNARMS4B, RUNARMS5B, RUNARMS5C, RUNARMS3C, RUNARMS1A, RODARMS1A, RODARMS1B, RODARMS1C, RODARMS2A, RODARMS2B, RODARMS2C, RODARMS3A, RODARMS3B"
"47","0.166278393689106","2.99161720945794","0.028","0.2301170491209","0.254407557554131","0.293509093042292",NA,"RUNARMS8B, RUNARMS6B, RUNARMS9B, RUNARMS5B, RUNARMS9C, RUNARMS7A, RUNARMS1C, RUNARMS4A, RUNARMS2A, RODARMS1A, RODARMS1B, RODARMS1C, RODARMS2A, RODARMS2B, RODARMS2C, RODARMS3A, RODARMS3B"
"48","0.251003870093167","5.02680574847008","0.001","0.174244638049554","0.245440913347817","0.00542614526164275",NA,"RUNARMS7B, RUNARMS4A, RUNARMS1C, RUNARMS5C, RUNARMS4C, RUNARMS5A, RUNARMS2B, RUNARMS3C, RUNARMS6A, RODARMS1A, RODARMS1B, RODARMS1C, RODARMS2A, RODARMS2B, RODARMS2C, RODARMS3A, RODARMS3B"
"49","0.223873132968011","4.32673720903641","0.004","0.193006196143308","0.248310952460926","0.0028158990402777",NA,"RUNARMS2A, RUNARMS6B, RUNARMS1B, RUNARMS9C, RUNARMS9A, RUNARMS4A, RUNARMS2C, RUNARMS8C, RUNARMS6C, RODARMS1A, RODARMS1B, RODARMS1C, RODARMS2A, RODARMS2B, RODARMS2C, RODARMS3A, RODARMS3B"
"50","0.235145274853488","4.61156740860387","0.001","0.214577170714117","0.245440912711119","0.16831731018841",NA,"RUNARMS7C, RUNARMS6B, RUNARMS1A, RUNARMS5B, RUNARMS8C, RUNARMS8A, RUNARMS6A, RUNARMS3C, RUNARMS5A, RODARMS1A, RODARMS1B, RODARMS1C, RODARMS2A, RODARMS2B, RODARMS2C, RODARMS3A, RODARMS3B"
"51","0.191903908416827","3.5621489278743","0.013","0.223389677128309","0.257243775607467","0.17951557780863",NA,"RUNARMS9B, RUNARMS2A, RUNARMS4C, RUNARMS9C, RUNARMS1C, RUNARMS6A, RUNARMS3C, RUNARMS1B, RUNARMS6C, RODARMS1A, RODARMS1B, RODARMS1C, RODARMS2A, RODARMS2B, RODARMS2C, RODARMS3A, RODARMS3B"
"52","0.216571464262783","4.14660918737763","0.004","0.199886233785504","0.255160864903912","0.0483867290121823",NA,"RUNARMS7B, RUNARMS4C, RUNARMS5B, RUNARMS1B, RUNARMS2A, RUNARMS9B, RUNARMS6C, RUNARMS4A, RUNARMS5A, RODARMS1A, RODARMS1B, RODARMS1C, RODARMS2A, RODARMS2B, RODARMS2C, RODARMS3A, RODARMS3B"
"53","0.22228212759215","4.28719980879355","0.004","0.22598660538624","0.262553680300718","0.10823742596355",NA,"RUNARMS1B, RUNARMS4B, RUNARMS8C, RUNARMS2C, RUNARMS9B, RUNARMS6C, RUNARMS3C, RUNARMS5B, RUNARMS4A, RODARMS1A, RODARMS1B, RODARMS1C, RODARMS2A, RODARMS2B, RODARMS2C, RODARMS3A, RODARMS3B"
"54","0.181645339216362","3.32946119673386","0.008","0.234034094002323","0.254139428920273","0.409202116133316",NA,"RUNARMS1C, RUNARMS8C, RUNARMS6B, RUNARMS9B, RUNARMS1B, RUNARMS7C, RUNARMS4C, RUNARMS8A, RUNARMS2C, RODARMS1A, RODARMS1B, RODARMS1C, RODARMS2A, RODARMS2B, RODARMS2C, RODARMS3A, RODARMS3B"
"55","0.235123557388323","4.61101056895199","0.001","0.172258046317041","0.249438356347569","0.000915325369545443",NA,"RUNARMS2C, RUNARMS2B, RUNARMS7B, RUNARMS4A, RUNARMS8C, RUNARMS3B, RUNARMS6B, RUNARMS4C, RUNARMS1C, RODARMS1A, RODARMS1B, RODARMS1C, RODARMS2A, RODARMS2B, RODARMS2C, RODARMS3A, RODARMS3B"
"56","0.208709367776196","3.95637252502881","0.003","0.214972314624418","0.25595123937578","0.0547203240109208",NA,"RUNARMS1B, RUNARMS9B, RUNARMS1A, RUNARMS7B, RUNARMS1C, RUNARMS4B, RUNARMS7A, RUNARMS2C, RUNARMS9C, RODARMS1A, RODARMS1B, RODARMS1C, RODARMS2A, RODARMS2B, RODARMS2C, RODARMS3A, RODARMS3B"
"57","0.202325688873687","3.80466725676556","0.007","0.227336515885701","0.253158110159204","0.273201676152701",NA,"RUNARMS1B, RUNARMS8A, RUNARMS2C, RUNARMS9C, RUNARMS9B, RUNARMS4B, RUNARMS3C, RUNARMS9A, RUNARMS5A, RODARMS1A, RODARMS1B, RODARMS1C, RODARMS2A, RODARMS2B, RODARMS2C, RODARMS3A, RODARMS3B"
"58","0.243659125715925","4.83232760519317","0.002","0.196540874768639","0.256843166490394","9.96779556198828e-05",NA,"RUNARMS6A, RUNARMS9A, RUNARMS4A, RUNARMS5A, RUNARMS1A, RUNARMS2C, RUNARMS6B, RUNARMS7B, RUNARMS1B, RODARMS1A, RODARMS1B, RODARMS1C, RODARMS2A, RODARMS2B, RODARMS2C, RODARMS3A, RODARMS3B"
"59","0.244849263053015","4.86358387286201","0.001","0.205801553895926","0.247350644343216","0.0179093166629517",NA,"RUNARMS6B, RUNARMS7B, RUNARMS1A, RUNARMS6A, RUNARMS8C, RUNARMS2A, RUNARMS3C, RUNARMS7C, RUNARMS6C, RODARMS1A, RODARMS1B, RODARMS1C, RODARMS2A, RODARMS2B, RODARMS2C, RODARMS3A, RODARMS3B"
"60","0.200057459061057","3.75134679347539","0.006","0.198695798765276","0.251691681512071","0.0578297227231822",NA,"RUNARMS2B, RUNARMS5B, RUNARMS1B, RUNARMS6B, RUNARMS2C, RUNARMS3B, RUNARMS8C, RUNARMS8A, RUNARMS6A, RODARMS1A, RODARMS1B, RODARMS1C, RODARMS2A, RODARMS2B, RODARMS2C, RODARMS3A, RODARMS3B"
"61","0.243625043818971","4.83143396991312","0.001","0.2028606084902","0.26176801035705","0.000833838338673692",NA,"RUNARMS3A, RUNARMS2B, RUNARMS1A, RUNARMS9C, RUNARMS1B, RUNARMS3B, RUNARMS9A, RUNARMS4B, RUNARMS8C, RODARMS1A, RODARMS1B, RODARMS1C, RODARMS2A, RODARMS2B, RODARMS2C, RODARMS3A, RODARMS3B"
"62","0.25823792988631","5.22211785202355","0.001","0.17518779022076","0.247290568058113","0.00112025842595294",NA,"RUNARMS4A, RUNARMS7B, RUNARMS8C, RUNARMS6B, RUNARMS4C, RUNARMS2A, RUNARMS5A, RUNARMS9A, RUNARMS1B, RODARMS1A, RODARMS1B, RODARMS1C, RODARMS2A, RODARMS2B, RODARMS2C, RODARMS3A, RODARMS3B"
"63","0.246630104574414","4.91053809168517","0.001","0.201005561319851","0.260120266279807","0.0063831072672683",NA,"RUNARMS4B, RUNARMS7C, RUNARMS2C, RUNARMS5C, RUNARMS6C, RUNARMS1A, RUNARMS2B, RUNARMS1B, RUNARMS3B, RODARMS1A, RODARMS1B, RODARMS1C, RODARMS2A, RODARMS2B, RODARMS2C, RODARMS3A, RODARMS3B"
"64","0.266049147272464","5.43733574837665","0.001","0.184350753240948","0.253729614169344","0.00106825253467918",NA,"RUNARMS4B, RUNARMS1C, RUNARMS4C, RUNARMS3B, RUNARMS8C, RUNARMS5A, RUNARMS2C, RUNARMS7B, RUNARMS6C, RODARMS1A, RODARMS1B, RODARMS1C, RODARMS2A, RODARMS2B, RODARMS2C, RODARMS3A, RODARMS3B"
"65","0.16142475226557","2.88748241797662","0.022","0.212675305594701","0.245440912711119","0.275379522058202",NA,"RUNARMS8A, RUNARMS6B, RUNARMS2B, RUNARMS8B, RUNARMS4C, RUNARMS9A, RUNARMS9C, RUNARMS1C, RUNARMS2C, RODARMS1A, RODARMS1B, RODARMS1C, RODARMS2A, RODARMS2B, RODARMS2C, RODARMS3A, RODARMS3B"
"66","0.236660941355276","4.65050763501067","0.001","0.201763629706095","0.249289074704055","0.0514790337493802",NA,"RUNARMS3C, RUNARMS9B, RUNARMS2C, RUNARMS5A, RUNARMS9C, RUNARMS4B, RUNARMS1A, RUNARMS7B, RUNARMS5C, RODARMS1A, RODARMS1B, RODARMS1C, RODARMS2A, RODARMS2B, RODARMS2C, RODARMS3A, RODARMS3B"
"67","0.197492164045046","3.69140627412139","0.01","0.232708147937134","0.267340755485929","0.175074261051141",NA,"RUNARMS8C, RUNARMS8B, RUNARMS1B, RUNARMS7B, RUNARMS2C, RUNARMS6C, RUNARMS4B, RUNARMS4C, RUNARMS1C, RODARMS1A, RODARMS1B, RODARMS1C, RODARMS2A, RODARMS2B, RODARMS2C, RODARMS3A, RODARMS3B"
"68","0.259258528438644","5.24998002121115","0.001","0.191264735976366","0.257995567101107","0.00100193983778949",NA,"RUNARMS4A, RUNARMS7B, RUNARMS5A, RUNARMS2A, RUNARMS6A, RUNARMS1B, RUNARMS3C, RUNARMS4C, RUNARMS1A, RODARMS1A, RODARMS1B, RODARMS1C, RODARMS2A, RODARMS2B, RODARMS2C, RODARMS3A, RODARMS3B"
"69","0.208850312880222","3.95974964561799","0.006","0.211893625364165","0.258861916650784","0.091004282483605",NA,"RUNARMS6B, RUNARMS2B, RUNARMS8C, RUNARMS1B, RUNARMS8A, RUNARMS2A, RUNARMS4B, RUNARMS6C, RUNARMS2C, RODARMS1A, RODARMS1B, RODARMS1C, RODARMS2A, RODARMS2B, RODARMS2C, RODARMS3A, RODARMS3B"
"70","0.247610672180775","4.93648692954882","0.001","0.185904509932781","0.246025802974392","0.00997469716027085",NA,"RUNARMS2A, RUNARMS1C, RUNARMS8C, RUNARMS5C, RUNARMS2C, RUNARMS6C, RUNARMS7C, RUNARMS4A, RUNARMS4C, RODARMS1A, RODARMS1B, RODARMS1C, RODARMS2A, RODARMS2B, RODARMS2C, RODARMS3A, RODARMS3B"
"71","0.208151665072348","3.9430214579797","0.005","0.190865768931406","0.251673714730747","0.0257515086483366",NA,"RUNARMS2A, RUNARMS1A, RUNARMS3B, RUNARMS8A, RUNARMS2B, RUNARMS4A, RUNARMS3A, RUNARMS1C, RUNARMS6A, RODARMS1A, RODARMS1B, RODARMS1C, RODARMS2A, RODARMS2B, RODARMS2C, RODARMS3A, RODARMS3B"
"72","0.180314386025561","3.29969898735804","0.009","0.248684155586516","0.254002626751411","0.785392282898142",NA,"RUNARMS1C, RUNARMS3C, RUNARMS9B, RUNARMS8A, RUNARMS8B, RUNARMS3A, RUNARMS7A, RUNARMS5C, RUNARMS9A, RODARMS1A, RODARMS1B, RODARMS1C, RODARMS2A, RODARMS2B, RODARMS2C, RODARMS3A, RODARMS3B"
"73","0.152225169669464","2.69337737256449","0.03","0.226406088386295","0.251079695577925","0.334043337195465",NA,"RUNARMS6C, RUNARMS9C, RUNARMS8A, RUNARMS8B, RUNARMS3A, RUNARMS1A, RUNARMS6A, RUNARMS4A, RUNARMS2A, RODARMS1A, RODARMS1B, RODARMS1C, RODARMS2A, RODARMS2B, RODARMS2C, RODARMS3A, RODARMS3B"
"74","0.229623171238353","4.47099061132454","0.002","0.211331158346045","0.255427638367551","0.0669106363085257",NA,"RUNARMS1A, RUNARMS5B, RUNARMS3A, RUNARMS4A, RUNARMS5A, RUNARMS9C, RUNARMS8B, RUNARMS5C, RUNARMS7C, RODARMS1A, RODARMS1B, RODARMS1C, RODARMS2A, RODARMS2B, RODARMS2C, RODARMS3A, RODARMS3B"
"75","0.208205669397591","3.94431346658894","0.003","0.231587536143749","0.259424841578769","0.23329492172423",NA,"RUNARMS1A, RUNARMS7C, RUNARMS4B, RUNARMS8B, RUNARMS1C, RUNARMS6A, RUNARMS1B, RUNARMS2A, RUNARMS8C, RODARMS1A, RODARMS1B, RODARMS1C, RODARMS2A, RODARMS2B, RODARMS2C, RODARMS3A, RODARMS3B"
"76","0.216597626631263","4.1472486041853","0.002","0.21041814581676","0.248499384378077","0.0884883712492905",NA,"RUNARMS6C, RUNARMS8A, RUNARMS2C, RUNARMS5A, RUNARMS6B, RUNARMS5B, RUNARMS1C, RUNARMS3A, RUNARMS7B, RODARMS1A, RODARMS1B, RODARMS1C, RODARMS2A, RODARMS2B, RODARMS2C, RODARMS3A, RODARMS3B"
"77","0.276466802971249","5.73159885627742","0.001","0.180287178905402","0.245440912711154","0.00402703732660256",NA,"RUNARMS3C, RUNARMS1A, RUNARMS4A, RUNARMS1B, RUNARMS4B, RUNARMS7B, RUNARMS7C, RUNARMS4C, RUNARMS1C, RODARMS1A, RODARMS1B, RODARMS1C, RODARMS2A, RODARMS2B, RODARMS2C, RODARMS3A, RODARMS3B"
"78","0.247308263712342","4.92847706018578","0.002","0.182737670560355","0.245440913433277","0.000466684095542821",NA,"RUNARMS2A, RUNARMS6A, RUNARMS4A, RUNARMS1A, RUNARMS6B, RUNARMS7B, RUNARMS3A, RUNARMS4B, RUNARMS9A, RODARMS1A, RODARMS1B, RODARMS1C, RODARMS2A, RODARMS2B, RODARMS2C, RODARMS3A, RODARMS3B"
"79","0.184290787091962","3.388905951576","0.01","0.213872512818721","0.256742251630666","0.131046604560069",NA,"RUNARMS6B, RUNARMS4C, RUNARMS7A, RUNARMS2B, RUNARMS5A, RUNARMS1A, RUNARMS6A, RUNARMS8B, RUNARMS1B, RODARMS1A, RODARMS1B, RODARMS1C, RODARMS2A, RODARMS2B, RODARMS2C, RODARMS3A, RODARMS3B"
"80","0.238853990909761","4.70712559858098","0.001","0.184643376157035","0.24966944644168","0.00313518839947319",NA,"RUNARMS1B, RUNARMS3B, RUNARMS3A, RUNARMS8C, RUNARMS5C, RUNARMS2B, RUNARMS2C, RUNARMS5A, RUNARMS6B, RODARMS1A, RODARMS1B, RODARMS1C, RODARMS2A, RODARMS2B, RODARMS2C, RODARMS3A, RODARMS3B"
"81","0.165380560966814","2.97226292425663","0.021","0.228784303950786","0.255223320326439","0.354140704355257",NA,"RUNARMS6B, RUNARMS9B, RUNARMS1C, RUNARMS2B, RUNARMS4A, RUNARMS8B, RUNARMS5B, RUNARMS3A, RUNARMS6C, RODARMS1A, RODARMS1B, RODARMS1C, RODARMS2A, RODARMS2B, RODARMS2C, RODARMS3A, RODARMS3B"
"82","0.272838047057851","5.62814196934938","0.001","0.195511283107328","0.253324090903232","0.00414200737682135",NA,"RUNARMS1A, RUNARMS9A, RUNARMS2A, RUNARMS4B, RUNARMS3C, RUNARMS5A, RUNARMS5C, RUNARMS6C, RUNARMS4A, RODARMS1A, RODARMS1B, RODARMS1C, RODARMS2A, RODARMS2B, RODARMS2C, RODARMS3A, RODARMS3B"
"83","0.269161405605677","5.52436764431023","0.001","0.178531216178222","0.245577830647043","0.000789015781964355",NA,"RUNARMS1A, RUNARMS1C, RUNARMS5C, RUNARMS2A, RUNARMS4C, RUNARMS9C, RUNARMS9A, RUNARMS4B, RUNARMS8C, RODARMS1A, RODARMS1B, RODARMS1C, RODARMS2A, RODARMS2B, RODARMS2C, RODARMS3A, RODARMS3B"
"84","0.166705707494023","3.00084332137966","0.025","0.221301018594865","0.250766526243952","0.272063173868282",NA,"RUNARMS7B, RUNARMS8B, RUNARMS2A, RUNARMS3B, RUNARMS4A, RUNARMS6A, RUNARMS3C, RUNARMS1A, RUNARMS9B, RODARMS1A, RODARMS1B, RODARMS1C, RODARMS2A, RODARMS2B, RODARMS2C, RODARMS3A, RODARMS3B"
"85","0.222724511531892","4.29817705889931","0.001","0.212558672873581","0.245440912739805","0.152516164651844",NA,"RUNARMS3C, RUNARMS7B, RUNARMS6B, RUNARMS1B, RUNARMS3A, RUNARMS8A, RUNARMS1C, RUNARMS5B, RUNARMS5A, RODARMS1A, RODARMS1B, RODARMS1C, RODARMS2A, RODARMS2B, RODARMS2C, RODARMS3A, RODARMS3B"
"86","0.186015328992317","3.42786545529237","0.012","0.219978955336058","0.255309710413835","0.193581539343923",NA,"RUNARMS8B, RUNARMS6B, RUNARMS7A, RUNARMS1C, RUNARMS1A, RUNARMS9A, RUNARMS2A, RUNARMS2B, RUNARMS6A, RODARMS1A, RODARMS1B, RODARMS1C, RODARMS2A, RODARMS2B, RODARMS2C, RODARMS3A, RODARMS3B"
"87","0.204714891653674","3.86116040974314","0.004","0.219678403437432","0.250904514651983","0.195597618809089",NA,"RUNARMS2A, RUNARMS9A, RUNARMS5B, RUNARMS8B, RUNARMS1A, RUNARMS1B, RUNARMS8C, RUNARMS7A, RUNARMS3A, RODARMS1A, RODARMS1B, RODARMS1C, RODARMS2A, RODARMS2B, RODARMS2C, RODARMS3A, RODARMS3B"
"88","0.159002823308314","2.83596950825327","0.046","0.213308392343767","0.251759225880113","0.266740601368095",NA,"RUNARMS6A, RUNARMS4A, RUNARMS9B, RUNARMS2C, RUNARMS2A, RUNARMS8B, RUNARMS2B, RUNARMS6C, RUNARMS1C, RODARMS1A, RODARMS1B, RODARMS1C, RODARMS2A, RODARMS2B, RODARMS2C, RODARMS3A, RODARMS3B"
"89","0.17839168824989","3.25687469987793","0.011","0.225396862180454","0.245440914582567","0.462327123171323",NA,"RUNARMS6B, RUNARMS1A, RUNARMS2A, RUNARMS5C, RUNARMS8A, RUNARMS8B, RUNARMS9C, RUNARMS3C, RUNARMS5A, RODARMS1A, RODARMS1B, RODARMS1C, RODARMS2A, RODARMS2B, RODARMS2C, RODARMS3A, RODARMS3B"
"90","0.213344020793957","4.06805566410265","0.004","0.234395760097999","0.263544113795915","0.146788732205876",NA,"RUNARMS2B, RUNARMS5A, RUNARMS8C, RUNARMS8A, RUNARMS9B, RUNARMS7C, RUNARMS9A, RUNARMS6A, RUNARMS1A, RODARMS1A, RODARMS1B, RODARMS1C, RODARMS2A, RODARMS2B, RODARMS2C, RODARMS3A, RODARMS3B"
"91","0.210783767617999","4.00619802855196","0.008","0.210156235769754","0.252078727690415","0.116397630935662",NA,"RUNARMS9A, RUNARMS5B, RUNARMS8B, RUNARMS3B, RUNARMS6A, RUNARMS1C, RUNARMS7B, RUNARMS5A, RUNARMS3A, RODARMS1A, RODARMS1B, RODARMS1C, RODARMS2A, RODARMS2B, RODARMS2C, RODARMS3A, RODARMS3B"
"92","0.249456943081493","4.98552896030411","0.003","0.194649598876378","0.245440912711119","0.0445182221799375",NA,"RUNARMS8A, RUNARMS5C, RUNARMS4C, RUNARMS1A, RUNARMS9A, RUNARMS7C, RUNARMS2C, RUNARMS1C, RUNARMS5B, RODARMS1A, RODARMS1B, RODARMS1C, RODARMS2A, RODARMS2B, RODARMS2C, RODARMS3A, RODARMS3B"
"93","0.234645975043474","4.5987732616315","0.001","0.206845503092153","0.253720682199231","0.100486263207111",NA,"RUNARMS4A, RUNARMS5C, RUNARMS4C, RUNARMS5B, RUNARMS3C, RUNARMS4B, RUNARMS8A, RUNARMS1C, RUNARMS6C, RODARMS1A, RODARMS1B, RODARMS1C, RODARMS2A, RODARMS2B, RODARMS2C, RODARMS3A, RODARMS3B"
"94","0.217730927851952","4.17498790897","0.003","0.222760612480664","0.258828144550705","0.0914476549451926",NA,"RUNARMS7A, RUNARMS6C, RUNARMS1A, RUNARMS1B, RUNARMS5A, RUNARMS8A, RUNARMS3A, RUNARMS4B, RUNARMS7B, RODARMS1A, RODARMS1B, RODARMS1C, RODARMS2A, RODARMS2B, RODARMS2C, RODARMS3A, RODARMS3B"
"95","0.271291158322882","5.58435295704334","0.001","0.167532599353315","0.246366861753603","0.000418031309626251",NA,"RUNARMS5A, RUNARMS1A, RUNARMS4C, RUNARMS7A, RUNARMS3A, RUNARMS3B, RUNARMS2A, RUNARMS7B, RUNARMS4B, RODARMS1A, RODARMS1B, RODARMS1C, RODARMS2A, RODARMS2B, RODARMS2C, RODARMS3A, RODARMS3B"
"96","0.249506536522842","4.986849626248","0.001","0.185637991980283","0.245634837879074","0.0105364784273924",NA,"RUNARMS3C, RUNARMS2A, RUNARMS2B, RUNARMS4C, RUNARMS6B, RUNARMS5B, RUNARMS1A, RUNARMS8C, RUNARMS7A, RODARMS1A, RODARMS1B, RODARMS1C, RODARMS2A, RODARMS2B, RODARMS2C, RODARMS3A, RODARMS3B"
"97","0.180411923539501","3.30187679740232","0.018","0.252060304297633","0.265648205422684","0.538283681517692",NA,"RUNARMS8C, RUNARMS6B, RUNARMS6A, RUNARMS2A, RUNARMS9B, RUNARMS7C, RUNARMS8B, RUNARMS1C, RUNARMS6C, RODARMS1A, RODARMS1B, RODARMS1C, RODARMS2A, RODARMS2B, RODARMS2C, RODARMS3A, RODARMS3B"
"98","0.251405927986354","5.03756182526459","0.001","0.188351237380762","0.247958228337574","0.00395274951137502",NA,"RUNARMS1C, RUNARMS1B, RUNARMS8C, RUNARMS2C, RUNARMS5C, RUNARMS5A, RUNARMS6C, RUNARMS2B, RUNARMS5B, RODARMS1A, RODARMS1B, RODARMS1C, RODARMS2A, RODARMS2B, RODARMS2C, RODARMS3A, RODARMS3B"
"99","0.177213877689622","3.23074015623903","0.011","0.230142401345536","0.252837784723356","0.302087195528943",NA,"RUNARMS6B, RUNARMS4A, RUNARMS1A, RUNARMS8A, RUNARMS9C, RUNARMS8C, RUNARMS3C, RUNARMS2C, RUNARMS9B, RODARMS1A, RODARMS1B, RODARMS1C, RODARMS2A, RODARMS2B, RODARMS2C, RODARMS3A, RODARMS3B"
"100","0.202584580476295","3.81077244400349","0.006","0.206869279145763","0.256161566213763","0.0873287409596555",NA,"RUNARMS8A, RUNARMS2C, RUNARMS4B, RUNARMS3C, RUNARMS2B, RUNARMS3B, RUNARMS2A, RUNARMS1B, RUNARMS9C, RODARMS1A, RODARMS1B, RODARMS1C, RODARMS2A, RODARMS2B, RODARMS2C, RODARMS3A, RODARMS3B"
"101","0.236799816457719","4.6540833236959","0.002","0.206589505304872","0.254675958337317","0.0145338885565123",NA,"RUNARMS4B, RUNARMS2A, RUNARMS7A, RUNARMS1C, RUNARMS5C, RUNARMS9A, RUNARMS9C, RUNARMS7B, RUNARMS9B, RODARMS1A, RODARMS1B, RODARMS1C, RODARMS2A, RODARMS2B, RODARMS2C, RODARMS3A, RODARMS3B"
"102","0.232601561599036","4.54656049503522","0.001","0.200917057142597","0.247265961743578","0.0166815430467294",NA,"RUNARMS7C, RUNARMS2B, RUNARMS1A, RUNARMS6C, RUNARMS8C, RUNARMS6A, RUNARMS6B, RUNARMS5C, RUNARMS3A, RODARMS1A, RODARMS1B, RODARMS1C, RODARMS2A, RODARMS2B, RODARMS2C, RODARMS3A, RODARMS3B"
"103","0.200205484526973","3.7548172809468","0.008","0.21874368756675","0.253573448075469","0.0938807952607973",NA,"RUNARMS2C, RUNARMS5C, RUNARMS7B, RUNARMS6A, RUNARMS7A, RUNARMS7C, RUNARMS1B, RUNARMS2A, RUNARMS9B, RODARMS1A, RODARMS1B, RODARMS1C, RODARMS2A, RODARMS2B, RODARMS2C, RODARMS3A, RODARMS3B"
"104","0.226931109715414","4.40318668686582","0.002","0.21030076609757","0.251264345052989","0.0960139275403084",NA,"RUNARMS5A, RUNARMS8B, RUNARMS1A, RUNARMS3C, RUNARMS4A, RUNARMS9A, RUNARMS9C, RUNARMS5C, RUNARMS8C, RODARMS1A, RODARMS1B, RODARMS1C, RODARMS2A, RODARMS2B, RODARMS2C, RODARMS3A, RODARMS3B"
"105","0.152930503304979","2.70811020645287","0.027","0.238264987874921","0.251598415667398","0.631237628236123",NA,"RUNARMS8B, RUNARMS2B, RUNARMS1B, RUNARMS6B, RUNARMS2A, RUNARMS5C, RUNARMS3C, RUNARMS9B, RUNARMS3A, RODARMS1A, RODARMS1B, RODARMS1C, RODARMS2A, RODARMS2B, RODARMS2C, RODARMS3A, RODARMS3B"
"106","0.244009082350068","4.84150821100987","0.002","0.211115050682284","0.257605007978731","0.0097873841743644",NA,"RUNARMS7C, RUNARMS3C, RUNARMS9A, RUNARMS2B, RUNARMS7A, RUNARMS1B, RUNARMS3B, RUNARMS4B, RUNARMS6A, RODARMS1A, RODARMS1B, RODARMS1C, RODARMS2A, RODARMS2B, RODARMS2C, RODARMS3A, RODARMS3B"
"107","0.190495786343093","3.52986031071787","0.005","0.222260470728217","0.256337441936124","0.163591928786392",NA,"RUNARMS4A, RUNARMS1C, RUNARMS7A, RUNARMS8C, RUNARMS3A, RUNARMS8B, RUNARMS2B, RUNARMS4B, RUNARMS6B, RODARMS1A, RODARMS1B, RODARMS1C, RODARMS2A, RODARMS2B, RODARMS2C, RODARMS3A, RODARMS3B"
"108","0.219554701917869","4.2197967453466","0.002","0.200800248752668","0.250134257769359","0.0539371766645443",NA,"RUNARMS5B, RUNARMS9B, RUNARMS2B, RUNARMS3A, RUNARMS7A, RUNARMS3B, RUNARMS5A, RUNARMS5C, RUNARMS1C, RODARMS1A, RODARMS1B, RODARMS1C, RODARMS2A, RODARMS2B, RODARMS2C, RODARMS3A, RODARMS3B"
"109","0.192492714619036","3.57568380070197","0.011","0.214405795254015","0.257875838155003","0.0518598558905738",NA,"RUNARMS4B, RUNARMS4A, RUNARMS8C, RUNARMS6A, RUNARMS2B, RUNARMS9B, RUNARMS2C, RUNARMS1B, RUNARMS7A, RODARMS1A, RODARMS1B, RODARMS1C, RODARMS2A, RODARMS2B, RODARMS2C, RODARMS3A, RODARMS3B"
"110","0.208809341231151","3.95876781879744","0.003","0.198968924684027","0.246142181881806","0.0471735330486231",NA,"RUNARMS1A, RUNARMS2C, RUNARMS9C, RUNARMS6B, RUNARMS5A, RUNARMS4B, RUNARMS4A, RUNARMS9B, RUNARMS3A, RODARMS1A, RODARMS1B, RODARMS1C, RODARMS2A, RODARMS2B, RODARMS2C, RODARMS3A, RODARMS3B"
"111","0.205465055111069","3.87896825242454","0.007","0.185494514137339","0.250688355936143","0.0223282458298251",NA,"RUNARMS1B, RUNARMS4B, RUNARMS4C, RUNARMS3B, RUNARMS9B, RUNARMS4A, RUNARMS3A, RUNARMS7B, RUNARMS2B, RODARMS1A, RODARMS1B, RODARMS1C, RODARMS2A, RODARMS2B, RODARMS2C, RODARMS3A, RODARMS3B"
"112","0.245223093186515","4.87342201992765","0.001","0.197484533832152","0.259621447040734","0.000357238738407062",NA,"RUNARMS3B, RUNARMS5B, RUNARMS2A, RUNARMS6C, RUNARMS4A, RUNARMS1B, RUNARMS7B, RUNARMS3A, RUNARMS4B, RODARMS1A, RODARMS1B, RODARMS1C, RODARMS2A, RODARMS2B, RODARMS2C, RODARMS3A, RODARMS3B"
"113","0.186326292397386","3.43490807168342","0.008","0.208448393973568","0.250525279878218","0.0976110803778187",NA,"RUNARMS1C, RUNARMS7A, RUNARMS6B, RUNARMS8A, RUNARMS6C, RUNARMS7B, RUNARMS1B, RUNARMS2B, RUNARMS3B, RODARMS1A, RODARMS1B, RODARMS1C, RODARMS2A, RODARMS2B, RODARMS2C, RODARMS3A, RODARMS3B"
"114","0.263155626180403","5.35708018267705","0.001","0.175201174653169","0.245440912711119","0.00136564688113599",NA,"RUNARMS1A, RUNARMS7A, RUNARMS3A, RUNARMS2B, RUNARMS9A, RUNARMS4C, RUNARMS2A, RUNARMS1C, RUNARMS5A, RODARMS1A, RODARMS1B, RODARMS1C, RODARMS2A, RODARMS2B, RODARMS2C, RODARMS3A, RODARMS3B"
"115","0.19375384153775","3.60473980875696","0.004","0.204071379349626","0.247458487792241","0.0691103716994854",NA,"RUNARMS8A, RUNARMS4C, RUNARMS1B, RUNARMS7A, RUNARMS9C, RUNARMS6B, RUNARMS2A, RUNARMS1C, RUNARMS7B, RODARMS1A, RODARMS1B, RODARMS1C, RODARMS2A, RODARMS2B, RODARMS2C, RODARMS3A, RODARMS3B"
"116","0.260162534026096","5.274723422197","0.001","0.20635459892835","0.26110633565032","0.000490474163644011",NA,"RUNARMS5C, RUNARMS5B, RUNARMS4B, RUNARMS9A, RUNARMS6C, RUNARMS6A, RUNARMS1A, RUNARMS2A, RUNARMS1B, RODARMS1A, RODARMS1B, RODARMS1C, RODARMS2A, RODARMS2B, RODARMS2C, RODARMS3A, RODARMS3B"
"117","0.255260793979131","5.14127882449587","0.001","0.192850498559217","0.254803096017224","0.000659379341710573",NA,"RUNARMS1A, RUNARMS8C, RUNARMS4A, RUNARMS6C, RUNARMS3B, RUNARMS2A, RUNARMS4B, RUNARMS9A, RUNARMS5C, RODARMS1A, RODARMS1B, RODARMS1C, RODARMS2A, RODARMS2B, RODARMS2C, RODARMS3A, RODARMS3B"
"118","0.224776641665734","4.34926216907438","0.002","0.225206314781037","0.260668890176832","0.125012324779408",NA,"RUNARMS9C, RUNARMS3C, RUNARMS1A, RUNARMS9A, RUNARMS7A, RUNARMS8B, RUNARMS7B, RUNARMS3A, RUNARMS4B, RODARMS1A, RODARMS1B, RODARMS1C, RODARMS2A, RODARMS2B, RODARMS2C, RODARMS3A, RODARMS3B"
"119","0.241657659434515","4.77998484011154","0.001","0.214082573104542","0.253085856265401","0.0429318534637053",NA,"RUNARMS6C, RUNARMS3C, RUNARMS2B, RUNARMS3A, RUNARMS1C, RUNARMS1B, RUNARMS7C, RUNARMS6B, RUNARMS5B, RODARMS1A, RODARMS1B, RODARMS1C, RODARMS2A, RODARMS2B, RODARMS2C, RODARMS3A, RODARMS3B"
"120","0.24676291082697","4.91404859852072","0.001","0.18087442469102","0.248843164252829","0.00123615485479534",NA,"RUNARMS4C, RUNARMS2C, RUNARMS1A, RUNARMS7A, RUNARMS5A, RUNARMS9A, RUNARMS9C, RUNARMS6C, RUNARMS3B, RODARMS1A, RODARMS1B, RODARMS1C, RODARMS2A, RODARMS2B, RODARMS2C, RODARMS3A, RODARMS3B"
"121","0.224201208005619","4.33491023031735","0.002","0.225997999692069","0.258221292869521","0.216800717307951",NA,"RUNARMS3A, RUNARMS2A, RUNARMS3C, RUNARMS7C, RUNARMS5A, RUNARMS4B, RUNARMS8B, RUNARMS4A, RUNARMS1A, RODARMS1A, RODARMS1B, RODARMS1C, RODARMS2A, RODARMS2B, RODARMS2C, RODARMS3A, RODARMS3B"
"122","0.267734292867369","5.48436770135834","0.001","0.171681300906163","0.246754285564516","0.000608579069573241",NA,"RUNARMS4A, RUNARMS7C, RUNARMS5C, RUNARMS1A, RUNARMS4C, RUNARMS6A, RUNARMS5A, RUNARMS7B, RUNARMS2C, RODARMS1A, RODARMS1B, RODARMS1C, RODARMS2A, RODARMS2B, RODARMS2C, RODARMS3A, RODARMS3B"
"123","0.249205609580256","4.97883866928469","0.002","0.186966334396671","0.253120302533957","0.00265748530452473",NA,"RUNARMS4C, RUNARMS7C, RUNARMS3A, RUNARMS1B, RUNARMS7A, RUNARMS4B, RUNARMS7B, RUNARMS2B, RUNARMS3B, RODARMS1A, RODARMS1B, RODARMS1C, RODARMS2A, RODARMS2B, RODARMS2C, RODARMS3A, RODARMS3B"
"124","0.21135897429119","4.02006047240363","0.004","0.216007449496542","0.257975579452129","0.0554231979631169",NA,"RUNARMS9A, RUNARMS4B, RUNARMS9C, RUNARMS2C, RUNARMS1A, RUNARMS6B, RUNARMS8A, RUNARMS2A, RUNARMS1B, RODARMS1A, RODARMS1B, RODARMS1C, RODARMS2A, RODARMS2B, RODARMS2C, RODARMS3A, RODARMS3B"
"125","0.188908292019739","3.49359308252853","0.006","0.222592226551681","0.254124837071428","0.245300425679223",NA,"RUNARMS7B, RUNARMS8B, RUNARMS2C, RUNARMS3C, RUNARMS1C, RUNARMS3B, RUNARMS6A, RUNARMS9A, RUNARMS6B, RODARMS1A, RODARMS1B, RODARMS1C, RODARMS2A, RODARMS2B, RODARMS2C, RODARMS3A, RODARMS3B"
"126","0.22233584513114","4.2885320817307","0.002","0.189171521970858","0.245850274374628","0.00895343418680208",NA,"RUNARMS7B, RUNARMS7A, RUNARMS4A, RUNARMS2C, RUNARMS2A, RUNARMS2B, RUNARMS1B, RUNARMS3A, RUNARMS3C, RODARMS1A, RODARMS1B, RODARMS1C, RODARMS2A, RODARMS2B, RODARMS2C, RODARMS3A, RODARMS3B"
"127","0.214048244952535","4.08514091821592","0.002","0.234012842819579","0.270589549663874","0.174571753403706",NA,"RUNARMS6C, RUNARMS5B, RUNARMS2C, RUNARMS8B, RUNARMS6A, RUNARMS7C, RUNARMS4B, RUNARMS4C, RUNARMS1A, RODARMS1A, RODARMS1B, RODARMS1C, RODARMS2A, RODARMS2B, RODARMS2C, RODARMS3A, RODARMS3B"
"128","0.2346316270965","4.5984058540282","0.002","0.194130332208103","0.257503668895871","0.00210008689797148",NA,"RUNARMS4B, RUNARMS6A, RUNARMS9C, RUNARMS3B, RUNARMS4C, RUNARMS1B, RUNARMS7B, RUNARMS3A, RUNARMS8C, RODARMS1A, RODARMS1B, RODARMS1C, RODARMS2A, RODARMS2B, RODARMS2C, RODARMS3A, RODARMS3B"
"129","0.238470922655348","4.69721241939042","0.001","0.197646466180921","0.248074177741232","0.0100509627063316",NA,"RUNARMS8C, RUNARMS9C, RUNARMS3C, RUNARMS1B, RUNARMS2B, RUNARMS4A, RUNARMS5B, RUNARMS7C, RUNARMS2A, RODARMS1A, RODARMS1B, RODARMS1C, RODARMS2A, RODARMS2B, RODARMS2C, RODARMS3A, RODARMS3B"
"130","0.261392510173433","5.30848618055871","0.002","0.180348065432775","0.250519358663699","0.00477578708775291",NA,"RUNARMS1B, RUNARMS5C, RUNARMS2B, RUNARMS4B, RUNARMS4A, RUNARMS3C, RUNARMS7A, RUNARMS5A, RUNARMS4C, RODARMS1A, RODARMS1B, RODARMS1C, RODARMS2A, RODARMS2B, RODARMS2C, RODARMS3A, RODARMS3B"
"131","0.212399063874018","4.04517797271975","0.006","0.222984156625741","0.257584589748195","0.105203870431777",NA,"RUNARMS7C, RUNARMS9B, RUNARMS2C, RUNARMS5A, RUNARMS1B, RUNARMS6B, RUNARMS7B, RUNARMS6A, RUNARMS9A, RODARMS1A, RODARMS1B, RODARMS1C, RODARMS2A, RODARMS2B, RODARMS2C, RODARMS3A, RODARMS3B"
"132","0.250156646881721","5.00417812283243","0.001","0.18274340178409","0.248947164238874","0.0042466073225551",NA,"RUNARMS1A, RUNARMS3B, RUNARMS4C, RUNARMS2C, RUNARMS7C, RUNARMS5C, RUNARMS3A, RUNARMS2A, RUNARMS6B, RODARMS1A, RODARMS1B, RODARMS1C, RODARMS2A, RODARMS2B, RODARMS2C, RODARMS3A, RODARMS3B"
"133","0.214316365773615","4.09165387512441","0.005","0.199870349961993","0.248382399886692","0.0954069958427666",NA,"RUNARMS5C, RUNARMS6A, RUNARMS5B, RUNARMS1A, RUNARMS6B, RUNARMS4B, RUNARMS8B, RUNARMS5A, RUNARMS2B, RODARMS1A, RODARMS1B, RODARMS1C, RODARMS2A, RODARMS2B, RODARMS2C, RODARMS3A, RODARMS3B"
"134","0.223523322392629","4.31803031897992","0.003","0.229313997567226","0.261034077358934","0.185772194243936",NA,"RUNARMS5A, RUNARMS5B, RUNARMS1B, RUNARMS7C, RUNARMS4B, RUNARMS9B, RUNARMS6C, RUNARMS3A, RUNARMS2A, RODARMS1A, RODARMS1B, RODARMS1C, RODARMS2A, RODARMS2B, RODARMS2C, RODARMS3A, RODARMS3B"
"135","0.17649776090045","3.21488672137867","0.011","0.211856514712767","0.253313095171553","0.151265381468649",NA,"RUNARMS2B, RUNARMS6B, RUNARMS8C, RUNARMS9C, RUNARMS7A, RUNARMS1C, RUNARMS8B, RUNARMS3B, RUNARMS2C, RODARMS1A, RODARMS1B, RODARMS1C, RODARMS2A, RODARMS2B, RODARMS2C, RODARMS3A, RODARMS3B"
"136","0.179083248817541","3.2722547425105","0.019","0.206892759959609","0.251976115695155","0.115961707695141",NA,"RUNARMS5B, RUNARMS8B, RUNARMS9B, RUNARMS5C, RUNARMS3B, RUNARMS2B, RUNARMS9C, RUNARMS1A, RUNARMS4C, RODARMS1A, RODARMS1B, RODARMS1C, RODARMS2A, RODARMS2B, RODARMS2C, RODARMS3A, RODARMS3B"
"137","0.19376498433063","3.60499694068284","0.008","0.2093875781403","0.247132833709075","0.236237129378995",NA,"RUNARMS3C, RUNARMS5C, RUNARMS9B, RUNARMS4C, RUNARMS5A, RUNARMS8B, RUNARMS1A, RUNARMS4A, RUNARMS6A, RODARMS1A, RODARMS1B, RODARMS1C, RODARMS2A, RODARMS2B, RODARMS2C, RODARMS3A, RODARMS3B"
"138","0.19620928672834","3.66157415398056","0.006","0.238861757308611","0.268117750282206","0.136730371158674",NA,"RUNARMS6B, RUNARMS9B, RUNARMS6C, RUNARMS3A, RUNARMS3B, RUNARMS9A, RUNARMS8C, RUNARMS7A, RUNARMS1B, RODARMS1A, RODARMS1B, RODARMS1C, RODARMS2A, RODARMS2B, RODARMS2C, RODARMS3A, RODARMS3B"
"139","0.223414130807916","4.31531411407879","0.003","0.211696777602023","0.251718510017003","0.0828626023714673",NA,"RUNARMS3B, RUNARMS1B, RUNARMS3A, RUNARMS2A, RUNARMS8A, RUNARMS7C, RUNARMS4B, RUNARMS7A, RUNARMS5A, RODARMS1A, RODARMS1B, RODARMS1C, RODARMS2A, RODARMS2B, RODARMS2C, RODARMS3A, RODARMS3B"
"140","0.193969970997963","3.60972849680529","0.014","0.226770883940885","0.260350894434627","0.197205211263094",NA,"RUNARMS4C, RUNARMS6C, RUNARMS3C, RUNARMS2C, RUNARMS7B, RUNARMS1B, RUNARMS9A, RUNARMS6A, RUNARMS8B, RODARMS1A, RODARMS1B, RODARMS1C, RODARMS2A, RODARMS2B, RODARMS2C, RODARMS3A, RODARMS3B"
"141","0.229267090480444","4.46199495925299","0.004","0.19699055154255","0.250858687002315","0.0746852586143455",NA,"RUNARMS4C, RUNARMS8B, RUNARMS5C, RUNARMS2A, RUNARMS5B, RUNARMS1C, RUNARMS1A, RUNARMS4B, RUNARMS7B, RODARMS1A, RODARMS1B, RODARMS1C, RODARMS2A, RODARMS2B, RODARMS2C, RODARMS3A, RODARMS3B"
"142","0.242736876318192","4.80817437282581","0.001","0.201187315721738","0.254591498363837","0.00326984269084238",NA,"RUNARMS2A, RUNARMS4A, RUNARMS6B, RUNARMS1C, RUNARMS1B, RUNARMS6A, RUNARMS1A, RUNARMS5C, RUNARMS7C, RODARMS1A, RODARMS1B, RODARMS1C, RODARMS2A, RODARMS2B, RODARMS2C, RODARMS3A, RODARMS3B"
"143","0.211289261168012","4.01837931383271","0.003","0.20363535688819","0.245440912711119","0.0645332001058605",NA,"RUNARMS2A, RUNARMS9C, RUNARMS1A, RUNARMS6B, RUNARMS8A, RUNARMS2B, RUNARMS7C, RUNARMS5C, RUNARMS5B, RODARMS1A, RODARMS1B, RODARMS1C, RODARMS2A, RODARMS2B, RODARMS2C, RODARMS3A, RODARMS3B"
"144","0.215412544649137","4.11832759713457","0.006","0.218405994294596","0.254568756660028","0.179501027344487",NA,"RUNARMS1A, RUNARMS3C, RUNARMS6C, RUNARMS9B, RUNARMS6B, RUNARMS2A, RUNARMS2C, RUNARMS3A, RUNARMS5B, RODARMS1A, RODARMS1B, RODARMS1C, RODARMS2A, RODARMS2B, RODARMS2C, RODARMS3A, RODARMS3B"
"145","0.182474975492634","3.34806220034534","0.019","0.242893148124616","0.267531171103038","0.258675142322234",NA,"RUNARMS9B, RUNARMS8C, RUNARMS1B, RUNARMS2B, RUNARMS5B, RUNARMS6C, RUNARMS7B, RUNARMS8B, RUNARMS4B, RODARMS1A, RODARMS1B, RODARMS1C, RODARMS2A, RODARMS2B, RODARMS2C, RODARMS3A, RODARMS3B"
"146","0.217191477408146","4.16177400615859","0.002","0.214932304729556","0.245440913179353","0.147212487801875",NA,"RUNARMS7A, RUNARMS1A, RUNARMS1C, RUNARMS3C, RUNARMS8A, RUNARMS6A, RUNARMS5B, RUNARMS5C, RUNARMS6B, RODARMS1A, RODARMS1B, RODARMS1C, RODARMS2A, RODARMS2B, RODARMS2C, RODARMS3A, RODARMS3B"
"147","0.219742689478955","4.22442737509657","0.001","0.210518357163296","0.253023177150631","0.013891983083321",NA,"RUNARMS2A, RUNARMS6B, RUNARMS6C, RUNARMS1C, RUNARMS3A, RUNARMS5B, RUNARMS1B, RUNARMS9C, RUNARMS7A, RODARMS1A, RODARMS1B, RODARMS1C, RODARMS2A, RODARMS2B, RODARMS2C, RODARMS3A, RODARMS3B"
"148","0.183677738144693","3.37509608755317","0.007","0.219406908622223","0.255526465051369","0.155369204363428",NA,"RUNARMS4A, RUNARMS6B, RUNARMS2B, RUNARMS3A, RUNARMS1A, RUNARMS8B, RUNARMS6C, RUNARMS5A, RUNARMS7A, RODARMS1A, RODARMS1B, RODARMS1C, RODARMS2A, RODARMS2B, RODARMS2C, RODARMS3A, RODARMS3B"
"149","0.193907417027615","3.60828435449564","0.011","0.23005331458862","0.258884617780375","0.215044143551907",NA,"RUNARMS7C, RUNARMS1B, RUNARMS7A, RUNARMS1A, RUNARMS3A, RUNARMS6A, RUNARMS4C, RUNARMS6C, RUNARMS9B, RODARMS1A, RODARMS1B, RODARMS1C, RODARMS2A, RODARMS2B, RODARMS2C, RODARMS3A, RODARMS3B"
"150","0.223376733220054","4.31438400267528","0.002","0.198515192742651","0.248771553462225","0.0733547079916127",NA,"RUNARMS4A, RUNARMS4B, RUNARMS8C, RUNARMS3B, RUNARMS3C, RUNARMS8A, RUNARMS1B, RUNARMS1C, RUNARMS4C, RODARMS1A, RODARMS1B, RODARMS1C, RODARMS2A, RODARMS2B, RODARMS2C, RODARMS3A, RODARMS3B"
"151","0.192950460309314","3.58621963374017","0.006","0.223350868836299","0.256122446408946","0.156683060868999",NA,"RUNARMS2B, RUNARMS6C, RUNARMS5C, RUNARMS1C, RUNARMS6B, RUNARMS8B, RUNARMS9A, RUNARMS7B, RUNARMS1A, RODARMS1A, RODARMS1B, RODARMS1C, RODARMS2A, RODARMS2B, RODARMS2C, RODARMS3A, RODARMS3B"
"152","0.176119663842431","3.2065275036874","0.02","0.240916545610417","0.253304551245247","0.6203307146911",NA,"RUNARMS6A, RUNARMS3C, RUNARMS1B, RUNARMS6B, RUNARMS7C, RUNARMS1A, RUNARMS9B, RUNARMS2C, RUNARMS8A, RODARMS1A, RODARMS1B, RODARMS1C, RODARMS2A, RODARMS2B, RODARMS2C, RODARMS3A, RODARMS3B"
"153","0.23866589305312","4.70225668747897","0.001","0.198225657479544","0.248580087219569","0.00871691946752199",NA,"RUNARMS1A, RUNARMS2A, RUNARMS3A, RUNARMS2B, RUNARMS9A, RUNARMS1C, RUNARMS7A, RUNARMS4A, RUNARMS3C, RODARMS1A, RODARMS1B, RODARMS1C, RODARMS2A, RODARMS2B, RODARMS2C, RODARMS3A, RODARMS3B"
"154","0.183894745426744","3.37998213581353","0.012","0.201708952917162","0.249587558216143","0.124862127495601",NA,"RUNARMS3A, RUNARMS4A, RUNARMS1B, RUNARMS1A, RUNARMS8B, RUNARMS6C, RUNARMS2B, RUNARMS4C, RUNARMS1C, RODARMS1A, RODARMS1B, RODARMS1C, RODARMS2A, RODARMS2B, RODARMS2C, RODARMS3A, RODARMS3B"
"155","0.21878003514517","4.20073817210672","0.002","0.204906548981851","0.245440912711119","0.0751514569709534",NA,"RUNARMS4A, RUNARMS1B, RUNARMS1C, RUNARMS2B, RUNARMS7C, RUNARMS5A, RUNARMS9A, RUNARMS8A, RUNARMS3A, RODARMS1A, RODARMS1B, RODARMS1C, RODARMS2A, RODARMS2B, RODARMS2C, RODARMS3A, RODARMS3B"
"156","0.180333012221776","3.30011483158392","0.007","0.2211024264717","0.245440912711119","0.320206795591924",NA,"RUNARMS1C, RUNARMS3B, RUNARMS5C, RUNARMS9B, RUNARMS6B, RUNARMS8A, RUNARMS3C, RUNARMS7B, RUNARMS6A, RODARMS1A, RODARMS1B, RODARMS1C, RODARMS2A, RODARMS2B, RODARMS2C, RODARMS3A, RODARMS3B"
"157","0.230400902935849","4.49066735813705","0.002","0.194027381954124","0.251861452969193","0.00200088934593863",NA,"RUNARMS3B, RUNARMS4A, RUNARMS7A, RUNARMS5C, RUNARMS1B, RUNARMS3A, RUNARMS4B, RUNARMS9C, RUNARMS1C, RODARMS1A, RODARMS1B, RODARMS1C, RODARMS2A, RODARMS2B, RODARMS2C, RODARMS3A, RODARMS3B"
"158","0.254399098072317","5.11800141499142","0.001","0.197488320562836","0.251353025140738","0.0036137712624047",NA,"RUNARMS1A, RUNARMS2C, RUNARMS1C, RUNARMS7A, RUNARMS5A, RUNARMS3C, RUNARMS2A, RUNARMS7B, RUNARMS6A, RODARMS1A, RODARMS1B, RODARMS1C, RODARMS2A, RODARMS2B, RODARMS2C, RODARMS3A, RODARMS3B"
"159","0.257803191549246","5.210272840314","0.001","0.178010840273722","0.254256900679271","0.000503844602908539",NA,"RUNARMS8C, RUNARMS4B, RUNARMS4C, RUNARMS7B, RUNARMS2B, RUNARMS3B, RUNARMS2A, RUNARMS6C, RUNARMS1A, RODARMS1A, RODARMS1B, RODARMS1C, RODARMS2A, RODARMS2B, RODARMS2C, RODARMS3A, RODARMS3B"
"160","0.195405288421365","3.64292641268997","0.008","0.228471185699494","0.265268696076088","0.127985515884947",NA,"RUNARMS6A, RUNARMS1A, RUNARMS2A, RUNARMS1B, RUNARMS8C, RUNARMS4C, RUNARMS9B, RUNARMS6C, RUNARMS3A, RODARMS1A, RODARMS1B, RODARMS1C, RODARMS2A, RODARMS2B, RODARMS2C, RODARMS3A, RODARMS3B"
"161","0.197367150247073","3.68849500069356","0.011","0.213561520834674","0.2563594095123","0.0546416423183186",NA,"RUNARMS1B, RUNARMS2B, RUNARMS5B, RUNARMS2C, RUNARMS4A, RUNARMS7A, RUNARMS5C, RUNARMS8C, RUNARMS9B, RODARMS1A, RODARMS1B, RODARMS1C, RODARMS2A, RODARMS2B, RODARMS2C, RODARMS3A, RODARMS3B"
"162","0.239907048316582","4.73442848901403","0.001","0.188726857198089","0.25122687311947","8.07904786195761e-05",NA,"RUNARMS1A, RUNARMS8C, RUNARMS2C, RUNARMS7B, RUNARMS9A, RUNARMS4A, RUNARMS9C, RUNARMS1B, RUNARMS2A, RODARMS1A, RODARMS1B, RODARMS1C, RODARMS2A, RODARMS2B, RODARMS2C, RODARMS3A, RODARMS3B"
"163","0.227954287999165","4.42890138088581","0.001","0.215347850433052","0.24739751193094","0.0461491388252154",NA,"RUNARMS3A, RUNARMS6B, RUNARMS2C, RUNARMS3C, RUNARMS7A, RUNARMS9C, RUNARMS5C, RUNARMS7C, RUNARMS1C, RODARMS1A, RODARMS1B, RODARMS1C, RODARMS2A, RODARMS2B, RODARMS2C, RODARMS3A, RODARMS3B"
"164","0.216511750454138","4.1451499224073","0.004","0.231101527962266","0.267242295421363","0.177418963538735",NA,"RUNARMS3A, RUNARMS6C, RUNARMS1B, RUNARMS4C, RUNARMS5A, RUNARMS8B, RUNARMS4B, RUNARMS9A, RUNARMS8C, RODARMS1A, RODARMS1B, RODARMS1C, RODARMS2A, RODARMS2B, RODARMS2C, RODARMS3A, RODARMS3B"
"165","0.223223659943876","4.31057786713252","0.002","0.201919860603785","0.246014466638422","0.0773800411400958",NA,"RUNARMS1A, RUNARMS7A, RUNARMS9C, RUNARMS3A, RUNARMS1B, RUNARMS5A, RUNARMS9B, RUNARMS5B, RUNARMS4B, RODARMS1A, RODARMS1B, RODARMS1C, RODARMS2A, RODARMS2B, RODARMS2C, RODARMS3A, RODARMS3B"
"166","0.203832627917537","3.84025963129569","0.007","0.213536536317285","0.254759159766355","0.155835646141932",NA,"RUNARMS4C, RUNARMS5A, RUNARMS1C, RUNARMS4A, RUNARMS6C, RUNARMS9A, RUNARMS6B, RUNARMS3A, RUNARMS8B, RODARMS1A, RODARMS1B, RODARMS1C, RODARMS2A, RODARMS2B, RODARMS2C, RODARMS3A, RODARMS3B"
"167","0.249556685550497","4.98818526487033","0.001","0.20469933145825","0.257083199703572","0.0045989517941632",NA,"RUNARMS1B, RUNARMS3A, RUNARMS5A, RUNARMS9A, RUNARMS2C, RUNARMS2B, RUNARMS4B, RUNARMS3C, RUNARMS9C, RODARMS1A, RODARMS1B, RODARMS1C, RODARMS2A, RODARMS2B, RODARMS2C, RODARMS3A, RODARMS3B"
"168","0.211100854766008","4.01383730812753","0.005","0.231341039823214","0.266919114588469","0.0665734641562553",NA,"RUNARMS1A, RUNARMS2A, RUNARMS7A, RUNARMS2B, RUNARMS9B, RUNARMS5B, RUNARMS6B, RUNARMS9A, RUNARMS8C, RODARMS1A, RODARMS1B, RODARMS1C, RODARMS2A, RODARMS2B, RODARMS2C, RODARMS3A, RODARMS3B"
"169","0.237919487557002","4.68295968088013","0.001","0.190150316556342","0.245440912711119","0.00929173935714548",NA,"RUNARMS4A, RUNARMS5A, RUNARMS3C, RUNARMS9A, RUNARMS1C, RUNARMS2C, RUNARMS2B, RUNARMS3A, RUNARMS9C, RODARMS1A, RODARMS1B, RODARMS1C, RODARMS2A, RODARMS2B, RODARMS2C, RODARMS3A, RODARMS3B"
"170","0.149220356646138","2.63088728929673","0.038","0.243312511121681","0.257988802127188","0.59576812648208",NA,"RUNARMS6C, RUNARMS6A, RUNARMS5C, RUNARMS9B, RUNARMS3C, RUNARMS8B, RUNARMS1B, RUNARMS2C, RUNARMS2B, RODARMS1A, RODARMS1B, RODARMS1C, RODARMS2A, RODARMS2B, RODARMS2C, RODARMS3A, RODARMS3B"
"171","0.210736788593273","4.0050667295959","0.002","0.225731047046981","0.248005125495087","0.228509809868559",NA,"RUNARMS3A, RUNARMS9C, RUNARMS6C, RUNARMS8A, RUNARMS8C, RUNARMS3C, RUNARMS1C, RUNARMS9A, RUNARMS5C, RODARMS1A, RODARMS1B, RODARMS1C, RODARMS2A, RODARMS2B, RODARMS2C, RODARMS3A, RODARMS3B"
"172","0.235822555709497","4.62894889409707","0.001","0.192326482787334","0.252902537143113","0.00123121841548184",NA,"RUNARMS2C, RUNARMS5C, RUNARMS3B, RUNARMS7A, RUNARMS1C, RUNARMS6C, RUNARMS6A, RUNARMS4A, RUNARMS4B, RODARMS1A, RODARMS1B, RODARMS1C, RODARMS2A, RODARMS2B, RODARMS2C, RODARMS3A, RODARMS3B"
"173","0.261751280299087","5.31835558899033","0.001","0.182036436219769","0.245440913464752","0.0018511099444694",NA,"RUNARMS3A, RUNARMS2C, RUNARMS8C, RUNARMS6B, RUNARMS5B, RUNARMS5A, RUNARMS2B, RUNARMS9A, RUNARMS1A, RODARMS1A, RODARMS1B, RODARMS1C, RODARMS2A, RODARMS2B, RODARMS2C, RODARMS3A, RODARMS3B"
"174","0.188150403283506","3.47632869520062","0.007","0.225697661426761","0.255701027579174","0.265377686489624",NA,"RUNARMS2B, RUNARMS4B, RUNARMS1A, RUNARMS8C, RUNARMS5A, RUNARMS4C, RUNARMS8A, RUNARMS9B, RUNARMS8B, RODARMS1A, RODARMS1B, RODARMS1C, RODARMS2A, RODARMS2B, RODARMS2C, RODARMS3A, RODARMS3B"
"175","0.194052879750977","3.61164290203715","0.007","0.226181506671602","0.256919410550842","0.218340538029647",NA,"RUNARMS2A, RUNARMS9A, RUNARMS1A, RUNARMS7A, RUNARMS8A, RUNARMS6B, RUNARMS5B, RUNARMS4C, RUNARMS9B, RODARMS1A, RODARMS1B, RODARMS1C, RODARMS2A, RODARMS2B, RODARMS2C, RODARMS3A, RODARMS3B"
"176","0.231563905676738","4.52016584178031","0.002","0.222683399810015","0.257309946825386","0.124992586441906",NA,"RUNARMS7C, RUNARMS7B, RUNARMS7A, RUNARMS8B, RUNARMS1B, RUNARMS5B, RUNARMS3C, RUNARMS9C, RUNARMS8C, RODARMS1A, RODARMS1B, RODARMS1C, RODARMS2A, RODARMS2B, RODARMS2C, RODARMS3A, RODARMS3B"
"177","0.190847284213447","3.5379097262486","0.008","0.216906660065492","0.25245243672794","0.191830829577311",NA,"RUNARMS2A, RUNARMS5C, RUNARMS3B, RUNARMS5A, RUNARMS9B, RUNARMS8A, RUNARMS1C, RUNARMS6A, RUNARMS6C, RODARMS1A, RODARMS1B, RODARMS1C, RODARMS2A, RODARMS2B, RODARMS2C, RODARMS3A, RODARMS3B"
"178","0.23018860533013","4.4852922467232","0.001","0.218966014307715","0.259381065046771","0.13045716513873",NA,"RUNARMS5B, RUNARMS1A, RUNARMS3A, RUNARMS4B, RUNARMS8A, RUNARMS4C, RUNARMS1B, RUNARMS6C, RUNARMS7C, RODARMS1A, RODARMS1B, RODARMS1C, RODARMS2A, RODARMS2B, RODARMS2C, RODARMS3A, RODARMS3B"
"179","0.264600487437064","5.39707634252245","0.001","0.183585491078576","0.245440915015209","0.000197751921099334",NA,"RUNARMS2A, RUNARMS5C, RUNARMS3A, RUNARMS4B, RUNARMS1A, RUNARMS7B, RUNARMS6A, RUNARMS1C, RUNARMS5B, RODARMS1A, RODARMS1B, RODARMS1C, RODARMS2A, RODARMS2B, RODARMS2C, RODARMS3A, RODARMS3B"
"180","0.187670637139759","3.46541647489443","0.008","0.243674077287082","0.263499118299419","0.421200527682463",NA,"RUNARMS8C, RUNARMS8B, RUNARMS2B, RUNARMS1C, RUNARMS9A, RUNARMS6C, RUNARMS8A, RUNARMS5B, RUNARMS4B, RODARMS1A, RODARMS1B, RODARMS1C, RODARMS2A, RODARMS2B, RODARMS2C, RODARMS3A, RODARMS3B"
"181","0.135839575873708","2.35788816661643","0.049","0.239009491862595","0.254079784168287","0.593903343605589",NA,"RUNARMS2C, RUNARMS1B, RUNARMS1C, RUNARMS9B, RUNARMS8A, RUNARMS8B, RUNARMS6C, RUNARMS4A, RUNARMS4C, RODARMS1A, RODARMS1B, RODARMS1C, RODARMS2A, RODARMS2B, RODARMS2C, RODARMS3A, RODARMS3B"
"182","0.182365247833667","3.34559986626953","0.015","0.20134626124117","0.254308995244227","0.10703180782234",NA,"RUNARMS7B, RUNARMS4C, RUNARMS2B, RUNARMS1C, RUNARMS3B, RUNARMS8B, RUNARMS2A, RUNARMS1B, RUNARMS6C, RODARMS1A, RODARMS1B, RODARMS1C, RODARMS2A, RODARMS2B, RODARMS2C, RODARMS3A, RODARMS3B"
"183","0.187234768776892","3.45551387259382","0.01","0.226898724007744","0.250653655065984","0.300864380854218",NA,"RUNARMS1B, RUNARMS8C, RUNARMS9A, RUNARMS3C, RUNARMS9C, RUNARMS1C, RUNARMS4A, RUNARMS8B, RUNARMS6B, RODARMS1A, RODARMS1B, RODARMS1C, RODARMS2A, RODARMS2B, RODARMS2C, RODARMS3A, RODARMS3B"
"184","0.227924807235505","4.42815951162859","0.002","0.19644767557479","0.253530100154002","0.000891044838484442",NA,"RUNARMS1A, RUNARMS1B, RUNARMS3B, RUNARMS3A, RUNARMS5C, RUNARMS1C, RUNARMS9C, RUNARMS6A, RUNARMS7B, RODARMS1A, RODARMS1B, RODARMS1C, RODARMS2A, RODARMS2B, RODARMS2C, RODARMS3A, RODARMS3B"
"185","0.209570317896987","3.97702014439927","0.008","0.228405282906695","0.2646968911427","0.138613790387318",NA,"RUNARMS8B, RUNARMS2C, RUNARMS1B, RUNARMS3A, RUNARMS4C, RUNARMS5B, RUNARMS9A, RUNARMS9C, RUNARMS7C, RODARMS1A, RODARMS1B, RODARMS1C, RODARMS2A, RODARMS2B, RODARMS2C, RODARMS3A, RODARMS3B"
"186","0.193580843912481","3.60074861412653","0.005","0.216434960286591","0.256452812534772","0.11439375493179",NA,"RUNARMS3B, RUNARMS1B, RUNARMS5C, RUNARMS6C, RUNARMS3C, RUNARMS7B, RUNARMS4C, RUNARMS9C, RUNARMS9B, RODARMS1A, RODARMS1B, RODARMS1C, RODARMS2A, RODARMS2B, RODARMS2C, RODARMS3A, RODARMS3B"
"187","0.227173436569703","4.40927073394118","0.001","0.196724195472247","0.248918357545911","0.0241854351886954",NA,"RUNARMS5A, RUNARMS9B, RUNARMS9C, RUNARMS4B, RUNARMS5C, RUNARMS4A, RUNARMS7A, RUNARMS2C, RUNARMS1C, RODARMS1A, RODARMS1B, RODARMS1C, RODARMS2A, RODARMS2B, RODARMS2C, RODARMS3A, RODARMS3B"
"188","0.227315567385899","4.41284095662815","0.001","0.198619125087709","0.251392605604976","0.0049093902811946",NA,"RUNARMS7A, RUNARMS2C, RUNARMS2B, RUNARMS5C, RUNARMS7B, RUNARMS1B, RUNARMS3C, RUNARMS9C, RUNARMS1A, RODARMS1A, RODARMS1B, RODARMS1C, RODARMS2A, RODARMS2B, RODARMS2C, RODARMS3A, RODARMS3B"
"189","0.206403124583117","3.90128409605994","0.006","0.214533837106721","0.26015579273097","0.0389215125246306",NA,"RUNARMS2C, RUNARMS3B, RUNARMS7B, RUNARMS9C, RUNARMS9A, RUNARMS7A, RUNARMS6C, RUNARMS1A, RUNARMS9B, RODARMS1A, RODARMS1B, RODARMS1C, RODARMS2A, RODARMS2B, RODARMS2C, RODARMS3A, RODARMS3B"
"190","0.221761966546059","4.2743085729538","0.003","0.190420901404906","0.249963477236836","0.00808778582835968",NA,"RUNARMS7C, RUNARMS1B, RUNARMS5C, RUNARMS9C, RUNARMS7B, RUNARMS2B, RUNARMS6C, RUNARMS2C, RUNARMS3B, RODARMS1A, RODARMS1B, RODARMS1C, RODARMS2A, RODARMS2B, RODARMS2C, RODARMS3A, RODARMS3B"
"191","0.195230752611625","3.63888319375743","0.004","0.229395694365628","0.259413058551688","0.173529497724054",NA,"RUNARMS1B, RUNARMS5C, RUNARMS8C, RUNARMS3C, RUNARMS9B, RUNARMS3A, RUNARMS2A, RUNARMS3B, RUNARMS6A, RODARMS1A, RODARMS1B, RODARMS1C, RODARMS2A, RODARMS2B, RODARMS2C, RODARMS3A, RODARMS3B"
"192","0.187803383063426","3.46843447412609","0.009","0.227530305083298","0.254044108675344","0.30088471648625",NA,"RUNARMS3A, RUNARMS8B, RUNARMS6B, RUNARMS5A, RUNARMS3C, RUNARMS8C, RUNARMS6A, RUNARMS1B, RUNARMS3B, RODARMS1A, RODARMS1B, RODARMS1C, RODARMS2A, RODARMS2B, RODARMS2C, RODARMS3A, RODARMS3B"
"193","0.18533702278185","3.41252201152048","0.016","0.20816918303811","0.249251986972014","0.190027664098288",NA,"RUNARMS4C, RUNARMS1C, RUNARMS3B, RUNARMS8B, RUNARMS5A, RUNARMS9C, RUNARMS9B, RUNARMS5B, RUNARMS2A, RODARMS1A, RODARMS1B, RODARMS1C, RODARMS2A, RODARMS2B, RODARMS2C, RODARMS3A, RODARMS3B"
"194","0.199090585416947","3.72870979773521","0.007","0.214962691471882","0.25968158687722","0.0836567293447971",NA,"RUNARMS9B, RUNARMS9A, RUNARMS1A, RUNARMS3A, RUNARMS1B, RUNARMS2B, RUNARMS7A, RUNARMS4C, RUNARMS2C, RODARMS1A, RODARMS1B, RODARMS1C, RODARMS2A, RODARMS2B, RODARMS2C, RODARMS3A, RODARMS3B"
"195","0.198618142331911","3.71766855771846","0.003","0.206593912900487","0.245989472138387","0.114770679699634",NA,"RUNARMS1A, RUNARMS4A, RUNARMS5B, RUNARMS5C, RUNARMS3A, RUNARMS1B, RUNARMS6B, RUNARMS9B, RUNARMS7A, RODARMS1A, RODARMS1B, RODARMS1C, RODARMS2A, RODARMS2B, RODARMS2C, RODARMS3A, RODARMS3B"
"196","0.166572617719064","2.99796877197361","0.02","0.21823356909104","0.253871460583222","0.251295934280192",NA,"RUNARMS2B, RUNARMS4C, RUNARMS3A, RUNARMS1B, RUNARMS7B, RUNARMS2C, RUNARMS8B, RUNARMS8A, RUNARMS4B, RODARMS1A, RODARMS1B, RODARMS1C, RODARMS2A, RODARMS2B, RODARMS2C, RODARMS3A, RODARMS3B"
"197","0.241804258993276","4.78380936311138","0.002","0.205771715306934","0.261225731496422","0.00319735123478555",NA,"RUNARMS6C, RUNARMS6B, RUNARMS5A, RUNARMS7A, RUNARMS2C, RUNARMS4B, RUNARMS1B, RUNARMS2B, RUNARMS1A, RODARMS1A, RODARMS1B, RODARMS1C, RODARMS2A, RODARMS2B, RODARMS2C, RODARMS3A, RODARMS3B"
"198","0.155611265187027","2.7643298418973","0.021","0.252594970971812","0.254610790189649","0.934389665718042",NA,"RUNARMS1A, RUNARMS5B, RUNARMS6B, RUNARMS8A, RUNARMS3C, RUNARMS9B, RUNARMS8B, RUNARMS6C, RUNARMS6A, RODARMS1A, RODARMS1B, RODARMS1C, RODARMS2A, RODARMS2B, RODARMS2C, RODARMS3A, RODARMS3B"
"199","0.226287647671841","4.38704992218862","0.001","0.194546118774873","0.253227897162295","0.00558403045826062",NA,"RUNARMS9C, RUNARMS1B, RUNARMS6A, RUNARMS1A, RUNARMS7A, RUNARMS2C, RUNARMS3B, RUNARMS4C, RUNARMS3C, RODARMS1A, RODARMS1B, RODARMS1C, RODARMS2A, RODARMS2B, RODARMS2C, RODARMS3A, RODARMS3B"
"200","0.225976906006254","4.3792667381591","0.006","0.212864303483863","0.252942126021676","0.136405694920415",NA,"RUNARMS9B, RUNARMS3C, RUNARMS1C, RUNARMS5B, RUNARMS1A, RUNARMS1B, RUNARMS5A, RUNARMS3B, RUNARMS7A, RODARMS1A, RODARMS1B, RODARMS1C, RODARMS2A, RODARMS2B, RODARMS2C, RODARMS3A, RODARMS3B"
"201","0.191898766476793","3.56203081710705","0.004","0.244186672972192","0.264244246332704","0.36004694663909",NA,"RUNARMS5C, RUNARMS6C, RUNARMS8B, RUNARMS9B, RUNARMS6A, RUNARMS1A, RUNARMS4B, RUNARMS3C, RUNARMS7B, RODARMS1A, RODARMS1B, RODARMS1C, RODARMS2A, RODARMS2B, RODARMS2C, RODARMS3A, RODARMS3B"
"202","0.173956344969525","3.15884657990215","0.014","0.203375615862111","0.250417337757132","0.108429234018551",NA,"RUNARMS1A, RUNARMS8A, RUNARMS3A, RUNARMS3B, RUNARMS2C, RUNARMS2B, RUNARMS4A, RUNARMS9B, RUNARMS7B, RODARMS1A, RODARMS1B, RODARMS1C, RODARMS2A, RODARMS2B, RODARMS2C, RODARMS3A, RODARMS3B"
"203","0.224055431601219","4.33127778824924","0.003","0.221989912453892","0.259895072388703","0.0717716019509625",NA,"RUNARMS7C, RUNARMS1B, RUNARMS3B, RUNARMS6B, RUNARMS5B, RUNARMS8C, RUNARMS9B, RUNARMS4B, RUNARMS7B, RODARMS1A, RODARMS1B, RODARMS1C, RODARMS2A, RODARMS2B, RODARMS2C, RODARMS3A, RODARMS3B"
"204","0.191256131240317","3.54728125853308","0.005","0.220657668640005","0.261351419123532","0.10690615829327",NA,"RUNARMS5C, RUNARMS4A, RUNARMS6C, RUNARMS1C, RUNARMS6B, RUNARMS9C, RUNARMS8B, RUNARMS3B, RUNARMS4B, RODARMS1A, RODARMS1B, RODARMS1C, RODARMS2A, RODARMS2B, RODARMS2C, RODARMS3A, RODARMS3B"
"205","0.180625766923767","3.30665329038291","0.011","0.232803296557366","0.256427455987787","0.328241951964086",NA,"RUNARMS9B, RUNARMS3C, RUNARMS2B, RUNARMS4B, RUNARMS9C, RUNARMS1A, RUNARMS2A, RUNARMS8A, RUNARMS6C, RODARMS1A, RODARMS1B, RODARMS1C, RODARMS2A, RODARMS2B, RODARMS2C, RODARMS3A, RODARMS3B"
"206","0.246996091465807","4.92021532690208","0.001","0.184528623586233","0.249893375311879","0.00242574890704608",NA,"RUNARMS3B, RUNARMS7A, RUNARMS7B, RUNARMS2C, RUNARMS4B, RUNARMS3A, RUNARMS8C, RUNARMS2B, RUNARMS1C, RODARMS1A, RODARMS1B, RODARMS1C, RODARMS2A, RODARMS2B, RODARMS2C, RODARMS3A, RODARMS3B"
"207","0.205358416635104","3.87643475248648","0.004","0.229787920522201","0.257148950905846","0.35283157402369",NA,"RUNARMS8A, RUNARMS8B, RUNARMS4C, RUNARMS5C, RUNARMS7C, RUNARMS3B, RUNARMS5A, RUNARMS3C, RUNARMS1C, RODARMS1A, RODARMS1B, RODARMS1C, RODARMS2A, RODARMS2B, RODARMS2C, RODARMS3A, RODARMS3B"
"208","0.191237014140383","3.54684284797829","0.007","0.212627853189235","0.257364689374931","0.0665754771418748",NA,"RUNARMS1B, RUNARMS1A, RUNARMS5C, RUNARMS4C, RUNARMS2A, RUNARMS6B, RUNARMS6A, RUNARMS9C, RUNARMS9B, RODARMS1A, RODARMS1B, RODARMS1C, RODARMS2A, RODARMS2B, RODARMS2C, RODARMS3A, RODARMS3B"
"209","0.243480502084006","4.82764494678714","0.001","0.196612215445904","0.253160879103121","0.0060183681695749",NA,"RUNARMS1C, RUNARMS3B, RUNARMS2C, RUNARMS3A, RUNARMS7A, RUNARMS6C, RUNARMS1A, RUNARMS5B, RUNARMS6B, RODARMS1A, RODARMS1B, RODARMS1C, RODARMS2A, RODARMS2B, RODARMS2C, RODARMS3A, RODARMS3B"
"210","0.263278079337342","5.36046380499712","0.001","0.186069414392346","0.250264964280606","0.000849654318968598",NA,"RUNARMS2C, RUNARMS2B, RUNARMS5C, RUNARMS4B, RUNARMS4A, RUNARMS1B, RUNARMS8C, RUNARMS5A, RUNARMS7C, RODARMS1A, RODARMS1B, RODARMS1C, RODARMS2A, RODARMS2B, RODARMS2C, RODARMS3A, RODARMS3B"
"211","0.245221355169532","4.87337625770953","0.001","0.186513378794709","0.249591294972971","0.00636985017936279",NA,"RUNARMS3A, RUNARMS1C, RUNARMS8C, RUNARMS6B, RUNARMS4C, RUNARMS4A, RUNARMS3B, RUNARMS2C, RUNARMS7C, RODARMS1A, RODARMS1B, RODARMS1C, RODARMS2A, RODARMS2B, RODARMS2C, RODARMS3A, RODARMS3B"
"212","0.162226357050403","2.90459765144754","0.012","0.222138316890989","0.256375787149483","0.228732537860492",NA,"RUNARMS7A, RUNARMS6A, RUNARMS1B, RUNARMS9B, RUNARMS8A, RUNARMS2C, RUNARMS3B, RUNARMS2B, RUNARMS4B, RODARMS1A, RODARMS1B, RODARMS1C, RODARMS2A, RODARMS2B, RODARMS2C, RODARMS3A, RODARMS3B"
"213","0.239035092392227","4.71181568300585","0.001","0.188508453309235","0.24839623825263","0.00403799081438629",NA,"RUNARMS2A, RUNARMS4C, RUNARMS6B, RUNARMS1C, RUNARMS3A, RUNARMS9C, RUNARMS6C, RUNARMS7B, RUNARMS5B, RODARMS1A, RODARMS1B, RODARMS1C, RODARMS2A, RODARMS2B, RODARMS2C, RODARMS3A, RODARMS3B"
"214","0.213265676884821","4.06615684517934","0.007","0.220738049574693","0.260702154990082","0.0803736509164041",NA,"RUNARMS5A, RUNARMS8C, RUNARMS9B, RUNARMS2B, RUNARMS5C, RUNARMS3A, RUNARMS2A, RUNARMS6C, RUNARMS1A, RODARMS1A, RODARMS1B, RODARMS1C, RODARMS2A, RODARMS2B, RODARMS2C, RODARMS3A, RODARMS3B"
"215","0.204504596492063","3.85617432087444","0.005","0.210473293568005","0.245490214606145","0.200852500009766",NA,"RUNARMS9C, RUNARMS1B, RUNARMS1A, RUNARMS4B, RUNARMS8A, RUNARMS5A, RUNARMS9B, RUNARMS3A, RUNARMS5B, RODARMS1A, RODARMS1B, RODARMS1C, RODARMS2A, RODARMS2B, RODARMS2C, RODARMS3A, RODARMS3B"
"216","0.184627206440943","3.39649313601184","0.005","0.233589136165143","0.261060902080645","0.174317412059399",NA,"RUNARMS6C, RUNARMS9A, RUNARMS7A, RUNARMS8B, RUNARMS1A, RUNARMS9C, RUNARMS2B, RUNARMS5A, RUNARMS9B, RODARMS1A, RODARMS1B, RODARMS1C, RODARMS2A, RODARMS2B, RODARMS2C, RODARMS3A, RODARMS3B"
"217","0.20941318055432","3.97324826451982","0.009","0.21604001431718","0.261884527522979","0.0350614805103086",NA,"RUNARMS1B, RUNARMS4B, RUNARMS4A, RUNARMS5C, RUNARMS6A, RUNARMS3B, RUNARMS9A, RUNARMS9B, RUNARMS6C, RODARMS1A, RODARMS1B, RODARMS1C, RODARMS2A, RODARMS2B, RODARMS2C, RODARMS3A, RODARMS3B"
"218","0.287332849522445","6.0476938497145","0.001","0.182418120097366","0.245440912711119","0.00338857113100969",NA,"RUNARMS9A, RUNARMS7B, RUNARMS2C, RUNARMS1C, RUNARMS3C, RUNARMS7C, RUNARMS1A, RUNARMS5B, RUNARMS4C, RODARMS1A, RODARMS1B, RODARMS1C, RODARMS2A, RODARMS2B, RODARMS2C, RODARMS3A, RODARMS3B"
"219","0.253859017559671","5.10343936737128","0.001","0.177003114214431","0.245440913521914","0.00665002440724372",NA,"RUNARMS5B, RUNARMS2B, RUNARMS1C, RUNARMS2A, RUNARMS7C, RUNARMS4C, RUNARMS6B, RUNARMS8C, RUNARMS4A, RODARMS1A, RODARMS1B, RODARMS1C, RODARMS2A, RODARMS2B, RODARMS2C, RODARMS3A, RODARMS3B"
"220","0.242675954026116","4.80658092099888","0.001","0.187776935720661","0.248589869948873","0.000361188209074897",NA,"RUNARMS7B, RUNARMS1C, RUNARMS6A, RUNARMS2A, RUNARMS7A, RUNARMS5C, RUNARMS5A, RUNARMS9C, RUNARMS2C, RODARMS1A, RODARMS1B, RODARMS1C, RODARMS2A, RODARMS2B, RODARMS2C, RODARMS3A, RODARMS3B"
"221","0.187677007155366","3.46556127565987","0.009","0.21616888664848","0.248535266112613","0.211063464658744",NA,"RUNARMS9B, RUNARMS6B, RUNARMS2A, RUNARMS3B, RUNARMS1C, RUNARMS3A, RUNARMS9C, RUNARMS3C, RUNARMS1B, RODARMS1A, RODARMS1B, RODARMS1C, RODARMS2A, RODARMS2B, RODARMS2C, RODARMS3A, RODARMS3B"
"222","0.222640714968773","4.29609678412401","0.002","0.21116248595683","0.261313621380206","0.0263268538986627",NA,"RUNARMS5B, RUNARMS4B, RUNARMS4A, RUNARMS8C, RUNARMS5C, RUNARMS3B, RUNARMS2A, RUNARMS9B, RUNARMS1B, RODARMS1A, RODARMS1B, RODARMS1C, RODARMS2A, RODARMS2B, RODARMS2C, RODARMS3A, RODARMS3B"
"223","0.197516874339829","3.69198182536249","0.007","0.206093238123051","0.254704865188179","0.0917607757565306",NA,"RUNARMS4C, RUNARMS7B, RUNARMS4A, RUNARMS4B, RUNARMS8B, RUNARMS1B, RUNARMS6B, RUNARMS2C, RUNARMS8C, RODARMS1A, RODARMS1B, RODARMS1C, RODARMS2A, RODARMS2B, RODARMS2C, RODARMS3A, RODARMS3B"
"224","0.183784463889421","3.37749875661253","0.01","0.218321515141681","0.257069709757155","0.126220799246783",NA,"RUNARMS9B, RUNARMS4A, RUNARMS1B, RUNARMS6C, RUNARMS6B, RUNARMS3B, RUNARMS2B, RUNARMS7A, RUNARMS7C, RODARMS1A, RODARMS1B, RODARMS1C, RODARMS2A, RODARMS2B, RODARMS2C, RODARMS3A, RODARMS3B"
"225","0.216597929670973","4.14725601082474","0.004","0.236897793918305","0.269429260874225","0.165994317569753",NA,"RUNARMS8B, RUNARMS6C, RUNARMS2C, RUNARMS5A, RUNARMS1C, RUNARMS7A, RUNARMS7C, RUNARMS3B, RUNARMS4B, RODARMS1A, RODARMS1B, RODARMS1C, RODARMS2A, RODARMS2B, RODARMS2C, RODARMS3A, RODARMS3B"
"226","0.220276292958767","4.23758360114447","0.003","0.215030761317668","0.251728066827308","0.173252501644228",NA,"RUNARMS5B, RUNARMS5C, RUNARMS3C, RUNARMS1A, RUNARMS6B, RUNARMS8C, RUNARMS8B, RUNARMS5A, RUNARMS4A, RODARMS1A, RODARMS1B, RODARMS1C, RODARMS2A, RODARMS2B, RODARMS2C, RODARMS3A, RODARMS3B"
"227","0.20181920998545","3.79273491376128","0.005","0.212930152744174","0.257583845874853","0.0382833999514274",NA,"RUNARMS8C, RUNARMS1C, RUNARMS4A, RUNARMS2A, RUNARMS3A, RUNARMS9C, RUNARMS3B, RUNARMS7A, RUNARMS9B, RODARMS1A, RODARMS1B, RODARMS1C, RODARMS2A, RODARMS2B, RODARMS2C, RODARMS3A, RODARMS3B"
"228","0.206088949710326","3.89380428012302","0.008","0.22387831545021","0.261320595288095","0.143907982830044",NA,"RUNARMS3B, RUNARMS6A, RUNARMS5C, RUNARMS8B, RUNARMS2C, RUNARMS5B, RUNARMS5A, RUNARMS1B, RUNARMS7C, RODARMS1A, RODARMS1B, RODARMS1C, RODARMS2A, RODARMS2B, RODARMS2C, RODARMS3A, RODARMS3B"
"229","0.262195698982821","5.33059441280046","0.001","0.197431525734487","0.25358166239775","0.0070079214294176",NA,"RUNARMS5A, RUNARMS6A, RUNARMS6C, RUNARMS4B, RUNARMS1A, RUNARMS7A, RUNARMS6B, RUNARMS4C, RUNARMS3C, RODARMS1A, RODARMS1B, RODARMS1C, RODARMS2A, RODARMS2B, RODARMS2C, RODARMS3A, RODARMS3B"
"230","0.248594811362397","4.96259837810941","0.001","0.196594340067075","0.257177836859427","0.000540902924901478",NA,"RUNARMS4B, RUNARMS1A, RUNARMS1B, RUNARMS7A, RUNARMS5A, RUNARMS3A, RUNARMS9C, RUNARMS3B, RUNARMS7B, RODARMS1A, RODARMS1B, RODARMS1C, RODARMS2A, RODARMS2B, RODARMS2C, RODARMS3A, RODARMS3B"
"231","0.213303395044593","4.0670709718523","0.002","0.196029788101392","0.248836046981667","0.0897069247729188",NA,"RUNARMS5C, RUNARMS1C, RUNARMS3B, RUNARMS2A, RUNARMS2C, RUNARMS2B, RUNARMS7C, RUNARMS8A, RUNARMS6B, RODARMS1A, RODARMS1B, RODARMS1C, RODARMS2A, RODARMS2B, RODARMS2C, RODARMS3A, RODARMS3B"
"232","0.248491351605198","4.95985013883674","0.002","0.208494760695448","0.260468372323611","0.0484194482684652",NA,"RUNARMS7C, RUNARMS1A, RUNARMS9A, RUNARMS7B, RUNARMS5C, RUNARMS2A, RUNARMS4C, RUNARMS8B, RUNARMS5A, RODARMS1A, RODARMS1B, RODARMS1C, RODARMS2A, RODARMS2B, RODARMS2C, RODARMS3A, RODARMS3B"
"233","0.185212709016844","3.40971277534334","0.007","0.22350640989141","0.258456411713709","0.183207027752296",NA,"RUNARMS8A, RUNARMS1B, RUNARMS8B, RUNARMS4A, RUNARMS9C, RUNARMS4C, RUNARMS7C, RUNARMS5A, RUNARMS2C, RODARMS1A, RODARMS1B, RODARMS1C, RODARMS2A, RODARMS2B, RODARMS2C, RODARMS3A, RODARMS3B"
"234","0.244330955608112","4.84995959715538","0.001","0.221871213196286","0.258895124194386","0.123834486842721",NA,"RUNARMS1A, RUNARMS5B, RUNARMS8C, RUNARMS7C, RUNARMS4A, RUNARMS5C, RUNARMS8B, RUNARMS3C, RUNARMS5A, RODARMS1A, RODARMS1B, RODARMS1C, RODARMS2A, RODARMS2B, RODARMS2C, RODARMS3A, RODARMS3B"
"235","0.215400310324478","4.11802948354898","0.002","0.202099971410251","0.251630436770899","0.049342653022558",NA,"RUNARMS3B, RUNARMS6C, RUNARMS5C, RUNARMS6B, RUNARMS1C, RUNARMS5B, RUNARMS4C, RUNARMS8A, RUNARMS7B, RODARMS1A, RODARMS1B, RODARMS1C, RODARMS2A, RODARMS2B, RODARMS2C, RODARMS3A, RODARMS3B"
"236","0.224641759023694","4.34589613842563","0.002","0.21825153515265","0.257508416018473","0.121311053644283",NA,"RUNARMS8B, RUNARMS4C, RUNARMS5A, RUNARMS9C, RUNARMS7C, RUNARMS7A, RUNARMS1C, RUNARMS3C, RUNARMS4A, RODARMS1A, RODARMS1B, RODARMS1C, RODARMS2A, RODARMS2B, RODARMS2C, RODARMS3A, RODARMS3B"
"237","0.167946386274277","3.02768445753614","0.007","0.244019811657575","0.256780404100888","0.627790447461096",NA,"RUNARMS2C, RUNARMS3C, RUNARMS3B, RUNARMS8A, RUNARMS5C, RUNARMS6C, RUNARMS1C, RUNARMS8B, RUNARMS8C, RODARMS1A, RODARMS1B, RODARMS1C, RODARMS2A, RODARMS2B, RODARMS2C, RODARMS3A, RODARMS3B"
"238","0.184908092336628","3.40283268545823","0.015","0.225299038814295","0.255689380753497","0.203991547484106",NA,"RUNARMS1B, RUNARMS3A, RUNARMS3B, RUNARMS6C, RUNARMS7A, RUNARMS1A, RUNARMS9B, RUNARMS6B, RUNARMS1C, RODARMS1A, RODARMS1B, RODARMS1C, RODARMS2A, RODARMS2B, RODARMS2C, RODARMS3A, RODARMS3B"
"239","0.245252481023088","4.87419583748092","0.001","0.216420379270534","0.252420363659489","0.125640720051888",NA,"RUNARMS8A, RUNARMS8C, RUNARMS1C, RUNARMS4B, RUNARMS3C, RUNARMS2B, RUNARMS5B, RUNARMS1A, RUNARMS7C, RODARMS1A, RODARMS1B, RODARMS1C, RODARMS2A, RODARMS2B, RODARMS2C, RODARMS3A, RODARMS3B"
"240","0.235875940778672","4.63032025884066","0.001","0.213683818381677","0.253987317770007","0.00399079574917139",NA,"RUNARMS8C, RUNARMS7A, RUNARMS6A, RUNARMS4B, RUNARMS2C, RUNARMS6C, RUNARMS1C, RUNARMS9C, RUNARMS7C, RODARMS1A, RODARMS1B, RODARMS1C, RODARMS2A, RODARMS2B, RODARMS2C, RODARMS3A, RODARMS3B"
"241","0.210338581138047","3.99548292686978","0.002","0.209731353314161","0.248771280362973","0.0946804611694589",NA,"RUNARMS1C, RUNARMS3B, RUNARMS8C, RUNARMS7A, RUNARMS2C, RUNARMS8A, RUNARMS6C, RUNARMS5B, RUNARMS5C, RODARMS1A, RODARMS1B, RODARMS1C, RODARMS2A, RODARMS2B, RODARMS2C, RODARMS3A, RODARMS3B"
"242","0.16277665163635","2.91636607999221","0.011","0.24306210283499","0.257223979420876","0.56461593180841",NA,"RUNARMS8A, RUNARMS9C, RUNARMS6A, RUNARMS1C, RUNARMS3C, RUNARMS8B, RUNARMS8C, RUNARMS3B, RUNARMS6C, RODARMS1A, RODARMS1B, RODARMS1C, RODARMS2A, RODARMS2B, RODARMS2C, RODARMS3A, RODARMS3B"
"243","0.207598402371499","3.9297952514129","0.009","0.227836182375583","0.257159728764121","0.164590912082976",NA,"RUNARMS9B, RUNARMS4B, RUNARMS6A, RUNARMS2C, RUNARMS1B, RUNARMS9A, RUNARMS6B, RUNARMS3A, RUNARMS7C, RODARMS1A, RODARMS1B, RODARMS1C, RODARMS2A, RODARMS2B, RODARMS2C, RODARMS3A, RODARMS3B"
"244","0.279022576012816","5.805089730891","0.001","0.170081060652877","0.249431207007406","0.000171543465246783",NA,"RUNARMS2C, RUNARMS1A, RUNARMS3B, RUNARMS4B, RUNARMS5A, RUNARMS3A, RUNARMS2A, RUNARMS8C, RUNARMS4C, RODARMS1A, RODARMS1B, RODARMS1C, RODARMS2A, RODARMS2B, RODARMS2C, RODARMS3A, RODARMS3B"
"245","0.191232894049792","3.54674836506455","0.009","0.214851285263246","0.256609471132779","0.140000184877647",NA,"RUNARMS9B, RUNARMS8A, RUNARMS4B, RUNARMS6C, RUNARMS2B, RUNARMS1C, RUNARMS1A, RUNARMS4A, RUNARMS4C, RODARMS1A, RODARMS1B, RODARMS1C, RODARMS2A, RODARMS2B, RODARMS2C, RODARMS3A, RODARMS3B"
"246","0.236868842240839","4.65586105021005","0.001","0.180856182925547","0.24616549852312","0.0232466689132585",NA,"RUNARMS1C, RUNARMS2A, RUNARMS6A, RUNARMS8A, RUNARMS5A, RUNARMS4C, RUNARMS2B, RUNARMS4B, RUNARMS1A, RODARMS1A, RODARMS1B, RODARMS1C, RODARMS2A, RODARMS2B, RODARMS2C, RODARMS3A, RODARMS3B"
"247","0.207043568039473","3.91655000882406","0.002","0.209682796657212","0.255277123224879","0.0334836301186413",NA,"RUNARMS4A, RUNARMS5A, RUNARMS2C, RUNARMS6A, RUNARMS9A, RUNARMS6B, RUNARMS7B, RUNARMS8A, RUNARMS1B, RODARMS1A, RODARMS1B, RODARMS1C, RODARMS2A, RODARMS2B, RODARMS2C, RODARMS3A, RODARMS3B"
"248","0.195044401697236","3.6345682067772","0.003","0.219853025493018","0.260416427455337","0.0596944283263711",NA,"RUNARMS6A, RUNARMS8A, RUNARMS4B, RUNARMS4A, RUNARMS3C, RUNARMS9C, RUNARMS7B, RUNARMS1B, RUNARMS2B, RODARMS1A, RODARMS1B, RODARMS1C, RODARMS2A, RODARMS2B, RODARMS2C, RODARMS3A, RODARMS3B"
"249","0.225702295661364","4.37239373944961","0.002","0.189195142561026","0.249263034374462","0.0321563127567733",NA,"RUNARMS5C, RUNARMS2B, RUNARMS7C, RUNARMS8A, RUNARMS4C, RUNARMS3B, RUNARMS1A, RUNARMS3A, RUNARMS2C, RODARMS1A, RODARMS1B, RODARMS1C, RODARMS2A, RODARMS2B, RODARMS2C, RODARMS3A, RODARMS3B"
"250","0.134049380808355","2.3220038967145","0.052","0.244918822165007","0.255840657881152","0.675085904933917",NA,"RUNARMS2C, RUNARMS3A, RUNARMS9B, RUNARMS6A, RUNARMS8B, RUNARMS1B, RUNARMS8A, RUNARMS9A, RUNARMS2B, RODARMS1A, RODARMS1B, RODARMS1C, RODARMS2A, RODARMS2B, RODARMS2C, RODARMS3A, RODARMS3B"
"251","0.218008091869505","4.181784164315","0.004","0.246160581912579","0.266111573176379","0.382036108971104",NA,"RUNARMS6A, RUNARMS7C, RUNARMS3C, RUNARMS6C, RUNARMS1C, RUNARMS5C, RUNARMS9A, RUNARMS8B, RUNARMS5A, RODARMS1A, RODARMS1B, RODARMS1C, RODARMS2A, RODARMS2B, RODARMS2C, RODARMS3A, RODARMS3B"
"252","0.227803637483301","4.42511092788994","0.003","0.200778501158271","0.253618537576414","0.0316756325686209",NA,"RUNARMS4A, RUNARMS8A, RUNARMS6C, RUNARMS2A, RUNARMS4B, RUNARMS5A, RUNARMS1A, RUNARMS2B, RUNARMS9A, RODARMS1A, RODARMS1B, RODARMS1C, RODARMS2A, RODARMS2B, RODARMS2C, RODARMS3A, RODARMS3B"
"253","0.245788973141516","4.88833292782727","0.002","0.175021926175107","0.248219595031422","0.000739338898875859",NA,"RUNARMS4C, RUNARMS4A, RUNARMS9C, RUNARMS1A, RUNARMS5C, RUNARMS2A, RUNARMS1B, RUNARMS6B, RUNARMS5B, RODARMS1A, RODARMS1B, RODARMS1C, RODARMS2A, RODARMS2B, RODARMS2C, RODARMS3A, RODARMS3B"
"254","0.224375991670028","4.33926727242124","0.004","0.225737286530327","0.260313255447193","0.0949800603207847",NA,"RUNARMS5C, RUNARMS5A, RUNARMS8B, RUNARMS9B, RUNARMS7C, RUNARMS2B, RUNARMS1A, RUNARMS7A, RUNARMS9A, RODARMS1A, RODARMS1B, RODARMS1C, RODARMS2A, RODARMS2B, RODARMS2C, RODARMS3A, RODARMS3B"
"255","0.255810782679026","5.15616411911864","0.001","0.183459212253848","0.251277675660096","0.000444587667497114",NA,"RUNARMS6B, RUNARMS5B, RUNARMS5C, RUNARMS2B, RUNARMS1A, RUNARMS5A, RUNARMS7B, RUNARMS1B, RUNARMS2C, RODARMS1A, RODARMS1B, RODARMS1C, RODARMS2A, RODARMS2B, RODARMS2C, RODARMS3A, RODARMS3B"
"256","0.250470767702314","5.01256169024579","0.001","0.192366601472169","0.245958218879845","0.0568583200601378",NA,"RUNARMS5B, RUNARMS4C, RUNARMS4B, RUNARMS8A, RUNARMS7C, RUNARMS5A, RUNARMS8C, RUNARMS1B, RUNARMS2C, RODARMS1A, RODARMS1B, RODARMS1C, RODARMS2A, RODARMS2B, RODARMS2C, RODARMS3A, RODARMS3B"
"257","0.163975011363153","2.9420474314503","0.021","0.237622356718646","0.261110544392051","0.36616352270222",NA,"RUNARMS2B, RUNARMS6B, RUNARMS8B, RUNARMS6A, RUNARMS9B, RUNARMS4B, RUNARMS1B, RUNARMS7C, RUNARMS3B, RODARMS1A, RODARMS1B, RODARMS1C, RODARMS2A, RODARMS2B, RODARMS2C, RODARMS3A, RODARMS3B"
"258","0.226749142164191","4.39862057441788","0.001","0.189865537576255","0.252056887042048","0.00624826801464153",NA,"RUNARMS6C, RUNARMS9C, RUNARMS4C, RUNARMS3C, RUNARMS1A, RUNARMS6A, RUNARMS3B, RUNARMS4A, RUNARMS6B, RODARMS1A, RODARMS1B, RODARMS1C, RODARMS2A, RODARMS2B, RODARMS2C, RODARMS3A, RODARMS3B"
"259","0.228107137433554","4.43274867204613","0.001","0.205193537689371","0.255645879586394","0.0451655840064078",NA,"RUNARMS3A, RUNARMS3B, RUNARMS4B, RUNARMS6C, RUNARMS4C, RUNARMS8A, RUNARMS8C, RUNARMS1A, RUNARMS5C, RODARMS1A, RODARMS1B, RODARMS1C, RODARMS2A, RODARMS2B, RODARMS2C, RODARMS3A, RODARMS3B"
"260","0.262225355107556","5.33141163611928","0.001","0.190441413727665","0.248893856452681","0.00136764903785506",NA,"RUNARMS5B, RUNARMS7B, RUNARMS7C, RUNARMS4B, RUNARMS3B, RUNARMS6A, RUNARMS1C, RUNARMS8C, RUNARMS2C, RODARMS1A, RODARMS1B, RODARMS1C, RODARMS2A, RODARMS2B, RODARMS2C, RODARMS3A, RODARMS3B"
"261","0.199620354498452","3.74110627913386","0.011","0.208620294804155","0.256882102321092","0.0830889791398337",NA,"RUNARMS3B, RUNARMS9B, RUNARMS9A, RUNARMS3C, RUNARMS1B, RUNARMS4C, RUNARMS3A, RUNARMS2B, RUNARMS4A, RODARMS1A, RODARMS1B, RODARMS1C, RODARMS2A, RODARMS2B, RODARMS2C, RODARMS3A, RODARMS3B"
"262","0.20466633901672","3.86000899478508","0.004","0.231223385160395","0.259070499029579","0.228646140316604",NA,"RUNARMS5C, RUNARMS8A, RUNARMS8C, RUNARMS9B, RUNARMS1A, RUNARMS4C, RUNARMS7A, RUNARMS3C, RUNARMS2A, RODARMS1A, RODARMS1B, RODARMS1C, RODARMS2A, RODARMS2B, RODARMS2C, RODARMS3A, RODARMS3B"
"263","0.206370264981894","3.90050150358566","0.004","0.222187860463478","0.25905163304974","0.153802127335661",NA,"RUNARMS3A, RUNARMS6B, RUNARMS9B, RUNARMS1B, RUNARMS3C, RUNARMS1A, RUNARMS2C, RUNARMS4B, RUNARMS2B, RODARMS1A, RODARMS1B, RODARMS1C, RODARMS2A, RODARMS2B, RODARMS2C, RODARMS3A, RODARMS3B"
"264","0.180495831933575","3.30375071232605","0.016","0.22690116612268","0.260643741947535","0.147383466771851",NA,"RUNARMS4A, RUNARMS1B, RUNARMS8B, RUNARMS7A, RUNARMS7B, RUNARMS5B, RUNARMS9B, RUNARMS4B, RUNARMS2B, RODARMS1A, RODARMS1B, RODARMS1C, RODARMS2A, RODARMS2B, RODARMS2C, RODARMS3A, RODARMS3B"
"265","0.205052091919616","3.86916091926269","0.007","0.230719549645351","0.261488015251834","0.14721009698381",NA,"RUNARMS1C, RUNARMS9C, RUNARMS3C, RUNARMS5A, RUNARMS9B, RUNARMS9A, RUNARMS2B, RUNARMS6C, RUNARMS6A, RODARMS1A, RODARMS1B, RODARMS1C, RODARMS2A, RODARMS2B, RODARMS2C, RODARMS3A, RODARMS3B"
"266","0.204772663724591","3.86253064470245","0.002","0.204845617292078","0.245701385593001","0.0613312169723391",NA,"RUNARMS5C, RUNARMS2C, RUNARMS2B, RUNARMS7A, RUNARMS6A, RUNARMS1C, RUNARMS8A, RUNARMS9A, RUNARMS3A, RODARMS1A, RODARMS1B, RODARMS1C, RODARMS2A, RODARMS2B, RODARMS2C, RODARMS3A, RODARMS3B"
"267","0.271144364055102","5.58020719089839","0.001","0.184833149349966","0.248795021895113","0.00430089612830679",NA,"RUNARMS5C, RUNARMS3B, RUNARMS8C, RUNARMS7B, RUNARMS4C, RUNARMS1A, RUNARMS3C, RUNARMS2A, RUNARMS7C, RODARMS1A, RODARMS1B, RODARMS1C, RODARMS2A, RODARMS2B, RODARMS2C, RODARMS3A, RODARMS3B"
"268","0.191542344765698","3.553847443813","0.007","0.245007490683685","0.267502062831473","0.310777667365219",NA,"RUNARMS1B, RUNARMS6C, RUNARMS3A, RUNARMS9A, RUNARMS7B, RUNARMS8A, RUNARMS9B, RUNARMS8C, RUNARMS7A, RODARMS1A, RODARMS1B, RODARMS1C, RODARMS2A, RODARMS2B, RODARMS2C, RODARMS3A, RODARMS3B"
"269","0.210129834578411","3.99046280852225","0.004","0.205251893384442","0.247839525516963","0.0775039047393841",NA,"RUNARMS9C, RUNARMS1B, RUNARMS1C, RUNARMS3C, RUNARMS2C, RUNARMS7B, RUNARMS5A, RUNARMS3B, RUNARMS8A, RODARMS1A, RODARMS1B, RODARMS1C, RODARMS2A, RODARMS2B, RODARMS2C, RODARMS3A, RODARMS3B"
"270","0.190316907439573","3.52576660896565","0.015","0.199732683192448","0.253307373898531","0.0676656357484324",NA,"RUNARMS6B, RUNARMS1C, RUNARMS6A, RUNARMS3B, RUNARMS2B, RUNARMS3A, RUNARMS4C, RUNARMS1B, RUNARMS9B, RODARMS1A, RODARMS1B, RODARMS1C, RODARMS2A, RODARMS2B, RODARMS2C, RODARMS3A, RODARMS3B"
"271","0.181141258895635","3.31817778457129","0.011","0.222528412386237","0.254057230603729","0.111548572974014",NA,"RUNARMS3A, RUNARMS1A, RUNARMS2A, RUNARMS9B, RUNARMS7A, RUNARMS1B, RUNARMS5C, RUNARMS9C, RUNARMS6A, RODARMS1A, RODARMS1B, RODARMS1C, RODARMS2A, RODARMS2B, RODARMS2C, RODARMS3A, RODARMS3B"
"272","0.185011915165937","3.40517705612113","0.016","0.224238355685729","0.263036607349818","0.131788230505086",NA,"RUNARMS2A, RUNARMS4B, RUNARMS7B, RUNARMS6A, RUNARMS2B, RUNARMS9C, RUNARMS1C, RUNARMS6C, RUNARMS8B, RODARMS1A, RODARMS1B, RODARMS1C, RODARMS2A, RODARMS2B, RODARMS2C, RODARMS3A, RODARMS3B"
"273","0.227821843249817","4.42556891680223","0.001","0.20408209712113","0.250444773713242","0.0496223690343358",NA,"RUNARMS7C, RUNARMS4B, RUNARMS2A, RUNARMS2C, RUNARMS1C, RUNARMS9C, RUNARMS8C, RUNARMS3B, RUNARMS8A, RODARMS1A, RODARMS1B, RODARMS1C, RODARMS2A, RODARMS2B, RODARMS2C, RODARMS3A, RODARMS3B"
"274","0.211571316415839","4.0251830156796","0.005","0.210723338574614","0.245440912711156","0.285124714819674",NA,"RUNARMS1C, RUNARMS4C, RUNARMS2A, RUNARMS3C, RUNARMS4B, RUNARMS8A, RUNARMS5A, RUNARMS9B, RUNARMS3A, RODARMS1A, RODARMS1B, RODARMS1C, RODARMS2A, RODARMS2B, RODARMS2C, RODARMS3A, RODARMS3B"
"275","0.199364104615517","3.7351080390877","0.014","0.195524237664402","0.245440912711119","0.106855118582829",NA,"RUNARMS1C, RUNARMS6A, RUNARMS3B, RUNARMS5C, RUNARMS5B, RUNARMS6B, RUNARMS4C, RUNARMS8B, RUNARMS1A, RODARMS1A, RODARMS1B, RODARMS1C, RODARMS2A, RODARMS2B, RODARMS2C, RODARMS3A, RODARMS3B"
"276","0.158395167010996","2.82309156510747","0.014","0.253287095919735","0.265400661258451","0.528345111154998",NA,"RUNARMS6A, RUNARMS8C, RUNARMS3A, RUNARMS8A, RUNARMS4B, RUNARMS9C, RUNARMS1B, RUNARMS6C, RUNARMS8B, RODARMS1A, RODARMS1B, RODARMS1C, RODARMS2A, RODARMS2B, RODARMS2C, RODARMS3A, RODARMS3B"
"277","0.24902626315881","4.97406735299997","0.001","0.182505807018094","0.245821938616363","0.00192180147107814",NA,"RUNARMS4B, RUNARMS2A, RUNARMS6B, RUNARMS1A, RUNARMS3A, RUNARMS7A, RUNARMS5B, RUNARMS2C, RUNARMS4A, RODARMS1A, RODARMS1B, RODARMS1C, RODARMS2A, RODARMS2B, RODARMS2C, RODARMS3A, RODARMS3B"
"278","0.170679431290794","3.08709510647579","0.007","0.237485598533555","0.257936051890544","0.449963827630298",NA,"RUNARMS5A, RUNARMS3C, RUNARMS1A, RUNARMS2C, RUNARMS6A, RUNARMS8B, RUNARMS1B, RUNARMS8A, RUNARMS9C, RODARMS1A, RODARMS1B, RODARMS1C, RODARMS2A, RODARMS2B, RODARMS2C, RODARMS3A, RODARMS3B"
"279","0.24168688312959","4.78074711658113","0.001","0.206949581555281","0.251131496931027","0.0699396295906655",NA,"RUNARMS5A, RUNARMS2C, RUNARMS3C, RUNARMS4B, RUNARMS7B, RUNARMS8A, RUNARMS2B, RUNARMS7C, RUNARMS1A, RODARMS1A, RODARMS1B, RODARMS1C, RODARMS2A, RODARMS2B, RODARMS2C, RODARMS3A, RODARMS3B"
"280","0.227177249946235","4.40936650604095","0.004","0.207520702963961","0.252318410160514","0.115180724003128",NA,"RUNARMS8C, RUNARMS2A, RUNARMS5A, RUNARMS4B, RUNARMS8B, RUNARMS1A, RUNARMS2C, RUNARMS1C, RUNARMS5C, RODARMS1A, RODARMS1B, RODARMS1C, RODARMS2A, RODARMS2B, RODARMS2C, RODARMS3A, RODARMS3B"
"281","0.25240967138944","5.06446502308072","0.001","0.196173731315246","0.24560281961902","0.00979671169898013",NA,"RUNARMS2A, RUNARMS5C, RUNARMS8C, RUNARMS3C, RUNARMS7B, RUNARMS7C, RUNARMS1A, RUNARMS6B, RUNARMS4A, RODARMS1A, RODARMS1B, RODARMS1C, RODARMS2A, RODARMS2B, RODARMS2C, RODARMS3A, RODARMS3B"
"282","0.206044253196818","3.8927406349745","0.003","0.200335145128304","0.253378632105023","0.0625277322625686",NA,"RUNARMS4C, RUNARMS9A, RUNARMS8B, RUNARMS5C, RUNARMS2A, RUNARMS8C, RUNARMS1A, RUNARMS4A, RUNARMS2B, RODARMS1A, RODARMS1B, RODARMS1C, RODARMS2A, RODARMS2B, RODARMS2C, RODARMS3A, RODARMS3B"
"283","0.19535271975602","3.64170844578236","0.009","0.2394395595982","0.264297392409984","0.354282312319043",NA,"RUNARMS1B, RUNARMS3B, RUNARMS7C, RUNARMS6C, RUNARMS3C, RUNARMS2C, RUNARMS9A, RUNARMS8B, RUNARMS2A, RODARMS1A, RODARMS1B, RODARMS1C, RODARMS2A, RODARMS2B, RODARMS2C, RODARMS3A, RODARMS3B"
"284","0.217897731429955","4.17907747208714","0.006","0.229049850777699","0.260465315455598","0.156793472518122",NA,"RUNARMS7C, RUNARMS2A, RUNARMS8C, RUNARMS4B, RUNARMS8B, RUNARMS7B, RUNARMS1C, RUNARMS2C, RUNARMS3A, RODARMS1A, RODARMS1B, RODARMS1C, RODARMS2A, RODARMS2B, RODARMS2C, RODARMS3A, RODARMS3B"
"285","0.242588644528975","4.8042977460665","0.001","0.183394711690104","0.249193816730331","0.00143847653935601",NA,"RUNARMS8C, RUNARMS9C, RUNARMS2C, RUNARMS3A, RUNARMS1A, RUNARMS4B, RUNARMS4C, RUNARMS2B, RUNARMS7A, RODARMS1A, RODARMS1B, RODARMS1C, RODARMS2A, RODARMS2B, RODARMS2C, RODARMS3A, RODARMS3B"
"286","0.200210133428548","3.75492629620598","0.004","0.203243385435726","0.253531838190146","0.0821739291617196",NA,"RUNARMS2C, RUNARMS7B, RUNARMS4C, RUNARMS2A, RUNARMS8B, RUNARMS2B, RUNARMS5C, RUNARMS1C, RUNARMS8C, RODARMS1A, RODARMS1B, RODARMS1C, RODARMS2A, RODARMS2B, RODARMS2C, RODARMS3A, RODARMS3B"
"287","0.201800855447873","3.7923027760404","0.008","0.222409255296427","0.257623443166433","0.178864504052573",NA,"RUNARMS6B, RUNARMS1C, RUNARMS3B, RUNARMS7C, RUNARMS7A, RUNARMS8B, RUNARMS2B, RUNARMS3A, RUNARMS5A, RODARMS1A, RODARMS1B, RODARMS1C, RODARMS2A, RODARMS2B, RODARMS2C, RODARMS3A, RODARMS3B"
"288","0.198145834718854","3.70664348889515","0.005","0.226658748937159","0.26308928765902","0.164519253917203",NA,"RUNARMS6C, RUNARMS8B, RUNARMS1A, RUNARMS4B, RUNARMS3A, RUNARMS2A, RUNARMS4C, RUNARMS9A, RUNARMS9C, RODARMS1A, RODARMS1B, RODARMS1C, RODARMS2A, RODARMS2B, RODARMS2C, RODARMS3A, RODARMS3B"
"289","0.170760577549503","3.08886504174305","0.009","0.229813588524571","0.249411864165323","0.431702009583174",NA,"RUNARMS2C, RUNARMS8A, RUNARMS8C, RUNARMS3A, RUNARMS2A, RUNARMS8B, RUNARMS7A, RUNARMS5A, RUNARMS1B, RODARMS1A, RODARMS1B, RODARMS1C, RODARMS2A, RODARMS2B, RODARMS2C, RODARMS3A, RODARMS3B"
"290","0.225260736528862","4.36135253142338","0.003","0.207178353555094","0.245440913347193","0.122229001093324",NA,"RUNARMS1A, RUNARMS3A, RUNARMS5C, RUNARMS5B, RUNARMS8A, RUNARMS9C, RUNARMS1B, RUNARMS3C, RUNARMS1C, RODARMS1A, RODARMS1B, RODARMS1C, RODARMS2A, RODARMS2B, RODARMS2C, RODARMS3A, RODARMS3B"
"291","0.192085061996239","3.56631099935198","0.01","0.21712035632968","0.253009039359153","0.223288781299351",NA,"RUNARMS6B, RUNARMS2A, RUNARMS1C, RUNARMS6A, RUNARMS1B, RUNARMS8B, RUNARMS5B, RUNARMS1A, RUNARMS3A, RODARMS1A, RODARMS1B, RODARMS1C, RODARMS2A, RODARMS2B, RODARMS2C, RODARMS3A, RODARMS3B"
"292","0.215953142918761","4.13150963430975","0.003","0.203178339223879","0.24672163508624","0.0630100060183809",NA,"RUNARMS3A, RUNARMS4A, RUNARMS2A, RUNARMS2C, RUNARMS9B, RUNARMS7C, RUNARMS1C, RUNARMS9C, RUNARMS5A, RODARMS1A, RODARMS1B, RODARMS1C, RODARMS2A, RODARMS2B, RODARMS2C, RODARMS3A, RODARMS3B"
"293","0.229291977518854","4.46262340920027","0.002","0.232500876786045","0.267356437208172","0.0876720997601324",NA,"RUNARMS3A, RUNARMS1C, RUNARMS9A, RUNARMS3B, RUNARMS8C, RUNARMS9B, RUNARMS6C, RUNARMS7B, RUNARMS7C, RODARMS1A, RODARMS1B, RODARMS1C, RODARMS2A, RODARMS2B, RODARMS2C, RODARMS3A, RODARMS3B"
"294","0.273770870732404","5.65463831659787","0.001","0.182898714722547","0.249501331083065","0.00291939353875416",NA,"RUNARMS1B, RUNARMS8C, RUNARMS4C, RUNARMS3C, RUNARMS3B, RUNARMS2A, RUNARMS5A, RUNARMS5B, RUNARMS1C, RODARMS1A, RODARMS1B, RODARMS1C, RODARMS2A, RODARMS2B, RODARMS2C, RODARMS3A, RODARMS3B"
"295","0.247703891648604","4.938957324758","0.001","0.196326413068566","0.245879524676604","0.00273240115255943",NA,"RUNARMS1A, RUNARMS8C, RUNARMS5C, RUNARMS7A, RUNARMS4B, RUNARMS6A, RUNARMS5B, RUNARMS6B, RUNARMS3A, RODARMS1A, RODARMS1B, RODARMS1C, RODARMS2A, RODARMS2B, RODARMS2C, RODARMS3A, RODARMS3B"
"296","0.202225994728361","3.80231732405539","0.003","0.203700319751408","0.251478593443479","0.0715421026144546",NA,"RUNARMS7C, RUNARMS2B, RUNARMS1B, RUNARMS3B, RUNARMS8A, RUNARMS6A, RUNARMS7A, RUNARMS1A, RUNARMS2C, RODARMS1A, RODARMS1B, RODARMS1C, RODARMS2A, RODARMS2B, RODARMS2C, RODARMS3A, RODARMS3B"
"297","0.197016945774732","3.6803443996365","0.008","0.207625763669495","0.261164963344316","0.0150945747017863",NA,"RUNARMS1A, RUNARMS7B, RUNARMS9C, RUNARMS9B, RUNARMS1B, RUNARMS2B, RUNARMS9A, RUNARMS4A, RUNARMS3B, RODARMS1A, RODARMS1B, RODARMS1C, RODARMS2A, RODARMS2B, RODARMS2C, RODARMS3A, RODARMS3B"
"298","0.189065109220202","3.49716934188878","0.008","0.208427644717175","0.246296745913025","0.124327412429397",NA,"RUNARMS9C, RUNARMS9B, RUNARMS7A, RUNARMS1C, RUNARMS8A, RUNARMS7B, RUNARMS1B, RUNARMS3B, RUNARMS5A, RODARMS1A, RODARMS1B, RODARMS1C, RODARMS2A, RODARMS2B, RODARMS2C, RODARMS3A, RODARMS3B"
"299","0.227104422780933","4.40753763137197","0.004","0.20371764689895","0.260394119730421","0.0326453701735746",NA,"RUNARMS6A, RUNARMS1B, RUNARMS4C, RUNARMS5A, RUNARMS4B, RUNARMS3B, RUNARMS9B, RUNARMS5C, RUNARMS1A, RODARMS1A, RODARMS1B, RODARMS1C, RODARMS2A, RODARMS2B, RODARMS2C, RODARMS3A, RODARMS3B"
"300","0.219106459795762","4.20876435484003","0.003","0.217568401473243","0.25460792764511","0.183384805213033",NA,"RUNARMS5B, RUNARMS4B, RUNARMS6B, RUNARMS9A, RUNARMS3A, RUNARMS8B, RUNARMS5A, RUNARMS5C, RUNARMS1B, RODARMS1A, RODARMS1B, RODARMS1C, RODARMS2A, RODARMS2B, RODARMS2C, RODARMS3A, RODARMS3B"
"301","0.20113341991756","3.77660221867344","0.004","0.218845776269029","0.250001680190793","0.159675256195093",NA,"RUNARMS6B, RUNARMS1C, RUNARMS5B, RUNARMS8A, RUNARMS6A, RUNARMS1B, RUNARMS3C, RUNARMS7A, RUNARMS3B, RODARMS1A, RODARMS1B, RODARMS1C, RODARMS2A, RODARMS2B, RODARMS2C, RODARMS3A, RODARMS3B"
"302","0.192371607083899","3.57289829278977","0.008","0.203111212379698","0.245440912711171","0.174686542532142",NA,"RUNARMS8B, RUNARMS4A, RUNARMS4C, RUNARMS2C, RUNARMS1A, RUNARMS8A, RUNARMS5C, RUNARMS5B, RUNARMS9A, RODARMS1A, RODARMS1B, RODARMS1C, RODARMS2A, RODARMS2B, RODARMS2C, RODARMS3A, RODARMS3B"
"303","0.198336317445598","3.71108836090012","0.012","0.219154444359266","0.258838158082909","0.110205915652792",NA,"RUNARMS9C, RUNARMS2C, RUNARMS5A, RUNARMS3A, RUNARMS1B, RUNARMS7A, RUNARMS9A, RUNARMS4C, RUNARMS8B, RODARMS1A, RODARMS1B, RODARMS1C, RODARMS2A, RODARMS2B, RODARMS2C, RODARMS3A, RODARMS3B"
"304","0.244440525425325","4.85283820104818","0.001","0.206197051984457","0.254180408804123","0.0158651564441311",NA,"RUNARMS2A, RUNARMS6A, RUNARMS9A, RUNARMS7C, RUNARMS6C, RUNARMS1B, RUNARMS4C, RUNARMS1C, RUNARMS8C, RODARMS1A, RODARMS1B, RODARMS1C, RODARMS2A, RODARMS2B, RODARMS2C, RODARMS3A, RODARMS3B"
"305","0.202044313976813","3.79803636058572","0.005","0.237705406021135","0.258799433700749","0.412423512677365",NA,"RUNARMS8A, RUNARMS4A, RUNARMS8B, RUNARMS1A, RUNARMS9A, RUNARMS2C, RUNARMS5B, RUNARMS3C, RUNARMS7C, RODARMS1A, RODARMS1B, RODARMS1C, RODARMS2A, RODARMS2B, RODARMS2C, RODARMS3A, RODARMS3B"
"306","0.265389648475453","5.41898806472071","0.001","0.180743157529618","0.248324774627226","0.00138554695666894",NA,"RUNARMS7A, RUNARMS4C, RUNARMS2C, RUNARMS5A, RUNARMS1A, RUNARMS5C, RUNARMS7C, RUNARMS2B, RUNARMS3A, RODARMS1A, RODARMS1B, RODARMS1C, RODARMS2A, RODARMS2B, RODARMS2C, RODARMS3A, RODARMS3B"
"307","0.225031696630181","4.35563033323431","0.001","0.20253336404899","0.253713028066685","0.0209443225850983",NA,"RUNARMS2B, RUNARMS6C, RUNARMS3C, RUNARMS6B, RUNARMS1B, RUNARMS5C, RUNARMS8C, RUNARMS6A, RUNARMS3B, RODARMS1A, RODARMS1B, RODARMS1C, RODARMS2A, RODARMS2B, RODARMS2C, RODARMS3A, RODARMS3B"
"308","0.188067114911453","3.47443338665133","0.007","0.230533065215719","0.257766599975106","0.210005811694774",NA,"RUNARMS1C, RUNARMS1B, RUNARMS8C, RUNARMS1A, RUNARMS2A, RUNARMS8B, RUNARMS5C, RUNARMS7A, RUNARMS6A, RODARMS1A, RODARMS1B, RODARMS1C, RODARMS2A, RODARMS2B, RODARMS2C, RODARMS3A, RODARMS3B"
"309","0.236310972703898","4.64150258006013","0.001","0.206310304782359","0.255784511976799","0.0538369177150408",NA,"RUNARMS3A, RUNARMS4B, RUNARMS7C, RUNARMS4A, RUNARMS5C, RUNARMS9B, RUNARMS1B, RUNARMS8C, RUNARMS4C, RODARMS1A, RODARMS1B, RODARMS1C, RODARMS2A, RODARMS2B, RODARMS2C, RODARMS3A, RODARMS3B"
"310","0.201389066113101","3.78261286380576","0.011","0.222087635564766","0.25547961945194","0.25094674799518",NA,"RUNARMS3A, RUNARMS6A, RUNARMS4C, RUNARMS6B, RUNARMS1B, RUNARMS3C, RUNARMS8B, RUNARMS5B, RUNARMS9A, RODARMS1A, RODARMS1B, RODARMS1C, RODARMS2A, RODARMS2B, RODARMS2C, RODARMS3A, RODARMS3B"
"311","0.225724966802048","4.37296097233846","0.001","0.190424736337465","0.246490313564685","0.0234432286731238",NA,"RUNARMS4B, RUNARMS5C, RUNARMS5A, RUNARMS7A, RUNARMS1C, RUNARMS2B, RUNARMS4A, RUNARMS9B, RUNARMS6A, RODARMS1A, RODARMS1B, RODARMS1C, RODARMS2A, RODARMS2B, RODARMS2C, RODARMS3A, RODARMS3B"
"312","0.219349770871642","4.21475129360864","0.001","0.187295121879296","0.245440912725788","0.00283742761479675",NA,"RUNARMS5C, RUNARMS9C, RUNARMS2B, RUNARMS4A, RUNARMS2A, RUNARMS1A, RUNARMS8C, RUNARMS6C, RUNARMS7A, RODARMS1A, RODARMS1B, RODARMS1C, RODARMS2A, RODARMS2B, RODARMS2C, RODARMS3A, RODARMS3B"
"313","0.15890689558185","2.83393529349724","0.031","0.235315926634853","0.257822853330408","0.384169256379919",NA,"RUNARMS6B, RUNARMS1B, RUNARMS7A, RUNARMS8C, RUNARMS8B, RUNARMS9B, RUNARMS2A, RUNARMS4C, RUNARMS2C, RODARMS1A, RODARMS1B, RODARMS1C, RODARMS2A, RODARMS2B, RODARMS2C, RODARMS3A, RODARMS3B"
"314","0.262831312359559","5.34812418309925","0.001","0.200937281528587","0.252674065604772","0.00472641860091509",NA,"RUNARMS8C, RUNARMS7C, RUNARMS5C, RUNARMS9A, RUNARMS3B, RUNARMS3C, RUNARMS7A, RUNARMS2B, RUNARMS1A, RODARMS1A, RODARMS1B, RODARMS1C, RODARMS2A, RODARMS2B, RODARMS2C, RODARMS3A, RODARMS3B"
"315","0.252532259206163","5.06775567875273","0.001","0.190261097180921","0.252068854726763","0.00298266513362775",NA,"RUNARMS5C, RUNARMS9A, RUNARMS4A, RUNARMS2B, RUNARMS3C, RUNARMS4B, RUNARMS7B, RUNARMS3B, RUNARMS1C, RODARMS1A, RODARMS1B, RODARMS1C, RODARMS2A, RODARMS2B, RODARMS2C, RODARMS3A, RODARMS3B"
"316","0.249734067961123","4.99291099255556","0.001","0.2159589357113","0.259161645805788","0.0240027316976285",NA,"RUNARMS5C, RUNARMS9A, RUNARMS4B, RUNARMS1C, RUNARMS7C, RUNARMS9B, RUNARMS4A, RUNARMS2A, RUNARMS8C, RODARMS1A, RODARMS1B, RODARMS1C, RODARMS2A, RODARMS2B, RODARMS2C, RODARMS3A, RODARMS3B"
"317","0.226403069334033","4.38994249510134","0.002","0.203189250087534","0.250045089151751","0.0087176077771782",NA,"RUNARMS6B, RUNARMS8C, RUNARMS7B, RUNARMS5C, RUNARMS6A, RUNARMS6C, RUNARMS1B, RUNARMS2B, RUNARMS7C, RODARMS1A, RODARMS1B, RODARMS1C, RODARMS2A, RODARMS2B, RODARMS2C, RODARMS3A, RODARMS3B"
"318","0.17236361268727","3.12390106324809","0.031","0.219535457534832","0.259336145763614","0.191223905503245",NA,"RUNARMS8C, RUNARMS4C, RUNARMS3B, RUNARMS8B, RUNARMS4B, RUNARMS2C, RUNARMS2B, RUNARMS1B, RUNARMS9B, RODARMS1A, RODARMS1B, RODARMS1C, RODARMS2A, RODARMS2B, RODARMS2C, RODARMS3A, RODARMS3B"
"319","0.22509407916097","4.35718852652299","0.006","0.225019187165416","0.25689813570419","0.225075801598294",NA,"RUNARMS9A, RUNARMS5A, RUNARMS8B, RUNARMS5B, RUNARMS3C, RUNARMS1B, RUNARMS7A, RUNARMS1A, RUNARMS3A, RODARMS1A, RODARMS1B, RODARMS1C, RODARMS2A, RODARMS2B, RODARMS2C, RODARMS3A, RODARMS3B"
"320","0.260108032136911","5.27322994642325","0.001","0.184377952033874","0.253482544495192","0.00263381129517844",NA,"RUNARMS7C, RUNARMS2B, RUNARMS4A, RUNARMS5A, RUNARMS6A, RUNARMS1A, RUNARMS4C, RUNARMS4B, RUNARMS6C, RODARMS1A, RODARMS1B, RODARMS1C, RODARMS2A, RODARMS2B, RODARMS2C, RODARMS3A, RODARMS3B"
"321","0.221745387637394","4.27389797853349","0.001","0.193954516700451","0.245496428409416","0.0209595084946662",NA,"RUNARMS7C, RUNARMS5A, RUNARMS1B, RUNARMS3B, RUNARMS7B, RUNARMS4A, RUNARMS1C, RUNARMS8A, RUNARMS9C, RODARMS1A, RODARMS1B, RODARMS1C, RODARMS2A, RODARMS2B, RODARMS2C, RODARMS3A, RODARMS3B"
"322","0.26289589112388","5.34990691188908","0.001","0.201443757600186","0.256205179464183","0.00276320261768284",NA,"RUNARMS2A, RUNARMS5C, RUNARMS2C, RUNARMS1B, RUNARMS4B, RUNARMS3C, RUNARMS9C, RUNARMS9A, RUNARMS5A, RODARMS1A, RODARMS1B, RODARMS1C, RODARMS2A, RODARMS2B, RODARMS2C, RODARMS3A, RODARMS3B"
"323","0.209533091775318","3.97612644365931","0.006","0.222379585650894","0.255299430416899","0.118897395801389",NA,"RUNARMS7A, RUNARMS2C, RUNARMS6C, RUNARMS3C, RUNARMS1C, RUNARMS4A, RUNARMS4B, RUNARMS9B, RUNARMS7B, RODARMS1A, RODARMS1B, RODARMS1C, RODARMS2A, RODARMS2B, RODARMS2C, RODARMS3A, RODARMS3B"
"324","0.222540755014037","4.29361583483494","0.002","0.196610250316567","0.247663908580361","0.0157184666280621",NA,"RUNARMS4B, RUNARMS8A, RUNARMS7A, RUNARMS4A, RUNARMS2C, RUNARMS9A, RUNARMS7B, RUNARMS6A, RUNARMS1A, RODARMS1A, RODARMS1B, RODARMS1C, RODARMS2A, RODARMS2B, RODARMS2C, RODARMS3A, RODARMS3B"
"325","0.264368740181494","5.39065061441349","0.001","0.192673671773589","0.245548892759804","0.00281999181637585",NA,"RUNARMS1B, RUNARMS4B, RUNARMS3A, RUNARMS7C, RUNARMS7B, RUNARMS7A, RUNARMS5C, RUNARMS1C, RUNARMS1A, RODARMS1A, RODARMS1B, RODARMS1C, RODARMS2A, RODARMS2B, RODARMS2C, RODARMS3A, RODARMS3B"
"326","0.144619852418526","2.53606281652832","0.037","0.237925498173641","0.251582875304517","0.616292238784983",NA,"RUNARMS3B, RUNARMS9B, RUNARMS1B, RUNARMS8B, RUNARMS1A, RUNARMS8A, RUNARMS4A, RUNARMS3C, RUNARMS2A, RODARMS1A, RODARMS1B, RODARMS1C, RODARMS2A, RODARMS2B, RODARMS2C, RODARMS3A, RODARMS3B"
"327","0.242542941363858","4.80310280164082","0.002","0.200484154150187","0.250017257528525","0.050565687099929",NA,"RUNARMS1B, RUNARMS9A, RUNARMS4A, RUNARMS2C, RUNARMS4B, RUNARMS5B, RUNARMS8A, RUNARMS1A, RUNARMS7C, RODARMS1A, RODARMS1B, RODARMS1C, RODARMS2A, RODARMS2B, RODARMS2C, RODARMS3A, RODARMS3B"
"328","0.226258229647193","4.38631281746669","0.002","0.197978203736761","0.252164494267247","0.0154920354917163",NA,"RUNARMS2A, RUNARMS6B, RUNARMS3C, RUNARMS1A, RUNARMS4C, RUNARMS7A, RUNARMS3B, RUNARMS9C, RUNARMS6C, RODARMS1A, RODARMS1B, RODARMS1C, RODARMS2A, RODARMS2B, RODARMS2C, RODARMS3A, RODARMS3B"
"329","0.196931585565119","3.67835881772973","0.005","0.211357559061899","0.251880270898935","0.110785257211542",NA,"RUNARMS6B, RUNARMS5C, RUNARMS1C, RUNARMS9C, RUNARMS9A, RUNARMS6A, RUNARMS5A, RUNARMS8B, RUNARMS2B, RODARMS1A, RODARMS1B, RODARMS1C, RODARMS2A, RODARMS2B, RODARMS2C, RODARMS3A, RODARMS3B"
"330","0.244929913508552","4.86570553960079","0.001","0.188408363481726","0.254468622783853","0.00161855207155308",NA,"RUNARMS6A, RUNARMS4C, RUNARMS7B, RUNARMS7C, RUNARMS9A, RUNARMS2B, RUNARMS1B, RUNARMS4A, RUNARMS5C, RODARMS1A, RODARMS1B, RODARMS1C, RODARMS2A, RODARMS2B, RODARMS2C, RODARMS3A, RODARMS3B"
"331","0.291678215924301","6.17681587270925","0.001","0.1867248677467","0.245440912711119","0.00248256508258378",NA,"RUNARMS3C, RUNARMS5A, RUNARMS7C, RUNARMS4B, RUNARMS1A, RUNARMS8C, RUNARMS2A, RUNARMS7B, RUNARMS7A, RODARMS1A, RODARMS1B, RODARMS1C, RODARMS2A, RODARMS2B, RODARMS2C, RODARMS3A, RODARMS3B"
"332","0.268997332341302","5.51976095797703","0.001","0.186319551447833","0.250744850866294","0.000193890660192001",NA,"RUNARMS5A, RUNARMS2B, RUNARMS1A, RUNARMS9C, RUNARMS5C, RUNARMS7A, RUNARMS2C, RUNARMS4B, RUNARMS7C, RODARMS1A, RODARMS1B, RODARMS1C, RODARMS2A, RODARMS2B, RODARMS2C, RODARMS3A, RODARMS3B"
"333","0.207702269178873","3.93227686573607","0.003","0.206679161340933","0.253378192093767","0.0463948129119491",NA,"RUNARMS1C, RUNARMS5A, RUNARMS7B, RUNARMS2C, RUNARMS9B, RUNARMS3B, RUNARMS5C, RUNARMS9C, RUNARMS6C, RODARMS1A, RODARMS1B, RODARMS1C, RODARMS2A, RODARMS2B, RODARMS2C, RODARMS3A, RODARMS3B"
"334","0.209046428604708","3.96445068645314","0.006","0.200633862689438","0.255919947061792","0.0353343598979803",NA,"RUNARMS8C, RUNARMS2A, RUNARMS8A, RUNARMS1B, RUNARMS2B, RUNARMS4B, RUNARMS9C, RUNARMS4C, RUNARMS2C, RODARMS1A, RODARMS1B, RODARMS1C, RODARMS2A, RODARMS2B, RODARMS2C, RODARMS3A, RODARMS3B"
"335","0.250284275528594","5.00758355518805","0.001","0.208622058809932","0.249766199553145","0.00664418292474538",NA,"RUNARMS6B, RUNARMS2A, RUNARMS7A, RUNARMS7C, RUNARMS1A, RUNARMS5B, RUNARMS9A, RUNARMS8C, RUNARMS6C, RODARMS1A, RODARMS1B, RODARMS1C, RODARMS2A, RODARMS2B, RODARMS2C, RODARMS3A, RODARMS3B"
"336","0.234701028122798","4.60018313262136","0.002","0.193738438214553","0.245440913485966","0.0459831844800683",NA,"RUNARMS5B, RUNARMS1B, RUNARMS9C, RUNARMS8A, RUNARMS4C, RUNARMS5A, RUNARMS7C, RUNARMS3A, RUNARMS7B, RODARMS1A, RODARMS1B, RODARMS1C, RODARMS2A, RODARMS2B, RODARMS2C, RODARMS3A, RODARMS3B"
"337","0.23357798045459","4.57146274176332","0.002","0.202912220456611","0.262562369256782","0.000409838137329605",NA,"RUNARMS1B, RUNARMS6C, RUNARMS6A, RUNARMS4B, RUNARMS4A, RUNARMS1A, RUNARMS2B, RUNARMS7B, RUNARMS5C, RODARMS1A, RODARMS1B, RODARMS1C, RODARMS2A, RODARMS2B, RODARMS2C, RODARMS3A, RODARMS3B"
"338","0.213259341647604","4.06600331475588","0.005","0.203030584467698","0.254000931319014","0.0545935509089764",NA,"RUNARMS5C, RUNARMS4C, RUNARMS4A, RUNARMS2B, RUNARMS1B, RUNARMS8C, RUNARMS7B, RUNARMS9B, RUNARMS3C, RODARMS1A, RODARMS1B, RODARMS1C, RODARMS2A, RODARMS2B, RODARMS2C, RODARMS3A, RODARMS3B"
"339","0.269552902039889","5.53536805319627","0.001","0.183625084006427","0.245440912711119","0.00359460024783719",NA,"RUNARMS7C, RUNARMS3A, RUNARMS1C, RUNARMS4C, RUNARMS4A, RUNARMS9A, RUNARMS7A, RUNARMS5B, RUNARMS1A, RODARMS1A, RODARMS1B, RODARMS1C, RODARMS2A, RODARMS2B, RODARMS2C, RODARMS3A, RODARMS3B"
"340","0.255875692231503","5.15792233018494","0.001","0.195829547660345","0.247379497835219","0.00814144929603591",NA,"RUNARMS3B, RUNARMS3A, RUNARMS5A, RUNARMS5B, RUNARMS7C, RUNARMS1C, RUNARMS9A, RUNARMS6C, RUNARMS9C, RODARMS1A, RODARMS1B, RODARMS1C, RODARMS2A, RODARMS2B, RODARMS2C, RODARMS3A, RODARMS3B"
"341","0.252756594670446","5.07378036797073","0.002","0.205252883876506","0.25347859439613","0.0110939951594245",NA,"RUNARMS1A, RUNARMS5C, RUNARMS3C, RUNARMS2A, RUNARMS4B, RUNARMS2B, RUNARMS6A, RUNARMS3A, RUNARMS7C, RODARMS1A, RODARMS1B, RODARMS1C, RODARMS2A, RODARMS2B, RODARMS2C, RODARMS3A, RODARMS3B"
"342","0.243931490618021","4.83947197094772","0.001","0.188212505397426","0.248951926099743","0.001100886394237",NA,"RUNARMS5A, RUNARMS6A, RUNARMS9C, RUNARMS7A, RUNARMS5C, RUNARMS4B, RUNARMS2B, RUNARMS1A, RUNARMS3A, RODARMS1A, RODARMS1B, RODARMS1C, RODARMS2A, RODARMS2B, RODARMS2C, RODARMS3A, RODARMS3B"
"343","0.217390515647094","4.16664735082098","0.001","0.200710297472028","0.249659016146515","0.0216190867514135",NA,"RUNARMS6A, RUNARMS7B, RUNARMS8A, RUNARMS1A, RUNARMS3B, RUNARMS4B, RUNARMS6B, RUNARMS5C, RUNARMS7A, RODARMS1A, RODARMS1B, RODARMS1C, RODARMS2A, RODARMS2B, RODARMS2C, RODARMS3A, RODARMS3B"
"344","0.238203134781102","4.69028842838547","0.001","0.207269267783212","0.254134274292666","0.0205570734933992",NA,"RUNARMS6A, RUNARMS1B, RUNARMS7C, RUNARMS9C, RUNARMS9A, RUNARMS6B, RUNARMS2A, RUNARMS4C, RUNARMS3C, RODARMS1A, RODARMS1B, RODARMS1C, RODARMS2A, RODARMS2B, RODARMS2C, RODARMS3A, RODARMS3B"
"345","0.191647052266438","3.55625075909799","0.007","0.216303267889167","0.256170224950077","0.11376233531978",NA,"RUNARMS8C, RUNARMS2C, RUNARMS7B, RUNARMS1B, RUNARMS1C, RUNARMS3A, RUNARMS9C, RUNARMS4C, RUNARMS8B, RODARMS1A, RODARMS1B, RODARMS1C, RODARMS2A, RODARMS2B, RODARMS2C, RODARMS3A, RODARMS3B"
"346","0.193332271017074","3.5950168341462","0.009","0.215732525426735","0.245739673046537","0.21464907607046",NA,"RUNARMS6B, RUNARMS9B, RUNARMS1C, RUNARMS9C, RUNARMS2C, RUNARMS3C, RUNARMS6A, RUNARMS3A, RUNARMS1A, RODARMS1A, RODARMS1B, RODARMS1C, RODARMS2A, RODARMS2B, RODARMS2C, RODARMS3A, RODARMS3B"
"347","0.269728536530529","5.5403069274212","0.001","0.187971621014264","0.249953854819886","0.00260843257099097",NA,"RUNARMS1C, RUNARMS8C, RUNARMS7C, RUNARMS5B, RUNARMS5C, RUNARMS3B, RUNARMS2C, RUNARMS1A, RUNARMS2A, RODARMS1A, RODARMS1B, RODARMS1C, RODARMS2A, RODARMS2B, RODARMS2C, RODARMS3A, RODARMS3B"
"348","0.19785676335067","3.69990210558553","0.002","0.206594125648135","0.251420224504857","0.0539947708547102",NA,"RUNARMS1B, RUNARMS4C, RUNARMS8A, RUNARMS3A, RUNARMS9C, RUNARMS2C, RUNARMS5A, RUNARMS6A, RUNARMS7A, RODARMS1A, RODARMS1B, RODARMS1C, RODARMS2A, RODARMS2B, RODARMS2C, RODARMS3A, RODARMS3B"
"349","0.242885804325513","4.81207073608892","0.001","0.19161109894206","0.245440912711119","0.00506360195681082",NA,"RUNARMS1C, RUNARMS2A, RUNARMS7A, RUNARMS9A, RUNARMS2B, RUNARMS3C, RUNARMS4A, RUNARMS8C, RUNARMS7B, RODARMS1A, RODARMS1B, RODARMS1C, RODARMS2A, RODARMS2B, RODARMS2C, RODARMS3A, RODARMS3B"
"350","0.221782640371489","4.27482060688082","0.003","0.210469957485645","0.254758126772159","0.062523770024175",NA,"RUNARMS8C, RUNARMS1A, RUNARMS7A, RUNARMS5C, RUNARMS1C, RUNARMS7B, RUNARMS8B, RUNARMS5B, RUNARMS3B, RODARMS1A, RODARMS1B, RODARMS1C, RODARMS2A, RODARMS2B, RODARMS2C, RODARMS3A, RODARMS3B"
"351","0.263641078633864","5.37050080437829","0.001","0.183728521134694","0.249807832188473","0.00259787201164527",NA,"RUNARMS1B, RUNARMS4C, RUNARMS4B, RUNARMS1A, RUNARMS5B, RUNARMS6B, RUNARMS7A, RUNARMS2A, RUNARMS1C, RODARMS1A, RODARMS1B, RODARMS1C, RODARMS2A, RODARMS2B, RODARMS2C, RODARMS3A, RODARMS3B"
"352","0.191169001079658","3.54528327922961","0.016","0.191143056941136","0.247740333061541","0.0785567975279696",NA,"RUNARMS2C, RUNARMS4A, RUNARMS4C, RUNARMS5B, RUNARMS2B, RUNARMS1B, RUNARMS3A, RUNARMS5C, RUNARMS8B, RODARMS1A, RODARMS1B, RODARMS1C, RODARMS2A, RODARMS2B, RODARMS2C, RODARMS3A, RODARMS3B"
"353","0.215446275114831","4.11914955498488","0.004","0.233002852888249","0.259538827252548","0.260655773435672",NA,"RUNARMS2C, RUNARMS3C, RUNARMS8C, RUNARMS8B, RUNARMS7C, RUNARMS1B, RUNARMS4B, RUNARMS6A, RUNARMS1A, RODARMS1A, RODARMS1B, RODARMS1C, RODARMS2A, RODARMS2B, RODARMS2C, RODARMS3A, RODARMS3B"
"354","0.251077692594494","5.02877982359017","0.001","0.17217425220632","0.248279191953913","0.000856559270192447",NA,"RUNARMS5A, RUNARMS2B, RUNARMS1A, RUNARMS4A, RUNARMS9C, RUNARMS5C, RUNARMS5B, RUNARMS6C, RUNARMS4C, RODARMS1A, RODARMS1B, RODARMS1C, RODARMS2A, RODARMS2B, RODARMS2C, RODARMS3A, RODARMS3B"
"355","0.166846530875503","3.00388590563328","0.021","0.210940239708385","0.251510428314411","0.126702749747817",NA,"RUNARMS3B, RUNARMS9B, RUNARMS9C, RUNARMS8B, RUNARMS6B, RUNARMS4A, RUNARMS1A, RUNARMS4C, RUNARMS7A, RODARMS1A, RODARMS1B, RODARMS1C, RODARMS2A, RODARMS2B, RODARMS2C, RODARMS3A, RODARMS3B"
"356","0.240310167039247","4.74490028587091","0.001","0.199192199889354","0.251510514760801","0.00825969975785537",NA,"RUNARMS3B, RUNARMS9A, RUNARMS7A, RUNARMS7B, RUNARMS6C, RUNARMS3C, RUNARMS1B, RUNARMS4A, RUNARMS8C, RODARMS1A, RODARMS1B, RODARMS1C, RODARMS2A, RODARMS2B, RODARMS2C, RODARMS3A, RODARMS3B"
"357","0.215533256538666","4.12126948022666","0.002","0.207303031829713","0.245440912711119","0.104021858100906",NA,"RUNARMS6A, RUNARMS5C, RUNARMS7A, RUNARMS9A, RUNARMS3C, RUNARMS2A, RUNARMS1C, RUNARMS8A, RUNARMS3B, RODARMS1A, RODARMS1B, RODARMS1C, RODARMS2A, RODARMS2B, RODARMS2C, RODARMS3A, RODARMS3B"
"358","0.190961916291207","3.54053635057202","0.009","0.217974593577874","0.252215527581022","0.24640294066015",NA,"RUNARMS5B, RUNARMS9B, RUNARMS2A, RUNARMS8A, RUNARMS6B, RUNARMS3B, RUNARMS4C, RUNARMS7C, RUNARMS1A, RODARMS1A, RODARMS1B, RODARMS1C, RODARMS2A, RODARMS2B, RODARMS2C, RODARMS3A, RODARMS3B"
"359","0.237961521708689","4.68404539575734","0.001","0.186421757955025","0.252165440660054","0.000698259078683578",NA,"RUNARMS2C, RUNARMS9A, RUNARMS6B, RUNARMS3B, RUNARMS6A, RUNARMS8C, RUNARMS4C, RUNARMS7B, RUNARMS1B, RODARMS1A, RODARMS1B, RODARMS1C, RODARMS2A, RODARMS2B, RODARMS2C, RODARMS3A, RODARMS3B"
"360","0.242836433400143","4.81077888805385","0.001","0.193752709057823","0.255612799318496","0.00829887398825748",NA,"RUNARMS4C, RUNARMS4B, RUNARMS9C, RUNARMS3B, RUNARMS7B, RUNARMS9A, RUNARMS9B, RUNARMS1A, RUNARMS5B, RODARMS1A, RODARMS1B, RODARMS1C, RODARMS2A, RODARMS2B, RODARMS2C, RODARMS3A, RODARMS3B"
"361","0.223654826572855","4.32130257702651","0.002","0.191662225574495","0.251175353154967","0.00532222763719628",NA,"RUNARMS1C, RUNARMS5B, RUNARMS4A, RUNARMS3C, RUNARMS6A, RUNARMS3B, RUNARMS7B, RUNARMS2B, RUNARMS9C, RODARMS1A, RODARMS1B, RODARMS1C, RODARMS2A, RODARMS2B, RODARMS2C, RODARMS3A, RODARMS3B"
"362","0.207260825946233","3.92173427395507","0.002","0.221810235201405","0.25614582759606","0.137391341174374",NA,"RUNARMS1A, RUNARMS9A, RUNARMS7B, RUNARMS8B, RUNARMS2C, RUNARMS4A, RUNARMS7C, RUNARMS8A, RUNARMS5C, RODARMS1A, RODARMS1B, RODARMS1C, RODARMS2A, RODARMS2B, RODARMS2C, RODARMS3A, RODARMS3B"
"363","0.232378641000952","4.54088408842542","0.001","0.20612337006499","0.246313404401006","0.0488119000973488",NA,"RUNARMS9A, RUNARMS5C, RUNARMS4B, RUNARMS1A, RUNARMS7A, RUNARMS2A, RUNARMS8A, RUNARMS1C, RUNARMS3A, RODARMS1A, RODARMS1B, RODARMS1C, RODARMS2A, RODARMS2B, RODARMS2C, RODARMS3A, RODARMS3B"
"364","0.241230174469839","4.76884095189123","0.001","0.206119488120865","0.254621201869253","0.0032946406964834",NA,"RUNARMS2C, RUNARMS6B, RUNARMS1B, RUNARMS2A, RUNARMS9A, RUNARMS7B, RUNARMS7C, RUNARMS6A, RUNARMS8C, RODARMS1A, RODARMS1B, RODARMS1C, RODARMS2A, RODARMS2B, RODARMS2C, RODARMS3A, RODARMS3B"
"365","0.220968485987572","4.25467677519487","0.003","0.215107186971793","0.251252957184723","0.191970540605426",NA,"RUNARMS5A, RUNARMS3B, RUNARMS1B, RUNARMS3C, RUNARMS8C, RUNARMS3A, RUNARMS5B, RUNARMS8B, RUNARMS4B, RODARMS1A, RODARMS1B, RODARMS1C, RODARMS2A, RODARMS2B, RODARMS2C, RODARMS3A, RODARMS3B"
"366","0.232855527138571","4.55303144406476","0.002","0.196463472402281","0.250598863124897","0.00139247798720538",NA,"RUNARMS1A, RUNARMS6A, RUNARMS9C, RUNARMS1C, RUNARMS5B, RUNARMS6C, RUNARMS6B, RUNARMS2C, RUNARMS7B, RODARMS1A, RODARMS1B, RODARMS1C, RODARMS2A, RODARMS2B, RODARMS2C, RODARMS3A, RODARMS3B"
"367","0.184629522652471","3.39654539467299","0.009","0.239252722405042","0.260172886867553","0.450683187736053",NA,"RUNARMS8B, RUNARMS3B, RUNARMS2B, RUNARMS1C, RUNARMS3C, RUNARMS2C, RUNARMS4B, RUNARMS7C, RUNARMS9B, RODARMS1A, RODARMS1B, RODARMS1C, RODARMS2A, RODARMS2B, RODARMS2C, RODARMS3A, RODARMS3B"
"368","0.201210750856522","3.77841998510135","0.008","0.183870458335039","0.251139024810184","0.0218102114196898",NA,"RUNARMS4A, RUNARMS1B, RUNARMS7B, RUNARMS4C, RUNARMS3B, RUNARMS5B, RUNARMS2B, RUNARMS2A, RUNARMS9B, RODARMS1A, RODARMS1B, RODARMS1C, RODARMS2A, RODARMS2B, RODARMS2C, RODARMS3A, RODARMS3B"
"369","0.24489360187118","4.86475023542446","0.001","0.190245241286953","0.247624265471759","0.00674148837446163",NA,"RUNARMS6B, RUNARMS5C, RUNARMS1C, RUNARMS1B, RUNARMS4C, RUNARMS7A, RUNARMS3B, RUNARMS1A, RUNARMS7C, RODARMS1A, RODARMS1B, RODARMS1C, RODARMS2A, RODARMS2B, RODARMS2C, RODARMS3A, RODARMS3B"
"370","0.233209359088134","4.56205409883723","0.001","0.17529321149157","0.245440912711119","0.00177894109778663",NA,"RUNARMS1B, RUNARMS2C, RUNARMS8C, RUNARMS4C, RUNARMS7B, RUNARMS7A, RUNARMS4A, RUNARMS3B, RUNARMS1C, RODARMS1A, RODARMS1B, RODARMS1C, RODARMS2A, RODARMS2B, RODARMS2C, RODARMS3A, RODARMS3B"
"371","0.191405355133895","3.55070410772242","0.004","0.20237530463616","0.25136935828842","0.0568544760434681",NA,"RUNARMS6C, RUNARMS1B, RUNARMS1A, RUNARMS7B, RUNARMS3A, RUNARMS8A, RUNARMS3B, RUNARMS6A, RUNARMS2B, RODARMS1A, RODARMS1B, RODARMS1C, RODARMS2A, RODARMS2B, RODARMS2C, RODARMS3A, RODARMS3B"
"372","0.258019436506949","5.21616298058256","0.001","0.187122573308301","0.245440912711119","0.00477395682070202",NA,"RUNARMS1C, RUNARMS5B, RUNARMS7A, RUNARMS6A, RUNARMS4C, RUNARMS3C, RUNARMS2C, RUNARMS7B, RUNARMS9A, RODARMS1A, RODARMS1B, RODARMS1C, RODARMS2A, RODARMS2B, RODARMS2C, RODARMS3A, RODARMS3B"
"373","0.221936406789345","4.27862983294588","0.003","0.186935740262378","0.245440912711582","0.019088547750898",NA,"RUNARMS3B, RUNARMS7B, RUNARMS5C, RUNARMS1C, RUNARMS7A, RUNARMS9B, RUNARMS4C, RUNARMS9C, RUNARMS5B, RODARMS1A, RODARMS1B, RODARMS1C, RODARMS2A, RODARMS2B, RODARMS2C, RODARMS3A, RODARMS3B"
"374","0.207303611386407","3.92275556627002","0.004","0.203219531826289","0.248765845023716","0.0963679994574264",NA,"RUNARMS3A, RUNARMS1B, RUNARMS1C, RUNARMS2A, RUNARMS4C, RUNARMS1A, RUNARMS9B, RUNARMS6B, RUNARMS5C, RODARMS1A, RODARMS1B, RODARMS1C, RODARMS2A, RODARMS2B, RODARMS2C, RODARMS3A, RODARMS3B"
"375","0.214353790672522","4.09256332165107","0.003","0.206570026557791","0.251499273245827","0.068949555966211",NA,"RUNARMS2A, RUNARMS1A, RUNARMS3A, RUNARMS5A, RUNARMS1B, RUNARMS7A, RUNARMS9B, RUNARMS4A, RUNARMS4B, RODARMS1A, RODARMS1B, RODARMS1C, RODARMS2A, RODARMS2B, RODARMS2C, RODARMS3A, RODARMS3B"
"376","0.215294362768715","4.11544825002816","0.002","0.21793212289839","0.255605055950882","0.10625009019209",NA,"RUNARMS5A, RUNARMS4A, RUNARMS3A, RUNARMS8B, RUNARMS1A, RUNARMS7A, RUNARMS7C, RUNARMS6B, RUNARMS7B, RODARMS1A, RODARMS1B, RODARMS1C, RODARMS2A, RODARMS2B, RODARMS2C, RODARMS3A, RODARMS3B"
"377","0.266602291093191","5.45275001248473","0.001","0.182846613694845","0.246435235980724","0.01014741968933",NA,"RUNARMS2A, RUNARMS4C, RUNARMS4A, RUNARMS7C, RUNARMS5B, RUNARMS8C, RUNARMS6C, RUNARMS5A, RUNARMS1C, RODARMS1A, RODARMS1B, RODARMS1C, RODARMS2A, RODARMS2B, RODARMS2C, RODARMS3A, RODARMS3B"
"378","0.238030837209966","4.68583603183605","0.001","0.184322995489822","0.249459221473965","0.00714985608526652",NA,"RUNARMS9C, RUNARMS4C, RUNARMS4A, RUNARMS7A, RUNARMS3A, RUNARMS4B, RUNARMS1B, RUNARMS6B, RUNARMS5A, RODARMS1A, RODARMS1B, RODARMS1C, RODARMS2A, RODARMS2B, RODARMS2C, RODARMS3A, RODARMS3B"
"379","0.228247531163427","4.43628379007675","0.004","0.18726940205067","0.245440913135009","0.00566576907674099",NA,"RUNARMS6B, RUNARMS2B, RUNARMS2A, RUNARMS7A, RUNARMS2C, RUNARMS7B, RUNARMS8C, RUNARMS1A, RUNARMS3A, RODARMS1A, RODARMS1B, RODARMS1C, RODARMS2A, RODARMS2B, RODARMS2C, RODARMS3A, RODARMS3B"
"380","0.194818563006513","3.6293415506564","0.008","0.209325197148473","0.251293796432958","0.0782994865104711",NA,"RUNARMS2B, RUNARMS8B, RUNARMS2C, RUNARMS3A, RUNARMS1C, RUNARMS9C, RUNARMS7B, RUNARMS5A, RUNARMS7A, RODARMS1A, RODARMS1B, RODARMS1C, RODARMS2A, RODARMS2B, RODARMS2C, RODARMS3A, RODARMS3B"
"381","0.190508559678064","3.53015270184263","0.01","0.229555451030411","0.255818478158079","0.267924478108233",NA,"RUNARMS8A, RUNARMS4A, RUNARMS6C, RUNARMS2C, RUNARMS9B, RUNARMS7B, RUNARMS3C, RUNARMS4B, RUNARMS1A, RODARMS1A, RODARMS1B, RODARMS1C, RODARMS2A, RODARMS2B, RODARMS2C, RODARMS3A, RODARMS3B"
"382","0.211697809815549","4.02823585519943","0.005","0.217087487597451","0.245979635033383","0.193504387082482",NA,"RUNARMS9B, RUNARMS3A, RUNARMS4A, RUNARMS1B, RUNARMS7A, RUNARMS3C, RUNARMS1C, RUNARMS7B, RUNARMS7C, RODARMS1A, RODARMS1B, RODARMS1C, RODARMS2A, RODARMS2B, RODARMS2C, RODARMS3A, RODARMS3B"
"383","0.162409346479249","2.90850929024649","0.018","0.235261554531876","0.262297301603445","0.281380757229213",NA,"RUNARMS9B, RUNARMS6C, RUNARMS2B, RUNARMS6B, RUNARMS8A, RUNARMS1B, RUNARMS2C, RUNARMS9C, RUNARMS4B, RODARMS1A, RODARMS1B, RODARMS1C, RODARMS2A, RODARMS2B, RODARMS2C, RODARMS3A, RODARMS3B"
"384","0.185941804047781","3.42620106840669","0.013","0.219660277273393","0.257591706294894","0.162452846175467",NA,"RUNARMS9C, RUNARMS2C, RUNARMS5C, RUNARMS1B, RUNARMS8B, RUNARMS4C, RUNARMS5A, RUNARMS3A, RUNARMS6C, RODARMS1A, RODARMS1B, RODARMS1C, RODARMS2A, RODARMS2B, RODARMS2C, RODARMS3A, RODARMS3B"
"385","0.197816897628054","3.6989727851996","0.012","0.200601526098054","0.248515267719746","0.112373645702973",NA,"RUNARMS2B, RUNARMS3A, RUNARMS4B, RUNARMS1C, RUNARMS8B, RUNARMS5A, RUNARMS4A, RUNARMS1B, RUNARMS2C, RODARMS1A, RODARMS1B, RODARMS1C, RODARMS2A, RODARMS2B, RODARMS2C, RODARMS3A, RODARMS3B"
"386","0.185425070669932","3.41451223196431","0.01","0.223400806889104","0.254787395794881","0.228478972857887",NA,"RUNARMS8B, RUNARMS3C, RUNARMS2B, RUNARMS6A, RUNARMS8C, RUNARMS4A, RUNARMS5A, RUNARMS1B, RUNARMS3A, RODARMS1A, RODARMS1B, RODARMS1C, RODARMS2A, RODARMS2B, RODARMS2C, RODARMS3A, RODARMS3B"
"387","0.267220384508379","5.47000173433661","0.001","0.180403787724619","0.248790318123031","0.000595068476104034",NA,"RUNARMS1B, RUNARMS4C, RUNARMS9A, RUNARMS7B, RUNARMS1C, RUNARMS2A, RUNARMS8C, RUNARMS5A, RUNARMS2C, RODARMS1A, RODARMS1B, RODARMS1C, RODARMS2A, RODARMS2B, RODARMS2C, RODARMS3A, RODARMS3B"
"388","0.196910815439489","3.67787574328835","0.008","0.229573768047319","0.25449671797097","0.334631767845992",NA,"RUNARMS7C, RUNARMS8A, RUNARMS1A, RUNARMS9C, RUNARMS8B, RUNARMS3C, RUNARMS4A, RUNARMS5B, RUNARMS1B, RODARMS1A, RODARMS1B, RODARMS1C, RODARMS2A, RODARMS2B, RODARMS2C, RODARMS3A, RODARMS3B"
"389","0.166834235995937","3.00362022547875","0.021","0.228226236595925","0.249509946020567","0.476289859625243",NA,"RUNARMS3A, RUNARMS6B, RUNARMS8A, RUNARMS3C, RUNARMS2C, RUNARMS9B, RUNARMS1C, RUNARMS6A, RUNARMS2B, RODARMS1A, RODARMS1B, RODARMS1C, RODARMS2A, RODARMS2B, RODARMS2C, RODARMS3A, RODARMS3B"
"390","0.248897046908443","4.97063110757275","0.001","0.194489810110438","0.252982487989199","0.00470446019401189",NA,"RUNARMS6B, RUNARMS3C, RUNARMS5A, RUNARMS2A, RUNARMS4A, RUNARMS9A, RUNARMS1B, RUNARMS2B, RUNARMS6C, RODARMS1A, RODARMS1B, RODARMS1C, RODARMS2A, RODARMS2B, RODARMS2C, RODARMS3A, RODARMS3B"
"391","0.245430998100312","4.87889770483056","0.001","0.200442520730124","0.246853002648639","0.00361855335174303",NA,"RUNARMS7A, RUNARMS9A, RUNARMS8C, RUNARMS3A, RUNARMS2A, RUNARMS1A, RUNARMS6C, RUNARMS5A, RUNARMS6B, RODARMS1A, RODARMS1B, RODARMS1C, RODARMS2A, RODARMS2B, RODARMS2C, RODARMS3A, RODARMS3B"
"392","0.190783594224747","3.53645068605542","0.015","0.230250011383562","0.260211883346658","0.264842131581434",NA,"RUNARMS3B, RUNARMS3A, RUNARMS7C, RUNARMS9B, RUNARMS1C, RUNARMS2A, RUNARMS5C, RUNARMS8B, RUNARMS4C, RODARMS1A, RODARMS1B, RODARMS1C, RODARMS2A, RODARMS2B, RODARMS2C, RODARMS3A, RODARMS3B"
"393","0.171103912235401","3.09635757897304","0.026","0.224838214050532","0.254377116044002","0.35660549955313",NA,"RUNARMS8B, RUNARMS3C, RUNARMS2B, RUNARMS1B, RUNARMS9B, RUNARMS4B, RUNARMS3B, RUNARMS1C, RUNARMS4C, RODARMS1A, RODARMS1B, RODARMS1C, RODARMS2A, RODARMS2B, RODARMS2C, RODARMS3A, RODARMS3B"
"394","0.241458830899486","4.77480011768795","0.002","0.216522458155595","0.251274011328168","0.0456742021659661",NA,"RUNARMS1B, RUNARMS7C, RUNARMS8C, RUNARMS2C, RUNARMS6B, RUNARMS6C, RUNARMS3C, RUNARMS5B, RUNARMS5C, RODARMS1A, RODARMS1B, RODARMS1C, RODARMS2A, RODARMS2B, RODARMS2C, RODARMS3A, RODARMS3B"
"395","0.222548531530481","4.29380882066994","0.003","0.225949014162355","0.254699544887392","0.30038205069658",NA,"RUNARMS9A, RUNARMS6B, RUNARMS5C, RUNARMS5A, RUNARMS3A, RUNARMS1C, RUNARMS4B, RUNARMS8B, RUNARMS3C, RODARMS1A, RODARMS1B, RODARMS1C, RODARMS2A, RODARMS2B, RODARMS2C, RODARMS3A, RODARMS3B"
"396","0.19907710592101","3.72839459439981","0.008","0.215502161131326","0.254523084448627","0.122107554426453",NA,"RUNARMS1A, RUNARMS2C, RUNARMS7C, RUNARMS1B, RUNARMS3A, RUNARMS2B, RUNARMS6C, RUNARMS9C, RUNARMS8A, RODARMS1A, RODARMS1B, RODARMS1C, RODARMS2A, RODARMS2B, RODARMS2C, RODARMS3A, RODARMS3B"
"397","0.213326441029344","4.06762955097557","0.002","0.236098843613049","0.261151762628849","0.231766002270241",NA,"RUNARMS9A, RUNARMS2B, RUNARMS8A, RUNARMS7A, RUNARMS1C, RUNARMS8B, RUNARMS7C, RUNARMS8C, RUNARMS4B, RODARMS1A, RODARMS1B, RODARMS1C, RODARMS2A, RODARMS2B, RODARMS2C, RODARMS3A, RODARMS3B"
"398","0.207209412641488","3.92050717955455","0.002","0.230669847682058","0.262207064441148","0.179557345706302",NA,"RUNARMS2A, RUNARMS8C, RUNARMS5C, RUNARMS4C, RUNARMS9B, RUNARMS7C, RUNARMS6C, RUNARMS1B, RUNARMS3A, RODARMS1A, RODARMS1B, RODARMS1C, RODARMS2A, RODARMS2B, RODARMS2C, RODARMS3A, RODARMS3B"
"399","0.200110660103308","3.75259395498044","0.008","0.201211848025214","0.248161537837774","0.0900654846222888",NA,"RUNARMS5A, RUNARMS2B, RUNARMS4A, RUNARMS6C, RUNARMS8B, RUNARMS1A, RUNARMS9A, RUNARMS5C, RUNARMS2C, RODARMS1A, RODARMS1B, RODARMS1C, RODARMS2A, RODARMS2B, RODARMS2C, RODARMS3A, RODARMS3B"
"400","0.194900005362425","3.63122605876109","0.008","0.198185504328675","0.250534416322133","0.0605813640119607",NA,"RUNARMS5A, RUNARMS6A, RUNARMS2B, RUNARMS3B, RUNARMS7A, RUNARMS2A, RUNARMS1A, RUNARMS8B, RUNARMS7B, RODARMS1A, RODARMS1B, RODARMS1C, RODARMS2A, RODARMS2B, RODARMS2C, RODARMS3A, RODARMS3B"
"401","0.250387919628791","5.01034987666151","0.001","0.20316165419945","0.247548359750103","0.0101185939466748",NA,"RUNARMS8C, RUNARMS6B, RUNARMS7C, RUNARMS3C, RUNARMS4A, RUNARMS1A, RUNARMS9A, RUNARMS2A, RUNARMS1B, RODARMS1A, RODARMS1B, RODARMS1C, RODARMS2A, RODARMS2B, RODARMS2C, RODARMS3A, RODARMS3B"
"402","0.234579330093261","4.59706680226919","0.001","0.191621385147819","0.245440913351041","0.0269218184485689",NA,"RUNARMS7C, RUNARMS1A, RUNARMS4C, RUNARMS7A, RUNARMS5C, RUNARMS3B, RUNARMS1C, RUNARMS2C, RUNARMS8A, RODARMS1A, RODARMS1B, RODARMS1C, RODARMS2A, RODARMS2B, RODARMS2C, RODARMS3A, RODARMS3B"
"403","0.187419847110428","3.45971741576423","0.012","0.212711948356589","0.257465789831609","0.120947262302387",NA,"RUNARMS6B, RUNARMS4C, RUNARMS5C, RUNARMS7C, RUNARMS1B, RUNARMS4A, RUNARMS2C, RUNARMS2B, RUNARMS8B, RODARMS1A, RODARMS1B, RODARMS1C, RODARMS2A, RODARMS2B, RODARMS2C, RODARMS3A, RODARMS3B"
"404","0.243836362485917","4.83697609331372","0.001","0.187794357153674","0.248657417692078","0.00582608572767566",NA,"RUNARMS5B, RUNARMS7A, RUNARMS4C, RUNARMS3B, RUNARMS6C, RUNARMS1C, RUNARMS2C, RUNARMS8C, RUNARMS5C, RODARMS1A, RODARMS1B, RODARMS1C, RODARMS2A, RODARMS2B, RODARMS2C, RODARMS3A, RODARMS3B"
"405","0.186801130093512","3.44567246106096","0.005","0.220629116636415","0.252357104272164","0.26020913267151",NA,"RUNARMS4C, RUNARMS8A, RUNARMS7C, RUNARMS1A, RUNARMS2B, RUNARMS4A, RUNARMS6A, RUNARMS3C, RUNARMS9B, RODARMS1A, RODARMS1B, RODARMS1C, RODARMS2A, RODARMS2B, RODARMS2C, RODARMS3A, RODARMS3B"
"406","0.254214813326296","5.11303022375907","0.001","0.175503239622932","0.246555034517322","6.08875562574075e-05",NA,"RUNARMS7B, RUNARMS6A, RUNARMS9A, RUNARMS4A, RUNARMS2C, RUNARMS8C, RUNARMS5B, RUNARMS3B, RUNARMS1A, RODARMS1A, RODARMS1B, RODARMS1C, RODARMS2A, RODARMS2B, RODARMS2C, RODARMS3A, RODARMS3B"
"407","0.237423717999596","4.67016330569807","0.001","0.197930884765694","0.256644595058501","0.000261429875987336",NA,"RUNARMS1B, RUNARMS2A, RUNARMS4A, RUNARMS7B, RUNARMS6A, RUNARMS1A, RUNARMS9A, RUNARMS5C, RUNARMS6B, RODARMS1A, RODARMS1B, RODARMS1C, RODARMS2A, RODARMS2B, RODARMS2C, RODARMS3A, RODARMS3B"
"408","0.281179244740583","5.86751097578787","0.001","0.176640586982135","0.245652420654614","0.000236254428320428",NA,"RUNARMS9A, RUNARMS1C, RUNARMS4B, RUNARMS1A, RUNARMS7B, RUNARMS5A, RUNARMS2A, RUNARMS5C, RUNARMS6A, RODARMS1A, RODARMS1B, RODARMS1C, RODARMS2A, RODARMS2B, RODARMS2C, RODARMS3A, RODARMS3B"
"409","0.225401553145955","4.36487229082504","0.001","0.197898149323712","0.250208539722023","0.00479874841999958",NA,"RUNARMS6B, RUNARMS4A, RUNARMS1C, RUNARMS9C, RUNARMS7B, RUNARMS6C, RUNARMS7C, RUNARMS2B, RUNARMS5C, RODARMS1A, RODARMS1B, RODARMS1C, RODARMS2A, RODARMS2B, RODARMS2C, RODARMS3A, RODARMS3B"
"410","0.246566702210816","4.90886259475768","0.001","0.192122750052232","0.250685040436036","0.00212255307538844",NA,"RUNARMS5C, RUNARMS5A, RUNARMS7B, RUNARMS5B, RUNARMS6C, RUNARMS1A, RUNARMS1B, RUNARMS2A, RUNARMS9C, RODARMS1A, RODARMS1B, RODARMS1C, RODARMS2A, RODARMS2B, RODARMS2C, RODARMS3A, RODARMS3B"
"411","0.142105742383705","2.4846723437435","0.046","0.232898960413186","0.245440912711119","0.650349906195725",NA,"RUNARMS9B, RUNARMS8A, RUNARMS1B, RUNARMS5C, RUNARMS2C, RUNARMS3A, RUNARMS3B, RUNARMS8B, RUNARMS1C, RODARMS1A, RODARMS1B, RODARMS1C, RODARMS2A, RODARMS2B, RODARMS2C, RODARMS3A, RODARMS3B"
"412","0.170514870181598","3.08350681739638","0.023","0.23406410872034","0.259352012776684","0.266625835918654",NA,"RUNARMS3A, RUNARMS1A, RUNARMS9A, RUNARMS2B, RUNARMS9C, RUNARMS5B, RUNARMS6A, RUNARMS9B, RUNARMS8B, RODARMS1A, RODARMS1B, RODARMS1C, RODARMS2A, RODARMS2B, RODARMS2C, RODARMS3A, RODARMS3B"
"413","0.177911769127724","3.24621669146663","0.008","0.242552022534892","0.252579790009922","0.617078735348228",NA,"RUNARMS9C, RUNARMS3A, RUNARMS6B, RUNARMS5A, RUNARMS6C, RUNARMS1C, RUNARMS9B, RUNARMS3C, RUNARMS8A, RODARMS1A, RODARMS1B, RODARMS1C, RODARMS2A, RODARMS2B, RODARMS2C, RODARMS3A, RODARMS3B"
"414","0.227493609319332","4.41731509403211","0.004","0.192920920381002","0.257209313657633","0.00109207864862694",NA,"RUNARMS2A, RUNARMS3B, RUNARMS6C, RUNARMS2C, RUNARMS6A, RUNARMS1B, RUNARMS1A, RUNARMS6B, RUNARMS9C, RODARMS1A, RODARMS1B, RODARMS1C, RODARMS2A, RODARMS2B, RODARMS2C, RODARMS3A, RODARMS3B"
"415","0.167692774448643","3.02219125283136","0.02","0.237492983387018","0.254528402979672","0.471526222915837",NA,"RUNARMS9B, RUNARMS9C, RUNARMS1C, RUNARMS3C, RUNARMS1B, RUNARMS8B, RUNARMS4C, RUNARMS8C, RUNARMS6A, RODARMS1A, RODARMS1B, RODARMS1C, RODARMS2A, RODARMS2B, RODARMS2C, RODARMS3A, RODARMS3B"
"416","0.218096715309456","4.18395828959407","0.002","0.223465427634646","0.256597707863304","0.073205126251131",NA,"RUNARMS1C, RUNARMS8C, RUNARMS2B, RUNARMS8A, RUNARMS6C, RUNARMS7A, RUNARMS4B, RUNARMS7C, RUNARMS9C, RODARMS1A, RODARMS1B, RODARMS1C, RODARMS2A, RODARMS2B, RODARMS2C, RODARMS3A, RODARMS3B"
"417","0.204850656320406","3.86438078485576","0.003","0.202375090796582","0.24544091271112","0.0505595740200042",NA,"RUNARMS3A, RUNARMS1C, RUNARMS2C, RUNARMS9C, RUNARMS2B, RUNARMS5C, RUNARMS7A, RUNARMS5B, RUNARMS8A, RODARMS1A, RODARMS1B, RODARMS1C, RODARMS2A, RODARMS2B, RODARMS2C, RODARMS3A, RODARMS3B"
"418","0.2705376170378","5.56308913296944","0.002","0.182714304662785","0.254352103459467","0.00044866560457122",NA,"RUNARMS4C, RUNARMS9C, RUNARMS5B, RUNARMS1B, RUNARMS2C, RUNARMS4B, RUNARMS4A, RUNARMS1A, RUNARMS7C, RODARMS1A, RODARMS1B, RODARMS1C, RODARMS2A, RODARMS2B, RODARMS2C, RODARMS3A, RODARMS3B"
"419","0.291641937140555","6.17573129534116","0.001","0.1807845507779","0.252637977849434","0.00013181293047134",NA,"RUNARMS3B, RUNARMS5A, RUNARMS4B, RUNARMS7C, RUNARMS4C, RUNARMS9A, RUNARMS1A, RUNARMS9C, RUNARMS8C, RODARMS1A, RODARMS1B, RODARMS1C, RODARMS2A, RODARMS2B, RODARMS2C, RODARMS3A, RODARMS3B"
"420","0.175087242635958","3.18374108788373","0.013","0.228640773938451","0.25482012677939","0.328759357118795",NA,"RUNARMS7B, RUNARMS1A, RUNARMS8A, RUNARMS6A, RUNARMS2A, RUNARMS2C, RUNARMS1C, RUNARMS8B, RUNARMS9A, RODARMS1A, RODARMS1B, RODARMS1C, RODARMS2A, RODARMS2B, RODARMS2C, RODARMS3A, RODARMS3B"
"421","0.181687936598085","3.33041534013502","0.013","0.227816792382654","0.253616108987781","0.29307556248198",NA,"RUNARMS5B, RUNARMS8B, RUNARMS1C, RUNARMS8C, RUNARMS7B, RUNARMS9A, RUNARMS6A, RUNARMS2B, RUNARMS8A, RODARMS1A, RODARMS1B, RODARMS1C, RODARMS2A, RODARMS2B, RODARMS2C, RODARMS3A, RODARMS3B"
"422","0.207518716516637","3.92789181602785","0.003","0.247468251670473","0.260939299437452","0.546634536153567",NA,"RUNARMS9A, RUNARMS7C, RUNARMS4B, RUNARMS3C, RUNARMS2A, RUNARMS1C, RUNARMS8B, RUNARMS7A, RUNARMS8A, RODARMS1A, RODARMS1B, RODARMS1C, RODARMS2A, RODARMS2B, RODARMS2C, RODARMS3A, RODARMS3B"
"423","0.24537243012459","4.87735486854332","0.001","0.195680125438272","0.246907726253956","0.04986968500342",NA,"RUNARMS8A, RUNARMS4C, RUNARMS3A, RUNARMS1A, RUNARMS5A, RUNARMS2C, RUNARMS7C, RUNARMS5B, RUNARMS7A, RODARMS1A, RODARMS1B, RODARMS1C, RODARMS2A, RODARMS2B, RODARMS2C, RODARMS3A, RODARMS3B"
"424","0.282024927126299","5.89209022252316","0.001","0.167563088196129","0.24781657304329","0.000141173553955901",NA,"RUNARMS5C, RUNARMS2A, RUNARMS1C, RUNARMS9A, RUNARMS2B, RUNARMS4C, RUNARMS5B, RUNARMS2C, RUNARMS5A, RODARMS1A, RODARMS1B, RODARMS1C, RODARMS2A, RODARMS2B, RODARMS2C, RODARMS3A, RODARMS3B"
"425","0.241174180777728","4.76738221081308","0.003","0.21396402141739","0.251646800585308","0.140231461582957",NA,"RUNARMS7A, RUNARMS3C, RUNARMS5B, RUNARMS1B, RUNARMS9B, RUNARMS4B, RUNARMS4C, RUNARMS1C, RUNARMS7C, RODARMS1A, RODARMS1B, RODARMS1C, RODARMS2A, RODARMS2B, RODARMS2C, RODARMS3A, RODARMS3B"
"426","0.264364225219763","5.390525466874","0.001","0.180459160546291","0.250451640091766","0.00397329240914596",NA,"RUNARMS4C, RUNARMS3A, RUNARMS3B, RUNARMS7C, RUNARMS2A, RUNARMS8C, RUNARMS5B, RUNARMS1C, RUNARMS2B, RODARMS1A, RODARMS1B, RODARMS1C, RODARMS2A, RODARMS2B, RODARMS2C, RODARMS3A, RODARMS3B"
"427","0.204906707458068","3.86571065395941","0.005","0.20760642587521","0.253398189934855","0.0744143533996779",NA,"RUNARMS4A, RUNARMS3B, RUNARMS8A, RUNARMS1B, RUNARMS2A, RUNARMS6B, RUNARMS7C, RUNARMS5A, RUNARMS6A, RODARMS1A, RODARMS1B, RODARMS1C, RODARMS2A, RODARMS2B, RODARMS2C, RODARMS3A, RODARMS3B"
"428","0.254835762646793","5.12979051877126","0.001","0.192057036471518","0.246314606443202","0.00657769991551666",NA,"RUNARMS1C, RUNARMS3C, RUNARMS5A, RUNARMS2C, RUNARMS3A, RUNARMS5C, RUNARMS9A, RUNARMS7B, RUNARMS2B, RODARMS1A, RODARMS1B, RODARMS1C, RODARMS2A, RODARMS2B, RODARMS2C, RODARMS3A, RODARMS3B"
"429","0.226290054936937","4.38711024165185","0.001","0.221280290789749","0.250834804097469","0.0507997681429668",NA,"RUNARMS8C, RUNARMS6C, RUNARMS7C, RUNARMS9C, RUNARMS3C, RUNARMS1A, RUNARMS7A, RUNARMS1B, RUNARMS6B, RODARMS1A, RODARMS1B, RODARMS1C, RODARMS2A, RODARMS2B, RODARMS2C, RODARMS3A, RODARMS3B"
"430","0.252566876323837","5.06868511021325","0.001","0.186658030872469","0.245440912899697","0.0036134920046976",NA,"RUNARMS4A, RUNARMS1A, RUNARMS5C, RUNARMS7C, RUNARMS7B, RUNARMS3B, RUNARMS3C, RUNARMS7A, RUNARMS2C, RODARMS1A, RODARMS1B, RODARMS1C, RODARMS2A, RODARMS2B, RODARMS2C, RODARMS3A, RODARMS3B"
"431","0.196149414947195","3.66018421696445","0.009","0.216948402945193","0.245440915590574","0.285196137040669",NA,"RUNARMS9C, RUNARMS5B, RUNARMS3C, RUNARMS5A, RUNARMS1A, RUNARMS3A, RUNARMS6B, RUNARMS8B, RUNARMS6A, RODARMS1A, RODARMS1B, RODARMS1C, RODARMS2A, RODARMS2B, RODARMS2C, RODARMS3A, RODARMS3B"
"432","0.230852025715597","4.50209907782134","0.005","0.219973310247789","0.26152506263724","0.0496520358310729",NA,"RUNARMS9A, RUNARMS1A, RUNARMS4B, RUNARMS7B, RUNARMS6C, RUNARMS9B, RUNARMS2C, RUNARMS7A, RUNARMS5B, RODARMS1A, RODARMS1B, RODARMS1C, RODARMS2A, RODARMS2B, RODARMS2C, RODARMS3A, RODARMS3B"
"433","0.182350670238866","3.34527278874192","0.01","0.231930989704392","0.255506296028554","0.37980385579197",NA,"RUNARMS8C, RUNARMS9A, RUNARMS8B, RUNARMS8A, RUNARMS3C, RUNARMS1B, RUNARMS3B, RUNARMS4B, RUNARMS2B, RODARMS1A, RODARMS1B, RODARMS1C, RODARMS2A, RODARMS2B, RODARMS2C, RODARMS3A, RODARMS3B"
"434","0.145369315911099","2.55144096656336","0.045","0.238521738458787","0.251687136431138","0.55767101210179",NA,"RUNARMS4A, RUNARMS9B, RUNARMS3A, RUNARMS6C, RUNARMS8B, RUNARMS8A, RUNARMS9C, RUNARMS1B, RUNARMS5A, RODARMS1A, RODARMS1B, RODARMS1C, RODARMS2A, RODARMS2B, RODARMS2C, RODARMS3A, RODARMS3B"
"435","0.211756186645668","4.02964507411513","0.007","0.205038703263317","0.25700851897332","0.0415610174607714",NA,"RUNARMS1A, RUNARMS8C, RUNARMS9C, RUNARMS2A, RUNARMS9B, RUNARMS4C, RUNARMS3B, RUNARMS5A, RUNARMS6B, RODARMS1A, RODARMS1B, RODARMS1C, RODARMS2A, RODARMS2B, RODARMS2C, RODARMS3A, RODARMS3B"
"436","0.176003899814459","3.20396965061172","0.015","0.222499677502192","0.245440912711119","0.466969230164083",NA,"RUNARMS2A, RUNARMS9C, RUNARMS3A, RUNARMS5B, RUNARMS4C, RUNARMS1C, RUNARMS8A, RUNARMS3C, RUNARMS8B, RODARMS1A, RODARMS1B, RODARMS1C, RODARMS2A, RODARMS2B, RODARMS2C, RODARMS3A, RODARMS3B"
"437","0.223063722905904","4.3066026677286","0.002","0.223906939841008","0.261340573514499","0.0653200935226764",NA,"RUNARMS9A, RUNARMS1A, RUNARMS7C, RUNARMS9C, RUNARMS5C, RUNARMS9B, RUNARMS2A, RUNARMS6C, RUNARMS7B, RODARMS1A, RODARMS1B, RODARMS1C, RODARMS2A, RODARMS2B, RODARMS2C, RODARMS3A, RODARMS3B"
"438","0.231804121274648","4.52626981661126","0.001","0.186254619962418","0.249598506375781","0.00359333455901344",NA,"RUNARMS7A, RUNARMS3B, RUNARMS4C, RUNARMS6C, RUNARMS9A, RUNARMS3A, RUNARMS4A, RUNARMS9C, RUNARMS1C, RODARMS1A, RODARMS1B, RODARMS1C, RODARMS2A, RODARMS2B, RODARMS2C, RODARMS3A, RODARMS3B"
"439","0.19080903835986","3.53703354471073","0.01","0.220707627335185","0.255072839606284","0.197998284702479",NA,"RUNARMS8B, RUNARMS2B, RUNARMS9C, RUNARMS5A, RUNARMS2A, RUNARMS8A, RUNARMS1A, RUNARMS9A, RUNARMS4B, RODARMS1A, RODARMS1B, RODARMS1C, RODARMS2A, RODARMS2B, RODARMS2C, RODARMS3A, RODARMS3B"
"440","0.204825660877394","3.86378780350353","0.005","0.207180629447508","0.24707106579148","0.107044296820981",NA,"RUNARMS5A, RUNARMS6A, RUNARMS1C, RUNARMS3C, RUNARMS5C, RUNARMS9B, RUNARMS9C, RUNARMS2C, RUNARMS4A, RODARMS1A, RODARMS1B, RODARMS1C, RODARMS2A, RODARMS2B, RODARMS2C, RODARMS3A, RODARMS3B"
"441","0.222992700114264","4.30483793679396","0.001","0.205473129491027","0.260042130552733","0.00111714319999494",NA,"RUNARMS3A, RUNARMS4B, RUNARMS7B, RUNARMS9C, RUNARMS2A, RUNARMS2C, RUNARMS1B, RUNARMS6C, RUNARMS4A, RODARMS1A, RODARMS1B, RODARMS1C, RODARMS2A, RODARMS2B, RODARMS2C, RODARMS3A, RODARMS3B"
"442","0.226717689509159","4.3978315506516","0.001","0.209218864981235","0.249613349554446","0.0129153057849257",NA,"RUNARMS2C, RUNARMS3A, RUNARMS7B, RUNARMS6B, RUNARMS7A, RUNARMS6C, RUNARMS1B, RUNARMS3C, RUNARMS1A, RODARMS1A, RODARMS1B, RODARMS1C, RODARMS2A, RODARMS2B, RODARMS2C, RODARMS3A, RODARMS3B"
"443","0.193652819286334","3.60240893596738","0.011","0.220153893640294","0.255958668426613","0.172329328711295",NA,"RUNARMS2B, RUNARMS3C, RUNARMS1C, RUNARMS5C, RUNARMS6A, RUNARMS1B, RUNARMS4C, RUNARMS9B, RUNARMS6C, RODARMS1A, RODARMS1B, RODARMS1C, RODARMS2A, RODARMS2B, RODARMS2C, RODARMS3A, RODARMS3B"
"444","0.25661038361259","5.17784438918354","0.001","0.204226642814602","0.25704787752009","0.00174112255989707",NA,"RUNARMS1A, RUNARMS3C, RUNARMS9A, RUNARMS1B, RUNARMS5A, RUNARMS6A, RUNARMS7B, RUNARMS1C, RUNARMS4A, RODARMS1A, RODARMS1B, RODARMS1C, RODARMS2A, RODARMS2B, RODARMS2C, RODARMS3A, RODARMS3B"
"445","0.205380700781814","3.87696411949506","0.006","0.214239647060099","0.258686342990224","0.0900479938607285",NA,"RUNARMS8A, RUNARMS4B, RUNARMS2B, RUNARMS2A, RUNARMS9A, RUNARMS7B, RUNARMS4C, RUNARMS9B, RUNARMS1A, RODARMS1A, RODARMS1B, RODARMS1C, RODARMS2A, RODARMS2B, RODARMS2C, RODARMS3A, RODARMS3B"
"446","0.211289669847018","4.01838916841691","0.002","0.213967817358433","0.250617824796883","0.100957007682561",NA,"RUNARMS5A, RUNARMS7B, RUNARMS1A, RUNARMS6B, RUNARMS8A, RUNARMS6C, RUNARMS3C, RUNARMS4A, RUNARMS1B, RODARMS1A, RODARMS1B, RODARMS1C, RODARMS2A, RODARMS2B, RODARMS2C, RODARMS3A, RODARMS3B"
"447","0.192054567783986","3.56561025273496","0.009","0.213259926480124","0.248685374824656","0.236325848344648",NA,"RUNARMS8A, RUNARMS3A, RUNARMS1B, RUNARMS2B, RUNARMS9B, RUNARMS4B, RUNARMS5B, RUNARMS5A, RUNARMS2A, RODARMS1A, RODARMS1B, RODARMS1C, RODARMS2A, RODARMS2B, RODARMS2C, RODARMS3A, RODARMS3B"
"448","0.209066231917269","3.96492551628042","0.002","0.234729415642049","0.256584804251035","0.32800035127797",NA,"RUNARMS8C, RUNARMS3A, RUNARMS6A, RUNARMS9B, RUNARMS4B, RUNARMS8A, RUNARMS5A, RUNARMS3C, RUNARMS1A, RODARMS1A, RODARMS1B, RODARMS1C, RODARMS2A, RODARMS2B, RODARMS2C, RODARMS3A, RODARMS3B"
"449","0.196948623508521","3.67875510721968","0.003","0.200198384904049","0.250835671840209","0.044452360215213",NA,"RUNARMS6A, RUNARMS3B, RUNARMS4A, RUNARMS7C, RUNARMS6C, RUNARMS9C, RUNARMS1A, RUNARMS2B, RUNARMS8A, RODARMS1A, RODARMS1B, RODARMS1C, RODARMS2A, RODARMS2B, RODARMS2C, RODARMS3A, RODARMS3B"
"450","0.250490685999563","5.01309352640179","0.001","0.183370675089271","0.251248314587975","0.00129274448361763",NA,"RUNARMS4C, RUNARMS1B, RUNARMS2C, RUNARMS2A, RUNARMS4B, RUNARMS6B, RUNARMS9C, RUNARMS3A, RUNARMS5A, RODARMS1A, RODARMS1B, RODARMS1C, RODARMS2A, RODARMS2B, RODARMS2C, RODARMS3A, RODARMS3B"
"451","0.252612789379694","5.06991795798928","0.001","0.185809298492224","0.245440913766611","0.00320947134483013",NA,"RUNARMS5B, RUNARMS4A, RUNARMS3B, RUNARMS5A, RUNARMS7B, RUNARMS9C, RUNARMS3C, RUNARMS8C, RUNARMS1C, RODARMS1A, RODARMS1B, RODARMS1C, RODARMS2A, RODARMS2B, RODARMS2C, RODARMS3A, RODARMS3B"
"452","0.194484579365213","3.62161743369139","0.01","0.199850011346244","0.254375485127721","0.09298707568649",NA,"RUNARMS2C, RUNARMS1C, RUNARMS6C, RUNARMS1A, RUNARMS8B, RUNARMS5B, RUNARMS3B, RUNARMS4A, RUNARMS2B, RODARMS1A, RODARMS1B, RODARMS1C, RODARMS2A, RODARMS2B, RODARMS2C, RODARMS3A, RODARMS3B"
"453","0.210075242377535","3.98915036559605","0.005","0.203232117175945","0.245440914070351","0.059822614417936",NA,"RUNARMS6A, RUNARMS2A, RUNARMS3A, RUNARMS6B, RUNARMS5B, RUNARMS9C, RUNARMS4B, RUNARMS1A, RUNARMS8A, RODARMS1A, RODARMS1B, RODARMS1C, RODARMS2A, RODARMS2B, RODARMS2C, RODARMS3A, RODARMS3B"
"454","0.181975777955637","3.33686533451636","0.015","0.208435030676861","0.250467658965655","0.0925185164142744",NA,"RUNARMS2A, RUNARMS8B, RUNARMS7A, RUNARMS9A, RUNARMS1B, RUNARMS9C, RUNARMS5B, RUNARMS2B, RUNARMS4A, RODARMS1A, RODARMS1B, RODARMS1C, RODARMS2A, RODARMS2B, RODARMS2C, RODARMS3A, RODARMS3B"
"455","0.225621962383727","4.37038406483441","0.002","0.180644838564479","0.253826655866778","0.00164584083605652",NA,"RUNARMS2A, RUNARMS1B, RUNARMS2B, RUNARMS1C, RUNARMS7B, RUNARMS6A, RUNARMS9C, RUNARMS2C, RUNARMS3B, RODARMS1A, RODARMS1B, RODARMS1C, RODARMS2A, RODARMS2B, RODARMS2C, RODARMS3A, RODARMS3B"
"456","0.190359493088203","3.52674103129344","0.005","0.21110244584197","0.250699728410577","0.107883500861382",NA,"RUNARMS3A, RUNARMS7B, RUNARMS6A, RUNARMS6B, RUNARMS6C, RUNARMS2B, RUNARMS8A, RUNARMS1C, RUNARMS1B, RODARMS1A, RODARMS1B, RODARMS1C, RODARMS2A, RODARMS2B, RODARMS2C, RODARMS3A, RODARMS3B"
"457","0.186219850899703","3.4324968071337","0.008","0.219609345999482","0.258013818200508","0.153664212645988",NA,"RUNARMS5B, RUNARMS8B, RUNARMS8C, RUNARMS4A, RUNARMS6B, RUNARMS1A, RUNARMS2B, RUNARMS1B, RUNARMS6C, RODARMS1A, RODARMS1B, RODARMS1C, RODARMS2A, RODARMS2B, RODARMS2C, RODARMS3A, RODARMS3B"
"458","0.193700094163167","3.60349963011838","0.009","0.21750727634161","0.255825305543589","0.24058117610979",NA,"RUNARMS1A, RUNARMS8A, RUNARMS5B, RUNARMS8B, RUNARMS5A, RUNARMS4B, RUNARMS2C, RUNARMS1B, RUNARMS3B, RODARMS1A, RODARMS1B, RODARMS1C, RODARMS2A, RODARMS2B, RODARMS2C, RODARMS3A, RODARMS3B"
"459","0.176866251928931","3.22304095191211","0.01","0.246600444366723","0.258790784939812","0.521527385580356",NA,"RUNARMS8A, RUNARMS6A, RUNARMS6B, RUNARMS2C, RUNARMS7A, RUNARMS1C, RUNARMS8B, RUNARMS7C, RUNARMS8C, RODARMS1A, RODARMS1B, RODARMS1C, RODARMS2A, RODARMS2B, RODARMS2C, RODARMS3A, RODARMS3B"
"460","0.231332582175289","4.51429142456593","0.002","0.199805625277261","0.250313963298974","0.0401994028718597",NA,"RUNARMS5A, RUNARMS7A, RUNARMS5B, RUNARMS8A, RUNARMS3B, RUNARMS4B, RUNARMS1A, RUNARMS2A, RUNARMS6B, RODARMS1A, RODARMS1B, RODARMS1C, RODARMS2A, RODARMS2B, RODARMS2C, RODARMS3A, RODARMS3B"
"461","0.161637761368552","2.89202722737866","0.019","0.227106412271031","0.254166754268112","0.294991762936561",NA,"RUNARMS4B, RUNARMS5C, RUNARMS8B, RUNARMS2C, RUNARMS3A, RUNARMS8A, RUNARMS2B, RUNARMS9C, RUNARMS1B, RODARMS1A, RODARMS1B, RODARMS1C, RODARMS2A, RODARMS2B, RODARMS2C, RODARMS3A, RODARMS3B"
"462","0.25463069362297","5.12425232923739","0.001","0.193121353901408","0.255259139739786","0.010665211844872",NA,"RUNARMS2B, RUNARMS2C, RUNARMS7C, RUNARMS3C, RUNARMS4C, RUNARMS2A, RUNARMS5A, RUNARMS1B, RUNARMS6A, RODARMS1A, RODARMS1B, RODARMS1C, RODARMS2A, RODARMS2B, RODARMS2C, RODARMS3A, RODARMS3B"
"463","0.235507131648533","4.62085013604589","0.001","0.203350445110908","0.245440912711122","0.0717215507219851",NA,"RUNARMS5A, RUNARMS8A, RUNARMS3A, RUNARMS7C, RUNARMS6A, RUNARMS1C, RUNARMS5B, RUNARMS9A, RUNARMS3B, RODARMS1A, RODARMS1B, RODARMS1C, RODARMS2A, RODARMS2B, RODARMS2C, RODARMS3A, RODARMS3B"
"464","0.206837923613459","3.91164548403079","0.002","0.215573252190007","0.251014275837455","0.0912489344380509",NA,"RUNARMS8A, RUNARMS1C, RUNARMS3B, RUNARMS7A, RUNARMS1A, RUNARMS8C, RUNARMS6B, RUNARMS6C, RUNARMS5C, RODARMS1A, RODARMS1B, RODARMS1C, RODARMS2A, RODARMS2B, RODARMS2C, RODARMS3A, RODARMS3B"
"465","0.231885462763544","4.52833760179494","0.001","0.167876489316446","0.245440912711119","0.000948156030910574",NA,"RUNARMS9C, RUNARMS6B, RUNARMS1A, RUNARMS8C, RUNARMS2B, RUNARMS4C, RUNARMS2A, RUNARMS2C, RUNARMS4A, RODARMS1A, RODARMS1B, RODARMS1C, RODARMS2A, RODARMS2B, RODARMS2C, RODARMS3A, RODARMS3B"
"466","0.229163045490705","4.45936804437302","0.002","0.211728094425568","0.251820926825764","0.142943556564281",NA,"RUNARMS1B, RUNARMS5A, RUNARMS5C, RUNARMS1A, RUNARMS6C, RUNARMS5B, RUNARMS8A, RUNARMS3C, RUNARMS2C, RODARMS1A, RODARMS1B, RODARMS1C, RODARMS2A, RODARMS2B, RODARMS2C, RODARMS3A, RODARMS3B"
"467","0.213191281169426","4.06435406853948","0.003","0.181219776925584","0.247385394481733","0.0158337613924832",NA,"RUNARMS2A, RUNARMS6A, RUNARMS8A, RUNARMS1A, RUNARMS3B, RUNARMS6B, RUNARMS4A, RUNARMS5C, RUNARMS4C, RODARMS1A, RODARMS1B, RODARMS1C, RODARMS2A, RODARMS2B, RODARMS2C, RODARMS3A, RODARMS3B"
"468","0.17071777984459","3.08793150923813","0.016","0.235362123659849","0.25287647243304","0.436114986803503",NA,"RUNARMS3A, RUNARMS8B, RUNARMS5A, RUNARMS8A, RUNARMS7A, RUNARMS1C, RUNARMS9C, RUNARMS2A, RUNARMS6C, RODARMS1A, RODARMS1B, RODARMS1C, RODARMS2A, RODARMS2B, RODARMS2C, RODARMS3A, RODARMS3B"
"469","0.233081570619976","4.55879455410398","0.002","0.19144185902983","0.246965316276541","0.00275116725063245",NA,"RUNARMS3C, RUNARMS9A, RUNARMS7B, RUNARMS9C, RUNARMS6B, RUNARMS4A, RUNARMS1B, RUNARMS3B, RUNARMS5B, RODARMS1A, RODARMS1B, RODARMS1C, RODARMS2A, RODARMS2B, RODARMS2C, RODARMS3A, RODARMS3B"
"470","0.194442406023689","3.62064253650511","0.017","0.217704901868491","0.254590911852269","0.120931043722847",NA,"RUNARMS1B, RUNARMS4A, RUNARMS6C, RUNARMS2C, RUNARMS3A, RUNARMS5C, RUNARMS1A, RUNARMS9B, RUNARMS1C, RODARMS1A, RODARMS1B, RODARMS1C, RODARMS2A, RODARMS2B, RODARMS2C, RODARMS3A, RODARMS3B"
"471","0.205155511534084","3.87161604271881","0.004","0.20596579310008","0.248727598114948","0.194115045184879",NA,"RUNARMS5B, RUNARMS5A, RUNARMS1B, RUNARMS1A, RUNARMS1C, RUNARMS8A, RUNARMS9B, RUNARMS4C, RUNARMS2A, RODARMS1A, RODARMS1B, RODARMS1C, RODARMS2A, RODARMS2B, RODARMS2C, RODARMS3A, RODARMS3B"
"472","0.170503681628234","3.08326290036318","0.02","0.220526250870248","0.255071366981261","0.169561376911698",NA,"RUNARMS2B, RUNARMS7A, RUNARMS6A, RUNARMS1C, RUNARMS3B, RUNARMS8B, RUNARMS9C, RUNARMS5A, RUNARMS9B, RODARMS1A, RODARMS1B, RODARMS1C, RODARMS2A, RODARMS2B, RODARMS2C, RODARMS3A, RODARMS3B"
"473","0.230878401937772","4.50276788194731","0.001","0.201970148160886","0.248653380237315","0.0541317035380485",NA,"RUNARMS8C, RUNARMS4C, RUNARMS1B, RUNARMS8A, RUNARMS3A, RUNARMS7C, RUNARMS3B, RUNARMS5C, RUNARMS9A, RODARMS1A, RODARMS1B, RODARMS1C, RODARMS2A, RODARMS2B, RODARMS2C, RODARMS3A, RODARMS3B"
"474","0.252557725345838","5.06843940816759","0.001","0.205169721854836","0.260251531010478","0.001928664694094",NA,"RUNARMS9A, RUNARMS2B, RUNARMS4B, RUNARMS9C, RUNARMS7C, RUNARMS1B, RUNARMS1A, RUNARMS3A, RUNARMS2C, RODARMS1A, RODARMS1B, RODARMS1C, RODARMS2A, RODARMS2B, RODARMS2C, RODARMS3A, RODARMS3B"
"475","0.22074266701385","4.24909701204776","0.001","0.209032845292187","0.25377498505398","0.00568403727394541",NA,"RUNARMS7B, RUNARMS1B, RUNARMS2B, RUNARMS6B, RUNARMS7A, RUNARMS7C, RUNARMS6A, RUNARMS1A, RUNARMS3A, RODARMS1A, RODARMS1B, RODARMS1C, RODARMS2A, RODARMS2B, RODARMS2C, RODARMS3A, RODARMS3B"
"476","0.262940127206038","5.35112825114155","0.002","0.191679631969076","0.248343256172806","0.00279697370207933",NA,"RUNARMS7C, RUNARMS1B, RUNARMS3B, RUNARMS4B, RUNARMS1C, RUNARMS3A, RUNARMS5C, RUNARMS5B, RUNARMS2A, RODARMS1A, RODARMS1B, RODARMS1C, RODARMS2A, RODARMS2B, RODARMS2C, RODARMS3A, RODARMS3B"
"477","0.247249482101083","4.92692086332682","0.001","0.182489728750715","0.250525210074847","0.000997746943867594",NA,"RUNARMS4A, RUNARMS1B, RUNARMS1A, RUNARMS7A, RUNARMS9C, RUNARMS7C, RUNARMS5B, RUNARMS2B, RUNARMS4C, RODARMS1A, RODARMS1B, RODARMS1C, RODARMS2A, RODARMS2B, RODARMS2C, RODARMS3A, RODARMS3B"
"478","0.256170942116151","5.16592366352847","0.001","0.209068789403935","0.245440912711119","0.0192175718241157",NA,"RUNARMS7A, RUNARMS5B, RUNARMS6B, RUNARMS9A, RUNARMS1C, RUNARMS7C, RUNARMS6A, RUNARMS8C, RUNARMS3C, RODARMS1A, RODARMS1B, RODARMS1C, RODARMS2A, RODARMS2B, RODARMS2C, RODARMS3A, RODARMS3B"
"479","0.165560228584817","2.97613262675685","0.024","0.234749266522332","0.256837723872422","0.415210110397466",NA,"RUNARMS2B, RUNARMS2C, RUNARMS8A, RUNARMS9B, RUNARMS4B, RUNARMS1C, RUNARMS4C, RUNARMS8B, RUNARMS9A, RODARMS1A, RODARMS1B, RODARMS1C, RODARMS2A, RODARMS2B, RODARMS2C, RODARMS3A, RODARMS3B"
"480","0.194272996703494","3.61672742582766","0.006","0.237832441271593","0.261616628219345","0.320855037328995",NA,"RUNARMS9B, RUNARMS4B, RUNARMS3B, RUNARMS6B, RUNARMS5A, RUNARMS6A, RUNARMS7C, RUNARMS1C, RUNARMS8B, RODARMS1A, RODARMS1B, RODARMS1C, RODARMS2A, RODARMS2B, RODARMS2C, RODARMS3A, RODARMS3B"
"481","0.175039967184003","3.18269904397378","0.016","0.228335777647502","0.262780964655343","0.23381850690104",NA,"RUNARMS6C, RUNARMS3B, RUNARMS3C, RUNARMS7A, RUNARMS2B, RUNARMS4C, RUNARMS6B, RUNARMS1B, RUNARMS8B, RODARMS1A, RODARMS1B, RODARMS1C, RODARMS2A, RODARMS2B, RODARMS2C, RODARMS3A, RODARMS3B"
"482","0.230578503254347","4.49516625600406","0.001","0.197645160898015","0.250158189719206","0.00642558988521184",NA,"RUNARMS1B, RUNARMS3B, RUNARMS9C, RUNARMS9A, RUNARMS2B, RUNARMS8C, RUNARMS7C, RUNARMS5C, RUNARMS6B, RODARMS1A, RODARMS1B, RODARMS1C, RODARMS2A, RODARMS2B, RODARMS2C, RODARMS3A, RODARMS3B"
"483","0.232087542032679","4.53347656281719","0.005","0.177434781355656","0.248982126782107","0.00325285801208064",NA,"RUNARMS1C, RUNARMS7B, RUNARMS2C, RUNARMS4C, RUNARMS3A, RUNARMS6B, RUNARMS2B, RUNARMS3B, RUNARMS7A, RODARMS1A, RODARMS1B, RODARMS1C, RODARMS2A, RODARMS2B, RODARMS2C, RODARMS3A, RODARMS3B"
"484","0.271096384779266","5.57885252147852","0.001","0.183716063880244","0.251227817622021","0.00261378970939257",NA,"RUNARMS3B, RUNARMS7A, RUNARMS1C, RUNARMS5B, RUNARMS4C, RUNARMS6B, RUNARMS5A, RUNARMS8C, RUNARMS4B, RODARMS1A, RODARMS1B, RODARMS1C, RODARMS2A, RODARMS2B, RODARMS2C, RODARMS3A, RODARMS3B"
"485","0.209869663843061","3.98420971020741","0.005","0.221586576899312","0.26118523739863","0.102914957746059",NA,"RUNARMS1A, RUNARMS7A, RUNARMS7B, RUNARMS9C, RUNARMS3A, RUNARMS8B, RUNARMS7C, RUNARMS6B, RUNARMS4C, RODARMS1A, RODARMS1B, RODARMS1C, RODARMS2A, RODARMS2B, RODARMS2C, RODARMS3A, RODARMS3B"
"486","0.250480375029455","5.01281821085002","0.001","0.187702444718659","0.247180020077299","0.00337992346918899",NA,"RUNARMS2A, RUNARMS1A, RUNARMS6C, RUNARMS3A, RUNARMS5A, RUNARMS6A, RUNARMS7A, RUNARMS5B, RUNARMS2C, RODARMS1A, RODARMS1B, RODARMS1C, RODARMS2A, RODARMS2B, RODARMS2C, RODARMS3A, RODARMS3B"
"487","0.240140220801237","4.74048424541804","0.001","0.226219344277539","0.259855314509864","0.0184938943133575",NA,"RUNARMS7A, RUNARMS1B, RUNARMS8C, RUNARMS6A, RUNARMS4B, RUNARMS6C, RUNARMS7C, RUNARMS2C, RUNARMS3C, RODARMS1A, RODARMS1B, RODARMS1C, RODARMS2A, RODARMS2B, RODARMS2C, RODARMS3A, RODARMS3B"
"488","0.172584838603932","3.12874684903168","0.013","0.222779633193462","0.25898337734888","0.170656001441101",NA,"RUNARMS4A, RUNARMS8B, RUNARMS2C, RUNARMS7C, RUNARMS7B, RUNARMS4C, RUNARMS9B, RUNARMS2B, RUNARMS1B, RODARMS1A, RODARMS1B, RODARMS1C, RODARMS2A, RODARMS2B, RODARMS2C, RODARMS3A, RODARMS3B"
"489","0.25090875110654","5.02426276125593","0.001","0.192080435118066","0.257105651319312","0.00148172569536759",NA,"RUNARMS6B, RUNARMS4B, RUNARMS2B, RUNARMS1C, RUNARMS1B, RUNARMS2A, RUNARMS8C, RUNARMS1A, RUNARMS3B, RODARMS1A, RODARMS1B, RODARMS1C, RODARMS2A, RODARMS2B, RODARMS2C, RODARMS3A, RODARMS3B"
"490","0.239832508150835","4.73249337920432","0.001","0.189716589922978","0.25157649571863","0.000967883190205848",NA,"RUNARMS4A, RUNARMS2B, RUNARMS7A, RUNARMS3A, RUNARMS7C, RUNARMS8C, RUNARMS3B, RUNARMS1A, RUNARMS9C, RODARMS1A, RODARMS1B, RODARMS1C, RODARMS2A, RODARMS2B, RODARMS2C, RODARMS3A, RODARMS3B"
"491","0.257120808444549","5.19170838342205","0.001","0.186912532855722","0.246043932591834","0.000686021957224675",NA,"RUNARMS2C, RUNARMS7C, RUNARMS9A, RUNARMS1B, RUNARMS9C, RUNARMS7B, RUNARMS2A, RUNARMS5A, RUNARMS7A, RODARMS1A, RODARMS1B, RODARMS1C, RODARMS2A, RODARMS2B, RODARMS2C, RODARMS3A, RODARMS3B"
"492","0.203824653397091","3.84007092658852","0.011","0.225041632276145","0.262570807334897","0.13087654715343",NA,"RUNARMS2C, RUNARMS3C, RUNARMS9B, RUNARMS6A, RUNARMS6C, RUNARMS6B, RUNARMS1B, RUNARMS3B, RUNARMS4B, RODARMS1A, RODARMS1B, RODARMS1C, RODARMS2A, RODARMS2B, RODARMS2C, RODARMS3A, RODARMS3B"
"493","0.20275474635799","3.81478745903642","0.008","0.238643659346058","0.265736624719864","0.1942786859101",NA,"RUNARMS1A, RUNARMS8B, RUNARMS6B, RUNARMS2B, RUNARMS9A, RUNARMS8C, RUNARMS7B, RUNARMS9B, RUNARMS7C, RODARMS1A, RODARMS1B, RODARMS1C, RODARMS2A, RODARMS2B, RODARMS2C, RODARMS3A, RODARMS3B"
"494","0.201829271501029","3.79297180968888","0.002","0.22767041529274","0.246759093096116","0.274270391997756",NA,"RUNARMS3A, RUNARMS5C, RUNARMS1B, RUNARMS8C, RUNARMS8A, RUNARMS1C, RUNARMS7C, RUNARMS6C, RUNARMS6B, RODARMS1A, RODARMS1B, RODARMS1C, RODARMS2A, RODARMS2B, RODARMS2C, RODARMS3A, RODARMS3B"
"495","0.175502312679055","3.19289517808082","0.013","0.231438651854477","0.26194771474826","0.199095217469795",NA,"RUNARMS4C, RUNARMS8B, RUNARMS8C, RUNARMS9C, RUNARMS1A, RUNARMS9B, RUNARMS3A, RUNARMS4A, RUNARMS6C, RODARMS1A, RODARMS1B, RODARMS1C, RODARMS2A, RODARMS2B, RODARMS2C, RODARMS3A, RODARMS3B"
"496","0.269042080974612","5.52101716060486","0.001","0.184691999266011","0.251953212360308","0.00113352915306071",NA,"RUNARMS8C, RUNARMS4A, RUNARMS1A, RUNARMS2A, RUNARMS4B, RUNARMS5B, RUNARMS2C, RUNARMS3C, RUNARMS2B, RODARMS1A, RODARMS1B, RODARMS1C, RODARMS2A, RODARMS2B, RODARMS2C, RODARMS3A, RODARMS3B"
"497","0.210055786926987","3.98868268386642","0.002","0.219318986786633","0.25419877803394","0.103404176056574",NA,"RUNARMS9A, RUNARMS5C, RUNARMS7B, RUNARMS3B, RUNARMS1B, RUNARMS3C, RUNARMS8A, RUNARMS1C, RUNARMS6A, RODARMS1A, RODARMS1B, RODARMS1C, RODARMS2A, RODARMS2B, RODARMS2C, RODARMS3A, RODARMS3B"
"498","0.239954417791183","4.73565842775842","0.001","0.206743415266489","0.25249771174172","0.00582781587030656",NA,"RUNARMS2A, RUNARMS7A, RUNARMS4B, RUNARMS6A, RUNARMS3C, RUNARMS3A, RUNARMS7B, RUNARMS5C, RUNARMS1B, RODARMS1A, RODARMS1B, RODARMS1C, RODARMS2A, RODARMS2B, RODARMS2C, RODARMS3A, RODARMS3B"
"499","0.220116701284989","4.23364691193545","0.002","0.211393601111895","0.248969508823344","0.0197863307427064",NA,"RUNARMS7A, RUNARMS6C, RUNARMS2C, RUNARMS9C, RUNARMS6A, RUNARMS1A, RUNARMS3A, RUNARMS3C, RUNARMS8C, RODARMS1A, RODARMS1B, RODARMS1C, RODARMS2A, RODARMS2B, RODARMS2C, RODARMS3A, RODARMS3B"
"500","0.213436679246729","4.07030191241934","0.006","0.210819936987668","0.24544091877189","0.124408044842517",NA,"RUNARMS3C, RUNARMS7A, RUNARMS3A, RUNARMS1C, RUNARMS9B, RUNARMS6A, RUNARMS1A, RUNARMS4A, RUNARMS4B, RODARMS1A, RODARMS1B, RODARMS1C, RODARMS2A, RODARMS2B, RODARMS2C, RODARMS3A, RODARMS3B"
"501","0.221858080527473","4.27668928332242","0.001","0.19480016077254","0.253705631008295","0.000568331411912132",NA,"RUNARMS1B, RUNARMS9A, RUNARMS6A, RUNARMS2B, RUNARMS9C, RUNARMS7A, RUNARMS7B, RUNARMS8C, RUNARMS4A, RODARMS1A, RODARMS1B, RODARMS1C, RODARMS2A, RODARMS2B, RODARMS2C, RODARMS3A, RODARMS3B"
"502","0.229142392686396","4.45884668930514","0.001","0.224246311888873","0.258477077668675","0.0968971993492604",NA,"RUNARMS3A, RUNARMS5C, RUNARMS9A, RUNARMS7C, RUNARMS2A, RUNARMS1A, RUNARMS1B, RUNARMS9B, RUNARMS4B, RODARMS1A, RODARMS1B, RODARMS1C, RODARMS2A, RODARMS2B, RODARMS2C, RODARMS3A, RODARMS3B"
"503","0.236332987043606","4.64206878850287","0.001","0.210847807312855","0.254925095121449","0.00842016858565836",NA,"RUNARMS8C, RUNARMS5C, RUNARMS9A, RUNARMS1C, RUNARMS2B, RUNARMS1B, RUNARMS7B, RUNARMS3C, RUNARMS6A, RODARMS1A, RODARMS1B, RODARMS1C, RODARMS2A, RODARMS2B, RODARMS2C, RODARMS3A, RODARMS3B"
"504","0.234183519553614","4.58693810200672","0.001","0.202532270038543","0.249505198221719","0.0343235696828761",NA,"RUNARMS3C, RUNARMS7A, RUNARMS3A, RUNARMS4C, RUNARMS9C, RUNARMS8C, RUNARMS1B, RUNARMS6B, RUNARMS5A, RODARMS1A, RODARMS1B, RODARMS1C, RODARMS2A, RODARMS2B, RODARMS2C, RODARMS3A, RODARMS3B"
"505","0.192728940590093","3.58111947053397","0.005","0.217128643779356","0.245983797275737","0.320008260832178",NA,"RUNARMS8A, RUNARMS1A, RUNARMS1C, RUNARMS7B, RUNARMS9B, RUNARMS3A, RUNARMS3C, RUNARMS1B, RUNARMS4C, RODARMS1A, RODARMS1B, RODARMS1C, RODARMS2A, RODARMS2B, RODARMS2C, RODARMS3A, RODARMS3B"
"506","0.237071270327912","4.66107634516149","0.001","0.208852216505595","0.248346360698152","0.0658015296307403",NA,"RUNARMS8C, RUNARMS3A, RUNARMS5A, RUNARMS9A, RUNARMS6B, RUNARMS7A, RUNARMS1A, RUNARMS4B, RUNARMS8A, RODARMS1A, RODARMS1B, RODARMS1C, RODARMS2A, RODARMS2B, RODARMS2C, RODARMS3A, RODARMS3B"
"507","0.203768695386094","3.8387468730252","0.001","0.208326363437102","0.245464650943516","0.168784379923825",NA,"RUNARMS4A, RUNARMS4B, RUNARMS1C, RUNARMS7C, RUNARMS9B, RUNARMS2B, RUNARMS2C, RUNARMS5A, RUNARMS8A, RODARMS1A, RODARMS1B, RODARMS1C, RODARMS2A, RODARMS2B, RODARMS2C, RODARMS3A, RODARMS3B"
"508","0.188928444103962","3.49405257891041","0.01","0.228448578564051","0.251287582785451","0.373501753938939",NA,"RUNARMS5B, RUNARMS1C, RUNARMS5C, RUNARMS2B, RUNARMS6C, RUNARMS8A, RUNARMS2A, RUNARMS9B, RUNARMS7C, RODARMS1A, RODARMS1B, RODARMS1C, RODARMS2A, RODARMS2B, RODARMS2C, RODARMS3A, RODARMS3B"
"509","0.204192758515498","3.84878550742884","0.006","0.229303317884656","0.256159470648034","0.239359785956845",NA,"RUNARMS6B, RUNARMS7C, RUNARMS8B, RUNARMS5B, RUNARMS3C, RUNARMS3B, RUNARMS7A, RUNARMS1B, RUNARMS7B, RODARMS1A, RODARMS1B, RODARMS1C, RODARMS2A, RODARMS2B, RODARMS2C, RODARMS3A, RODARMS3B"
"510","0.211703363797854","4.02836991956096","0.004","0.233846376712007","0.260138375628497","0.281326032589892",NA,"RUNARMS1B, RUNARMS5A, RUNARMS9C, RUNARMS3C, RUNARMS5B, RUNARMS8B, RUNARMS2C, RUNARMS7C, RUNARMS3A, RODARMS1A, RODARMS1B, RODARMS1C, RODARMS2A, RODARMS2B, RODARMS2C, RODARMS3A, RODARMS3B"
"511","0.211620013685288","4.02635817801212","0.006","0.229169758707793","0.256405829601149","0.245246005553191",NA,"RUNARMS8B, RUNARMS1A, RUNARMS5C, RUNARMS6B, RUNARMS7B, RUNARMS5B, RUNARMS9A, RUNARMS6C, RUNARMS3C, RODARMS1A, RODARMS1B, RODARMS1C, RODARMS2A, RODARMS2B, RODARMS2C, RODARMS3A, RODARMS3B"
"512","0.24919104316519","4.97845106062081","0.001","0.20844152426657","0.255511270446351","0.0057194315874394",NA,"RUNARMS3A, RUNARMS8C, RUNARMS2C, RUNARMS6C, RUNARMS7A, RUNARMS5C, RUNARMS4B, RUNARMS5B, RUNARMS1A, RODARMS1A, RODARMS1B, RODARMS1C, RODARMS2A, RODARMS2B, RODARMS2C, RODARMS3A, RODARMS3B"
"513","0.202221069489917","3.80220124440905","0.009","0.230741431435234","0.262312413396166","0.17806568761231",NA,"RUNARMS7A, RUNARMS2A, RUNARMS6C, RUNARMS4B, RUNARMS1A, RUNARMS8A, RUNARMS9B, RUNARMS4C, RUNARMS9A, RODARMS1A, RODARMS1B, RODARMS1C, RODARMS2A, RODARMS2B, RODARMS2C, RODARMS3A, RODARMS3B"
"514","0.231717717096227","4.52407381217555","0.001","0.189572823294113","0.250961786347516","0.00806465908151833",NA,"RUNARMS3B, RUNARMS4C, RUNARMS1C, RUNARMS8C, RUNARMS7B, RUNARMS9C, RUNARMS1B, RUNARMS2B, RUNARMS3C, RODARMS1A, RODARMS1B, RODARMS1C, RODARMS2A, RODARMS2B, RODARMS2C, RODARMS3A, RODARMS3B"
"515","0.215784526425366","4.12739611171732","0.004","0.229121149510239","0.2614652765386","0.25821534683995",NA,"RUNARMS8C, RUNARMS5A, RUNARMS3C, RUNARMS4B, RUNARMS8B, RUNARMS4C, RUNARMS2C, RUNARMS1C, RUNARMS6C, RODARMS1A, RODARMS1B, RODARMS1C, RODARMS2A, RODARMS2B, RODARMS2C, RODARMS3A, RODARMS3B"
"516","0.258113219144418","5.21871852562359","0.001","0.208203878913805","0.249945796832526","0.0269125132007361",NA,"RUNARMS1C, RUNARMS1A, RUNARMS7A, RUNARMS8C, RUNARMS3C, RUNARMS7C, RUNARMS6C, RUNARMS9A, RUNARMS3B, RODARMS1A, RODARMS1B, RODARMS1C, RODARMS2A, RODARMS2B, RODARMS2C, RODARMS3A, RODARMS3B"
"517","0.224438801694171","4.34083349291672","0.002","0.202589903356294","0.251322914167955","0.00555684062009861",NA,"RUNARMS1B, RUNARMS7B, RUNARMS7A, RUNARMS9C, RUNARMS6C, RUNARMS9A, RUNARMS2B, RUNARMS6A, RUNARMS7C, RODARMS1A, RODARMS1B, RODARMS1C, RODARMS2A, RODARMS2B, RODARMS2C, RODARMS3A, RODARMS3B"
"518","0.18916514491349","3.49945140604446","0.009","0.204574631703985","0.253144745795039","0.0529096944561724",NA,"RUNARMS6C, RUNARMS9B, RUNARMS4A, RUNARMS9C, RUNARMS4C, RUNARMS7A, RUNARMS6B, RUNARMS1C, RUNARMS2B, RODARMS1A, RODARMS1B, RODARMS1C, RODARMS2A, RODARMS2B, RODARMS2C, RODARMS3A, RODARMS3B"
"519","0.225204590978471","4.3599495109853","0.005","0.195683353228827","0.253984156023255","0.060362147410835",NA,"RUNARMS1C, RUNARMS8B, RUNARMS4B, RUNARMS3B, RUNARMS2B, RUNARMS1A, RUNARMS5A, RUNARMS4C, RUNARMS9A, RODARMS1A, RODARMS1B, RODARMS1C, RODARMS2A, RODARMS2B, RODARMS2C, RODARMS3A, RODARMS3B"
"520","0.158624649018397","2.82795274724893","0.019","0.251670755356014","0.268343220064585","0.474512627630614",NA,"RUNARMS8A, RUNARMS1A, RUNARMS6B, RUNARMS1B, RUNARMS8B, RUNARMS2B, RUNARMS6C, RUNARMS7A, RUNARMS4B, RODARMS1A, RODARMS1B, RODARMS1C, RODARMS2A, RODARMS2B, RODARMS2C, RODARMS3A, RODARMS3B"
"521","0.225486921205784","4.36700671775927","0.001","0.197272035002301","0.246055425360477","0.0493178256751791",NA,"RUNARMS5B, RUNARMS3B, RUNARMS5C, RUNARMS8A, RUNARMS5A, RUNARMS1C, RUNARMS7A, RUNARMS6B, RUNARMS2A, RODARMS1A, RODARMS1B, RODARMS1C, RODARMS2A, RODARMS2B, RODARMS2C, RODARMS3A, RODARMS3B"
"522","0.201343550025341","3.7815424272551","0.006","0.210748734734738","0.252809102601973","0.110102208090307",NA,"RUNARMS2A, RUNARMS8B, RUNARMS7A, RUNARMS4B, RUNARMS3B, RUNARMS7B, RUNARMS1C, RUNARMS5B, RUNARMS6A, RODARMS1A, RODARMS1B, RODARMS1C, RODARMS2A, RODARMS2B, RODARMS2C, RODARMS3A, RODARMS3B"
"523","0.207320005859809","3.92314693304489","0.002","0.219084305011486","0.250872886120226","0.196376043365927",NA,"RUNARMS7A, RUNARMS3C, RUNARMS8A, RUNARMS6C, RUNARMS8C, RUNARMS2A, RUNARMS3B, RUNARMS1C, RUNARMS6B, RODARMS1A, RODARMS1B, RODARMS1C, RODARMS2A, RODARMS2B, RODARMS2C, RODARMS3A, RODARMS3B"
"524","0.210331775701083","3.99531922196476","0.003","0.215642571477301","0.260056221946363","0.0332006226358429",NA,"RUNARMS9C, RUNARMS9A, RUNARMS1A, RUNARMS6C, RUNARMS4A, RUNARMS9B, RUNARMS2C, RUNARMS5A, RUNARMS7B, RODARMS1A, RODARMS1B, RODARMS1C, RODARMS2A, RODARMS2B, RODARMS2C, RODARMS3A, RODARMS3B"
"525","0.209531492422766","3.97608804931979","0.006","0.207128353816309","0.246629874956401","0.134348939926218",NA,"RUNARMS6C, RUNARMS8A, RUNARMS7C, RUNARMS6A, RUNARMS2C, RUNARMS5B, RUNARMS1C, RUNARMS6B, RUNARMS4A, RODARMS1A, RODARMS1B, RODARMS1C, RODARMS2A, RODARMS2B, RODARMS2C, RODARMS3A, RODARMS3B"
"526","0.186334923173147","3.43510361597095","0.003","0.235787790598644","0.261178242468145","0.27323422059875",NA,"RUNARMS3A, RUNARMS4A, RUNARMS1C, RUNARMS9B, RUNARMS8B, RUNARMS4B, RUNARMS7A, RUNARMS5C, RUNARMS6B, RODARMS1A, RODARMS1B, RODARMS1C, RODARMS2A, RODARMS2B, RODARMS2C, RODARMS3A, RODARMS3B"
"527","0.257831315151785","5.21103868464584","0.001","0.176726913898623","0.247582811097908","0.00116921182306244",NA,"RUNARMS3B, RUNARMS8C, RUNARMS7A, RUNARMS5B, RUNARMS4C, RUNARMS9A, RUNARMS2A, RUNARMS1C, RUNARMS4A, RODARMS1A, RODARMS1B, RODARMS1C, RODARMS2A, RODARMS2B, RODARMS2C, RODARMS3A, RODARMS3B"
"528","0.262201005604898","5.3307406406782","0.001","0.191820003529575","0.248760798602891","0.000905951623886968",NA,"RUNARMS1C, RUNARMS9A, RUNARMS4B, RUNARMS7B, RUNARMS2B, RUNARMS7C, RUNARMS2A, RUNARMS6A, RUNARMS8C, RODARMS1A, RODARMS1B, RODARMS1C, RODARMS2A, RODARMS2B, RODARMS2C, RODARMS3A, RODARMS3B"
"529","0.245270788430568","4.87467792429558","0.001","0.189214082740164","0.248412376633669","0.000946330938075857",NA,"RUNARMS4B, RUNARMS7A, RUNARMS5C, RUNARMS5B, RUNARMS7B, RUNARMS2B, RUNARMS1B, RUNARMS1C, RUNARMS2C, RODARMS1A, RODARMS1B, RODARMS1C, RODARMS2A, RODARMS2B, RODARMS2C, RODARMS3A, RODARMS3B"
"530","0.239116019107621","4.71391220828138","0.002","0.206694418535091","0.251407373891518","0.00855802997891134",NA,"RUNARMS6C, RUNARMS2A, RUNARMS8C, RUNARMS7A, RUNARMS1C, RUNARMS9C, RUNARMS2C, RUNARMS7C, RUNARMS1A, RODARMS1A, RODARMS1B, RODARMS1C, RODARMS2A, RODARMS2B, RODARMS2C, RODARMS3A, RODARMS3B"
"531","0.225470554889478","4.36659748017657","0.001","0.185472137455515","0.256774218006112","0.000315709229444463",NA,"RUNARMS2C, RUNARMS1A, RUNARMS2B, RUNARMS9A, RUNARMS3B, RUNARMS4A, RUNARMS1B, RUNARMS9C, RUNARMS6A, RODARMS1A, RODARMS1B, RODARMS1C, RODARMS2A, RODARMS2B, RODARMS2C, RODARMS3A, RODARMS3B"
"532","0.223917049233025","4.32783085258611","0.001","0.207002912016182","0.24544091271112","0.0885125310448972",NA,"RUNARMS3A, RUNARMS8C, RUNARMS8A, RUNARMS9C, RUNARMS3C, RUNARMS4A, RUNARMS1C, RUNARMS1A, RUNARMS5B, RODARMS1A, RODARMS1B, RODARMS1C, RODARMS2A, RODARMS2B, RODARMS2C, RODARMS3A, RODARMS3B"
"533","0.198925201335459","3.72484320441269","0.007","0.236675029465868","0.26609818449773","0.173423267165044",NA,"RUNARMS8C, RUNARMS1C, RUNARMS8B, RUNARMS9B, RUNARMS4B, RUNARMS3B, RUNARMS7B, RUNARMS5C, RUNARMS6C, RODARMS1A, RODARMS1B, RODARMS1C, RODARMS2A, RODARMS2B, RODARMS2C, RODARMS3A, RODARMS3B"
"534","0.192452713575586","3.57476367286883","0.012","0.216523164659388","0.251309425162074","0.155843789000507",NA,"RUNARMS2B, RUNARMS7B, RUNARMS8B, RUNARMS7A, RUNARMS2A, RUNARMS9A, RUNARMS3A, RUNARMS1C, RUNARMS6C, RODARMS1A, RODARMS1B, RODARMS1C, RODARMS2A, RODARMS2B, RODARMS2C, RODARMS3A, RODARMS3B"
"535","0.197215603309153","3.68496704947357","0.009","0.221230672885686","0.258299435843579","0.108421364561156",NA,"RUNARMS9B, RUNARMS1B, RUNARMS3A, RUNARMS5A, RUNARMS1A, RUNARMS6B, RUNARMS7B, RUNARMS6A, RUNARMS2A, RODARMS1A, RODARMS1B, RODARMS1C, RODARMS2A, RODARMS2B, RODARMS2C, RODARMS3A, RODARMS3B"
"536","0.261685973440986","5.31655834836161","0.001","0.176207377339583","0.250166175534036","0.00120210883013154",NA,"RUNARMS4A, RUNARMS3B, RUNARMS1C, RUNARMS6B, RUNARMS8C, RUNARMS4B, RUNARMS7B, RUNARMS4C, RUNARMS5B, RODARMS1A, RODARMS1B, RODARMS1C, RODARMS2A, RODARMS2B, RODARMS2C, RODARMS3A, RODARMS3B"
"537","0.184604743128559","3.39598633128298","0.01","0.24038242512725","0.255234739067634","0.474686652126488",NA,"RUNARMS5C, RUNARMS5B, RUNARMS3C, RUNARMS9B, RUNARMS6A, RUNARMS8C, RUNARMS1B, RUNARMS6B, RUNARMS8A, RODARMS1A, RODARMS1B, RODARMS1C, RODARMS2A, RODARMS2B, RODARMS2C, RODARMS3A, RODARMS3B"
"538","0.191649555808026","3.55630822964906","0.012","0.217495847214058","0.260048836049692","0.0971441665075044",NA,"RUNARMS8C, RUNARMS4C, RUNARMS1B, RUNARMS3B, RUNARMS6B, RUNARMS7C, RUNARMS8B, RUNARMS4A, RUNARMS9C, RODARMS1A, RODARMS1B, RODARMS1C, RODARMS2A, RODARMS2B, RODARMS2C, RODARMS3A, RODARMS3B"
"539","0.193922389950993","3.60863000411096","0.008","0.226378473068973","0.258551135820371","0.25211416471586",NA,"RUNARMS2C, RUNARMS8A, RUNARMS4C, RUNARMS1C, RUNARMS5B, RUNARMS9B, RUNARMS3A, RUNARMS8C, RUNARMS2A, RODARMS1A, RODARMS1B, RODARMS1C, RODARMS2A, RODARMS2B, RODARMS2C, RODARMS3A, RODARMS3B"
"540","0.205501719657147","3.87983947998855","0.002","0.22926405336497","0.26071436769465","0.154481546771122",NA,"RUNARMS1B, RUNARMS4A, RUNARMS3C, RUNARMS6C, RUNARMS5A, RUNARMS9B, RUNARMS9C, RUNARMS3A, RUNARMS4B, RODARMS1A, RODARMS1B, RODARMS1C, RODARMS2A, RODARMS2B, RODARMS2C, RODARMS3A, RODARMS3B"
"541","0.193853692687728","3.60704423494871","0.007","0.248295923079327","0.268631130931614","0.29000004381059",NA,"RUNARMS8C, RUNARMS7C, RUNARMS9B, RUNARMS3B, RUNARMS1A, RUNARMS6C, RUNARMS7A, RUNARMS3A, RUNARMS8B, RODARMS1A, RODARMS1B, RODARMS1C, RODARMS2A, RODARMS2B, RODARMS2C, RODARMS3A, RODARMS3B"
"542","0.241578550020048","4.77792162971725","0.001","0.214906565922908","0.260802751033965","0.0714017281008601",NA,"RUNARMS3C, RUNARMS9A, RUNARMS4C, RUNARMS7C, RUNARMS7B, RUNARMS1A, RUNARMS5C, RUNARMS8B, RUNARMS4A, RODARMS1A, RODARMS1B, RODARMS1C, RODARMS2A, RODARMS2B, RODARMS2C, RODARMS3A, RODARMS3B"
"543","0.193453344212714","3.59780818923389","0.006","0.222458067683949","0.251707823028623","0.238393253884756",NA,"RUNARMS9B, RUNARMS9A, RUNARMS6B, RUNARMS2C, RUNARMS8A, RUNARMS1B, RUNARMS4B, RUNARMS5B, RUNARMS7B, RODARMS1A, RODARMS1B, RODARMS1C, RODARMS2A, RODARMS2B, RODARMS2C, RODARMS3A, RODARMS3B"
"544","0.223515578483238","4.31783765951085","0.004","0.196751835818101","0.246285636276271","0.066272270505782",NA,"RUNARMS1C, RUNARMS4B, RUNARMS9C, RUNARMS1A, RUNARMS9B, RUNARMS5B, RUNARMS3A, RUNARMS6B, RUNARMS4C, RODARMS1A, RODARMS1B, RODARMS1C, RODARMS2A, RODARMS2B, RODARMS2C, RODARMS3A, RODARMS3B"
"545","0.224926967049486","4.35301495769846","0.001","0.203522603343806","0.246113266901222","0.0220451751240908",NA,"RUNARMS7A, RUNARMS3A, RUNARMS6B, RUNARMS6C, RUNARMS7C, RUNARMS1B, RUNARMS4A, RUNARMS8C, RUNARMS7B, RODARMS1A, RODARMS1B, RODARMS1C, RODARMS2A, RODARMS2B, RODARMS2C, RODARMS3A, RODARMS3B"
"546","0.195911340799946","3.65465931943713","0.007","0.259236161578999","0.270838336073572","0.546467253492804",NA,"RUNARMS4B, RUNARMS1C, RUNARMS3C, RUNARMS6C, RUNARMS9B, RUNARMS8B, RUNARMS7B, RUNARMS6A, RUNARMS7C, RODARMS1A, RODARMS1B, RODARMS1C, RODARMS2A, RODARMS2B, RODARMS2C, RODARMS3A, RODARMS3B"
"547","0.21658531969765","4.14694781339932","0.003","0.218381639695766","0.263639086682502","0.105879593709826",NA,"RUNARMS1A, RUNARMS8B, RUNARMS4B, RUNARMS5A, RUNARMS6A, RUNARMS2B, RUNARMS4C, RUNARMS1B, RUNARMS7C, RODARMS1A, RODARMS1B, RODARMS1C, RODARMS2A, RODARMS2B, RODARMS2C, RODARMS3A, RODARMS3B"
"548","0.195069087742692","3.63513970153631","0.006","0.230871614038914","0.261479024469736","0.260493468213121",NA,"RUNARMS8A, RUNARMS8B, RUNARMS5B, RUNARMS1B, RUNARMS2B, RUNARMS4C, RUNARMS8C, RUNARMS1A, RUNARMS7C, RODARMS1A, RODARMS1B, RODARMS1C, RODARMS2A, RODARMS2B, RODARMS2C, RODARMS3A, RODARMS3B"
"549","0.202736669953906","3.81436087011901","0.003","0.217153087192641","0.246848805313402","0.143113532437197",NA,"RUNARMS1C, RUNARMS3C, RUNARMS7B, RUNARMS6B, RUNARMS2C, RUNARMS9C, RUNARMS4B, RUNARMS9B, RUNARMS7A, RODARMS1A, RODARMS1B, RODARMS1C, RODARMS2A, RODARMS2B, RODARMS2C, RODARMS3A, RODARMS3B"
"550","0.196763772386416","3.67445651021621","0.009","0.203267019397021","0.252660386230277","0.0370274124999154",NA,"RUNARMS5C, RUNARMS1A, RUNARMS3B, RUNARMS6B, RUNARMS5B, RUNARMS2B, RUNARMS7B, RUNARMS9C, RUNARMS9B, RODARMS1A, RODARMS1B, RODARMS1C, RODARMS2A, RODARMS2B, RODARMS2C, RODARMS3A, RODARMS3B"
"551","0.205751298889443","3.88577215049426","0.009","0.186820210963959","0.249887506923371","0.023705244711413",NA,"RUNARMS2A, RUNARMS1B, RUNARMS4A, RUNARMS2C, RUNARMS3B, RUNARMS4C, RUNARMS1A, RUNARMS6C, RUNARMS8A, RODARMS1A, RODARMS1B, RODARMS1C, RODARMS2A, RODARMS2B, RODARMS2C, RODARMS3A, RODARMS3B"
"552","0.256665763837211","5.17934768810383","0.001","0.195815512796732","0.24677948114274","0.00605606195736264",NA,"RUNARMS7A, RUNARMS6A, RUNARMS3C, RUNARMS7C, RUNARMS1A, RUNARMS9C, RUNARMS3B, RUNARMS9A, RUNARMS8C, RODARMS1A, RODARMS1B, RODARMS1C, RODARMS2A, RODARMS2B, RODARMS2C, RODARMS3A, RODARMS3B"
"553","0.209298592408713","3.97049866863711","0.005","0.229540688178771","0.263320019442049","0.2281959163469",NA,"RUNARMS9A, RUNARMS4B, RUNARMS2B, RUNARMS1C, RUNARMS5C, RUNARMS4C, RUNARMS8B, RUNARMS6C, RUNARMS3C, RODARMS1A, RODARMS1B, RODARMS1C, RODARMS2A, RODARMS2B, RODARMS2C, RODARMS3A, RODARMS3B"
"554","0.235729093011882","4.62654846972109","0.001","0.189722472420567","0.249965449160671","0.00295798691506023",NA,"RUNARMS2B, RUNARMS5A, RUNARMS9A, RUNARMS1C, RUNARMS9C, RUNARMS3A, RUNARMS1B, RUNARMS7A, RUNARMS3B, RODARMS1A, RODARMS1B, RODARMS1C, RODARMS2A, RODARMS2B, RODARMS2C, RODARMS3A, RODARMS3B"
"555","0.202366988929485","3.80564092986608","0.003","0.210087499299573","0.25333099556495","0.063430969072445",NA,"RUNARMS4B, RUNARMS7A, RUNARMS2B, RUNARMS7B, RUNARMS1C, RUNARMS6A, RUNARMS5A, RUNARMS9C, RUNARMS8B, RODARMS1A, RODARMS1B, RODARMS1C, RODARMS2A, RODARMS2B, RODARMS2C, RODARMS3A, RODARMS3B"
"556","0.190667327001849","3.5337877741089","0.006","0.215823010319565","0.260351448286963","0.0976059965951632",NA,"RUNARMS1A, RUNARMS2B, RUNARMS9A, RUNARMS3B, RUNARMS2C, RUNARMS4A, RUNARMS9B, RUNARMS8A, RUNARMS5A, RODARMS1A, RODARMS1B, RODARMS1C, RODARMS2A, RODARMS2B, RODARMS2C, RODARMS3A, RODARMS3B"
"557","0.230740061337977","4.49926058295659","0.001","0.215647912493792","0.263799481179962","0.0443529413287153",NA,"RUNARMS9A, RUNARMS4C, RUNARMS7B, RUNARMS1C, RUNARMS3C, RUNARMS3B, RUNARMS4A, RUNARMS8C, RUNARMS9B, RODARMS1A, RODARMS1B, RODARMS1C, RODARMS2A, RODARMS2B, RODARMS2C, RODARMS3A, RODARMS3B"
"558","0.235780527184854","4.62786939299607","0.002","0.207396674918062","0.246996087828984","0.127462708424179",NA,"RUNARMS1A, RUNARMS1B, RUNARMS1C, RUNARMS5B, RUNARMS8A, RUNARMS3A, RUNARMS9A, RUNARMS2A, RUNARMS3C, RODARMS1A, RODARMS1B, RODARMS1C, RODARMS2A, RODARMS2B, RODARMS2C, RODARMS3A, RODARMS3B"
"559","0.215053676331565","4.10958692041225","0.002","0.225016964596309","0.255609833364231","0.129686914479002",NA,"RUNARMS9C, RUNARMS9B, RUNARMS5C, RUNARMS2C, RUNARMS1C, RUNARMS7C, RUNARMS7A, RUNARMS9A, RUNARMS8A, RODARMS1A, RODARMS1B, RODARMS1C, RODARMS2A, RODARMS2B, RODARMS2C, RODARMS3A, RODARMS3B"
"560","0.211060952051216","4.01287563215374","0.01","0.20093162342416","0.247238959171549","0.032493082424213",NA,"RUNARMS1A, RUNARMS7B, RUNARMS9B, RUNARMS7A, RUNARMS5C, RUNARMS2B, RUNARMS3A, RUNARMS4B, RUNARMS6A, RODARMS1A, RODARMS1B, RODARMS1C, RODARMS2A, RODARMS2B, RODARMS2C, RODARMS3A, RODARMS3B"
"561","0.192925862696604","3.5856531719851","0.008","0.216058439027916","0.253351953770842","0.165748248904682",NA,"RUNARMS2C, RUNARMS1B, RUNARMS4A, RUNARMS1A, RUNARMS8B, RUNARMS9A, RUNARMS3A, RUNARMS6B, RUNARMS4B, RODARMS1A, RODARMS1B, RODARMS1C, RODARMS2A, RODARMS2B, RODARMS2C, RODARMS3A, RODARMS3B"
"562","0.208799050024292","3.9585212207601","0.011","0.232455334860756","0.25596450037572","0.335144576197557",NA,"RUNARMS7C, RUNARMS2A, RUNARMS3C, RUNARMS6B, RUNARMS1C, RUNARMS9B, RUNARMS2C, RUNARMS6C, RUNARMS5C, RODARMS1A, RODARMS1B, RODARMS1C, RODARMS2A, RODARMS2B, RODARMS2C, RODARMS3A, RODARMS3B"
"563","0.197463991322732","3.69075011939071","0.002","0.20547004162866","0.254913236502784","0.0757446624727403",NA,"RUNARMS2B, RUNARMS8A, RUNARMS7C, RUNARMS3B, RUNARMS1B, RUNARMS1C, RUNARMS4A, RUNARMS2A, RUNARMS6A, RODARMS1A, RODARMS1B, RODARMS1C, RODARMS2A, RODARMS2B, RODARMS2C, RODARMS3A, RODARMS3B"
"564","0.184271266754506","3.38846590620922","0.011","0.226437775167011","0.253856026992085","0.300399870548977",NA,"RUNARMS1B, RUNARMS5A, RUNARMS5B, RUNARMS6B, RUNARMS3C, RUNARMS2B, RUNARMS8B, RUNARMS9C, RUNARMS3A, RODARMS1A, RODARMS1B, RODARMS1C, RODARMS2A, RODARMS2B, RODARMS2C, RODARMS3A, RODARMS3B"
"565","0.246215188165922","4.89957845330237","0.001","0.192054325406951","0.251647609850198","0.00676848303239821",NA,"RUNARMS2C, RUNARMS6A, RUNARMS3B, RUNARMS8C, RUNARMS3A, RUNARMS3C, RUNARMS1A, RUNARMS4C, RUNARMS6C, RODARMS1A, RODARMS1B, RODARMS1C, RODARMS2A, RODARMS2B, RODARMS2C, RODARMS3A, RODARMS3B"
"566","0.196731157667879","3.67369828070347","0.003","0.208200990770535","0.249613328319433","0.119543723411445",NA,"RUNARMS1B, RUNARMS9B, RUNARMS4C, RUNARMS4A, RUNARMS9C, RUNARMS1C, RUNARMS2A, RUNARMS3C, RUNARMS7A, RODARMS1A, RODARMS1B, RODARMS1C, RODARMS2A, RODARMS2B, RODARMS2C, RODARMS3A, RODARMS3B"
"567","0.202522224263014","3.80930159606993","0.005","0.233584285509006","0.26182174302859","0.123268811368765",NA,"RUNARMS6C, RUNARMS8C, RUNARMS7A, RUNARMS3A, RUNARMS9B, RUNARMS1A, RUNARMS6A, RUNARMS2B, RUNARMS7C, RODARMS1A, RODARMS1B, RODARMS1C, RODARMS2A, RODARMS2B, RODARMS2C, RODARMS3A, RODARMS3B"
"568","0.229735358416756","4.47382651392149","0.001","0.194480561698857","0.251134791950461","0.0290144826740052",NA,"RUNARMS6B, RUNARMS3A, RUNARMS2B, RUNARMS3B, RUNARMS2C, RUNARMS7C, RUNARMS6C, RUNARMS8C, RUNARMS1B, RODARMS1A, RODARMS1B, RODARMS1C, RODARMS2A, RODARMS2B, RODARMS2C, RODARMS3A, RODARMS3B"
"569","0.228355036950236","4.43899165843792","0.002","0.214560552326359","0.253071030747238","0.130645724176512",NA,"RUNARMS3C, RUNARMS7B, RUNARMS7A, RUNARMS5A, RUNARMS4A, RUNARMS8B, RUNARMS9A, RUNARMS5B, RUNARMS1C, RODARMS1A, RODARMS1B, RODARMS1C, RODARMS2A, RODARMS2B, RODARMS2C, RODARMS3A, RODARMS3B"
"570","0.234354970636397","4.59132420995125","0.002","0.226279224253427","0.258857023062613","0.131605400801058",NA,"RUNARMS5B, RUNARMS3C, RUNARMS1A, RUNARMS1C, RUNARMS7C, RUNARMS2A, RUNARMS8C, RUNARMS9B, RUNARMS4A, RODARMS1A, RODARMS1B, RODARMS1C, RODARMS2A, RODARMS2B, RODARMS2C, RODARMS3A, RODARMS3B"
"571","0.179878360900602","3.28996978603319","0.014","0.241422924139242","0.25561867476827","0.49745920823984",NA,"RUNARMS9B, RUNARMS2C, RUNARMS7C, RUNARMS5A, RUNARMS8A, RUNARMS7A, RUNARMS8B, RUNARMS1A, RUNARMS2A, RODARMS1A, RODARMS1B, RODARMS1C, RODARMS2A, RODARMS2B, RODARMS2C, RODARMS3A, RODARMS3B"
"572","0.18113094627484","3.31794709027374","0.014","0.217837699356065","0.253473997952431","0.207425063974011",NA,"RUNARMS6C, RUNARMS9B, RUNARMS4C, RUNARMS1C, RUNARMS7A, RUNARMS2A, RUNARMS4A, RUNARMS6B, RUNARMS8A, RODARMS1A, RODARMS1B, RODARMS1C, RODARMS2A, RODARMS2B, RODARMS2C, RODARMS3A, RODARMS3B"
"573","0.183709311761917","3.37580682486609","0.005","0.239736163894745","0.254798848490144","0.432600383983018",NA,"RUNARMS3C, RUNARMS2A, RUNARMS5C, RUNARMS8C, RUNARMS6B, RUNARMS8A, RUNARMS9C, RUNARMS1C, RUNARMS9B, RODARMS1A, RODARMS1B, RODARMS1C, RODARMS2A, RODARMS2B, RODARMS2C, RODARMS3A, RODARMS3B"
"574","0.238642780913616","4.70165859594758","0.001","0.197794085994467","0.25339302884168","0.00844700599456008",NA,"RUNARMS2A, RUNARMS4C, RUNARMS1B, RUNARMS8C, RUNARMS7A, RUNARMS6A, RUNARMS1C, RUNARMS5B, RUNARMS6B, RODARMS1A, RODARMS1B, RODARMS1C, RODARMS2A, RODARMS2B, RODARMS2C, RODARMS3A, RODARMS3B"
"575","0.185274511712771","3.4111092823842","0.011","0.211913296676653","0.254653096301071","0.175805200102882",NA,"RUNARMS2A, RUNARMS5B, RUNARMS8B, RUNARMS3B, RUNARMS1B, RUNARMS3A, RUNARMS8C, RUNARMS6C, RUNARMS2B, RODARMS1A, RODARMS1B, RODARMS1C, RODARMS2A, RODARMS2B, RODARMS2C, RODARMS3A, RODARMS3B"
"576","0.210415170230136","3.9973254734035","0.005","0.205616066392644","0.258073671683061","0.0327039985558545",NA,"RUNARMS6A, RUNARMS1C, RUNARMS9B, RUNARMS1A, RUNARMS3B, RUNARMS8C, RUNARMS2B, RUNARMS5A, RUNARMS4A, RODARMS1A, RODARMS1B, RODARMS1C, RODARMS2A, RODARMS2B, RODARMS2C, RODARMS3A, RODARMS3B"
"577","0.170491947777227","3.08300710259","0.021","0.236248113303351","0.26424559990296","0.353299562887205",NA,"RUNARMS5A, RUNARMS1B, RUNARMS8B, RUNARMS2B, RUNARMS8A, RUNARMS1C, RUNARMS4B, RUNARMS3B, RUNARMS6C, RODARMS1A, RODARMS1B, RODARMS1C, RODARMS2A, RODARMS2B, RODARMS2C, RODARMS3A, RODARMS3B"
"578","0.266782552798643","5.45777832654422","0.001","0.18083577021566","0.25001042836958","0.000441972272032701",NA,"RUNARMS5B, RUNARMS8C, RUNARMS3A, RUNARMS5A, RUNARMS1A, RUNARMS2B, RUNARMS1C, RUNARMS3B, RUNARMS1B, RODARMS1A, RODARMS1B, RODARMS1C, RODARMS2A, RODARMS2B, RODARMS2C, RODARMS3A, RODARMS3B"
"579","0.241149277528773","4.76673350346418","0.001","0.188493750960599","0.25436009771004","0.00155905290205923",NA,"RUNARMS2B, RUNARMS1A, RUNARMS4B, RUNARMS3A, RUNARMS6C, RUNARMS5C, RUNARMS4C, RUNARMS2C, RUNARMS9C, RODARMS1A, RODARMS1B, RODARMS1C, RODARMS2A, RODARMS2B, RODARMS2C, RODARMS3A, RODARMS3B"
"580","0.206449172780651","3.90238090049119","0.009","0.218819596483916","0.256158243112843","0.166016644016669",NA,"RUNARMS3C, RUNARMS6A, RUNARMS4C, RUNARMS2C, RUNARMS3B, RUNARMS9B, RUNARMS6C, RUNARMS7C, RUNARMS1A, RODARMS1A, RODARMS1B, RODARMS1C, RODARMS2A, RODARMS2B, RODARMS2C, RODARMS3A, RODARMS3B"
"581","0.238116454427553","4.68804824197854","0.004","0.202706779819525","0.255437676950425","0.0581214812718803",NA,"RUNARMS4A, RUNARMS6C, RUNARMS2A, RUNARMS9B, RUNARMS1A, RUNARMS5B, RUNARMS4B, RUNARMS4C, RUNARMS3C, RODARMS1A, RODARMS1B, RODARMS1C, RODARMS2A, RODARMS2B, RODARMS2C, RODARMS3A, RODARMS3B"
"582","0.234804590430513","4.60283584089883","0.001","0.203462794517831","0.255156237529998","0.0024235979156334",NA,"RUNARMS8C, RUNARMS3A, RUNARMS1B, RUNARMS4A, RUNARMS6A, RUNARMS2B, RUNARMS7C, RUNARMS9A, RUNARMS7B, RODARMS1A, RODARMS1B, RODARMS1C, RODARMS2A, RODARMS2B, RODARMS2C, RODARMS3A, RODARMS3B"
"583","0.246904616454491","4.91779571052644","0.001","0.177023068090086","0.249245238489969","0.000449036944878322",NA,"RUNARMS2C, RUNARMS5C, RUNARMS1A, RUNARMS6C, RUNARMS5B, RUNARMS7B, RUNARMS6A, RUNARMS4C, RUNARMS2B, RODARMS1A, RODARMS1B, RODARMS1C, RODARMS2A, RODARMS2B, RODARMS2C, RODARMS3A, RODARMS3B"
"584","0.240814772699406","4.75802407712138","0.002","0.207392828822684","0.2532539720593","0.0140992483799498",NA,"RUNARMS1B, RUNARMS6A, RUNARMS3A, RUNARMS2B, RUNARMS7C, RUNARMS5B, RUNARMS9A, RUNARMS3C, RUNARMS4A, RODARMS1A, RODARMS1B, RODARMS1C, RODARMS2A, RODARMS2B, RODARMS2C, RODARMS3A, RODARMS3B"
"585","0.193388873283889","3.5963217009766","0.008","0.240723930850184","0.260681360049999","0.368129903166819",NA,"RUNARMS9B, RUNARMS7C, RUNARMS5A, RUNARMS7B, RUNARMS8C, RUNARMS1B, RUNARMS6C, RUNARMS2A, RUNARMS8A, RODARMS1A, RODARMS1B, RODARMS1C, RODARMS2A, RODARMS2B, RODARMS2C, RODARMS3A, RODARMS3B"
"586","0.235945430049297","4.63210559812214","0.001","0.210754610225715","0.25175874479256","0.00871572179224061",NA,"RUNARMS5C, RUNARMS2C, RUNARMS6B, RUNARMS3A, RUNARMS1A, RUNARMS6A, RUNARMS7A, RUNARMS9A, RUNARMS3C, RODARMS1A, RODARMS1B, RODARMS1C, RODARMS2A, RODARMS2B, RODARMS2C, RODARMS3A, RODARMS3B"
"587","0.243484776105067","4.82775696538162","0.001","0.210339699515568","0.252975933891235","0.0390060677095395",NA,"RUNARMS2C, RUNARMS1C, RUNARMS1B, RUNARMS3C, RUNARMS5A, RUNARMS7C, RUNARMS6C, RUNARMS9C, RUNARMS2A, RODARMS1A, RODARMS1B, RODARMS1C, RODARMS2A, RODARMS2B, RODARMS2C, RODARMS3A, RODARMS3B"
"588","0.21326599052219","4.06616444604469","0.002","0.217970441039389","0.253378798828526","0.144271657371156",NA,"RUNARMS2C, RUNARMS3C, RUNARMS8B, RUNARMS9C, RUNARMS5A, RUNARMS7B, RUNARMS3A, RUNARMS8C, RUNARMS1A, RODARMS1A, RODARMS1B, RODARMS1C, RODARMS2A, RODARMS2B, RODARMS2C, RODARMS3A, RODARMS3B"
"589","0.213066111117905","4.06132168397112","0.004","0.21135888863655","0.260283172181098","0.0398953462108631",NA,"RUNARMS3B, RUNARMS9B, RUNARMS8C, RUNARMS5C, RUNARMS7B, RUNARMS2A, RUNARMS2B, RUNARMS3A, RUNARMS1C, RODARMS1A, RODARMS1B, RODARMS1C, RODARMS2A, RODARMS2B, RODARMS2C, RODARMS3A, RODARMS3B"
"590","0.188791083544045","3.4909210139512","0.011","0.218514682793575","0.253976143028207","0.241880936109763",NA,"RUNARMS9B, RUNARMS4C, RUNARMS8B, RUNARMS1B, RUNARMS3A, RUNARMS9A, RUNARMS5A, RUNARMS2B, RUNARMS4B, RODARMS1A, RODARMS1B, RODARMS1C, RODARMS2A, RODARMS2B, RODARMS2C, RODARMS3A, RODARMS3B"
"591","0.224486109751968","4.34201332641839","0.002","0.217932326906151","0.254916451549363","0.117130522289149",NA,"RUNARMS7A, RUNARMS3C, RUNARMS5B, RUNARMS9C, RUNARMS7B, RUNARMS9A, RUNARMS1B, RUNARMS8C, RUNARMS8B, RODARMS1A, RODARMS1B, RODARMS1C, RODARMS2A, RODARMS2B, RODARMS2C, RODARMS3A, RODARMS3B"
"592","0.249755930067283","4.99349358582098","0.001","0.197802237479465","0.249586216946456","0.0109899025289624",NA,"RUNARMS1C, RUNARMS1A, RUNARMS9C, RUNARMS3C, RUNARMS7A, RUNARMS3B, RUNARMS5A, RUNARMS4B, RUNARMS6B, RODARMS1A, RODARMS1B, RODARMS1C, RODARMS2A, RODARMS2B, RODARMS2C, RODARMS3A, RODARMS3B"
"593","0.235544073449431","4.62179829998052","0.001","0.212712853165301","0.252280072365518","0.104415956390213",NA,"RUNARMS8A, RUNARMS2B, RUNARMS1A, RUNARMS8C, RUNARMS4B, RUNARMS3C, RUNARMS1C, RUNARMS7C, RUNARMS3B, RODARMS1A, RODARMS1B, RODARMS1C, RODARMS2A, RODARMS2B, RODARMS2C, RODARMS3A, RODARMS3B"
"594","0.237112021730306","4.66212658642425","0.001","0.195086938655411","0.249503700284357","0.0121557208188073",NA,"RUNARMS9C, RUNARMS9A, RUNARMS1B, RUNARMS4C, RUNARMS3A, RUNARMS2B, RUNARMS7C, RUNARMS6C, RUNARMS5B, RODARMS1A, RODARMS1B, RODARMS1C, RODARMS2A, RODARMS2B, RODARMS2C, RODARMS3A, RODARMS3B"
"595","0.209251440414666","3.96936746601973","0.003","0.220863830267767","0.259021256350867","0.138531963612699",NA,"RUNARMS8C, RUNARMS1B, RUNARMS5C, RUNARMS4C, RUNARMS7B, RUNARMS8B, RUNARMS7A, RUNARMS6A, RUNARMS3C, RODARMS1A, RODARMS1B, RODARMS1C, RODARMS2A, RODARMS2B, RODARMS2C, RODARMS3A, RODARMS3B"
"596","0.199265001128247","3.73278927627143","0.005","0.238645838798789","0.2645998852523","0.218129238056724",NA,"RUNARMS9A, RUNARMS6A, RUNARMS7C, RUNARMS6C, RUNARMS2A, RUNARMS8B, RUNARMS9C, RUNARMS1C, RUNARMS1A, RODARMS1A, RODARMS1B, RODARMS1C, RODARMS2A, RODARMS2B, RODARMS2C, RODARMS3A, RODARMS3B"
"597","0.222168680960767","4.28438677235034","0.004","0.211056762698701","0.257575950104476","0.0044276304318902",NA,"RUNARMS1B, RUNARMS9A, RUNARMS5B, RUNARMS2C, RUNARMS6B, RUNARMS6A, RUNARMS9C, RUNARMS7A, RUNARMS6C, RODARMS1A, RODARMS1B, RODARMS1C, RODARMS2A, RODARMS2B, RODARMS2C, RODARMS3A, RODARMS3B"
"598","0.173133100903178","3.14076729445131","0.012","0.245978009702719","0.264490571820559","0.381460039382648",NA,"RUNARMS4B, RUNARMS6B, RUNARMS1A, RUNARMS8B, RUNARMS8A, RUNARMS2B, RUNARMS8C, RUNARMS7A, RUNARMS6C, RODARMS1A, RODARMS1B, RODARMS1C, RODARMS2A, RODARMS2B, RODARMS2C, RODARMS3A, RODARMS3B"
"599","0.179344969963441","3.27808208198246","0.011","0.227477377216373","0.254137101544656","0.195344477002267",NA,"RUNARMS6A, RUNARMS7A, RUNARMS8C, RUNARMS8A, RUNARMS9B, RUNARMS1A, RUNARMS2C, RUNARMS4A, RUNARMS1C, RODARMS1A, RODARMS1B, RODARMS1C, RODARMS2A, RODARMS2B, RODARMS2C, RODARMS3A, RODARMS3B"
"600","0.174929088773656","3.18025553428462","0.009","0.244257954689681","0.259793886290593","0.492146273392288",NA,"RUNARMS9B, RUNARMS9A, RUNARMS3C, RUNARMS8A, RUNARMS1B, RUNARMS3A, RUNARMS2B, RUNARMS1A, RUNARMS6B, RODARMS1A, RODARMS1B, RODARMS1C, RODARMS2A, RODARMS2B, RODARMS2C, RODARMS3A, RODARMS3B"
"601","0.220232719573464","4.23650860522762","0.003","0.187352922826018","0.245440914884316","0.0298284927950378",NA,"RUNARMS1B, RUNARMS7B, RUNARMS8A, RUNARMS2B, RUNARMS5C, RUNARMS9A, RUNARMS4C, RUNARMS2A, RUNARMS5B, RODARMS1A, RODARMS1B, RODARMS1C, RODARMS2A, RODARMS2B, RODARMS2C, RODARMS3A, RODARMS3B"
"602","0.188692605851534","3.48867655858572","0.008","0.215403909044983","0.25308250074463","0.138720332465319",NA,"RUNARMS8C, RUNARMS4A, RUNARMS2B, RUNARMS1C, RUNARMS2C, RUNARMS6B, RUNARMS8B, RUNARMS9A, RUNARMS5C, RODARMS1A, RODARMS1B, RODARMS1C, RODARMS2A, RODARMS2B, RODARMS2C, RODARMS3A, RODARMS3B"
"603","0.219290200315209","4.21328514904796","0.004","0.215336164430652","0.257481566806669","0.0487197965613035",NA,"RUNARMS6C, RUNARMS5A, RUNARMS9B, RUNARMS4B, RUNARMS1C, RUNARMS4A, RUNARMS6A, RUNARMS2C, RUNARMS8C, RODARMS1A, RODARMS1B, RODARMS1C, RODARMS2A, RODARMS2B, RODARMS2C, RODARMS3A, RODARMS3B"
"604","0.219937992926923","4.22924057830031","0.002","0.207633900939771","0.249403492817337","0.0903779160587432",NA,"RUNARMS2A, RUNARMS1B, RUNARMS3A, RUNARMS1A, RUNARMS3C, RUNARMS4A, RUNARMS5C, RUNARMS9B, RUNARMS4B, RODARMS1A, RODARMS1B, RODARMS1C, RODARMS2A, RODARMS2B, RODARMS2C, RODARMS3A, RODARMS3B"
"605","0.251015041253378","5.02710444960275","0.001","0.185711345563338","0.24868049727746","0.000995763680774743",NA,"RUNARMS9A, RUNARMS6C, RUNARMS5C, RUNARMS5A, RUNARMS3A, RUNARMS3B, RUNARMS4A, RUNARMS2C, RUNARMS1C, RODARMS1A, RODARMS1B, RODARMS1C, RODARMS2A, RODARMS2B, RODARMS2C, RODARMS3A, RODARMS3B"
"606","0.197321945031991","3.68744250220947","0.003","0.216390446865245","0.261494279328866","0.0279788569497206",NA,"RUNARMS9C, RUNARMS5C, RUNARMS1B, RUNARMS6A, RUNARMS8A, RUNARMS4B, RUNARMS2A, RUNARMS2B, RUNARMS7B, RODARMS1A, RODARMS1B, RODARMS1C, RODARMS2A, RODARMS2B, RODARMS2C, RODARMS3A, RODARMS3B"
"607","0.161851297007685","2.89658558970237","0.022","0.231238065167328","0.255465938362307","0.434188216642627",NA,"RUNARMS2B, RUNARMS6B, RUNARMS9B, RUNARMS1B, RUNARMS8B, RUNARMS5A, RUNARMS5B, RUNARMS3A, RUNARMS2A, RODARMS1A, RODARMS1B, RODARMS1C, RODARMS2A, RODARMS2B, RODARMS2C, RODARMS3A, RODARMS3B"
"608","0.190047655342386","3.51960809662308","0.011","0.228009342735039","0.253914619629226","0.316181494701271",NA,"RUNARMS4C, RUNARMS9B, RUNARMS5A, RUNARMS8B, RUNARMS9C, RUNARMS1B, RUNARMS3C, RUNARMS5B, RUNARMS7A, RODARMS1A, RODARMS1B, RODARMS1C, RODARMS2A, RODARMS2B, RODARMS2C, RODARMS3A, RODARMS3B"
"609","0.228521650649911","4.44318983499193","0.002","0.209446152215727","0.253382149421967","0.00508281508298401",NA,"RUNARMS1B, RUNARMS8C, RUNARMS6A, RUNARMS3C, RUNARMS9A, RUNARMS6B, RUNARMS2C, RUNARMS7B, RUNARMS9C, RODARMS1A, RODARMS1B, RODARMS1C, RODARMS2A, RODARMS2B, RODARMS2C, RODARMS3A, RODARMS3B"
"610","0.2039128399823","3.84215793615676","0.008","0.213611866882341","0.257273281497483","0.0901192000486626",NA,"RUNARMS7B, RUNARMS6B, RUNARMS9A, RUNARMS2A, RUNARMS2C, RUNARMS1C, RUNARMS9B, RUNARMS2B, RUNARMS3A, RODARMS1A, RODARMS1B, RODARMS1C, RODARMS2A, RODARMS2B, RODARMS2C, RODARMS3A, RODARMS3B"
"611","0.215850703096839","4.12901032907824","0.002","0.2031559906049","0.253017907156622","0.0086043746306739",NA,"RUNARMS1B, RUNARMS6B, RUNARMS7A, RUNARMS6A, RUNARMS3B, RUNARMS3C, RUNARMS4A, RUNARMS9C, RUNARMS5B, RODARMS1A, RODARMS1B, RODARMS1C, RODARMS2A, RODARMS2B, RODARMS2C, RODARMS3A, RODARMS3B"
"612","0.224242229303887","4.33593264111296","0.001","0.21313712065184","0.254991453189294","0.0602575781971541",NA,"RUNARMS5B, RUNARMS1B, RUNARMS2A, RUNARMS8A, RUNARMS9A, RUNARMS1A, RUNARMS6A, RUNARMS5C, RUNARMS1C, RODARMS1A, RODARMS1B, RODARMS1C, RODARMS2A, RODARMS2B, RODARMS2C, RODARMS3A, RODARMS3B"
"613","0.256837841162491","5.18402016521366","0.001","0.188171554089986","0.246783825319895","0.000684170132082864",NA,"RUNARMS9C, RUNARMS1A, RUNARMS3A, RUNARMS9A, RUNARMS7B, RUNARMS2A, RUNARMS4B, RUNARMS7A, RUNARMS5B, RODARMS1A, RODARMS1B, RODARMS1C, RODARMS2A, RODARMS2B, RODARMS2C, RODARMS3A, RODARMS3B"
"614","0.16932996546199","3.05771169817445","0.032","0.214799327088382","0.254770647789565","0.19495197595671",NA,"RUNARMS9B, RUNARMS3A, RUNARMS4B, RUNARMS3B, RUNARMS8B, RUNARMS2A, RUNARMS2B, RUNARMS1A, RUNARMS4A, RODARMS1A, RODARMS1B, RODARMS1C, RODARMS2A, RODARMS2B, RODARMS2C, RODARMS3A, RODARMS3B"
"615","0.228260432163803","4.43660870215195","0.001","0.20956527722705","0.247215256324258","0.106557650171972",NA,"RUNARMS7B, RUNARMS2C, RUNARMS1C, RUNARMS9C, RUNARMS1A, RUNARMS9B, RUNARMS3C, RUNARMS5C, RUNARMS7C, RODARMS1A, RODARMS1B, RODARMS1C, RODARMS2A, RODARMS2B, RODARMS2C, RODARMS3A, RODARMS3B"
"616","0.252761383842493","5.07390902404624","0.001","0.210837910667627","0.249814056401885","0.0257968126470589",NA,"RUNARMS6B, RUNARMS9A, RUNARMS7C, RUNARMS4A, RUNARMS7A, RUNARMS3A, RUNARMS5A, RUNARMS3C, RUNARMS1C, RODARMS1A, RODARMS1B, RODARMS1C, RODARMS2A, RODARMS2B, RODARMS2C, RODARMS3A, RODARMS3B"
"617","0.259657501606924","5.26089280644798","0.001","0.206454181664356","0.260367819397706","0.00061336622823598",NA,"RUNARMS9A, RUNARMS8C, RUNARMS2B, RUNARMS4B, RUNARMS7B, RUNARMS6A, RUNARMS7C, RUNARMS1A, RUNARMS1B, RODARMS1A, RODARMS1B, RODARMS1C, RODARMS2A, RODARMS2B, RODARMS2C, RODARMS3A, RODARMS3B"
"618","0.158824499149834","2.83218838974705","0.019","0.219809742519712","0.254942485881497","0.217572610482031",NA,"RUNARMS8B, RUNARMS1B, RUNARMS4C, RUNARMS2B, RUNARMS8A, RUNARMS7A, RUNARMS6A, RUNARMS8C, RUNARMS3B, RODARMS1A, RODARMS1B, RODARMS1C, RODARMS2A, RODARMS2B, RODARMS2C, RODARMS3A, RODARMS3B"
"619","0.183648676908451","3.37444195373448","0.007","0.238504126559841","0.262333969964717","0.234386874512226",NA,"RUNARMS2C, RUNARMS9C, RUNARMS7C, RUNARMS7A, RUNARMS5B, RUNARMS6C, RUNARMS1B, RUNARMS6A, RUNARMS8B, RODARMS1A, RODARMS1B, RODARMS1C, RODARMS2A, RODARMS2B, RODARMS2C, RODARMS3A, RODARMS3B"
"620","0.188101494046262","3.4752156704359","0.01","0.238555212383215","0.26091656426776","0.319423516153515",NA,"RUNARMS7A, RUNARMS6B, RUNARMS5B, RUNARMS2B, RUNARMS1C, RUNARMS3C, RUNARMS8B, RUNARMS6C, RUNARMS7B, RODARMS1A, RODARMS1B, RODARMS1C, RODARMS2A, RODARMS2B, RODARMS2C, RODARMS3A, RODARMS3B"
"621","0.172474007252199","3.1263188485385","0.014","0.236951431690906","0.254393328277148","0.436123347505045",NA,"RUNARMS5B, RUNARMS8B, RUNARMS2B, RUNARMS9C, RUNARMS8C, RUNARMS5C, RUNARMS8A, RUNARMS1B, RUNARMS3C, RODARMS1A, RODARMS1B, RODARMS1C, RODARMS2A, RODARMS2B, RODARMS2C, RODARMS3A, RODARMS3B"
"622","0.231471128603683","4.51780936056045","0.001","0.191400331676914","0.251980541130533","0.00235225506651043",NA,"RUNARMS3A, RUNARMS6A, RUNARMS1B, RUNARMS4C, RUNARMS9C, RUNARMS7B, RUNARMS5C, RUNARMS2A, RUNARMS9A, RODARMS1A, RODARMS1B, RODARMS1C, RODARMS2A, RODARMS2B, RODARMS2C, RODARMS3A, RODARMS3B"
"623","0.24531484890246","4.87583825941914","0.001","0.206672799594662","0.248448385471884","0.0847763417318477",NA,"RUNARMS9A, RUNARMS9C, RUNARMS2A, RUNARMS1C, RUNARMS8A, RUNARMS3C, RUNARMS4B, RUNARMS5B, RUNARMS5A, RODARMS1A, RODARMS1B, RODARMS1C, RODARMS2A, RODARMS2B, RODARMS2C, RODARMS3A, RODARMS3B"
"624","0.223473730723292","4.31679660235021","0.003","0.215829126096082","0.256245430902184","0.103417386203493",NA,"RUNARMS4C, RUNARMS7A, RUNARMS2A, RUNARMS7C, RUNARMS5B, RUNARMS8B, RUNARMS4B, RUNARMS9C, RUNARMS1C, RODARMS1A, RODARMS1B, RODARMS1C, RODARMS2A, RODARMS2B, RODARMS2C, RODARMS3A, RODARMS3B"
"625","0.184789949536939","3.40016568917373","0.013","0.215698722987286","0.257568778523844","0.0926034724455893",NA,"RUNARMS2A, RUNARMS7B, RUNARMS1B, RUNARMS4A, RUNARMS5A, RUNARMS2C, RUNARMS6A, RUNARMS7A, RUNARMS8B, RODARMS1A, RODARMS1B, RODARMS1C, RODARMS2A, RODARMS2B, RODARMS2C, RODARMS3A, RODARMS3B"
"626","0.239282373170165","4.71822325520446","0.001","0.182070766021792","0.246169849864549","0.0144111098784158",NA,"RUNARMS8A, RUNARMS4C, RUNARMS1C, RUNARMS7A, RUNARMS8C, RUNARMS4A, RUNARMS3B, RUNARMS5A, RUNARMS5C, RODARMS1A, RODARMS1B, RODARMS1C, RODARMS2A, RODARMS2B, RODARMS2C, RODARMS3A, RODARMS3B"
"627","0.242103422560067","4.79161860140319","0.001","0.197180581425376","0.247018445364424","0.0138860650858446",NA,"RUNARMS7B, RUNARMS5B, RUNARMS9C, RUNARMS3B, RUNARMS5A, RUNARMS3C, RUNARMS6C, RUNARMS1C, RUNARMS7A, RODARMS1A, RODARMS1B, RODARMS1C, RODARMS2A, RODARMS2B, RODARMS2C, RODARMS3A, RODARMS3B"
"628","0.191689761673652","3.55723123222879","0.005","0.24094890803274","0.25813756612517","0.374612104793073",NA,"RUNARMS1C, RUNARMS5C, RUNARMS8A, RUNARMS6C, RUNARMS6B, RUNARMS3A, RUNARMS5B, RUNARMS9B, RUNARMS9A, RODARMS1A, RODARMS1B, RODARMS1C, RODARMS2A, RODARMS2B, RODARMS2C, RODARMS3A, RODARMS3B"
"629","0.223084485527004","4.30711862560105","0.001","0.205150210353744","0.245440914402401","0.0728513896072919",NA,"RUNARMS8A, RUNARMS7C, RUNARMS7B, RUNARMS6A, RUNARMS2B, RUNARMS5A, RUNARMS6C, RUNARMS9A, RUNARMS1C, RODARMS1A, RODARMS1B, RODARMS1C, RODARMS2A, RODARMS2B, RODARMS2C, RODARMS3A, RODARMS3B"
"630","0.212416571426316","4.04560133669274","0.003","0.23762231150924","0.26054682347939","0.306626802396211",NA,"RUNARMS7A, RUNARMS6A, RUNARMS3C, RUNARMS7C, RUNARMS8C, RUNARMS7B, RUNARMS1C, RUNARMS8B, RUNARMS6B, RODARMS1A, RODARMS1B, RODARMS1C, RODARMS2A, RODARMS2B, RODARMS2C, RODARMS3A, RODARMS3B"
"631","0.247848520814657","4.94279133273333","0.001","0.189286497401022","0.24591101207525","0.00314277882829947",NA,"RUNARMS2C, RUNARMS1A, RUNARMS3A, RUNARMS8C, RUNARMS9C, RUNARMS7B, RUNARMS6C, RUNARMS5A, RUNARMS5B, RODARMS1A, RODARMS1B, RODARMS1C, RODARMS2A, RODARMS2B, RODARMS2C, RODARMS3A, RODARMS3B"
"632","0.174944459790936","3.18059423756986","0.008","0.227510438725737","0.251581295383807","0.41107579566522",NA,"RUNARMS8B, RUNARMS8A, RUNARMS7A, RUNARMS1C, RUNARMS5B, RUNARMS3B, RUNARMS3C, RUNARMS6A, RUNARMS4C, RODARMS1A, RODARMS1B, RODARMS1C, RODARMS2A, RODARMS2B, RODARMS2C, RODARMS3A, RODARMS3B"
"633","0.188542425684078","3.48525477458924","0.007","0.211745229500049","0.246404804329028","0.144965900208164",NA,"RUNARMS9C, RUNARMS6A, RUNARMS2A, RUNARMS9B, RUNARMS7C, RUNARMS3B, RUNARMS1C, RUNARMS7B, RUNARMS8A, RODARMS1A, RODARMS1B, RODARMS1C, RODARMS2A, RODARMS2B, RODARMS2C, RODARMS3A, RODARMS3B"
"634","0.281998718552912","5.89132761680927","0.001","0.189845678617473","0.251505269588231","0.00157990959512674",NA,"RUNARMS1A, RUNARMS5A, RUNARMS3C, RUNARMS2C, RUNARMS3B, RUNARMS4B, RUNARMS9A, RUNARMS5C, RUNARMS8C, RODARMS1A, RODARMS1B, RODARMS1C, RODARMS2A, RODARMS2B, RODARMS2C, RODARMS3A, RODARMS3B"
"635","0.218298874687026","4.18891954261211","0.007","0.229638979185085","0.264933536314142","0.107993528054182",NA,"RUNARMS8B, RUNARMS7B, RUNARMS9A, RUNARMS1A, RUNARMS2C, RUNARMS7A, RUNARMS9B, RUNARMS4B, RUNARMS8C, RODARMS1A, RODARMS1B, RODARMS1C, RODARMS2A, RODARMS2B, RODARMS2C, RODARMS3A, RODARMS3B"
"636","0.219146504304267","4.2097494378701","0.005","0.225355548823715","0.262252347894523","0.12139115295952",NA,"RUNARMS1B, RUNARMS8B, RUNARMS7C, RUNARMS3B, RUNARMS8C, RUNARMS5A, RUNARMS6A, RUNARMS4B, RUNARMS1A, RODARMS1A, RODARMS1B, RODARMS1C, RODARMS2A, RODARMS2B, RODARMS2C, RODARMS3A, RODARMS3B"
"637","0.183465093519943","3.37031078642119","0.009","0.237098226758059","0.257489690456201","0.51108786911508",NA,"RUNARMS8A, RUNARMS5B, RUNARMS3C, RUNARMS4C, RUNARMS1C, RUNARMS2B, RUNARMS8B, RUNARMS7C, RUNARMS2A, RODARMS1A, RODARMS1B, RODARMS1C, RODARMS2A, RODARMS2B, RODARMS2C, RODARMS3A, RODARMS3B"
"638","0.233136857603378","4.56020464501863","0.001","0.189831409592431","0.251389011935772","0.000572201876190331",NA,"RUNARMS7B, RUNARMS1B, RUNARMS4A, RUNARMS1C, RUNARMS6C, RUNARMS3B, RUNARMS6B, RUNARMS2C, RUNARMS5A, RODARMS1A, RODARMS1B, RODARMS1C, RODARMS2A, RODARMS2B, RODARMS2C, RODARMS3A, RODARMS3B"
"639","0.266690397994577","5.45520740350141","0.002","0.220841006204741","0.263197882837876","0.068311178390802",NA,"RUNARMS4B, RUNARMS7C, RUNARMS3C, RUNARMS8B, RUNARMS1A, RUNARMS7B, RUNARMS7A, RUNARMS9A, RUNARMS8C, RODARMS1A, RODARMS1B, RODARMS1C, RODARMS2A, RODARMS2B, RODARMS2C, RODARMS3A, RODARMS3B"
"640","0.165456651647329","2.97390157097163","0.012","0.235091572510325","0.252860494687098","0.464398531128958",NA,"RUNARMS7B, RUNARMS4A, RUNARMS6A, RUNARMS7A, RUNARMS8A, RUNARMS8B, RUNARMS3C, RUNARMS1B, RUNARMS1C, RODARMS1A, RODARMS1B, RODARMS1C, RODARMS2A, RODARMS2B, RODARMS2C, RODARMS3A, RODARMS3B"
"641","0.248221195647044","4.95267745398895","0.001","0.18687386768655","0.253206153898247","0.00058179139134981",NA,"RUNARMS2A, RUNARMS1C, RUNARMS4A, RUNARMS1A, RUNARMS2B, RUNARMS6B, RUNARMS7B, RUNARMS4B, RUNARMS6C, RODARMS1A, RODARMS1B, RODARMS1C, RODARMS2A, RODARMS2B, RODARMS2C, RODARMS3A, RODARMS3B"
"642","0.226994954227304","4.40478924688777","0.002","0.219604387405729","0.258193479853466","0.112104323677364",NA,"RUNARMS1A, RUNARMS7B, RUNARMS7C, RUNARMS3C, RUNARMS6A, RUNARMS3B, RUNARMS5A, RUNARMS7A, RUNARMS8B, RODARMS1A, RODARMS1B, RODARMS1C, RODARMS2A, RODARMS2B, RODARMS2C, RODARMS3A, RODARMS3B"
"643","0.269250977371531","5.52688342441531","0.001","0.185912966328108","0.245440912711141","0.000833325797724256",NA,"RUNARMS7A, RUNARMS5B, RUNARMS8C, RUNARMS1A, RUNARMS2A, RUNARMS3C, RUNARMS7B, RUNARMS9A, RUNARMS4A, RODARMS1A, RODARMS1B, RODARMS1C, RODARMS2A, RODARMS2B, RODARMS2C, RODARMS3A, RODARMS3B"
"644","0.180754307802565","3.30952563176256","0.015","0.225304703125567","0.259191876945918","0.196963030142796",NA,"RUNARMS2A, RUNARMS1B, RUNARMS2B, RUNARMS6A, RUNARMS8C, RUNARMS7A, RUNARMS4B, RUNARMS8B, RUNARMS6B, RODARMS1A, RODARMS1B, RODARMS1C, RODARMS2A, RODARMS2B, RODARMS2C, RODARMS3A, RODARMS3B"
"645","0.198437645225436","3.71345368286249","0.011","0.213028640237245","0.25135249351126","0.241484132730538",NA,"RUNARMS1B, RUNARMS2C, RUNARMS2A, RUNARMS9A, RUNARMS8B, RUNARMS2B, RUNARMS3A, RUNARMS3C, RUNARMS5B, RODARMS1A, RODARMS1B, RODARMS1C, RODARMS2A, RODARMS2B, RODARMS2C, RODARMS3A, RODARMS3B"
"646","0.184057336828273","3.38364468122318","0.013","0.196877459627446","0.249433060614956","0.04275784110431",NA,"RUNARMS7B, RUNARMS9C, RUNARMS2A, RUNARMS4C, RUNARMS7A, RUNARMS1B, RUNARMS9B, RUNARMS3B, RUNARMS6A, RODARMS1A, RODARMS1B, RODARMS1C, RODARMS2A, RODARMS2B, RODARMS2C, RODARMS3A, RODARMS3B"
"647","0.170536330862381","3.08397469125474","0.022","0.215229692549017","0.253487768329053","0.208798853776264",NA,"RUNARMS2C, RUNARMS9C, RUNARMS8B, RUNARMS6A, RUNARMS2B, RUNARMS3C, RUNARMS1B, RUNARMS4C, RUNARMS3A, RODARMS1A, RODARMS1B, RODARMS1C, RODARMS2A, RODARMS2B, RODARMS2C, RODARMS3A, RODARMS3B"
"648","0.151890391483915","2.68639318477373","0.037","0.228856764317226","0.253232890886488","0.389645133455655",NA,"RUNARMS4C, RUNARMS9C, RUNARMS6B, RUNARMS1A, RUNARMS8B, RUNARMS2A, RUNARMS9B, RUNARMS3A, RUNARMS1B, RODARMS1A, RODARMS1B, RODARMS1C, RODARMS2A, RODARMS2B, RODARMS2C, RODARMS3A, RODARMS3B"
"649","0.164640889132511","2.95634931714945","0.014","0.232255041927321","0.253551702923328","0.477879341294181",NA,"RUNARMS7B, RUNARMS4C, RUNARMS6B, RUNARMS3A, RUNARMS2B, RUNARMS8B, RUNARMS3C, RUNARMS8A, RUNARMS1C, RODARMS1A, RODARMS1B, RODARMS1C, RODARMS2A, RODARMS2B, RODARMS2C, RODARMS3A, RODARMS3B"
"650","0.188456380077775","3.483294836866","0.009","0.220967794654638","0.254894084403281","0.232285504972582",NA,"RUNARMS3B, RUNARMS8C, RUNARMS8A, RUNARMS8B, RUNARMS2B, RUNARMS5A, RUNARMS1C, RUNARMS5C, RUNARMS3A, RODARMS1A, RODARMS1B, RODARMS1C, RODARMS2A, RODARMS2B, RODARMS2C, RODARMS3A, RODARMS3B"
"651","0.262377711088783","5.33561109187884","0.001","0.190295034811216","0.245849843777683","0.0224775032974765",NA,"RUNARMS5B, RUNARMS2A, RUNARMS3C, RUNARMS1C, RUNARMS4C, RUNARMS6C, RUNARMS9A, RUNARMS2B, RUNARMS7C, RODARMS1A, RODARMS1B, RODARMS1C, RODARMS2A, RODARMS2B, RODARMS2C, RODARMS3A, RODARMS3B"
"652","0.211043470842494","4.01245435666511","0.003","0.237661478169698","0.26291002535674","0.240391388765791",NA,"RUNARMS8A, RUNARMS9A, RUNARMS1A, RUNARMS2A, RUNARMS7B, RUNARMS9B, RUNARMS4B, RUNARMS7C, RUNARMS6C, RODARMS1A, RODARMS1B, RODARMS1C, RODARMS2A, RODARMS2B, RODARMS2C, RODARMS3A, RODARMS3B"
"653","0.181169713394829","3.31881434453194","0.006","0.237559614361767","0.253820029586898","0.504862354340288",NA,"RUNARMS5A, RUNARMS1A, RUNARMS9A, RUNARMS9B, RUNARMS4B, RUNARMS8A, RUNARMS2C, RUNARMS3A, RUNARMS8B, RODARMS1A, RODARMS1B, RODARMS1C, RODARMS2A, RODARMS2B, RODARMS2C, RODARMS3A, RODARMS3B"
"654","0.232431851038953","4.54223871887267","0.001","0.218202252647422","0.254299320390056","0.110816343670832",NA,"RUNARMS1A, RUNARMS5A, RUNARMS3C, RUNARMS8A, RUNARMS1B, RUNARMS1C, RUNARMS5C, RUNARMS6A, RUNARMS9A, RODARMS1A, RODARMS1B, RODARMS1C, RODARMS2A, RODARMS2B, RODARMS2C, RODARMS3A, RODARMS3B"
"655","0.190033419190703","3.51928259189707","0.013","0.197791384857494","0.245440915393189","0.140020158321993",NA,"RUNARMS2A, RUNARMS1A, RUNARMS2C, RUNARMS2B, RUNARMS5B, RUNARMS9C, RUNARMS9A, RUNARMS6B, RUNARMS8B, RODARMS1A, RODARMS1B, RODARMS1C, RODARMS2A, RODARMS2B, RODARMS2C, RODARMS3A, RODARMS3B"
"656","0.259511430574403","5.25689608096938","0.001","0.20048296116959","0.252107024649224","0.00214345627820348",NA,"RUNARMS5A, RUNARMS7C, RUNARMS1B, RUNARMS2A, RUNARMS7A, RUNARMS5C, RUNARMS5B, RUNARMS9C, RUNARMS8C, RODARMS1A, RODARMS1B, RODARMS1C, RODARMS2A, RODARMS2B, RODARMS2C, RODARMS3A, RODARMS3B"
"657","0.228628177321391","4.44587494512322","0.001","0.207878757702799","0.250258879139667","0.028598424167118",NA,"RUNARMS6C, RUNARMS5C, RUNARMS7C, RUNARMS3C, RUNARMS1B, RUNARMS1C, RUNARMS4A, RUNARMS7B, RUNARMS2B, RODARMS1A, RODARMS1B, RODARMS1C, RODARMS2A, RODARMS2B, RODARMS2C, RODARMS3A, RODARMS3B"
"658","0.188921896186621","3.49390327451294","0.008","0.218178681988138","0.257437653337343","0.10014127758662",NA,"RUNARMS8A, RUNARMS3A, RUNARMS3B, RUNARMS7B, RUNARMS9A, RUNARMS4A, RUNARMS1A, RUNARMS9B, RUNARMS2C, RODARMS1A, RODARMS1B, RODARMS1C, RODARMS2A, RODARMS2B, RODARMS2C, RODARMS3A, RODARMS3B"
"659","0.277547056860635","5.76259795526423","0.001","0.187655596052513","0.255968262486031","0.000145787056344926",NA,"RUNARMS7B, RUNARMS1B, RUNARMS1A, RUNARMS3B, RUNARMS5C, RUNARMS5A, RUNARMS7A, RUNARMS4B, RUNARMS9A, RODARMS1A, RODARMS1B, RODARMS1C, RODARMS2A, RODARMS2B, RODARMS2C, RODARMS3A, RODARMS3B"
"660","0.255819212378978","5.15639243785319","0.001","0.194528520251098","0.24635988299743","0.0312752869316563",NA,"RUNARMS7C, RUNARMS7B, RUNARMS5A, RUNARMS6C, RUNARMS4C, RUNARMS7A, RUNARMS9C, RUNARMS3C, RUNARMS1C, RODARMS1A, RODARMS1B, RODARMS1C, RODARMS2A, RODARMS2B, RODARMS2C, RODARMS3A, RODARMS3B"
"661","0.253102845385288","5.08308628212377","0.001","0.190816594529334","0.254691332696958","0.0029741763239516",NA,"RUNARMS6B, RUNARMS5B, RUNARMS4C, RUNARMS9C, RUNARMS4B, RUNARMS1B, RUNARMS3B, RUNARMS3C, RUNARMS2A, RODARMS1A, RODARMS1B, RODARMS1C, RODARMS2A, RODARMS2B, RODARMS2C, RODARMS3A, RODARMS3B"
"662","0.192385054204441","3.57320753917439","0.011","0.236287002772932","0.266024806083589","0.305440483527448",NA,"RUNARMS2A, RUNARMS2B, RUNARMS5B, RUNARMS7C, RUNARMS1C, RUNARMS8B, RUNARMS1B, RUNARMS6B, RUNARMS6C, RODARMS1A, RODARMS1B, RODARMS1C, RODARMS2A, RODARMS2B, RODARMS2C, RODARMS3A, RODARMS3B"
"663","0.168612997181041","3.04213915918815","0.024","0.226776428819596","0.251388527061385","0.398830890752104",NA,"RUNARMS8B, RUNARMS9B, RUNARMS1A, RUNARMS6A, RUNARMS5C, RUNARMS2C, RUNARMS5B, RUNARMS2A, RUNARMS3A, RODARMS1A, RODARMS1B, RODARMS1C, RODARMS2A, RODARMS2B, RODARMS2C, RODARMS3A, RODARMS3B"
"664","0.186873558966388","3.44731550105864","0.015","0.19992426700796","0.24848029115846","0.0503906491370731",NA,"RUNARMS6A, RUNARMS7B, RUNARMS9B, RUNARMS1B, RUNARMS7A, RUNARMS5B, RUNARMS2B, RUNARMS2A, RUNARMS4A, RODARMS1A, RODARMS1B, RODARMS1C, RODARMS2A, RODARMS2B, RODARMS2C, RODARMS3A, RODARMS3B"
"665","0.192846556561701","3.5838270553654","0.017","0.225411699037713","0.261027034633215","0.201210542845034",NA,"RUNARMS2B, RUNARMS5C, RUNARMS8B, RUNARMS1A, RUNARMS3B, RUNARMS6A, RUNARMS4B, RUNARMS6C, RUNARMS3C, RODARMS1A, RODARMS1B, RODARMS1C, RODARMS2A, RODARMS2B, RODARMS2C, RODARMS3A, RODARMS3B"
"666","0.17540287178912","3.19070123679105","0.011","0.211891625598859","0.245440912711119","0.254476667545613",NA,"RUNARMS1A, RUNARMS5A, RUNARMS8A, RUNARMS8B, RUNARMS2B, RUNARMS4A, RUNARMS9A, RUNARMS3A, RUNARMS2A, RODARMS1A, RODARMS1B, RODARMS1C, RODARMS2A, RODARMS2B, RODARMS2C, RODARMS3A, RODARMS3B"
"667","0.207448862779082","3.92622355271299","0.003","0.184629764736232","0.250256690857176","0.00261623094116979",NA,"RUNARMS3B, RUNARMS5C, RUNARMS2A, RUNARMS7A, RUNARMS1B, RUNARMS9C, RUNARMS4A, RUNARMS6B, RUNARMS2B, RODARMS1A, RODARMS1B, RODARMS1C, RODARMS2A, RODARMS2B, RODARMS2C, RODARMS3A, RODARMS3B"
"668","0.220531642804999","4.24388573511704","0.004","0.226620779752051","0.262102978390615","0.195705445467611",NA,"RUNARMS7C, RUNARMS8B, RUNARMS4C, RUNARMS4B, RUNARMS5A, RUNARMS1B, RUNARMS8C, RUNARMS6B, RUNARMS3A, RODARMS1A, RODARMS1B, RODARMS1C, RODARMS2A, RODARMS2B, RODARMS2C, RODARMS3A, RODARMS3B"
"669","0.250611382392468","5.01631683156383","0.001","0.199413814457287","0.248453889670565","0.00484531323271182",NA,"RUNARMS9A, RUNARMS3A, RUNARMS7C, RUNARMS7A, RUNARMS2A, RUNARMS5A, RUNARMS1B, RUNARMS4A, RUNARMS1C, RODARMS1A, RODARMS1B, RODARMS1C, RODARMS2A, RODARMS2B, RODARMS2C, RODARMS3A, RODARMS3B"
"670","0.213334692136737","4.06782954588773","0.01","0.237707676192782","0.263552447815137","0.26435946453518",NA,"RUNARMS7C, RUNARMS8C, RUNARMS8A, RUNARMS1B, RUNARMS2C, RUNARMS9A, RUNARMS9B, RUNARMS5B, RUNARMS1A, RODARMS1A, RODARMS1B, RODARMS1C, RODARMS2A, RODARMS2B, RODARMS2C, RODARMS3A, RODARMS3B"
"671","0.219433774223992","4.21681915597566","0.001","0.207917317752328","0.251589672531259","0.00489167538169473",NA,"RUNARMS3A, RUNARMS6A, RUNARMS9A, RUNARMS9C, RUNARMS2A, RUNARMS1B, RUNARMS5B, RUNARMS7A, RUNARMS6C, RODARMS1A, RODARMS1B, RODARMS1C, RODARMS2A, RODARMS2B, RODARMS2C, RODARMS3A, RODARMS3B"
"672","0.223005779589204","4.30516290336049","0.002","0.201178790509397","0.245440912711119","0.109905084515445",NA,"RUNARMS6B, RUNARMS1C, RUNARMS8A, RUNARMS1A, RUNARMS3C, RUNARMS5B, RUNARMS4C, RUNARMS8C, RUNARMS2B, RODARMS1A, RODARMS1B, RODARMS1C, RODARMS2A, RODARMS2B, RODARMS2C, RODARMS3A, RODARMS3B"
"673","0.18094867083391","3.31387053027814","0.011","0.233923966483609","0.260187861453146","0.317155848903995",NA,"RUNARMS6A, RUNARMS2A, RUNARMS2B, RUNARMS7C, RUNARMS1A, RUNARMS8A, RUNARMS5A, RUNARMS9B, RUNARMS1B, RODARMS1A, RODARMS1B, RODARMS1C, RODARMS2A, RODARMS2B, RODARMS2C, RODARMS3A, RODARMS3B"
"674","0.177175425350636","3.22988819505308","0.007","0.22612985097963","0.25967792006104","0.194267341727722",NA,"RUNARMS1B, RUNARMS7C, RUNARMS9B, RUNARMS8A, RUNARMS3B, RUNARMS4A, RUNARMS2A, RUNARMS2B, RUNARMS8C, RODARMS1A, RODARMS1B, RODARMS1C, RODARMS2A, RODARMS2B, RODARMS2C, RODARMS3A, RODARMS3B"
"675","0.206616194872743","3.90636020430746","0.009","0.1912918613711","0.245440912711119","0.061060870413955",NA,"RUNARMS9B, RUNARMS3A, RUNARMS5B, RUNARMS7A, RUNARMS4A, RUNARMS1C, RUNARMS3B, RUNARMS4C, RUNARMS6B, RODARMS1A, RODARMS1B, RODARMS1C, RODARMS2A, RODARMS2B, RODARMS2C, RODARMS3A, RODARMS3B"
"676","0.229135927145357","4.45868348028258","0.001","0.192956018882035","0.251560341618526","0.0081384077984442",NA,"RUNARMS3A, RUNARMS3B, RUNARMS4A, RUNARMS8C, RUNARMS7C, RUNARMS9C, RUNARMS2B, RUNARMS6C, RUNARMS1A, RODARMS1A, RODARMS1B, RODARMS1C, RODARMS2A, RODARMS2B, RODARMS2C, RODARMS3A, RODARMS3B"
"677","0.239300547692311","4.71869436016469","0.001","0.206207908752409","0.249193963253999","0.0637407733540535",NA,"RUNARMS8A, RUNARMS5A, RUNARMS7C, RUNARMS2A, RUNARMS2C, RUNARMS1B, RUNARMS9A, RUNARMS1A, RUNARMS8C, RODARMS1A, RODARMS1B, RODARMS1C, RODARMS2A, RODARMS2B, RODARMS2C, RODARMS3A, RODARMS3B"
"678","0.218142255568208","4.18507568266284","0.004","0.210436124147893","0.250818825109214","0.141221635382155",NA,"RUNARMS4C, RUNARMS1B, RUNARMS9B, RUNARMS5B, RUNARMS7C, RUNARMS5C, RUNARMS1A, RUNARMS3A, RUNARMS6B, RODARMS1A, RODARMS1B, RODARMS1C, RODARMS2A, RODARMS2B, RODARMS2C, RODARMS3A, RODARMS3B"
"679","0.212827261646515","4.05553796410077","0.005","0.240032602613895","0.267960393589837","0.175823984860207",NA,"RUNARMS3B, RUNARMS9B, RUNARMS1C, RUNARMS9A, RUNARMS8C, RUNARMS3C, RUNARMS6C, RUNARMS3A, RUNARMS6A, RODARMS1A, RODARMS1B, RODARMS1C, RODARMS2A, RODARMS2B, RODARMS2C, RODARMS3A, RODARMS3B"
"680","0.247327080880551","4.92897528125295","0.001","0.18864107073443","0.248073652525448","0.00167849644328147",NA,"RUNARMS4A, RUNARMS5B, RUNARMS7A, RUNARMS6B, RUNARMS1C, RUNARMS5A, RUNARMS2C, RUNARMS9C, RUNARMS4B, RODARMS1A, RODARMS1B, RODARMS1C, RODARMS2A, RODARMS2B, RODARMS2C, RODARMS3A, RODARMS3B"
"681","0.190338746392009","3.52626630354039","0.012","0.222277442547746","0.254374971571068","0.158776386175221",NA,"RUNARMS2B, RUNARMS6B, RUNARMS7B, RUNARMS3C, RUNARMS2A, RUNARMS1A, RUNARMS7A, RUNARMS9B, RUNARMS1B, RODARMS1A, RODARMS1B, RODARMS1C, RODARMS2A, RODARMS2B, RODARMS2C, RODARMS3A, RODARMS3B"
"682","0.233637119193646","4.57297303363292","0.001","0.206991153570828","0.245440912711119","0.0595368235465323",NA,"RUNARMS5B, RUNARMS3C, RUNARMS9A, RUNARMS2B, RUNARMS8A, RUNARMS8C, RUNARMS5C, RUNARMS7A, RUNARMS1A, RODARMS1A, RODARMS1B, RODARMS1C, RODARMS2A, RODARMS2B, RODARMS2C, RODARMS3A, RODARMS3B"
"683","0.25462699720847","5.12415253010618","0.001","0.205395748185475","0.257366684659748","0.00286997101903101",NA,"RUNARMS4B, RUNARMS1A, RUNARMS3B, RUNARMS4A, RUNARMS7C, RUNARMS3C, RUNARMS8C, RUNARMS9C, RUNARMS1B, RODARMS1A, RODARMS1B, RODARMS1C, RODARMS2A, RODARMS2B, RODARMS2C, RODARMS3A, RODARMS3B"
"684","0.222566371595689","4.29425156304035","0.003","0.218579929006223","0.260453763780965","0.0483503315266983",NA,"RUNARMS2A, RUNARMS9B, RUNARMS9A, RUNARMS7C, RUNARMS5B, RUNARMS7B, RUNARMS1A, RUNARMS6A, RUNARMS2B, RODARMS1A, RODARMS1B, RODARMS1C, RODARMS2A, RODARMS2B, RODARMS2C, RODARMS3A, RODARMS3B"
"685","0.174453767273009","3.16978796021047","0.017","0.237729659329027","0.252836782700635","0.609699302100258",NA,"RUNARMS8B, RUNARMS4C, RUNARMS3C, RUNARMS2A, RUNARMS8C, RUNARMS8A, RUNARMS6C, RUNARMS3A, RUNARMS1C, RODARMS1A, RODARMS1B, RODARMS1C, RODARMS2A, RODARMS2B, RODARMS2C, RODARMS3A, RODARMS3B"
"686","0.275094102272853","5.69234096043453","0.001","0.188046130081616","0.251446113724124","0.000506011450700538",NA,"RUNARMS8C, RUNARMS5B, RUNARMS2A, RUNARMS2C, RUNARMS1B, RUNARMS1A, RUNARMS4B, RUNARMS9A, RUNARMS5C, RODARMS1A, RODARMS1B, RODARMS1C, RODARMS2A, RODARMS2B, RODARMS2C, RODARMS3A, RODARMS3B"
"687","0.256661366002251","5.17922830046987","0.001","0.206494528435646","0.250839078447748","0.00971652033516327",NA,"RUNARMS6C, RUNARMS9A, RUNARMS1B, RUNARMS8C, RUNARMS5B, RUNARMS2A, RUNARMS3C, RUNARMS6B, RUNARMS1C, RODARMS1A, RODARMS1B, RODARMS1C, RODARMS2A, RODARMS2B, RODARMS2C, RODARMS3A, RODARMS3B"
"688","0.203112816492798","3.82324162120803","0.003","0.197752773511474","0.245440912711119","0.0936591821249671",NA,"RUNARMS1C, RUNARMS4A, RUNARMS4C, RUNARMS3C, RUNARMS7A, RUNARMS5C, RUNARMS8A, RUNARMS6A, RUNARMS2B, RODARMS1A, RODARMS1B, RODARMS1C, RODARMS2A, RODARMS2B, RODARMS2C, RODARMS3A, RODARMS3B"
"689","0.166893802623079","3.00490747425515","0.022","0.235014791160967","0.258745618971914","0.299058568680641",NA,"RUNARMS5A, RUNARMS8A, RUNARMS8B, RUNARMS1A, RUNARMS6A, RUNARMS9C, RUNARMS2A, RUNARMS7A, RUNARMS1B, RODARMS1A, RODARMS1B, RODARMS1C, RODARMS2A, RODARMS2B, RODARMS2C, RODARMS3A, RODARMS3B"
"690","0.211463873163467","4.02259070890934","0.004","0.20948746941454","0.246509355365192","0.104988754952682",NA,"RUNARMS6A, RUNARMS6B, RUNARMS4B, RUNARMS2C, RUNARMS8A, RUNARMS1C, RUNARMS3A, RUNARMS5B, RUNARMS7A, RODARMS1A, RODARMS1B, RODARMS1C, RODARMS2A, RODARMS2B, RODARMS2C, RODARMS3A, RODARMS3B"
"691","0.160022170344493","2.85761417792637","0.021","0.250667829358387","0.263441686352907","0.496059556771685",NA,"RUNARMS1A, RUNARMS8A, RUNARMS8C, RUNARMS6C, RUNARMS7A, RUNARMS6B, RUNARMS9B, RUNARMS8B, RUNARMS3B, RODARMS1A, RODARMS1B, RODARMS1C, RODARMS2A, RODARMS2B, RODARMS2C, RODARMS3A, RODARMS3B"
"692","0.24979431272823","4.99451650993161","0.001","0.206569063049432","0.247117305126278","0.0287735080212219",NA,"RUNARMS3C, RUNARMS1A, RUNARMS2C, RUNARMS5A, RUNARMS7C, RUNARMS6C, RUNARMS1C, RUNARMS7A, RUNARMS6A, RODARMS1A, RODARMS1B, RODARMS1C, RODARMS2A, RODARMS2B, RODARMS2C, RODARMS3A, RODARMS3B"
"693","0.22460116122224","4.34488323924252","0.001","0.218031480513088","0.259643727564607","0.0866049454487294",NA,"RUNARMS8B, RUNARMS9C, RUNARMS6A, RUNARMS1A, RUNARMS7C, RUNARMS7A, RUNARMS4C, RUNARMS3C, RUNARMS7B, RODARMS1A, RODARMS1B, RODARMS1C, RODARMS2A, RODARMS2B, RODARMS2C, RODARMS3A, RODARMS3B"
"694","0.248727581184518","4.96612630029761","0.001","0.206366786392391","0.259053290467226","0.0226186482462574",NA,"RUNARMS2B, RUNARMS4A, RUNARMS4B, RUNARMS3C, RUNARMS1C, RUNARMS6C, RUNARMS7C, RUNARMS4C, RUNARMS1B, RODARMS1A, RODARMS1B, RODARMS1C, RODARMS2A, RODARMS2B, RODARMS2C, RODARMS3A, RODARMS3B"
"695","0.228701253687409","4.44771733613168","0.002","0.188885260308422","0.248883464646554","0.00822149528796301",NA,"RUNARMS4C, RUNARMS2B, RUNARMS7B, RUNARMS2C, RUNARMS6B, RUNARMS3A, RUNARMS3C, RUNARMS9C, RUNARMS1A, RODARMS1A, RODARMS1B, RODARMS1C, RODARMS2A, RODARMS2B, RODARMS2C, RODARMS3A, RODARMS3B"
"696","0.220293935141889","4.23801888437237","0.002","0.206546100772179","0.245440914251185","0.0412406412270972",NA,"RUNARMS3A, RUNARMS2A, RUNARMS8C, RUNARMS2C, RUNARMS5C, RUNARMS7A, RUNARMS8A, RUNARMS9A, RUNARMS1A, RODARMS1A, RODARMS1B, RODARMS1C, RODARMS2A, RODARMS2B, RODARMS2C, RODARMS3A, RODARMS3B"
"697","0.191344031876708","3.5492973418741","0.005","0.229316684754895","0.263146240353706","0.14166862893474",NA,"RUNARMS2C, RUNARMS3A, RUNARMS6C, RUNARMS4B, RUNARMS9C, RUNARMS8B, RUNARMS9A, RUNARMS4A, RUNARMS1A, RODARMS1A, RODARMS1B, RODARMS1C, RODARMS2A, RODARMS2B, RODARMS2C, RODARMS3A, RODARMS3B"
"698","0.257315615148844","5.19700468457567","0.001","0.184860285590625","0.24945263072164","0.00328014317359912",NA,"RUNARMS2B, RUNARMS2A, RUNARMS4C, RUNARMS7A, RUNARMS7C, RUNARMS7B, RUNARMS5A, RUNARMS6B, RUNARMS1C, RODARMS1A, RODARMS1B, RODARMS1C, RODARMS2A, RODARMS2B, RODARMS2C, RODARMS3A, RODARMS3B"
"699","0.23759816298113","4.67466403104789","0.001","0.220042937118066","0.256796888329412","0.122838231043631",NA,"RUNARMS9B, RUNARMS5C, RUNARMS5A, RUNARMS9A, RUNARMS1B, RUNARMS3C, RUNARMS2A, RUNARMS5B, RUNARMS1C, RODARMS1A, RODARMS1B, RODARMS1C, RODARMS2A, RODARMS2B, RODARMS2C, RODARMS3A, RODARMS3B"
"700","0.186251184072326","3.43320654531459","0.01","0.211657218319643","0.258210177466399","0.0872873228761944",NA,"RUNARMS9A, RUNARMS3B, RUNARMS1B, RUNARMS4A, RUNARMS8B, RUNARMS2B, RUNARMS4B, RUNARMS7A, RUNARMS2C, RODARMS1A, RODARMS1B, RODARMS1C, RODARMS2A, RODARMS2B, RODARMS2C, RODARMS3A, RODARMS3B"
"701","0.173129980387915","3.14069883321812","0.013","0.23326643043631","0.25302167009532","0.475999290591016",NA,"RUNARMS9B, RUNARMS7C, RUNARMS1B, RUNARMS2B, RUNARMS8A, RUNARMS2A, RUNARMS5A, RUNARMS3A, RUNARMS6C, RODARMS1A, RODARMS1B, RODARMS1C, RODARMS2A, RODARMS2B, RODARMS2C, RODARMS3A, RODARMS3B"
"702","0.225150211957495","4.35859082815824","0.003","0.183068362538807","0.250055118084915","0.00120407978575063",NA,"RUNARMS2C, RUNARMS9C, RUNARMS6C, RUNARMS8C, RUNARMS3B, RUNARMS1A, RUNARMS6A, RUNARMS4A, RUNARMS2A, RODARMS1A, RODARMS1B, RODARMS1C, RODARMS2A, RODARMS2B, RODARMS2C, RODARMS3A, RODARMS3B"
"703","0.210803518350685","4.00667368492571","0.004","0.206368559389896","0.249730105190174","0.0964200354861406",NA,"RUNARMS8A, RUNARMS4C, RUNARMS2C, RUNARMS6C, RUNARMS2A, RUNARMS7B, RUNARMS7C, RUNARMS6B, RUNARMS1A, RODARMS1A, RODARMS1B, RODARMS1C, RODARMS2A, RODARMS2B, RODARMS2C, RODARMS3A, RODARMS3B"
"704","0.201241564101278","3.77914438940825","0.005","0.244596687047984","0.266416075258902","0.393565767017015",NA,"RUNARMS1B, RUNARMS8B, RUNARMS3C, RUNARMS6C, RUNARMS7C, RUNARMS1C, RUNARMS6B, RUNARMS1A, RUNARMS4C, RODARMS1A, RODARMS1B, RODARMS1C, RODARMS2A, RODARMS2B, RODARMS2C, RODARMS3A, RODARMS3B"
"705","0.183015814592711","3.36020851801689","0.008","0.234273700791365","0.2543650589209","0.298454873691333",NA,"RUNARMS6C, RUNARMS2C, RUNARMS1A, RUNARMS6B, RUNARMS3C, RUNARMS9B, RUNARMS9C, RUNARMS7A, RUNARMS3A, RODARMS1A, RODARMS1B, RODARMS1C, RODARMS2A, RODARMS2B, RODARMS2C, RODARMS3A, RODARMS3B"
"706","0.227272715136849","4.41176440101566","0.002","0.197302477128686","0.250753470339788","0.00447310115288139",NA,"RUNARMS1C, RUNARMS6A, RUNARMS7B, RUNARMS2C, RUNARMS9C, RUNARMS1B, RUNARMS4C, RUNARMS7C, RUNARMS6B, RODARMS1A, RODARMS1B, RODARMS1C, RODARMS2A, RODARMS2B, RODARMS2C, RODARMS3A, RODARMS3B"
"707","0.174329665107393","3.16705695494196","0.011","0.242860522263974","0.259684139950162","0.482294698013756",NA,"RUNARMS8B, RUNARMS6C, RUNARMS1A, RUNARMS9B, RUNARMS2A, RUNARMS3C, RUNARMS6B, RUNARMS4A, RUNARMS8C, RODARMS1A, RODARMS1B, RODARMS1C, RODARMS2A, RODARMS2B, RODARMS2C, RODARMS3A, RODARMS3B"
"708","0.176421341881265","3.21319658071745","0.012","0.219536008173935","0.257644219010433","0.168767102905737",NA,"RUNARMS4A, RUNARMS1A, RUNARMS3C, RUNARMS6C, RUNARMS8B, RUNARMS9C, RUNARMS3B, RUNARMS2B, RUNARMS5C, RODARMS1A, RODARMS1B, RODARMS1C, RODARMS2A, RODARMS2B, RODARMS2C, RODARMS3A, RODARMS3B"
"709","0.202559049278845","3.81017019057643","0.005","0.223971344559102","0.247739149402207","0.248915364352022",NA,"RUNARMS1C, RUNARMS3A, RUNARMS1B, RUNARMS9C, RUNARMS1A, RUNARMS6C, RUNARMS3C, RUNARMS8A, RUNARMS8C, RODARMS1A, RODARMS1B, RODARMS1C, RODARMS2A, RODARMS2B, RODARMS2C, RODARMS3A, RODARMS3B"
"710","0.248984019526927","4.97294383876006","0.001","0.185241910343731","0.245440912711119","0.0047838125531216",NA,"RUNARMS3C, RUNARMS4A, RUNARMS1A, RUNARMS2C, RUNARMS1C, RUNARMS8C, RUNARMS3B, RUNARMS5A, RUNARMS6A, RODARMS1A, RODARMS1B, RODARMS1C, RODARMS2A, RODARMS2B, RODARMS2C, RODARMS3A, RODARMS3B"
"711","0.210826017563189","4.00721556187523","0.003","0.202650560091802","0.254099924232994","0.0543535066250883",NA,"RUNARMS2C, RUNARMS5C, RUNARMS5B, RUNARMS1A, RUNARMS4A, RUNARMS9B, RUNARMS4C, RUNARMS6C, RUNARMS6B, RODARMS1A, RODARMS1B, RODARMS1C, RODARMS2A, RODARMS2B, RODARMS2C, RODARMS3A, RODARMS3B"
"712","0.232641732748319","4.54758375605048","0.004","0.228304026078099","0.257268185987142","0.164198195551671",NA,"RUNARMS1A, RUNARMS9B, RUNARMS6B, RUNARMS3C, RUNARMS5A, RUNARMS5B, RUNARMS7C, RUNARMS8C, RUNARMS9C, RODARMS1A, RODARMS1B, RODARMS1C, RODARMS2A, RODARMS2B, RODARMS2C, RODARMS3A, RODARMS3B"
"713","0.224672230495067","4.34665645934221","0.001","0.213753954542761","0.251519072151086","0.088983667310154",NA,"RUNARMS7B, RUNARMS9C, RUNARMS1A, RUNARMS3A, RUNARMS6B, RUNARMS8C, RUNARMS7C, RUNARMS9B, RUNARMS5A, RODARMS1A, RODARMS1B, RODARMS1C, RODARMS2A, RODARMS2B, RODARMS2C, RODARMS3A, RODARMS3B"
"714","0.277988511783308","5.77529269935684","0.001","0.164595755810515","0.245440916562826","3.80233429332031e-05",NA,"RUNARMS9A, RUNARMS7A, RUNARMS7B, RUNARMS4C, RUNARMS1A, RUNARMS8C, RUNARMS3B, RUNARMS9C, RUNARMS5A, RODARMS1A, RODARMS1B, RODARMS1C, RODARMS2A, RODARMS2B, RODARMS2C, RODARMS3A, RODARMS3B"
"715","0.258855689704012","5.23897342477","0.001","0.194386622751576","0.24838263097049","0.00278633996588812",NA,"RUNARMS1A, RUNARMS6C, RUNARMS8C, RUNARMS2B, RUNARMS5A, RUNARMS7A, RUNARMS1C, RUNARMS5B, RUNARMS9A, RODARMS1A, RODARMS1B, RODARMS1C, RODARMS2A, RODARMS2B, RODARMS2C, RODARMS3A, RODARMS3B"
"716","0.166236815571014","2.99072000315408","0.012","0.239136480431845","0.256692997347428","0.506114623452514",NA,"RUNARMS5C, RUNARMS8B, RUNARMS6B, RUNARMS1B, RUNARMS8A, RUNARMS2A, RUNARMS2B, RUNARMS5B, RUNARMS7C, RODARMS1A, RODARMS1B, RODARMS1C, RODARMS2A, RODARMS2B, RODARMS2C, RODARMS3A, RODARMS3B"
"717","0.24291121690236","4.81273575158158","0.002","0.18756807620668","0.25164856008745","0.00171448736128977",NA,"RUNARMS8C, RUNARMS7B, RUNARMS9C, RUNARMS1A, RUNARMS6B, RUNARMS4C, RUNARMS2C, RUNARMS1B, RUNARMS5A, RODARMS1A, RODARMS1B, RODARMS1C, RODARMS2A, RODARMS2B, RODARMS2C, RODARMS3A, RODARMS3B"
"718","0.24492436265922","4.86555949921374","0.002","0.19193815210102","0.251599633954163","0.00133658581908293",NA,"RUNARMS1B, RUNARMS8C, RUNARMS2A, RUNARMS2B, RUNARMS1A, RUNARMS7B, RUNARMS5C, RUNARMS6C, RUNARMS5A, RODARMS1A, RODARMS1B, RODARMS1C, RODARMS2A, RODARMS2B, RODARMS2C, RODARMS3A, RODARMS3B"
"719","0.245703542559177","4.88608040251441","0.003","0.219666587068864","0.257601005709471","0.106010450968287",NA,"RUNARMS9A, RUNARMS5B, RUNARMS9B, RUNARMS3C, RUNARMS3A, RUNARMS1A, RUNARMS2A, RUNARMS4B, RUNARMS1C, RODARMS1A, RODARMS1B, RODARMS1C, RODARMS2A, RODARMS2B, RODARMS2C, RODARMS3A, RODARMS3B"
"720","0.209264658265161","3.9696845560117","0.005","0.221404754696428","0.255748061293224","0.206544076522201",NA,"RUNARMS4B, RUNARMS1C, RUNARMS5A, RUNARMS1A, RUNARMS8A, RUNARMS9B, RUNARMS5B, RUNARMS3B, RUNARMS6C, RODARMS1A, RODARMS1B, RODARMS1C, RODARMS2A, RODARMS2B, RODARMS2C, RODARMS3A, RODARMS3B"
"721","0.186241986572516","3.43299820400072","0.009","0.207130134616677","0.252830106265724","0.0503874767885411",NA,"RUNARMS8A, RUNARMS1B, RUNARMS3B, RUNARMS1C, RUNARMS9C, RUNARMS6A, RUNARMS4A, RUNARMS6B, RUNARMS6C, RODARMS1A, RODARMS1B, RODARMS1C, RODARMS2A, RODARMS2B, RODARMS2C, RODARMS3A, RODARMS3B"
"722","0.250700725051052","5.0187034760203","0.001","0.193141560559014","0.258428967365101","0.0022626670278905",NA,"RUNARMS4B, RUNARMS9A, RUNARMS6C, RUNARMS2B, RUNARMS4C, RUNARMS3B, RUNARMS8C, RUNARMS1B, RUNARMS3A, RODARMS1A, RODARMS1B, RODARMS1C, RODARMS2A, RODARMS2B, RODARMS2C, RODARMS3A, RODARMS3B"
"723","0.236668642430407","4.65070588447881","0.001","0.196760927236223","0.245440913336074","0.0341134050840971",NA,"RUNARMS1A, RUNARMS9C, RUNARMS5C, RUNARMS5B, RUNARMS9A, RUNARMS8A, RUNARMS1B, RUNARMS5A, RUNARMS3A, RODARMS1A, RODARMS1B, RODARMS1C, RODARMS2A, RODARMS2B, RODARMS2C, RODARMS3A, RODARMS3B"
"724","0.216931167065799","4.1554041855991","0.006","0.214591572538306","0.256934927709226","0.0362496184738604",NA,"RUNARMS9A, RUNARMS7A, RUNARMS5B, RUNARMS7B, RUNARMS1C, RUNARMS9B, RUNARMS5C, RUNARMS2C, RUNARMS2B, RODARMS1A, RODARMS1B, RODARMS1C, RODARMS2A, RODARMS2B, RODARMS2C, RODARMS3A, RODARMS3B"
"725","0.192183699387443","3.56857801535533","0.003","0.237761927799639","0.264701896629659","0.26046735015065",NA,"RUNARMS7A, RUNARMS1B, RUNARMS3A, RUNARMS8B, RUNARMS4C, RUNARMS7C, RUNARMS6C, RUNARMS5C, RUNARMS2A, RODARMS1A, RODARMS1B, RODARMS1C, RODARMS2A, RODARMS2B, RODARMS2C, RODARMS3A, RODARMS3B"
"726","0.17223588023948","3.12110436043018","0.015","0.232921713403756","0.252535256078302","0.484288336272988",NA,"RUNARMS2C, RUNARMS1A, RUNARMS8A, RUNARMS9C, RUNARMS3C, RUNARMS3A, RUNARMS6A, RUNARMS8B, RUNARMS5B, RODARMS1A, RODARMS1B, RODARMS1C, RODARMS2A, RODARMS2B, RODARMS2C, RODARMS3A, RODARMS3B"
"727","0.268768624831977","5.51334298470615","0.001","0.181787905745866","0.250753528577529","0.000353742965039343",NA,"RUNARMS4C, RUNARMS7B, RUNARMS2C, RUNARMS4B, RUNARMS9C, RUNARMS7C, RUNARMS3B, RUNARMS9A, RUNARMS1C, RODARMS1A, RODARMS1B, RODARMS1C, RODARMS2A, RODARMS2B, RODARMS2C, RODARMS3A, RODARMS3B"
"728","0.177546734511262","3.23811835811283","0.016","0.218264669430211","0.2532990597314","0.129540279243809",NA,"RUNARMS6B, RUNARMS7A, RUNARMS1A, RUNARMS4A, RUNARMS5C, RUNARMS3A, RUNARMS9C, RUNARMS8B, RUNARMS2C, RODARMS1A, RODARMS1B, RODARMS1C, RODARMS2A, RODARMS2B, RODARMS2C, RODARMS3A, RODARMS3B"
"729","0.195752276611025","3.65096979919612","0.01","0.212486960345452","0.248911629721669","0.215048285417294",NA,"RUNARMS6B, RUNARMS9A, RUNARMS9C, RUNARMS4C, RUNARMS8B, RUNARMS5B, RUNARMS1B, RUNARMS2C, RUNARMS3C, RODARMS1A, RODARMS1B, RODARMS1C, RODARMS2A, RODARMS2B, RODARMS2C, RODARMS3A, RODARMS3B"
"730","0.185850772265202","3.42414079509035","0.004","0.245798966326708","0.258649331277521","0.550427875171144",NA,"RUNARMS8B, RUNARMS1C, RUNARMS8A, RUNARMS9A, RUNARMS4B, RUNARMS6B, RUNARMS9C, RUNARMS3C, RUNARMS7A, RODARMS1A, RODARMS1B, RODARMS1C, RODARMS2A, RODARMS2B, RODARMS2C, RODARMS3A, RODARMS3B"
"731","0.244953752571056","4.86633275918853","0.001","0.176381339694628","0.24969130762721","0.000310221434914065",NA,"RUNARMS2C, RUNARMS1B, RUNARMS5A, RUNARMS7A, RUNARMS3B, RUNARMS4B, RUNARMS2B, RUNARMS5C, RUNARMS4A, RODARMS1A, RODARMS1B, RODARMS1C, RODARMS2A, RODARMS2B, RODARMS2C, RODARMS3A, RODARMS3B"
"732","0.206074959801116","3.89347134868348","0.001","0.218816959961793","0.245440912711119","0.227128684966466",NA,"RUNARMS1C, RUNARMS3B, RUNARMS3A, RUNARMS6B, RUNARMS7B, RUNARMS8A, RUNARMS1B, RUNARMS7C, RUNARMS3C, RODARMS1A, RODARMS1B, RODARMS1C, RODARMS2A, RODARMS2B, RODARMS2C, RODARMS3A, RODARMS3B"
"733","0.186636703462362","3.44194354952169","0.01","0.226752289864349","0.257166693803958","0.170244981765311",NA,"RUNARMS8C, RUNARMS7B, RUNARMS8A, RUNARMS2B, RUNARMS1A, RUNARMS6C, RUNARMS6A, RUNARMS9B, RUNARMS5A, RODARMS1A, RODARMS1B, RODARMS1C, RODARMS2A, RODARMS2B, RODARMS2C, RODARMS3A, RODARMS3B"
"734","0.245805039385916","4.88875659920432","0.001","0.203677387201803","0.245440913571377","0.0183070512881942",NA,"RUNARMS8C, RUNARMS1A, RUNARMS7C, RUNARMS9C, RUNARMS2A, RUNARMS1C, RUNARMS3C, RUNARMS6B, RUNARMS7B, RODARMS1A, RODARMS1B, RODARMS1C, RODARMS2A, RODARMS2B, RODARMS2C, RODARMS3A, RODARMS3B"
"735","0.213974721521158","4.08335572747584","0.003","0.232911625114272","0.259704516059282","0.235205360753794",NA,"RUNARMS7C, RUNARMS5B, RUNARMS8B, RUNARMS3C, RUNARMS9C, RUNARMS1B, RUNARMS1A, RUNARMS8C, RUNARMS6A, RODARMS1A, RODARMS1B, RODARMS1C, RODARMS2A, RODARMS2B, RODARMS2C, RODARMS3A, RODARMS3B"
"736","0.242334852460875","4.79766397955557","0.001","0.194312890904955","0.256630736927985","0.00657565082491804",NA,"RUNARMS6A, RUNARMS2C, RUNARMS4B, RUNARMS3C, RUNARMS1B, RUNARMS2A, RUNARMS7A, RUNARMS4C, RUNARMS2B, RODARMS1A, RODARMS1B, RODARMS1C, RODARMS2A, RODARMS2B, RODARMS2C, RODARMS3A, RODARMS3B"
"737","0.200258827300565","3.75606822813589","0.012","0.232859594271205","0.260610772691608","0.254326466830252",NA,"RUNARMS5A, RUNARMS7A, RUNARMS4A, RUNARMS8B, RUNARMS3A, RUNARMS4B, RUNARMS1C, RUNARMS5B, RUNARMS9B, RODARMS1A, RODARMS1B, RODARMS1C, RODARMS2A, RODARMS2B, RODARMS2C, RODARMS3A, RODARMS3B"
"738","0.208162278941216","3.94327537205876","0.003","0.222134917492128","0.253938785871985","0.153344744344657",NA,"RUNARMS9C, RUNARMS7A, RUNARMS1C, RUNARMS3C, RUNARMS1A, RUNARMS8C, RUNARMS9B, RUNARMS4C, RUNARMS6B, RODARMS1A, RODARMS1B, RODARMS1C, RODARMS2A, RODARMS2B, RODARMS2C, RODARMS3A, RODARMS3B"
"739","0.157437228203935","2.80282787480031","0.034","0.234512153722487","0.257218346673387","0.404827560667461",NA,"RUNARMS1B, RUNARMS2C, RUNARMS1A, RUNARMS9B, RUNARMS6A, RUNARMS8B, RUNARMS4C, RUNARMS7A, RUNARMS1C, RODARMS1A, RODARMS1B, RODARMS1C, RODARMS2A, RODARMS2B, RODARMS2C, RODARMS3A, RODARMS3B"
"740","0.153435879956153","2.71868148537064","0.041","0.227110988517079","0.256600875072174","0.360832717218243",NA,"RUNARMS6B, RUNARMS3B, RUNARMS6C, RUNARMS4C, RUNARMS1B, RUNARMS3A, RUNARMS9B, RUNARMS8B, RUNARMS2A, RODARMS1A, RODARMS1B, RODARMS1C, RODARMS2A, RODARMS2B, RODARMS2C, RODARMS3A, RODARMS3B"
"741","0.221178378961223","4.25986592410377","0.003","0.212278241897489","0.254280431604516","0.0382201454984165",NA,"RUNARMS2B, RUNARMS4A, RUNARMS8C, RUNARMS7A, RUNARMS1C, RUNARMS3A, RUNARMS7C, RUNARMS7B, RUNARMS9B, RODARMS1A, RODARMS1B, RODARMS1C, RODARMS2A, RODARMS2B, RODARMS2C, RODARMS3A, RODARMS3B"
"742","0.265006790668341","5.40835181816135","0.001","0.201386423967717","0.259263879306728","0.00147803173700699",NA,"RUNARMS6C, RUNARMS7B, RUNARMS1A, RUNARMS1C, RUNARMS1B, RUNARMS5A, RUNARMS5C, RUNARMS2A, RUNARMS4B, RODARMS1A, RODARMS1B, RODARMS1C, RODARMS2A, RODARMS2B, RODARMS2C, RODARMS3A, RODARMS3B"
"743","0.211034378180316","4.01223524214368","0.005","0.192189612482276","0.245817941441358","0.0593917356647351",NA,"RUNARMS2A, RUNARMS5C, RUNARMS1C, RUNARMS4C, RUNARMS8A, RUNARMS2B, RUNARMS8C, RUNARMS6C, RUNARMS6A, RODARMS1A, RODARMS1B, RODARMS1C, RODARMS2A, RODARMS2B, RODARMS2C, RODARMS3A, RODARMS3B"
"744","0.179329652885547","3.27774093793114","0.011","0.224687238098792","0.25909827661616","0.182687819333763",NA,"RUNARMS4C, RUNARMS6C, RUNARMS6B, RUNARMS1A, RUNARMS7A, RUNARMS8C, RUNARMS1B, RUNARMS2B, RUNARMS8B, RODARMS1A, RODARMS1B, RODARMS1C, RODARMS2A, RODARMS2B, RODARMS2C, RODARMS3A, RODARMS3B"
"745","0.230396922827422","4.49056655946344","0.001","0.204464664948202","0.245440914141902","0.045289386830531",NA,"RUNARMS8A, RUNARMS5C, RUNARMS8C, RUNARMS7A, RUNARMS9A, RUNARMS2A, RUNARMS4B, RUNARMS6A, RUNARMS1C, RODARMS1A, RODARMS1B, RODARMS1C, RODARMS2A, RODARMS2B, RODARMS2C, RODARMS3A, RODARMS3B"
"746","0.20242840411526","3.80708901545148","0.008","0.190557378270206","0.250865683348257","0.0338554969109199",NA,"RUNARMS6B, RUNARMS5A, RUNARMS1C, RUNARMS3B, RUNARMS6A, RUNARMS2C, RUNARMS4A, RUNARMS2B, RUNARMS9B, RODARMS1A, RODARMS1B, RODARMS1C, RODARMS2A, RODARMS2B, RODARMS2C, RODARMS3A, RODARMS3B"
"747","0.178969697144463","3.26972761885903","0.012","0.220743153770846","0.256691987315788","0.142125067110985",NA,"RUNARMS9B, RUNARMS7B, RUNARMS8B, RUNARMS1C, RUNARMS6A, RUNARMS4C, RUNARMS2B, RUNARMS7A, RUNARMS5C, RODARMS1A, RODARMS1B, RODARMS1C, RODARMS2A, RODARMS2B, RODARMS2C, RODARMS3A, RODARMS3B"
"748","0.175643079115799","3.19600178028599","0.008","0.211084109760559","0.247302194208293","0.164788742227775",NA,"RUNARMS9C, RUNARMS8A, RUNARMS5C, RUNARMS4A, RUNARMS2C, RUNARMS4B, RUNARMS6A, RUNARMS1A, RUNARMS8B, RODARMS1A, RODARMS1B, RODARMS1C, RODARMS2A, RODARMS2B, RODARMS2C, RODARMS3A, RODARMS3B"
"749","0.216022700794294","4.13320706504819","0.006","0.210641918734267","0.256857747262293","0.0428842447772231",NA,"RUNARMS7C, RUNARMS9C, RUNARMS9A, RUNARMS2A, RUNARMS2C, RUNARMS4C, RUNARMS9B, RUNARMS7B, RUNARMS1B, RODARMS1A, RODARMS1B, RODARMS1C, RODARMS2A, RODARMS2B, RODARMS2C, RODARMS3A, RODARMS3B"
"750","0.206795728263595","3.91063945881617","0.005","0.214806413153353","0.256060086483069","0.0831030216082266",NA,"RUNARMS5C, RUNARMS9B, RUNARMS2A, RUNARMS7A, RUNARMS2C, RUNARMS1B, RUNARMS9A, RUNARMS1C, RUNARMS4C, RODARMS1A, RODARMS1B, RODARMS1C, RODARMS2A, RODARMS2B, RODARMS2C, RODARMS3A, RODARMS3B"
"751","0.177712172172651","3.24178772004084","0.014","0.234504904600548","0.260631697441874","0.234395279155196",NA,"RUNARMS8B, RUNARMS3B, RUNARMS8C, RUNARMS1A, RUNARMS8A, RUNARMS2A, RUNARMS5C, RUNARMS7B, RUNARMS9B, RODARMS1A, RODARMS1B, RODARMS1C, RODARMS2A, RODARMS2B, RODARMS2C, RODARMS3A, RODARMS3B"
"752","0.23513523958579","4.6113100986334","0.001","0.201151477173394","0.245440913773353","0.0677902077966024",NA,"RUNARMS5A, RUNARMS5B, RUNARMS9A, RUNARMS7C, RUNARMS1C, RUNARMS1B, RUNARMS8A, RUNARMS2C, RUNARMS4A, RODARMS1A, RODARMS1B, RODARMS1C, RODARMS2A, RODARMS2B, RODARMS2C, RODARMS3A, RODARMS3B"
"753","0.180873955504733","3.31220005859143","0.004","0.22887490282841","0.249236194957212","0.371461209833451",NA,"RUNARMS3A, RUNARMS6B, RUNARMS3C, RUNARMS5C, RUNARMS2A, RUNARMS9A, RUNARMS9C, RUNARMS1B, RUNARMS8B, RODARMS1A, RODARMS1B, RODARMS1C, RODARMS2A, RODARMS2B, RODARMS2C, RODARMS3A, RODARMS3B"
"754","0.259133107047165","5.24655190113203","0.001","0.17463146748048","0.250131727618366","0.000480853456748882",NA,"RUNARMS3A, RUNARMS5C, RUNARMS4C, RUNARMS1B, RUNARMS1A, RUNARMS3B, RUNARMS8C, RUNARMS2B, RUNARMS5A, RODARMS1A, RODARMS1B, RODARMS1C, RODARMS2A, RODARMS2B, RODARMS2C, RODARMS3A, RODARMS3B"
"755","0.260382746044571","5.28075997386608","0.001","0.193339709641349","0.251411544273149","0.010869730079786",NA,"RUNARMS1A, RUNARMS2B, RUNARMS3C, RUNARMS6C, RUNARMS7A, RUNARMS5A, RUNARMS1C, RUNARMS4C, RUNARMS5B, RODARMS1A, RODARMS1B, RODARMS1C, RODARMS2A, RODARMS2B, RODARMS2C, RODARMS3A, RODARMS3B"
"756","0.240066991940276","4.73858200777236","0.001","0.188205487409755","0.246376977139912","0.00458295670305374",NA,"RUNARMS3A, RUNARMS2A, RUNARMS6A, RUNARMS8C, RUNARMS4A, RUNARMS1A, RUNARMS6B, RUNARMS1C, RUNARMS6C, RODARMS1A, RODARMS1B, RODARMS1C, RODARMS2A, RODARMS2B, RODARMS2C, RODARMS3A, RODARMS3B"
"757","0.229192389603324","4.46010884905592","0.001","0.195048835334983","0.251415496749292","0.00154813683980197",NA,"RUNARMS2B, RUNARMS5B, RUNARMS4A, RUNARMS7B, RUNARMS6C, RUNARMS3A, RUNARMS8C, RUNARMS1B, RUNARMS6B, RODARMS1A, RODARMS1B, RODARMS1C, RODARMS2A, RODARMS2B, RODARMS2C, RODARMS3A, RODARMS3B"
"758","0.17980259101975","3.28828015763849","0.011","0.231835751410152","0.25279993742645","0.412945021859474",NA,"RUNARMS7C, RUNARMS8A, RUNARMS9B, RUNARMS6A, RUNARMS6C, RUNARMS3A, RUNARMS6B, RUNARMS4A, RUNARMS1C, RODARMS1A, RODARMS1B, RODARMS1C, RODARMS2A, RODARMS2B, RODARMS2C, RODARMS3A, RODARMS3B"
"759","0.220197743275512","4.23564579436663","0.002","0.206509971046212","0.245526069116703","0.0682279964225964",NA,"RUNARMS8C, RUNARMS5A, RUNARMS3A, RUNARMS6A, RUNARMS6C, RUNARMS1A, RUNARMS9A, RUNARMS8A, RUNARMS2C, RODARMS1A, RODARMS1B, RODARMS1C, RODARMS2A, RODARMS2B, RODARMS2C, RODARMS3A, RODARMS3B"
"760","0.250323475277704","5.00862972941094","0.001","0.199595684019671","0.250069586924595","0.0102131702662686",NA,"RUNARMS3A, RUNARMS6C, RUNARMS1A, RUNARMS7C, RUNARMS2C, RUNARMS9A, RUNARMS3B, RUNARMS8C, RUNARMS5C, RODARMS1A, RODARMS1B, RODARMS1C, RODARMS2A, RODARMS2B, RODARMS2C, RODARMS3A, RODARMS3B"
"761","0.254685026399123","5.12571936872508","0.002","0.195800805860965","0.254232424112335","0.00249610004255821",NA,"RUNARMS2B, RUNARMS6B, RUNARMS9A, RUNARMS3C, RUNARMS2A, RUNARMS1A, RUNARMS4A, RUNARMS5B, RUNARMS6C, RODARMS1A, RODARMS1B, RODARMS1C, RODARMS2A, RODARMS2B, RODARMS2C, RODARMS3A, RODARMS3B"
"762","0.231001574951422","4.50589170459282","0.001","0.208552558322443","0.25168912098036","0.0530670110137322",NA,"RUNARMS7C, RUNARMS2B, RUNARMS9C, RUNARMS3B, RUNARMS8C, RUNARMS1C, RUNARMS3C, RUNARMS6C, RUNARMS7A, RODARMS1A, RODARMS1B, RODARMS1C, RODARMS2A, RODARMS2B, RODARMS2C, RODARMS3A, RODARMS3B"
"763","0.232160756064852","4.5353390940603","0.003","0.182498694629538","0.250171084712914","0.00245697470102763",NA,"RUNARMS3B, RUNARMS4C, RUNARMS7B, RUNARMS1A, RUNARMS6C, RUNARMS7A, RUNARMS8C, RUNARMS1B, RUNARMS2B, RODARMS1A, RODARMS1B, RODARMS1C, RODARMS2A, RODARMS2B, RODARMS2C, RODARMS3A, RODARMS3B"
"764","0.25889786025082","5.24012507247198","0.001","0.177397847771789","0.245440913108384","0.00251918384564154",NA,"RUNARMS8C, RUNARMS7B, RUNARMS4C, RUNARMS3A, RUNARMS1A, RUNARMS5C, RUNARMS6B, RUNARMS6A, RUNARMS5A, RODARMS1A, RODARMS1B, RODARMS1C, RODARMS2A, RODARMS2B, RODARMS2C, RODARMS3A, RODARMS3B"
"765","0.176725511756103","3.21992569209337","0.017","0.251974259890208","0.27012322916638","0.370247847526829",NA,"RUNARMS7B, RUNARMS6C, RUNARMS9B, RUNARMS1B, RUNARMS3B, RUNARMS8B, RUNARMS4B, RUNARMS7C, RUNARMS6B, RODARMS1A, RODARMS1B, RODARMS1C, RODARMS2A, RODARMS2B, RODARMS2C, RODARMS3A, RODARMS3B"
"766","0.216946325772787","4.15577500457211","0.003","0.207735200017413","0.251648783236495","0.00927700055964386",NA,"RUNARMS5B, RUNARMS7A, RUNARMS8C, RUNARMS2B, RUNARMS3A, RUNARMS1A, RUNARMS9C, RUNARMS6B, RUNARMS6C, RODARMS1A, RODARMS1B, RODARMS1C, RODARMS2A, RODARMS2B, RODARMS2C, RODARMS3A, RODARMS3B"
"767","0.278883731538116","5.80108389732279","0.001","0.189575410191409","0.25083025735763","0.0022017646197908",NA,"RUNARMS5B, RUNARMS8C, RUNARMS1A, RUNARMS2C, RUNARMS7C, RUNARMS3B, RUNARMS3A, RUNARMS4B, RUNARMS1C, RODARMS1A, RODARMS1B, RODARMS1C, RODARMS2A, RODARMS2B, RODARMS2C, RODARMS3A, RODARMS3B"
"768","0.239755857273043","4.73050386971185","0.001","0.178176208880065","0.246038536024464","0.00217558060465869",NA,"RUNARMS1A, RUNARMS7C, RUNARMS4C, RUNARMS9A, RUNARMS4A, RUNARMS3B, RUNARMS6B, RUNARMS2C, RUNARMS9C, RODARMS1A, RODARMS1B, RODARMS1C, RODARMS2A, RODARMS2B, RODARMS2C, RODARMS3A, RODARMS3B"
"769","0.156991421284371","2.79341323293928","0.023","0.237842071900096","0.255848343117042","0.409376881593355",NA,"RUNARMS5A, RUNARMS1B, RUNARMS8A, RUNARMS6C, RUNARMS6A, RUNARMS9C, RUNARMS7B, RUNARMS3A, RUNARMS8B, RODARMS1A, RODARMS1B, RODARMS1C, RODARMS2A, RODARMS2B, RODARMS2C, RODARMS3A, RODARMS3B"
"770","0.288930714808025","6.09499075881233","0.001","0.179296878550335","0.245440912711119","0.00272394301310362",NA,"RUNARMS1C, RUNARMS4C, RUNARMS5B, RUNARMS7B, RUNARMS7C, RUNARMS3A, RUNARMS5C, RUNARMS4B, RUNARMS9A, RODARMS1A, RODARMS1B, RODARMS1C, RODARMS2A, RODARMS2B, RODARMS2C, RODARMS3A, RODARMS3B"
"771","0.235761865111279","4.62739009639203","0.002","0.204264826856883","0.248611160316819","0.0126938674084144",NA,"RUNARMS7C, RUNARMS1B, RUNARMS7A, RUNARMS7B, RUNARMS1C, RUNARMS3A, RUNARMS1A, RUNARMS2C, RUNARMS6B, RODARMS1A, RODARMS1B, RODARMS1C, RODARMS2A, RODARMS2B, RODARMS2C, RODARMS3A, RODARMS3B"
"772","0.234267036741226","4.58907441592122","0.002","0.186125785144393","0.250306275103763","0.0168930262656511",NA,"RUNARMS5A, RUNARMS2C, RUNARMS4B, RUNARMS2B, RUNARMS4C, RUNARMS6A, RUNARMS8A, RUNARMS5C, RUNARMS1A, RODARMS1A, RODARMS1B, RODARMS1C, RODARMS2A, RODARMS2B, RODARMS2C, RODARMS3A, RODARMS3B"
"773","0.220980773618973","4.25498048319456","0.003","0.188747668789645","0.246596193265277","0.0252208191260802",NA,"RUNARMS4A, RUNARMS2B, RUNARMS4C, RUNARMS9C, RUNARMS2C, RUNARMS1C, RUNARMS7C, RUNARMS4B, RUNARMS9B, RODARMS1A, RODARMS1B, RODARMS1C, RODARMS2A, RODARMS2B, RODARMS2C, RODARMS3A, RODARMS3B"
"774","0.234814615730608","4.60309267318558","0.002","0.190722631430445","0.245440912711125","0.0453976505057147",NA,"RUNARMS2C, RUNARMS3B, RUNARMS5A, RUNARMS4C, RUNARMS7A, RUNARMS7C, RUNARMS1C, RUNARMS1A, RUNARMS9B, RODARMS1A, RODARMS1B, RODARMS1C, RODARMS2A, RODARMS2B, RODARMS2C, RODARMS3A, RODARMS3B"
"775","0.206396570616399","3.9011279999768","0.007","0.197376338133755","0.248018576121933","0.0688418363654321",NA,"RUNARMS3B, RUNARMS7B, RUNARMS4C, RUNARMS7C, RUNARMS1B, RUNARMS2C, RUNARMS5B, RUNARMS6A, RUNARMS9B, RODARMS1A, RODARMS1B, RODARMS1C, RODARMS2A, RODARMS2B, RODARMS2C, RODARMS3A, RODARMS3B"
"776","0.228220600389486","4.43560557274514","0.001","0.182394294286509","0.251229989252381","0.00117422490968095",NA,"RUNARMS6C, RUNARMS5A, RUNARMS2B, RUNARMS2A, RUNARMS1B, RUNARMS3B, RUNARMS7B, RUNARMS7A, RUNARMS4A, RODARMS1A, RODARMS1B, RODARMS1C, RODARMS2A, RODARMS2B, RODARMS2C, RODARMS3A, RODARMS3B"
"777","0.229945133405555","4.47913148882138","0.001","0.188039549094735","0.248305716691538","0.000390381048370606",NA,"RUNARMS5C, RUNARMS7A, RUNARMS2C, RUNARMS3A, RUNARMS1A, RUNARMS6A, RUNARMS2A, RUNARMS4A, RUNARMS7B, RODARMS1A, RODARMS1B, RODARMS1C, RODARMS2A, RODARMS2B, RODARMS2C, RODARMS3A, RODARMS3B"
"778","0.167549292031367","3.01908492168068","0.021","0.253827411526373","0.267598240076907","0.552777768113502",NA,"RUNARMS9A, RUNARMS8B, RUNARMS9B, RUNARMS6A, RUNARMS1B, RUNARMS7C, RUNARMS2A, RUNARMS2C, RUNARMS6C, RODARMS1A, RODARMS1B, RODARMS1C, RODARMS2A, RODARMS2B, RODARMS2C, RODARMS3A, RODARMS3B"
"779","0.185229933461647","3.41010196131686","0.007","0.241070355132143","0.252078810153537","0.603695167209956",NA,"RUNARMS7A, RUNARMS8A, RUNARMS5C, RUNARMS3C, RUNARMS8C, RUNARMS1C, RUNARMS2C, RUNARMS8B, RUNARMS5B, RODARMS1A, RODARMS1B, RODARMS1C, RODARMS2A, RODARMS2B, RODARMS2C, RODARMS3A, RODARMS3B"
"780","0.246127947103399","4.8972755951962","0.001","0.188560055599849","0.246502773150616","0.00665922742383045",NA,"RUNARMS8C, RUNARMS5C, RUNARMS3B, RUNARMS4A, RUNARMS1C, RUNARMS7B, RUNARMS9C, RUNARMS3C, RUNARMS9A, RODARMS1A, RODARMS1B, RODARMS1C, RODARMS2A, RODARMS2B, RODARMS2C, RODARMS3A, RODARMS3B"
"781","0.196900612302976","3.67763844648687","0.01","0.210101669081425","0.254425765038823","0.0699728472936145",NA,"RUNARMS3B, RUNARMS1B, RUNARMS2C, RUNARMS7B, RUNARMS6C, RUNARMS5A, RUNARMS9B, RUNARMS5B, RUNARMS9C, RODARMS1A, RODARMS1B, RODARMS1C, RODARMS2A, RODARMS2B, RODARMS2C, RODARMS3A, RODARMS3B"
"782","0.230415348813819","4.49103321756756","0.002","0.21141818523396","0.25480650191595","0.0856505812095493",NA,"RUNARMS9A, RUNARMS7C, RUNARMS1C, RUNARMS9B, RUNARMS4A, RUNARMS6B, RUNARMS5A, RUNARMS3A, RUNARMS4C, RODARMS1A, RODARMS1B, RODARMS1C, RODARMS2A, RODARMS2B, RODARMS2C, RODARMS3A, RODARMS3B"
"783","0.211624316392256","4.02646201790166","0.004","0.238223916604834","0.260387369778896","0.297072575747726",NA,"RUNARMS9A, RUNARMS7A, RUNARMS7C, RUNARMS1B, RUNARMS2B, RUNARMS1C, RUNARMS3C, RUNARMS8B, RUNARMS5B, RODARMS1A, RODARMS1B, RODARMS1C, RODARMS2A, RODARMS2B, RODARMS2C, RODARMS3A, RODARMS3B"
"784","0.239166417195905","4.71521807004977","0.003","0.197222085378221","0.255581798658052","0.0290513946530525",NA,"RUNARMS1A, RUNARMS1B, RUNARMS4B, RUNARMS7A, RUNARMS5B, RUNARMS8A, RUNARMS5A, RUNARMS4C, RUNARMS2B, RODARMS1A, RODARMS1B, RODARMS1C, RODARMS2A, RODARMS2B, RODARMS2C, RODARMS3A, RODARMS3B"
"785","0.226802518367987","4.39995972094867","0.002","0.216160892115354","0.258555355138335","0.0723802958406258",NA,"RUNARMS9B, RUNARMS2A, RUNARMS4C, RUNARMS9A, RUNARMS1A, RUNARMS7C, RUNARMS3B, RUNARMS3C, RUNARMS9C, RODARMS1A, RODARMS1B, RODARMS1C, RODARMS2A, RODARMS2B, RODARMS2C, RODARMS3A, RODARMS3B"
"786","0.240798163086684","4.75759181640741","0.001","0.189696673071982","0.249655387949286","0.00453704717737037",NA,"RUNARMS3A, RUNARMS8C, RUNARMS7B, RUNARMS1B, RUNARMS4C, RUNARMS5C, RUNARMS7A, RUNARMS6A, RUNARMS1A, RODARMS1A, RODARMS1B, RODARMS1C, RODARMS2A, RODARMS2B, RODARMS2C, RODARMS3A, RODARMS3B"
"787","0.179184802133406","3.2745154317159","0.01","0.225376211073113","0.252237375747704","0.348385569658369",NA,"RUNARMS5B, RUNARMS4C, RUNARMS8B, RUNARMS8C, RUNARMS7A, RUNARMS2A, RUNARMS8A, RUNARMS2C, RUNARMS1C, RODARMS1A, RODARMS1B, RODARMS1C, RODARMS2A, RODARMS2B, RODARMS2C, RODARMS3A, RODARMS3B"
"788","0.196322389115452","3.664200416745","0.007","0.212224619487825","0.249861587273094","0.159092697083881",NA,"RUNARMS9A, RUNARMS6B, RUNARMS1C, RUNARMS1B, RUNARMS5A, RUNARMS8B, RUNARMS9C, RUNARMS3B, RUNARMS5B, RODARMS1A, RODARMS1B, RODARMS1C, RODARMS2A, RODARMS2B, RODARMS2C, RODARMS3A, RODARMS3B"
"789","0.228173788198186","4.43442677980939","0.001","0.203651096286781","0.25254651409459","0.00290958620618563",NA,"RUNARMS4A, RUNARMS9C, RUNARMS2C, RUNARMS9A, RUNARMS3A, RUNARMS5B, RUNARMS1C, RUNARMS6B, RUNARMS7A, RODARMS1A, RODARMS1B, RODARMS1C, RODARMS2A, RODARMS2B, RODARMS2C, RODARMS3A, RODARMS3B"
"790","0.202766751456303","3.81507078060335","0.009","0.193713219576322","0.251411519032285","0.0501777065077307",NA,"RUNARMS4C, RUNARMS2A, RUNARMS9B, RUNARMS6A, RUNARMS1C, RUNARMS3A, RUNARMS7B, RUNARMS2C, RUNARMS2B, RODARMS1A, RODARMS1B, RODARMS1C, RODARMS2A, RODARMS2B, RODARMS2C, RODARMS3A, RODARMS3B"
"791","0.197271026113161","3.68625711536178","0.003","0.239084580484905","0.257862334369379","0.437227720174818",NA,"RUNARMS7C, RUNARMS4B, RUNARMS1B, RUNARMS7B, RUNARMS8B, RUNARMS3C, RUNARMS8A, RUNARMS6A, RUNARMS1A, RODARMS1A, RODARMS1B, RODARMS1C, RODARMS2A, RODARMS2B, RODARMS2C, RODARMS3A, RODARMS3B"
"792","0.216677327434918","4.14919678104139","0.003","0.208631576040269","0.257244127924447","0.0362767774756697",NA,"RUNARMS7C, RUNARMS1A, RUNARMS4C, RUNARMS2C, RUNARMS9C, RUNARMS1B, RUNARMS9B, RUNARMS4A, RUNARMS8C, RODARMS1A, RODARMS1B, RODARMS1C, RODARMS2A, RODARMS2B, RODARMS2C, RODARMS3A, RODARMS3B"
"793","0.182325089390478","3.34469885937739","0.018","0.213083074855661","0.25427848683044","0.105295509607873",NA,"RUNARMS7C, RUNARMS3B, RUNARMS4A, RUNARMS6A, RUNARMS9C, RUNARMS6B, RUNARMS2C, RUNARMS1A, RUNARMS8B, RODARMS1A, RODARMS1B, RODARMS1C, RODARMS2A, RODARMS2B, RODARMS2C, RODARMS3A, RODARMS3B"
"794","0.234896983411798","4.60520305734645","0.004","0.220630020752281","0.255618238201409","0.13194050125628",NA,"RUNARMS9B, RUNARMS4B, RUNARMS3C, RUNARMS1B, RUNARMS6B, RUNARMS4C, RUNARMS7C, RUNARMS7A, RUNARMS9A, RODARMS1A, RODARMS1B, RODARMS1C, RODARMS2A, RODARMS2B, RODARMS2C, RODARMS3A, RODARMS3B"
"795","0.168286805846773","3.03506317495854","0.021","0.226453526958905","0.254955060196875","0.259834807936893",NA,"RUNARMS2B, RUNARMS9B, RUNARMS8C, RUNARMS5C, RUNARMS4A, RUNARMS5B, RUNARMS1B, RUNARMS6B, RUNARMS8B, RODARMS1A, RODARMS1B, RODARMS1C, RODARMS2A, RODARMS2B, RODARMS2C, RODARMS3A, RODARMS3B"
"796","0.244717639574242","4.86012223500678","0.001","0.213546802763089","0.252847800535092","0.0675986438421358",NA,"RUNARMS5C, RUNARMS7A, RUNARMS9A, RUNARMS7B, RUNARMS1C, RUNARMS5B, RUNARMS3A, RUNARMS9B, RUNARMS7C, RODARMS1A, RODARMS1B, RODARMS1C, RODARMS2A, RODARMS2B, RODARMS2C, RODARMS3A, RODARMS3B"
"797","0.205635051445602","3.8830084047607","0.001","0.230237932856606","0.259086239456074","0.325966456806304",NA,"RUNARMS1B, RUNARMS4C, RUNARMS5A, RUNARMS6B, RUNARMS8B, RUNARMS7C, RUNARMS3C, RUNARMS3A, RUNARMS2A, RODARMS1A, RODARMS1B, RODARMS1C, RODARMS2A, RODARMS2B, RODARMS2C, RODARMS3A, RODARMS3B"
"798","0.223502467251353","4.31751147605451","0.002","0.185610467849527","0.248247730342859","0.00106549220636292",NA,"RUNARMS2A, RUNARMS1C, RUNARMS1A, RUNARMS6B, RUNARMS4A, RUNARMS7A, RUNARMS9C, RUNARMS7B, RUNARMS3B, RODARMS1A, RODARMS1B, RODARMS1C, RODARMS2A, RODARMS2B, RODARMS2C, RODARMS3A, RODARMS3B"
"799","0.176214039710388","3.20861330863975","0.011","0.250181239859988","0.261306051031635","0.579838683306313",NA,"RUNARMS8B, RUNARMS9A, RUNARMS6A, RUNARMS7C, RUNARMS4C, RUNARMS9B, RUNARMS1C, RUNARMS3A, RUNARMS8A, RODARMS1A, RODARMS1B, RODARMS1C, RODARMS2A, RODARMS2B, RODARMS2C, RODARMS3A, RODARMS3B"
"800","0.20074327563256","3.76743672300228","0.009","0.232584876798695","0.254576845891915","0.382535974141386",NA,"RUNARMS9A, RUNARMS2B, RUNARMS3C, RUNARMS9B, RUNARMS5C, RUNARMS8B, RUNARMS1C, RUNARMS5B, RUNARMS4B, RODARMS1A, RODARMS1B, RODARMS1C, RODARMS2A, RODARMS2B, RODARMS2C, RODARMS3A, RODARMS3B"
"801","0.175890264577261","3.20145953294136","0.01","0.205976029735607","0.245440912711119","0.178513622899899",NA,"RUNARMS6A, RUNARMS8A, RUNARMS4A, RUNARMS2A, RUNARMS4C, RUNARMS7A, RUNARMS3A, RUNARMS1A, RUNARMS9B, RODARMS1A, RODARMS1B, RODARMS1C, RODARMS2A, RODARMS2B, RODARMS2C, RODARMS3A, RODARMS3B"
"802","0.182008226935974","3.3375927410775","0.013","0.198504646168911","0.249140676184841","0.10667136627599",NA,"RUNARMS9B, RUNARMS8A, RUNARMS4C, RUNARMS1C, RUNARMS4A, RUNARMS3B, RUNARMS4B, RUNARMS1B, RUNARMS2B, RODARMS1A, RODARMS1B, RODARMS1C, RODARMS2A, RODARMS2B, RODARMS2C, RODARMS3A, RODARMS3B"
"803","0.181412354624483","3.32424430632462","0.011","0.240517071779008","0.262431103240925","0.321574338328885",NA,"RUNARMS2A, RUNARMS8C, RUNARMS5C, RUNARMS2C, RUNARMS4B, RUNARMS6C, RUNARMS9B, RUNARMS1B, RUNARMS8A, RODARMS1A, RODARMS1B, RODARMS1C, RODARMS2A, RODARMS2B, RODARMS2C, RODARMS3A, RODARMS3B"
"804","0.23918645467223","4.71573730793366","0.001","0.175566134876279","0.250149514362681","0.000465559910035268",NA,"RUNARMS4B, RUNARMS2B, RUNARMS6B, RUNARMS1A, RUNARMS1C, RUNARMS4A, RUNARMS9C, RUNARMS3B, RUNARMS2C, RODARMS1A, RODARMS1B, RODARMS1C, RODARMS2A, RODARMS2B, RODARMS2C, RODARMS3A, RODARMS3B"
"805","0.200619723759669","3.76453603602586","0.007","0.210006200474597","0.252562938219081","0.0750634455862806",NA,"RUNARMS9A, RUNARMS1B, RUNARMS9B, RUNARMS7A, RUNARMS5A, RUNARMS2C, RUNARMS9C, RUNARMS6B, RUNARMS4C, RODARMS1A, RODARMS1B, RODARMS1C, RODARMS2A, RODARMS2B, RODARMS2C, RODARMS3A, RODARMS3B"
"806","0.265599743663616","5.42482947218556","0.001","0.198579417841975","0.248582403387529","0.0159773187421272",NA,"RUNARMS2C, RUNARMS7C, RUNARMS5B, RUNARMS1B, RUNARMS7A, RUNARMS3C, RUNARMS1A, RUNARMS2A, RUNARMS8C, RODARMS1A, RODARMS1B, RODARMS1C, RODARMS2A, RODARMS2B, RODARMS2C, RODARMS3A, RODARMS3B"
"807","0.2510772418159","5.02876776821451","0.001","0.197640474303669","0.255602515241663","0.00579473827425947",NA,"RUNARMS3C, RUNARMS4C, RUNARMS3B, RUNARMS1C, RUNARMS7A, RUNARMS1A, RUNARMS5A, RUNARMS6A, RUNARMS1B, RODARMS1A, RODARMS1B, RODARMS1C, RODARMS2A, RODARMS2B, RODARMS2C, RODARMS3A, RODARMS3B"
"808","0.240452297183979","4.74859504463979","0.001","0.207054554755559","0.256854679452479","0.0158270544575421",NA,"RUNARMS2C, RUNARMS5A, RUNARMS1C, RUNARMS4A, RUNARMS2B, RUNARMS7C, RUNARMS1B, RUNARMS6A, RUNARMS3C, RODARMS1A, RODARMS1B, RODARMS1C, RODARMS2A, RODARMS2B, RODARMS2C, RODARMS3A, RODARMS3B"
"809","0.182648678658739","3.3519615229657","0.008","0.236461826593693","0.250941001497427","0.510565353481023",NA,"RUNARMS7C, RUNARMS1A, RUNARMS6B, RUNARMS3C, RUNARMS3B, RUNARMS9B, RUNARMS8A, RUNARMS1B, RUNARMS7A, RODARMS1A, RODARMS1B, RODARMS1C, RODARMS2A, RODARMS2B, RODARMS2C, RODARMS3A, RODARMS3B"
"810","0.196573241326161","3.67002789994133","0.007","0.24183506422509","0.267719977595282","0.163435140211065",NA,"RUNARMS3C, RUNARMS1B, RUNARMS6B, RUNARMS9A, RUNARMS9B, RUNARMS3B, RUNARMS6C, RUNARMS9C, RUNARMS8C, RODARMS1A, RODARMS1B, RODARMS1C, RODARMS2A, RODARMS2B, RODARMS2C, RODARMS3A, RODARMS3B"
"811","0.175592467324197","3.19488469654575","0.014","0.221031032090097","0.254746785084156","0.199997359800566",NA,"RUNARMS3B, RUNARMS8B, RUNARMS1B, RUNARMS7A, RUNARMS9B, RUNARMS5C, RUNARMS5A, RUNARMS2B, RUNARMS1A, RODARMS1A, RODARMS1B, RODARMS1C, RODARMS2A, RODARMS2B, RODARMS2C, RODARMS3A, RODARMS3B"
"812","0.210501020062463","3.99939123567551","0.002","0.19383985328875","0.245440912711119","0.029770505303584",NA,"RUNARMS2B, RUNARMS5C, RUNARMS8A, RUNARMS9C, RUNARMS6A, RUNARMS3A, RUNARMS1C, RUNARMS9A, RUNARMS4C, RODARMS1A, RODARMS1B, RODARMS1C, RODARMS2A, RODARMS2B, RODARMS2C, RODARMS3A, RODARMS3B"
"813","0.178286146234495","3.25452976271785","0.016","0.223363907148685","0.248657855124034","0.321338822861604",NA,"RUNARMS8B, RUNARMS1A, RUNARMS7B, RUNARMS8A, RUNARMS8C, RUNARMS6B, RUNARMS9A, RUNARMS2A, RUNARMS2C, RODARMS1A, RODARMS1B, RODARMS1C, RODARMS2A, RODARMS2B, RODARMS2C, RODARMS3A, RODARMS3B"
"814","0.275625198727547","5.70751215206639","0.001","0.171884533430748","0.245720739059682","0.000854691727722226",NA,"RUNARMS9A, RUNARMS4A, RUNARMS7C, RUNARMS3B, RUNARMS1C, RUNARMS5A, RUNARMS5B, RUNARMS4C, RUNARMS2C, RODARMS1A, RODARMS1B, RODARMS1C, RODARMS2A, RODARMS2B, RODARMS2C, RODARMS3A, RODARMS3B"
"815","0.20047480625631","3.76113488027079","0.006","0.195570595625255","0.250863095899881","0.0439716807745311",NA,"RUNARMS2B, RUNARMS5A, RUNARMS7A, RUNARMS9B, RUNARMS3B, RUNARMS4A, RUNARMS2A, RUNARMS5B, RUNARMS1B, RODARMS1A, RODARMS1B, RODARMS1C, RODARMS2A, RODARMS2B, RODARMS2C, RODARMS3A, RODARMS3B"
"816","0.209128712095547","3.96642377768579","0.003","0.220024857209571","0.259761632096886","0.0732872173146736",NA,"RUNARMS9B, RUNARMS8C, RUNARMS9C, RUNARMS7B, RUNARMS7A, RUNARMS6C, RUNARMS4C, RUNARMS1C, RUNARMS3A, RODARMS1A, RODARMS1B, RODARMS1C, RODARMS2A, RODARMS2B, RODARMS2C, RODARMS3A, RODARMS3B"
"817","0.234299723685068","4.58991065301708","0.001","0.193885915915661","0.246049082181379","0.00345119424137482",NA,"RUNARMS6C, RUNARMS2B, RUNARMS5C, RUNARMS7B, RUNARMS7A, RUNARMS1C, RUNARMS5B, RUNARMS8C, RUNARMS2C, RODARMS1A, RODARMS1B, RODARMS1C, RODARMS2A, RODARMS2B, RODARMS2C, RODARMS3A, RODARMS3B"
"818","0.212957182213169","4.05868354428299","0.004","0.225822463127543","0.26003925919345","0.132973662424266",NA,"RUNARMS1A, RUNARMS7B, RUNARMS8B, RUNARMS6B, RUNARMS2B, RUNARMS7C, RUNARMS5A, RUNARMS8C, RUNARMS3A, RODARMS1A, RODARMS1B, RODARMS1C, RODARMS2A, RODARMS2B, RODARMS2C, RODARMS3A, RODARMS3B"
"819","0.189083154953963","3.49758096854978","0.01","0.206751163013275","0.251944453257052","0.0848712490601987",NA,"RUNARMS5A, RUNARMS8B, RUNARMS1C, RUNARMS4C, RUNARMS9C, RUNARMS9B, RUNARMS4A, RUNARMS3B, RUNARMS7A, RODARMS1A, RODARMS1B, RODARMS1C, RODARMS2A, RODARMS2B, RODARMS2C, RODARMS3A, RODARMS3B"
"820","0.198554431259266","3.71618059298606","0.005","0.227206632455253","0.254785891832209","0.203226560199968",NA,"RUNARMS7C, RUNARMS6B, RUNARMS1A, RUNARMS2B, RUNARMS9C, RUNARMS3C, RUNARMS1B, RUNARMS5C, RUNARMS9B, RODARMS1A, RODARMS1B, RODARMS1C, RODARMS2A, RODARMS2B, RODARMS2C, RODARMS3A, RODARMS3B"
"821","0.203833891915835","3.84028954220984","0.009","0.192590249376115","0.249424799605277","0.0286989188941279",NA,"RUNARMS1C, RUNARMS4C, RUNARMS2C, RUNARMS5A, RUNARMS9C, RUNARMS9B, RUNARMS2B, RUNARMS7B, RUNARMS6A, RODARMS1A, RODARMS1B, RODARMS1C, RODARMS2A, RODARMS2B, RODARMS2C, RODARMS3A, RODARMS3B"
"822","0.217147124023456","4.16068837492452","0.002","0.191168359052433","0.245440912711119","0.0636847583229855",NA,"RUNARMS1C, RUNARMS3C, RUNARMS4A, RUNARMS6B, RUNARMS8A, RUNARMS5A, RUNARMS3B, RUNARMS6A, RUNARMS4C, RODARMS1A, RODARMS1B, RODARMS1C, RODARMS2A, RODARMS2B, RODARMS2C, RODARMS3A, RODARMS3B"
"823","0.169180547555412","3.05446412678984","0.015","0.259203940543584","0.257518018467765","0.933846724831161",NA,"RUNARMS4B, RUNARMS3C, RUNARMS8A, RUNARMS2C, RUNARMS1C, RUNARMS9B, RUNARMS1B, RUNARMS7C, RUNARMS8B, RODARMS1A, RODARMS1B, RODARMS1C, RODARMS2A, RODARMS2B, RODARMS2C, RODARMS3A, RODARMS3B"
"824","0.258846127193542","5.23871229762439","0.001","0.187600976160484","0.249153062877239","0.00130363502219634",NA,"RUNARMS1A, RUNARMS5C, RUNARMS5B, RUNARMS3A, RUNARMS3B, RUNARMS8C, RUNARMS4A, RUNARMS7C, RUNARMS2C, RODARMS1A, RODARMS1B, RODARMS1C, RODARMS2A, RODARMS2B, RODARMS2C, RODARMS3A, RODARMS3B"
"825","0.167257918836882","3.0127801144011","0.021","0.235501154649977","0.254290913974248","0.451401927799948",NA,"RUNARMS3C, RUNARMS8A, RUNARMS1B, RUNARMS3A, RUNARMS2C, RUNARMS9C, RUNARMS1A, RUNARMS9B, RUNARMS6A, RODARMS1A, RODARMS1B, RODARMS1C, RODARMS2A, RODARMS2B, RODARMS2C, RODARMS3A, RODARMS3B"
"826","0.213304773740827","4.06710438720562","0.003","0.219311353884583","0.252445191403599","0.223610718145974",NA,"RUNARMS8A, RUNARMS7C, RUNARMS2A, RUNARMS6B, RUNARMS6A, RUNARMS2C, RUNARMS1B, RUNARMS5B, RUNARMS3C, RODARMS1A, RODARMS1B, RODARMS1C, RODARMS2A, RODARMS2B, RODARMS2C, RODARMS3A, RODARMS3B"
"827","0.239404501801205","4.72138940543597","0.002","0.203519192407057","0.25548285773654","0.0298104887895531",NA,"RUNARMS9A, RUNARMS9B, RUNARMS5A, RUNARMS4B, RUNARMS3A, RUNARMS2C, RUNARMS5C, RUNARMS1A, RUNARMS3B, RODARMS1A, RODARMS1B, RODARMS1C, RODARMS2A, RODARMS2B, RODARMS2C, RODARMS3A, RODARMS3B"
"828","0.232445333972094","4.54258199956621","0.001","0.191375872319421","0.249516154398482","0.00794954780510388",NA,"RUNARMS9C, RUNARMS4B, RUNARMS7A, RUNARMS3B, RUNARMS8A, RUNARMS1A, RUNARMS7B, RUNARMS2C, RUNARMS5A, RODARMS1A, RODARMS1B, RODARMS1C, RODARMS2A, RODARMS2B, RODARMS2C, RODARMS3A, RODARMS3B"
"829","0.223467776307216","4.31664848197515","0.006","0.215884032509817","0.256286528175703","0.1016954775934",NA,"RUNARMS7C, RUNARMS9B, RUNARMS6A, RUNARMS1C, RUNARMS2A, RUNARMS6C, RUNARMS3B, RUNARMS4B, RUNARMS5B, RODARMS1A, RODARMS1B, RODARMS1C, RODARMS2A, RODARMS2B, RODARMS2C, RODARMS3A, RODARMS3B"
"830","0.190092426792571","3.52063185506018","0.011","0.212450900835943","0.251821065658469","0.129253557422237",NA,"RUNARMS6A, RUNARMS3C, RUNARMS4A, RUNARMS1C, RUNARMS7B, RUNARMS9B, RUNARMS6C, RUNARMS2C, RUNARMS2B, RODARMS1A, RODARMS1B, RODARMS1C, RODARMS2A, RODARMS2B, RODARMS2C, RODARMS3A, RODARMS3B"
"831","0.202519732248993","3.80924281963972","0.005","0.216819041985791","0.255688379964089","0.0821925099851531",NA,"RUNARMS3A, RUNARMS6B, RUNARMS9C, RUNARMS4B, RUNARMS2B, RUNARMS6C, RUNARMS1A, RUNARMS5B, RUNARMS9B, RODARMS1A, RODARMS1B, RODARMS1C, RODARMS2A, RODARMS2B, RODARMS2C, RODARMS3A, RODARMS3B"
"832","0.264965070698867","5.40719345713531","0.002","0.183018122846499","0.245440912711119","0.00523237513877939",NA,"RUNARMS7B, RUNARMS9C, RUNARMS4C, RUNARMS3C, RUNARMS5A, RUNARMS8C, RUNARMS2C, RUNARMS5B, RUNARMS1C, RODARMS1A, RODARMS1B, RODARMS1C, RODARMS2A, RODARMS2B, RODARMS2C, RODARMS3A, RODARMS3B"
"833","0.223846702569001","4.32607907438998","0.001","0.237414408752256","0.263121237494861","0.202855952105478",NA,"RUNARMS8B, RUNARMS7A, RUNARMS3C, RUNARMS2A, RUNARMS6A, RUNARMS7C, RUNARMS1A, RUNARMS8C, RUNARMS9A, RODARMS1A, RODARMS1B, RODARMS1C, RODARMS2A, RODARMS2B, RODARMS2C, RODARMS3A, RODARMS3B"
"834","0.27635098008061","5.72828068180195","0.001","0.179816961515717","0.245440912711119","0.00042901961332774",NA,"RUNARMS1A, RUNARMS5C, RUNARMS9A, RUNARMS2C, RUNARMS4C, RUNARMS8C, RUNARMS7C, RUNARMS5B, RUNARMS9C, RODARMS1A, RODARMS1B, RODARMS1C, RODARMS2A, RODARMS2B, RODARMS2C, RODARMS3A, RODARMS3B"
"835","0.194864568850782","3.63040604062052","0.008","0.227068743250315","0.26235191552792","0.142605510254485",NA,"RUNARMS8A, RUNARMS1C, RUNARMS3B, RUNARMS2B, RUNARMS4B, RUNARMS6C, RUNARMS8C, RUNARMS9B, RUNARMS7B, RODARMS1A, RODARMS1B, RODARMS1C, RODARMS2A, RODARMS2B, RODARMS2C, RODARMS3A, RODARMS3B"
"836","0.226795306246335","4.39977876644765","0.004","0.19004024417266","0.251954605615548","0.00148557692402599",NA,"RUNARMS2A, RUNARMS6C, RUNARMS4A, RUNARMS1B, RUNARMS1A, RUNARMS2B, RUNARMS9C, RUNARMS1C, RUNARMS3A, RODARMS1A, RODARMS1B, RODARMS1C, RODARMS2A, RODARMS2B, RODARMS2C, RODARMS3A, RODARMS3B"
"837","0.26452328545959","5.39493528951941","0.001","0.187736397377871","0.251488279546957","0.00220438880695207",NA,"RUNARMS3C, RUNARMS1B, RUNARMS1A, RUNARMS3B, RUNARMS4C, RUNARMS7B, RUNARMS6C, RUNARMS5B, RUNARMS9A, RODARMS1A, RODARMS1B, RODARMS1C, RODARMS2A, RODARMS2B, RODARMS2C, RODARMS3A, RODARMS3B"
"838","0.243052387986277","4.81643083607225","0.002","0.201370279586966","0.247301115590688","0.0107889211060187",NA,"RUNARMS9C, RUNARMS6C, RUNARMS2A, RUNARMS5B, RUNARMS7C, RUNARMS8C, RUNARMS2C, RUNARMS1C, RUNARMS5C, RODARMS1A, RODARMS1B, RODARMS1C, RODARMS2A, RODARMS2B, RODARMS2C, RODARMS3A, RODARMS3B"
"839","0.174688941631949","3.17496548472356","0.013","0.218253802623082","0.257591182563162","0.160866443368884",NA,"RUNARMS2B, RUNARMS3B, RUNARMS9B, RUNARMS4A, RUNARMS9A, RUNARMS1C, RUNARMS8A, RUNARMS6B, RUNARMS2C, RODARMS1A, RODARMS1B, RODARMS1C, RODARMS2A, RODARMS2B, RODARMS2C, RODARMS3A, RODARMS3B"
"840","0.250621396725369","5.01658431993265","0.001","0.188183994707786","0.245440912711119","0.000886170887727378",NA,"RUNARMS2A, RUNARMS5A, RUNARMS6A, RUNARMS9C, RUNARMS4B, RUNARMS8C, RUNARMS1C, RUNARMS7B, RUNARMS3A, RODARMS1A, RODARMS1B, RODARMS1C, RODARMS2A, RODARMS2B, RODARMS2C, RODARMS3A, RODARMS3B"
"841","0.200778953468781","3.76827451567127","0.007","0.233637060549733","0.263432816643162","0.202255025145384",NA,"RUNARMS2A, RUNARMS5C, RUNARMS9B, RUNARMS8B, RUNARMS9A, RUNARMS8C, RUNARMS2B, RUNARMS1C, RUNARMS5A, RODARMS1A, RODARMS1B, RODARMS1C, RODARMS2A, RODARMS2B, RODARMS2C, RODARMS3A, RODARMS3B"
"842","0.154903873174496","2.74946011922407","0.032","0.236131702366052","0.255490100510839","0.453701437640219",NA,"RUNARMS8B, RUNARMS2C, RUNARMS2B, RUNARMS2A, RUNARMS1A, RUNARMS8A, RUNARMS7C, RUNARMS4A, RUNARMS9B, RODARMS1A, RODARMS1B, RODARMS1C, RODARMS2A, RODARMS2B, RODARMS2C, RODARMS3A, RODARMS3B"
"843","0.155580351839241","2.76367950777991","0.031","0.223797045397296","0.254964369731987","0.214291949793949",NA,"RUNARMS9B, RUNARMS2B, RUNARMS5C, RUNARMS7B, RUNARMS4A, RUNARMS8B, RUNARMS3A, RUNARMS1B, RUNARMS6A, RODARMS1A, RODARMS1B, RODARMS1C, RODARMS2A, RODARMS2B, RODARMS2C, RODARMS3A, RODARMS3B"
"844","0.259947528121632","5.26883304899675","0.001","0.1733001429924","0.251250494756019","0.000808462470981813",NA,"RUNARMS1A, RUNARMS5B, RUNARMS4C, RUNARMS3A, RUNARMS2C, RUNARMS8C, RUNARMS3B, RUNARMS6C, RUNARMS2B, RODARMS1A, RODARMS1B, RODARMS1C, RODARMS2A, RODARMS2B, RODARMS2C, RODARMS3A, RODARMS3B"
"845","0.195888761653533","3.65413550349729","0.004","0.194729606824158","0.250750522085673","0.0147284340520006",NA,"RUNARMS3B, RUNARMS4A, RUNARMS1A, RUNARMS6C, RUNARMS2B, RUNARMS9C, RUNARMS8A, RUNARMS7A, RUNARMS7B, RODARMS1A, RODARMS1B, RODARMS1C, RODARMS2A, RODARMS2B, RODARMS2C, RODARMS3A, RODARMS3B"
"846","0.245906358131528","4.89142881888439","0.001","0.177746428232001","0.250212240909615","0.00133292912935647",NA,"RUNARMS1A, RUNARMS2C, RUNARMS5B, RUNARMS3B, RUNARMS9C, RUNARMS6A, RUNARMS8C, RUNARMS2B, RUNARMS1C, RODARMS1A, RODARMS1B, RODARMS1C, RODARMS2A, RODARMS2B, RODARMS2C, RODARMS3A, RODARMS3B"
"847","0.215193741337443","4.11299742380054","0.003","0.225600929587306","0.256900746284869","0.0901908352963206",NA,"RUNARMS2A, RUNARMS3C, RUNARMS8C, RUNARMS5C, RUNARMS1B, RUNARMS9C, RUNARMS9B, RUNARMS7A, RUNARMS4B, RODARMS1A, RODARMS1B, RODARMS1C, RODARMS2A, RODARMS2B, RODARMS2C, RODARMS3A, RODARMS3B"
"848","0.221842666208978","4.27630743634207","0.005","0.204917703144076","0.248685252026696","0.0883257672746518",NA,"RUNARMS1A, RUNARMS2B, RUNARMS8C, RUNARMS5B, RUNARMS1B, RUNARMS5A, RUNARMS6C, RUNARMS8A, RUNARMS1C, RODARMS1A, RODARMS1B, RODARMS1C, RODARMS2A, RODARMS2B, RODARMS2C, RODARMS3A, RODARMS3B"
"849","0.229680410750026","4.47243742639964","0.001","0.198051149089804","0.245440912711119","0.00861613090691597",NA,"RUNARMS3B, RUNARMS8C, RUNARMS3A, RUNARMS6B, RUNARMS5B, RUNARMS3C, RUNARMS9C, RUNARMS1B, RUNARMS7B, RODARMS1A, RODARMS1B, RODARMS1C, RODARMS2A, RODARMS2B, RODARMS2C, RODARMS3A, RODARMS3B"
"850","0.213482639727234","4.07141629372042","0.006","0.226943636297491","0.261053635117446","0.136168033822477",NA,"RUNARMS5B, RUNARMS6A, RUNARMS6C, RUNARMS9A, RUNARMS9B, RUNARMS5A, RUNARMS1A, RUNARMS3A, RUNARMS1B, RODARMS1A, RODARMS1B, RODARMS1C, RODARMS2A, RODARMS2B, RODARMS2C, RODARMS3A, RODARMS3B"
"851","0.251493176477111","5.03989747134389","0.001","0.202021626189255","0.255245728736419","0.00314655478652367",NA,"RUNARMS7C, RUNARMS2C, RUNARMS3A, RUNARMS1C, RUNARMS6A, RUNARMS9C, RUNARMS5A, RUNARMS1A, RUNARMS1B, RODARMS1A, RODARMS1B, RODARMS1C, RODARMS2A, RODARMS2B, RODARMS2C, RODARMS3A, RODARMS3B"
"852","0.213645026831716","4.07535465766035","0.004","0.192187419725111","0.248060479716328","0.0458116939333546",NA,"RUNARMS6C, RUNARMS8A, RUNARMS2B, RUNARMS6B, RUNARMS6A, RUNARMS4C, RUNARMS1C, RUNARMS9A, RUNARMS2C, RODARMS1A, RODARMS1B, RODARMS1C, RODARMS2A, RODARMS2B, RODARMS2C, RODARMS3A, RODARMS3B"
"853","0.22091883881372","4.25344976531075","0.002","0.227076750958321","0.259190000648644","0.178164159177947",NA,"RUNARMS6A, RUNARMS7B, RUNARMS7C, RUNARMS5B, RUNARMS3C, RUNARMS2C, RUNARMS1A, RUNARMS5C, RUNARMS8B, RODARMS1A, RODARMS1B, RODARMS1C, RODARMS2A, RODARMS2B, RODARMS2C, RODARMS3A, RODARMS3B"
"854","0.162268684842017","2.90550231152723","0.026","0.212198018677707","0.253872408392641","0.14790473171639",NA,"RUNARMS9B, RUNARMS6A, RUNARMS6C, RUNARMS2B, RUNARMS4C, RUNARMS1B, RUNARMS8A, RUNARMS4A, RUNARMS7B, RODARMS1A, RODARMS1B, RODARMS1C, RODARMS2A, RODARMS2B, RODARMS2C, RODARMS3A, RODARMS3B"
"855","0.179690846995863","3.28578889442716","0.009","0.228111895197545","0.256747967496963","0.138436606596597",NA,"RUNARMS9B, RUNARMS3A, RUNARMS6A, RUNARMS1B, RUNARMS9C, RUNARMS7A, RUNARMS9A, RUNARMS6B, RUNARMS2A, RODARMS1A, RODARMS1B, RODARMS1C, RODARMS2A, RODARMS2B, RODARMS2C, RODARMS3A, RODARMS3B"
"856","0.217165597774129","4.16114053923764","0.005","0.210026296330667","0.255089258053545","0.101850970428035",NA,"RUNARMS9B, RUNARMS2C, RUNARMS1A, RUNARMS5A, RUNARMS1C, RUNARMS5B, RUNARMS1B, RUNARMS6A, RUNARMS6B, RODARMS1A, RODARMS1B, RODARMS1C, RODARMS2A, RODARMS2B, RODARMS2C, RODARMS3A, RODARMS3B"
"857","0.175117077354815","3.1843987652198","0.017","0.228852240555413","0.257496636256285","0.29530781585297",NA,"RUNARMS6B, RUNARMS2A, RUNARMS9A, RUNARMS9B, RUNARMS8B, RUNARMS1A, RUNARMS5A, RUNARMS3B, RUNARMS6A, RODARMS1A, RODARMS1B, RODARMS1C, RODARMS2A, RODARMS2B, RODARMS2C, RODARMS3A, RODARMS3B"
"858","0.215531956960019","4.12123780322751","0.001","0.24019627145542","0.25968313907942","0.416423997697834",NA,"RUNARMS1C, RUNARMS4B, RUNARMS8B, RUNARMS8C, RUNARMS8A, RUNARMS5A, RUNARMS3A, RUNARMS7C, RUNARMS5B, RODARMS1A, RODARMS1B, RODARMS1C, RODARMS2A, RODARMS2B, RODARMS2C, RODARMS3A, RODARMS3B"
"859","0.262945876522126","5.35128699805761","0.001","0.179345919927719","0.247480560936942","0.00149843196699145",NA,"RUNARMS2B, RUNARMS1C, RUNARMS1A, RUNARMS5A, RUNARMS9A, RUNARMS8C, RUNARMS2C, RUNARMS4C, RUNARMS6C, RODARMS1A, RODARMS1B, RODARMS1C, RODARMS2A, RODARMS2B, RODARMS2C, RODARMS3A, RODARMS3B"
"860","0.222546707551898","4.29376355557889","0.001","0.183293809037592","0.245440912711119","0.0150592538661661",NA,"RUNARMS9A, RUNARMS8A, RUNARMS9C, RUNARMS4A, RUNARMS4C, RUNARMS5A, RUNARMS1A, RUNARMS2B, RUNARMS3A, RODARMS1A, RODARMS1B, RODARMS1C, RODARMS2A, RODARMS2B, RODARMS2C, RODARMS3A, RODARMS3B"
"861","0.205010339033293","3.86816991023507","0.009","0.21666301738446","0.257532082722208","0.0833636148400474",NA,"RUNARMS1C, RUNARMS9B, RUNARMS2A, RUNARMS5A, RUNARMS7B, RUNARMS1B, RUNARMS6B, RUNARMS2B, RUNARMS8C, RODARMS1A, RODARMS1B, RODARMS1C, RODARMS2A, RODARMS2B, RODARMS2C, RODARMS3A, RODARMS3B"
"862","0.236745076901674","4.65267376083158","0.002","0.191057368431653","0.25214600292342","0.00814231400886292",NA,"RUNARMS6A, RUNARMS3C, RUNARMS1A, RUNARMS6C, RUNARMS2B, RUNARMS2A, RUNARMS3A, RUNARMS3B, RUNARMS7B, RODARMS1A, RODARMS1B, RODARMS1C, RODARMS2A, RODARMS2B, RODARMS2C, RODARMS3A, RODARMS3B"
"863","0.186305902578438","3.43444612358879","0.009","0.242106577939884","0.264597062694983","0.378134212795456",NA,"RUNARMS9B, RUNARMS3B, RUNARMS6C, RUNARMS1C, RUNARMS4C, RUNARMS8B, RUNARMS4B, RUNARMS7A, RUNARMS3C, RODARMS1A, RODARMS1B, RODARMS1C, RODARMS2A, RODARMS2B, RODARMS2C, RODARMS3A, RODARMS3B"
"864","0.281696561235538","5.88253959329664","0.001","0.163057200747954","0.247290814320891","4.38743213009592e-05",NA,"RUNARMS7B, RUNARMS8C, RUNARMS3B, RUNARMS4A, RUNARMS5A, RUNARMS9A, RUNARMS4C, RUNARMS1A, RUNARMS5C, RODARMS1A, RODARMS1B, RODARMS1C, RODARMS2A, RODARMS2B, RODARMS2C, RODARMS3A, RODARMS3B"
"865","0.217335350638973","4.16529641685759","0.003","0.200172755108065","0.252179509144609","0.079317084492225",NA,"RUNARMS8B, RUNARMS8C, RUNARMS2C, RUNARMS4A, RUNARMS5B, RUNARMS4C, RUNARMS1C, RUNARMS4B, RUNARMS7B, RODARMS1A, RODARMS1B, RODARMS1C, RODARMS2A, RODARMS2B, RODARMS2C, RODARMS3A, RODARMS3B"
"866","0.154318602053704","2.73717624205394","0.026","0.234399715839691","0.255587099626729","0.533584225838567",NA,"RUNARMS9B, RUNARMS2B, RUNARMS6B, RUNARMS3C, RUNARMS3A, RUNARMS3B, RUNARMS1C, RUNARMS2C, RUNARMS8B, RODARMS1A, RODARMS1B, RODARMS1C, RODARMS2A, RODARMS2B, RODARMS2C, RODARMS3A, RODARMS3B"
"867","0.151815953972778","2.68484100857349","0.027","0.229974416043949","0.257535353872638","0.325169804768642",NA,"RUNARMS2A, RUNARMS6B, RUNARMS8A, RUNARMS6A, RUNARMS4C, RUNARMS9C, RUNARMS1B, RUNARMS8B, RUNARMS1A, RODARMS1A, RODARMS1B, RODARMS1C, RODARMS2A, RODARMS2B, RODARMS2C, RODARMS3A, RODARMS3B"
"868","0.169107435147032","3.05287546730466","0.017","0.235614400518652","0.257810830561848","0.383643408139686",NA,"RUNARMS6B, RUNARMS9B, RUNARMS6A, RUNARMS3B, RUNARMS9A, RUNARMS1B, RUNARMS8B, RUNARMS1C, RUNARMS4B, RODARMS1A, RODARMS1B, RODARMS1C, RODARMS2A, RODARMS2B, RODARMS2C, RODARMS3A, RODARMS3B"
"869","0.207914762588418","3.93735584445153","0.008","0.210630134510471","0.254456280090135","0.161386500967657",NA,"RUNARMS4C, RUNARMS2A, RUNARMS5A, RUNARMS4B, RUNARMS1B, RUNARMS8B, RUNARMS2B, RUNARMS7A, RUNARMS3C, RODARMS1A, RODARMS1B, RODARMS1C, RODARMS2A, RODARMS2B, RODARMS2C, RODARMS3A, RODARMS3B"
"870","0.212517964273305","4.04805356754314","0.003","0.205555555862799","0.246081491493209","0.105869934889705",NA,"RUNARMS7B, RUNARMS1C, RUNARMS5C, RUNARMS1B, RUNARMS2B, RUNARMS3C, RUNARMS8A, RUNARMS5A, RUNARMS2C, RODARMS1A, RODARMS1B, RODARMS1C, RODARMS2A, RODARMS2B, RODARMS2C, RODARMS3A, RODARMS3B"
"871","0.231403192226505","4.51608417871609","0.002","0.196771533237065","0.252150880553559","0.00985266100255269",NA,"RUNARMS8C, RUNARMS7B, RUNARMS9C, RUNARMS1B, RUNARMS5A, RUNARMS3B, RUNARMS5C, RUNARMS8A, RUNARMS1A, RODARMS1A, RODARMS1B, RODARMS1C, RODARMS2A, RODARMS2B, RODARMS2C, RODARMS3A, RODARMS3B"
"872","0.195936093501956","3.65523359371994","0.007","0.234371223125825","0.258574223419218","0.363365782566176",NA,"RUNARMS3C, RUNARMS8C, RUNARMS8B, RUNARMS2A, RUNARMS3B, RUNARMS9B, RUNARMS5A, RUNARMS1A, RUNARMS5B, RODARMS1A, RODARMS1B, RODARMS1C, RODARMS2A, RODARMS2B, RODARMS2C, RODARMS3A, RODARMS3B"
"873","0.235541728773105","4.62173811779967","0.001","0.210967137392588","0.260205385751983","0.0776053184299767",NA,"RUNARMS4C, RUNARMS1A, RUNARMS1B, RUNARMS2A, RUNARMS5A, RUNARMS4B, RUNARMS7C, RUNARMS8B, RUNARMS7B, RODARMS1A, RODARMS1B, RODARMS1C, RODARMS2A, RODARMS2B, RODARMS2C, RODARMS3A, RODARMS3B"
"874","0.258827520015546","5.2382042035811","0.001","0.20815045924992","0.253433301347335","0.0156133678008346",NA,"RUNARMS4B, RUNARMS6A, RUNARMS5C, RUNARMS5A, RUNARMS3A, RUNARMS1C, RUNARMS3C, RUNARMS8C, RUNARMS1B, RODARMS1A, RODARMS1B, RODARMS1C, RODARMS2A, RODARMS2B, RODARMS2C, RODARMS3A, RODARMS3B"
"875","0.273065412585667","5.63459389565461","0.001","0.174587566877286","0.250286637588483","3.07889240065143e-05",NA,"RUNARMS4B, RUNARMS1A, RUNARMS3B, RUNARMS5C, RUNARMS6A, RUNARMS7B, RUNARMS4A, RUNARMS5A, RUNARMS9A, RODARMS1A, RODARMS1B, RODARMS1C, RODARMS2A, RODARMS2B, RODARMS2C, RODARMS3A, RODARMS3B"
"876","0.238880098626164","4.707801586747","0.001","0.207799618573625","0.261260630958997","0.0010631963596709",NA,"RUNARMS1A, RUNARMS5C, RUNARMS1B, RUNARMS7B, RUNARMS6A, RUNARMS1C, RUNARMS4B, RUNARMS6C, RUNARMS3B, RODARMS1A, RODARMS1B, RODARMS1C, RODARMS2A, RODARMS2B, RODARMS2C, RODARMS3A, RODARMS3B"
"877","0.221880220767651","4.27723777282488","0.002","0.229635544188667","0.26074646043223","0.206187463898404",NA,"RUNARMS8B, RUNARMS7B, RUNARMS5A, RUNARMS3C, RUNARMS2A, RUNARMS9A, RUNARMS7C, RUNARMS2B, RUNARMS1C, RODARMS1A, RODARMS1B, RODARMS1C, RODARMS2A, RODARMS2B, RODARMS2C, RODARMS3A, RODARMS3B"
"878","0.199183287225365","3.73087781600943","0.006","0.233645594894341","0.259341232913092","0.246195238172971",NA,"RUNARMS1A, RUNARMS8B, RUNARMS6C, RUNARMS3C, RUNARMS2A, RUNARMS7B, RUNARMS7A, RUNARMS8C, RUNARMS1B, RODARMS1A, RODARMS1B, RODARMS1C, RODARMS2A, RODARMS2B, RODARMS2C, RODARMS3A, RODARMS3B"
"879","0.210262549563566","3.99365414633753","0.002","0.193739982258554","0.248230172188731","0.0338707660937354",NA,"RUNARMS8A, RUNARMS4C, RUNARMS3A, RUNARMS5A, RUNARMS1B, RUNARMS2C, RUNARMS7B, RUNARMS9C, RUNARMS2A, RODARMS1A, RODARMS1B, RODARMS1C, RODARMS2A, RODARMS2B, RODARMS2C, RODARMS3A, RODARMS3B"
"880","0.182335690865855","3.34493670866477","0.011","0.205342711342462","0.245440912711119","0.112827091421503",NA,"RUNARMS5A, RUNARMS8A, RUNARMS9C, RUNARMS9B, RUNARMS1C, RUNARMS3B, RUNARMS6A, RUNARMS3A, RUNARMS4A, RODARMS1A, RODARMS1B, RODARMS1C, RODARMS2A, RODARMS2B, RODARMS2C, RODARMS3A, RODARMS3B"
"881","0.197593898888727","3.69377610567281","0.003","0.213373423838087","0.256149141797265","0.0461955780496736",NA,"RUNARMS5C, RUNARMS9C, RUNARMS6A, RUNARMS8A, RUNARMS2B, RUNARMS1B, RUNARMS2C, RUNARMS1C, RUNARMS9A, RODARMS1A, RODARMS1B, RODARMS1C, RODARMS2A, RODARMS2B, RODARMS2C, RODARMS3A, RODARMS3B"
"882","0.257798335173788","5.21014060041523","0.001","0.186995164751692","0.24544091271112","0.00132403831536511",NA,"RUNARMS8C, RUNARMS3B, RUNARMS7B, RUNARMS1B, RUNARMS5B, RUNARMS4A, RUNARMS7C, RUNARMS1C, RUNARMS9A, RODARMS1A, RODARMS1B, RODARMS1C, RODARMS2A, RODARMS2B, RODARMS2C, RODARMS3A, RODARMS3B"
"883","0.194010617282812","3.61066699096123","0.007","0.192486757642752","0.2464883141433","0.0943479748369704",NA,"RUNARMS4A, RUNARMS2B, RUNARMS5B, RUNARMS4C, RUNARMS8B, RUNARMS1C, RUNARMS8C, RUNARMS2C, RUNARMS1B, RODARMS1A, RODARMS1B, RODARMS1C, RODARMS2A, RODARMS2B, RODARMS2C, RODARMS3A, RODARMS3B"
"884","0.239028916016025","4.71165569323509","0.001","0.197172908438937","0.246555948851456","0.0084393491696414",NA,"RUNARMS7A, RUNARMS2B, RUNARMS9A, RUNARMS6A, RUNARMS7B, RUNARMS8C, RUNARMS3C, RUNARMS1C, RUNARMS2C, RODARMS1A, RODARMS1B, RODARMS1C, RODARMS2A, RODARMS2B, RODARMS2C, RODARMS3A, RODARMS3B"
"885","0.202552811780977","3.81002306058689","0.005","0.225549437192862","0.257377387401264","0.171081625957701",NA,"RUNARMS3C, RUNARMS7A, RUNARMS1C, RUNARMS9B, RUNARMS8C, RUNARMS6B, RUNARMS3B, RUNARMS2A, RUNARMS6A, RODARMS1A, RODARMS1B, RODARMS1C, RODARMS2A, RODARMS2B, RODARMS2C, RODARMS3A, RODARMS3B"
"886","0.234303373005262","4.59000401878887","0.002","0.209927385389","0.260024279619183","0.0197258738993008",NA,"RUNARMS1C, RUNARMS2C, RUNARMS3B, RUNARMS5A, RUNARMS5C, RUNARMS9B, RUNARMS4B, RUNARMS8C, RUNARMS9C, RODARMS1A, RODARMS1B, RODARMS1C, RODARMS2A, RODARMS2B, RODARMS2C, RODARMS3A, RODARMS3B"
"887","0.266407491699632","5.44731895470541","0.001","0.180047111490681","0.248918584972664","0.000188967996241248",NA,"RUNARMS8C, RUNARMS5B, RUNARMS6A, RUNARMS4B, RUNARMS5A, RUNARMS3A, RUNARMS4A, RUNARMS1A, RUNARMS3B, RODARMS1A, RODARMS1B, RODARMS1C, RODARMS2A, RODARMS2B, RODARMS2C, RODARMS3A, RODARMS3B"
"888","0.22446903525968","4.3415874826128","0.001","0.194173578081115","0.245440912711119","0.00660886184707084",NA,"RUNARMS9C, RUNARMS4A, RUNARMS6A, RUNARMS1C, RUNARMS7A, RUNARMS5B, RUNARMS7C, RUNARMS2B, RUNARMS6C, RODARMS1A, RODARMS1B, RODARMS1C, RODARMS2A, RODARMS2B, RODARMS2C, RODARMS3A, RODARMS3B"
"889","0.217013095738542","4.15740853181772","0.002","0.220159520713379","0.25642309491613","0.167097265024878",NA,"RUNARMS2A, RUNARMS8B, RUNARMS2C, RUNARMS1B, RUNARMS7A, RUNARMS1A, RUNARMS5A, RUNARMS1C, RUNARMS7C, RODARMS1A, RODARMS1B, RODARMS1C, RODARMS2A, RODARMS2B, RODARMS2C, RODARMS3A, RODARMS3B"
"890","0.222008080553326","4.28040590790242","0.002","0.216175573195239","0.25505675320159","0.0956458748177276",NA,"RUNARMS1C, RUNARMS1B, RUNARMS8A, RUNARMS4B, RUNARMS2A, RUNARMS1A, RUNARMS7A, RUNARMS3C, RUNARMS3B, RODARMS1A, RODARMS1B, RODARMS1C, RODARMS2A, RODARMS2B, RODARMS2C, RODARMS3A, RODARMS3B"
"891","0.276835584420623","5.74217104278072","0.001","0.191025339021541","0.245440912711119","0.00262811569413105",NA,"RUNARMS1B, RUNARMS5B, RUNARMS4B, RUNARMS7B, RUNARMS3C, RUNARMS3A, RUNARMS5C, RUNARMS9A, RUNARMS8C, RODARMS1A, RODARMS1B, RODARMS1C, RODARMS2A, RODARMS2B, RODARMS2C, RODARMS3A, RODARMS3B"
"892","0.215899031081804","4.13018934372077","0.001","0.209246461672793","0.245440912711119","0.113080899940195",NA,"RUNARMS8C, RUNARMS7C, RUNARMS6B, RUNARMS2B, RUNARMS1C, RUNARMS1A, RUNARMS8A, RUNARMS5B, RUNARMS6A, RODARMS1A, RODARMS1B, RODARMS1C, RODARMS2A, RODARMS2B, RODARMS2C, RODARMS3A, RODARMS3B"
"893","0.269008986333718","5.52008809898711","0.001","0.193077823206325","0.245440913230919","0.00466393886004204",NA,"RUNARMS1C, RUNARMS5A, RUNARMS8C, RUNARMS6A, RUNARMS4B, RUNARMS1A, RUNARMS3C, RUNARMS7B, RUNARMS3A, RODARMS1A, RODARMS1B, RODARMS1C, RODARMS2A, RODARMS2B, RODARMS2C, RODARMS3A, RODARMS3B"
"894","0.21550102130246","4.12048378304285","0.001","0.196670570417252","0.249279253942875","0.0254828263445392",NA,"RUNARMS5C, RUNARMS8C, RUNARMS4A, RUNARMS8A, RUNARMS5A, RUNARMS7B, RUNARMS3B, RUNARMS1B, RUNARMS6B, RODARMS1A, RODARMS1B, RODARMS1C, RODARMS2A, RODARMS2B, RODARMS2C, RODARMS3A, RODARMS3B"
"895","0.190980625426742","3.54096511336606","0.009","0.239586892107727","0.259554524267142","0.366907812135726",NA,"RUNARMS7A, RUNARMS5C, RUNARMS2A, RUNARMS6C, RUNARMS8B, RUNARMS1B, RUNARMS9A, RUNARMS6B, RUNARMS3C, RODARMS1A, RODARMS1B, RODARMS1C, RODARMS2A, RODARMS2B, RODARMS2C, RODARMS3A, RODARMS3B"
"896","0.251769891262804","5.04730874211386","0.002","0.173172596354488","0.245440912711119","0.00101791369316952",NA,"RUNARMS5A, RUNARMS1C, RUNARMS2A, RUNARMS1A, RUNARMS3A, RUNARMS4C, RUNARMS6B, RUNARMS9C, RUNARMS4A, RODARMS1A, RODARMS1B, RODARMS1C, RODARMS2A, RODARMS2B, RODARMS2C, RODARMS3A, RODARMS3B"
"897","0.21288044558152","4.05682550483952","0.01","0.211305501532364","0.261425417314919","0.0510940813115197",NA,"RUNARMS8C, RUNARMS3A, RUNARMS4A, RUNARMS9B, RUNARMS1A, RUNARMS6C, RUNARMS5B, RUNARMS2B, RUNARMS4C, RODARMS1A, RODARMS1B, RODARMS1C, RODARMS2A, RODARMS2B, RODARMS2C, RODARMS3A, RODARMS3B"
"898","0.176697755145918","3.21931142998223","0.012","0.242839548602612","0.258110825462342","0.574156360754057",NA,"RUNARMS8B, RUNARMS7A, RUNARMS5B, RUNARMS2A, RUNARMS9B, RUNARMS3C, RUNARMS1A, RUNARMS3A, RUNARMS2C, RODARMS1A, RODARMS1B, RODARMS1C, RODARMS2A, RODARMS2B, RODARMS2C, RODARMS3A, RODARMS3B"
"899","0.238657299643222","4.70203430461835","0.002","0.205445068459779","0.260180208341006","0.00551317414930277",NA,"RUNARMS1B, RUNARMS1C, RUNARMS6C, RUNARMS8C, RUNARMS7B, RUNARMS2A, RUNARMS4B, RUNARMS4C, RUNARMS9C, RODARMS1A, RODARMS1B, RODARMS1C, RODARMS2A, RODARMS2B, RODARMS2C, RODARMS3A, RODARMS3B"
"900","0.212861549567711","4.05636802745709","0.002","0.20311578576838","0.249874821223198","0.135809894025326",NA,"RUNARMS1C, RUNARMS6B, RUNARMS8B, RUNARMS5A, RUNARMS5B, RUNARMS4C, RUNARMS9A, RUNARMS3A, RUNARMS4A, RODARMS1A, RODARMS1B, RODARMS1C, RODARMS2A, RODARMS2B, RODARMS2C, RODARMS3A, RODARMS3B"
"901","0.226509371990466","4.39260730100935","0.002","0.202906551352493","0.251686347109252","0.0405643839751406",NA,"RUNARMS3C, RUNARMS1B, RUNARMS4A, RUNARMS3B, RUNARMS2B, RUNARMS1C, RUNARMS6C, RUNARMS6B, RUNARMS7C, RODARMS1A, RODARMS1B, RODARMS1C, RODARMS2A, RODARMS2B, RODARMS2C, RODARMS3A, RODARMS3B"
"902","0.20883598706812","3.9594063365108","0.005","0.217292865815377","0.256238808887989","0.0824580929213398",NA,"RUNARMS4B, RUNARMS7A, RUNARMS4A, RUNARMS1B, RUNARMS2A, RUNARMS9B, RUNARMS3C, RUNARMS8C, RUNARMS2B, RODARMS1A, RODARMS1B, RODARMS1C, RODARMS2A, RODARMS2B, RODARMS2C, RODARMS3A, RODARMS3B"
"903","0.229055426494","4.45665163941032","0.002","0.193461775160754","0.245440912711119","0.0554114856661634",NA,"RUNARMS2C, RUNARMS8A, RUNARMS5A, RUNARMS4A, RUNARMS6B, RUNARMS1A, RUNARMS4C, RUNARMS7C, RUNARMS1C, RODARMS1A, RODARMS1B, RODARMS1C, RODARMS2A, RODARMS2B, RODARMS2C, RODARMS3A, RODARMS3B"
"904","0.247567041375365","4.93533088638004","0.001","0.192386730430647","0.252316448474162","0.00417398106706159",NA,"RUNARMS1C, RUNARMS1B, RUNARMS5C, RUNARMS2B, RUNARMS2A, RUNARMS3B, RUNARMS4B, RUNARMS3C, RUNARMS7B, RODARMS1A, RODARMS1B, RODARMS1C, RODARMS2A, RODARMS2B, RODARMS2C, RODARMS3A, RODARMS3B"
"905","0.262067103389685","5.3270515095645","0.001","0.194165242225153","0.245440915076723","0.00413264956065739",NA,"RUNARMS2A, RUNARMS6C, RUNARMS1C, RUNARMS7C, RUNARMS7B, RUNARMS9A, RUNARMS5A, RUNARMS8C, RUNARMS6A, RODARMS1A, RODARMS1B, RODARMS1C, RODARMS2A, RODARMS2B, RODARMS2C, RODARMS3A, RODARMS3B"
"906","0.214100672355229","4.08641408938837","0.007","0.195466954176963","0.247471403678546","0.038573023533518",NA,"RUNARMS6C, RUNARMS4C, RUNARMS2C, RUNARMS5C, RUNARMS9C, RUNARMS5B, RUNARMS8A, RUNARMS1A, RUNARMS7B, RODARMS1A, RODARMS1B, RODARMS1C, RODARMS2A, RODARMS2B, RODARMS2C, RODARMS3A, RODARMS3B"
"907","0.223944798677738","4.32852195880221","0.002","0.2333863638356","0.263246410400346","0.191360917648376",NA,"RUNARMS3A, RUNARMS8C, RUNARMS4C, RUNARMS3C, RUNARMS8B, RUNARMS7C, RUNARMS1B, RUNARMS1A, RUNARMS7A, RODARMS1A, RODARMS1B, RODARMS1C, RODARMS2A, RODARMS2B, RODARMS2C, RODARMS3A, RODARMS3B"
"908","0.231165132602894","4.5100412794526","0.001","0.188252170344972","0.245440914222106","0.000831974263355302",NA,"RUNARMS9C, RUNARMS8C, RUNARMS4A, RUNARMS1C, RUNARMS6B, RUNARMS9A, RUNARMS2C, RUNARMS2A, RUNARMS7B, RODARMS1A, RODARMS1B, RODARMS1C, RODARMS2A, RODARMS2B, RODARMS2C, RODARMS3A, RODARMS3B"
"909","0.234758657125971","4.60165918854341","0.001","0.205120096965424","0.251915426613236","0.0170145655935589",NA,"RUNARMS1B, RUNARMS3C, RUNARMS3B, RUNARMS2B, RUNARMS1C, RUNARMS7C, RUNARMS9A, RUNARMS4A, RUNARMS7A, RODARMS1A, RODARMS1B, RODARMS1C, RODARMS2A, RODARMS2B, RODARMS2C, RODARMS3A, RODARMS3B"
"910","0.197498780394815","3.69156037841252","0.01","0.218273403995247","0.254106082319882","0.110235388813082",NA,"RUNARMS7A, RUNARMS9B, RUNARMS5B, RUNARMS2B, RUNARMS6C, RUNARMS1B, RUNARMS3A, RUNARMS7B, RUNARMS5A, RODARMS1A, RODARMS1B, RODARMS1C, RODARMS2A, RODARMS2B, RODARMS2C, RODARMS3A, RODARMS3B"
"911","0.18942042033859","3.50527742910289","0.009","0.219082463978734","0.251802788490957","0.18607961346121",NA,"RUNARMS1C, RUNARMS3C, RUNARMS9C, RUNARMS5B, RUNARMS7A, RUNARMS5C, RUNARMS4A, RUNARMS8B, RUNARMS2B, RODARMS1A, RODARMS1B, RODARMS1C, RODARMS2A, RODARMS2B, RODARMS2C, RODARMS3A, RODARMS3B"
"912","0.190311234389519","3.52563680896629","0.005","0.227927769644603","0.260573029149577","0.154547234219515",NA,"RUNARMS9C, RUNARMS5A, RUNARMS1A, RUNARMS3C, RUNARMS6B, RUNARMS2B, RUNARMS1B, RUNARMS9B, RUNARMS6A, RODARMS1A, RODARMS1B, RODARMS1C, RODARMS2A, RODARMS2B, RODARMS2C, RODARMS3A, RODARMS3B"
"913","0.208771728184876","3.95786656559821","0.008","0.208619104717721","0.249369212415924","0.178722409877005",NA,"RUNARMS5A, RUNARMS2C, RUNARMS3C, RUNARMS1C, RUNARMS8B, RUNARMS4B, RUNARMS9C, RUNARMS1B, RUNARMS4C, RODARMS1A, RODARMS1B, RODARMS1C, RODARMS2A, RODARMS2B, RODARMS2C, RODARMS3A, RODARMS3B"
"914","0.241273005180349","4.7699569178575","0.001","0.17620118073307","0.249054006448307","0.00110527041373261",NA,"RUNARMS3B, RUNARMS4A, RUNARMS6B, RUNARMS2A, RUNARMS8C, RUNARMS5C, RUNARMS4C, RUNARMS1A, RUNARMS1B, RODARMS1A, RODARMS1B, RODARMS1C, RODARMS2A, RODARMS2B, RODARMS2C, RODARMS3A, RODARMS3B"
"915","0.206151140523974","3.89528443726762","0.003","0.226259204916701","0.25987955068847","0.158385241279877",NA,"RUNARMS3B, RUNARMS9B, RUNARMS1B, RUNARMS3A, RUNARMS5C, RUNARMS2C, RUNARMS3C, RUNARMS1A, RUNARMS8C, RODARMS1A, RODARMS1B, RODARMS1C, RODARMS2A, RODARMS2B, RODARMS2C, RODARMS3A, RODARMS3B"
"916","0.260789485408548","5.2919191541671","0.001","0.190819844842025","0.25361837244911","0.001868026549426",NA,"RUNARMS5A, RUNARMS2B, RUNARMS6C, RUNARMS2C, RUNARMS5C, RUNARMS4B, RUNARMS4A, RUNARMS1A, RUNARMS7C, RODARMS1A, RODARMS1B, RODARMS1C, RODARMS2A, RODARMS2B, RODARMS2C, RODARMS3A, RODARMS3B"
"917","0.188475730256007","3.48373555695626","0.008","0.238991359002557","0.261410212981755","0.356981309777855",NA,"RUNARMS8C, RUNARMS1C, RUNARMS9A, RUNARMS7C, RUNARMS4C, RUNARMS8B, RUNARMS6B, RUNARMS8A, RUNARMS2B, RODARMS1A, RODARMS1B, RODARMS1C, RODARMS2A, RODARMS2B, RODARMS2C, RODARMS3A, RODARMS3B"
"918","0.171789005916551","3.11132683236106","0.028","0.223430814574316","0.259528446598166","0.245116020431907",NA,"RUNARMS6A, RUNARMS3B, RUNARMS5B, RUNARMS2C, RUNARMS9A, RUNARMS1A, RUNARMS8B, RUNARMS2B, RUNARMS9B, RODARMS1A, RODARMS1B, RODARMS1C, RODARMS2A, RODARMS2B, RODARMS2C, RODARMS3A, RODARMS3B"
"919","0.272337379240972","5.61394878900531","0.001","0.17405557009376","0.248568611373249","0.000414875269356546",NA,"RUNARMS2B, RUNARMS2C, RUNARMS3A, RUNARMS5B, RUNARMS4B, RUNARMS8C, RUNARMS1A, RUNARMS4C, RUNARMS5C, RODARMS1A, RODARMS1B, RODARMS1C, RODARMS2A, RODARMS2B, RODARMS2C, RODARMS3A, RODARMS3B"
"920","0.16822454612338","3.03371322162749","0.018","0.213690598217265","0.247480156132115","0.304928608870374",NA,"RUNARMS4C, RUNARMS8A, RUNARMS6A, RUNARMS2C, RUNARMS8B, RUNARMS1C, RUNARMS5B, RUNARMS8C, RUNARMS2B, RODARMS1A, RODARMS1B, RODARMS1C, RODARMS2A, RODARMS2B, RODARMS2C, RODARMS3A, RODARMS3B"
"921","0.17065594080514","3.08658280444213","0.012","0.228225240060141","0.257968252388604","0.307169035377286",NA,"RUNARMS4A, RUNARMS2A, RUNARMS8A, RUNARMS1A, RUNARMS7C, RUNARMS4C, RUNARMS8B, RUNARMS1B, RUNARMS6A, RODARMS1A, RODARMS1B, RODARMS1C, RODARMS2A, RODARMS2B, RODARMS2C, RODARMS3A, RODARMS3B"
"922","0.220903546162553","4.25307184510641","0.004","0.193631496382461","0.257835334143408","0.00141957879413869",NA,"RUNARMS2B, RUNARMS1A, RUNARMS1B, RUNARMS6B, RUNARMS6A, RUNARMS2A, RUNARMS2C, RUNARMS9C, RUNARMS7B, RODARMS1A, RODARMS1B, RODARMS1C, RODARMS2A, RODARMS2B, RODARMS2C, RODARMS3A, RODARMS3B"
"923","0.180799723891018","3.31054070348542","0.011","0.223930913340742","0.257216224235697","0.153992724531764",NA,"RUNARMS5C, RUNARMS1B, RUNARMS6C, RUNARMS6A, RUNARMS9B, RUNARMS6B, RUNARMS3B, RUNARMS3A, RUNARMS7A, RODARMS1A, RODARMS1B, RODARMS1C, RODARMS2A, RODARMS2B, RODARMS2C, RODARMS3A, RODARMS3B"
"924","0.272598224968617","5.62134093548623","0.001","0.188452860193195","0.25900666070813","3.86565676324237e-05",NA,"RUNARMS5C, RUNARMS1A, RUNARMS4B, RUNARMS2C, RUNARMS5B, RUNARMS1B, RUNARMS9C, RUNARMS3B, RUNARMS5A, RODARMS1A, RODARMS1B, RODARMS1C, RODARMS2A, RODARMS2B, RODARMS2C, RODARMS3A, RODARMS3B"
"925","0.231999458031192","4.5312362170302","0.001","0.216404472423177","0.262241761047322","0.0092473578798929",NA,"RUNARMS9A, RUNARMS2B, RUNARMS4A, RUNARMS4B, RUNARMS1B, RUNARMS9C, RUNARMS1C, RUNARMS6C, RUNARMS3C, RODARMS1A, RODARMS1B, RODARMS1C, RODARMS2A, RODARMS2B, RODARMS2C, RODARMS3A, RODARMS3B"
"926","0.226786832834898","4.39956617008448","0.004","0.227954684563019","0.262070080984044","0.180919707110803",NA,"RUNARMS4C, RUNARMS3C, RUNARMS6C, RUNARMS9B, RUNARMS6A, RUNARMS5B, RUNARMS4B, RUNARMS7C, RUNARMS1B, RODARMS1A, RODARMS1B, RODARMS1C, RODARMS2A, RODARMS2B, RODARMS2C, RODARMS3A, RODARMS3B"
"927","0.218507438210825","4.19404065172226","0.005","0.198091040688474","0.248732935191892","0.0546399609686627",NA,"RUNARMS2C, RUNARMS3B, RUNARMS7A, RUNARMS8B, RUNARMS5A, RUNARMS9C, RUNARMS9A, RUNARMS5B, RUNARMS1A, RODARMS1A, RODARMS1B, RODARMS1C, RODARMS2A, RODARMS2B, RODARMS2C, RODARMS3A, RODARMS3B"
"928","0.204318309931426","3.85175967629373","0.004","0.210869689875384","0.255166014978638","0.125467502978433",NA,"RUNARMS1A, RUNARMS3B, RUNARMS5C, RUNARMS6B, RUNARMS4C, RUNARMS8C, RUNARMS5B, RUNARMS8B, RUNARMS3A, RODARMS1A, RODARMS1B, RODARMS1C, RODARMS2A, RODARMS2B, RODARMS2C, RODARMS3A, RODARMS3B"
"929","0.167419123439819","3.01626775523924","0.015","0.247109941652914","0.255837109212955","0.70439341370372",NA,"RUNARMS1B, RUNARMS3C, RUNARMS6C, RUNARMS3B, RUNARMS7C, RUNARMS6A, RUNARMS3A, RUNARMS9B, RUNARMS8A, RODARMS1A, RODARMS1B, RODARMS1C, RODARMS2A, RODARMS2B, RODARMS2C, RODARMS3A, RODARMS3B"
"930","0.264717003388875","5.4003085466876","0.001","0.188807981871331","0.253202541208833","0.00206943128339133",NA,"RUNARMS6C, RUNARMS4B, RUNARMS1A, RUNARMS4A, RUNARMS5A, RUNARMS7C, RUNARMS2A, RUNARMS5C, RUNARMS2B, RODARMS1A, RODARMS1B, RODARMS1C, RODARMS2A, RODARMS2B, RODARMS2C, RODARMS3A, RODARMS3B"
"931","0.216439080440269","4.14337433830702","0.006","0.195098638348007","0.250411643751254","0.0740911122660482",NA,"RUNARMS5A, RUNARMS8B, RUNARMS5B, RUNARMS4B, RUNARMS7B, RUNARMS2A, RUNARMS2B, RUNARMS3B, RUNARMS1C, RODARMS1A, RODARMS1B, RODARMS1C, RODARMS2A, RODARMS2B, RODARMS2C, RODARMS3A, RODARMS3B"
"932","0.199075035784641","3.72834618745468","0.005","0.252113732074419","0.265553215306432","0.521132090710147",NA,"RUNARMS3C, RUNARMS8B, RUNARMS7C, RUNARMS1C, RUNARMS5B, RUNARMS6C, RUNARMS2C, RUNARMS7A, RUNARMS6B, RODARMS1A, RODARMS1B, RODARMS1C, RODARMS2A, RODARMS2B, RODARMS2C, RODARMS3A, RODARMS3B"
"933","0.249718441730495","4.99249459709088","0.001","0.190405809876293","0.250562734052524","0.00402438846831742",NA,"RUNARMS2A, RUNARMS1B, RUNARMS5B, RUNARMS8C, RUNARMS6B, RUNARMS4C, RUNARMS5C, RUNARMS6C, RUNARMS1A, RODARMS1A, RODARMS1B, RODARMS1C, RODARMS2A, RODARMS2B, RODARMS2C, RODARMS3A, RODARMS3B"
"934","0.25371380855411","5.0995277306931","0.001","0.187131784505023","0.248607029153177","0.000972644193427218",NA,"RUNARMS2C, RUNARMS1C, RUNARMS4A, RUNARMS8C, RUNARMS7B, RUNARMS5C, RUNARMS7A, RUNARMS7C, RUNARMS3B, RODARMS1A, RODARMS1B, RODARMS1C, RODARMS2A, RODARMS2B, RODARMS2C, RODARMS3A, RODARMS3B"
"935","0.222133060088533","4.2835036821429","0.001","0.207076977314367","0.248418489890784","0.0155973809579546",NA,"RUNARMS3C, RUNARMS1B, RUNARMS9C, RUNARMS2B, RUNARMS3A, RUNARMS7B, RUNARMS6C, RUNARMS9A, RUNARMS1C, RODARMS1A, RODARMS1B, RODARMS1C, RODARMS2A, RODARMS2B, RODARMS2C, RODARMS3A, RODARMS3B"
"936","0.2511007037096","5.02939523952157","0.001","0.177757096951709","0.251124852378634","0.00153452899908105",NA,"RUNARMS8C, RUNARMS3B, RUNARMS5B, RUNARMS2B, RUNARMS1C, RUNARMS2A, RUNARMS1B, RUNARMS7B, RUNARMS2C, RODARMS1A, RODARMS1B, RODARMS1C, RODARMS2A, RODARMS2B, RODARMS2C, RODARMS3A, RODARMS3B"
"937","0.199279880088603","3.73313736847253","0.013","0.203666430195537","0.249770506250799","0.100051337224094",NA,"RUNARMS4B, RUNARMS3A, RUNARMS7B, RUNARMS1B, RUNARMS2C, RUNARMS4A, RUNARMS5A, RUNARMS8B, RUNARMS2A, RODARMS1A, RODARMS1B, RODARMS1C, RODARMS2A, RODARMS2B, RODARMS2C, RODARMS3A, RODARMS3B"
"938","0.182359380022477","3.3454682087741","0.008","0.232727187184023","0.253371143802263","0.426555905393749",NA,"RUNARMS6A, RUNARMS8A, RUNARMS8B, RUNARMS9A, RUNARMS2B, RUNARMS3C, RUNARMS5B, RUNARMS1A, RUNARMS5C, RODARMS1A, RODARMS1B, RODARMS1C, RODARMS2A, RODARMS2B, RODARMS2C, RODARMS3A, RODARMS3B"
"939","0.224513913394334","4.34270679910662","0.001","0.19587177405543","0.245440912711119","0.0110702971926328",NA,"RUNARMS5C, RUNARMS8A, RUNARMS9A, RUNARMS2A, RUNARMS1A, RUNARMS8C, RUNARMS9C, RUNARMS7A, RUNARMS4A, RODARMS1A, RODARMS1B, RODARMS1C, RODARMS2A, RODARMS2B, RODARMS2C, RODARMS3A, RODARMS3B"
"940","0.236634635702622","4.64983047640156","0.001","0.217610149974404","0.24855241412312","0.0402727812241279",NA,"RUNARMS3C, RUNARMS1B, RUNARMS8C, RUNARMS7C, RUNARMS1C, RUNARMS6A, RUNARMS6C, RUNARMS1A, RUNARMS7A, RODARMS1A, RODARMS1B, RODARMS1C, RODARMS2A, RODARMS2B, RODARMS2C, RODARMS3A, RODARMS3B"
"941","0.205657445136442","3.883540744681","0.004","0.222353975336472","0.259854916033094","0.119774075731611",NA,"RUNARMS1A, RUNARMS9A, RUNARMS3B, RUNARMS2A, RUNARMS1C, RUNARMS6A, RUNARMS8B, RUNARMS9C, RUNARMS7C, RODARMS1A, RODARMS1B, RODARMS1C, RODARMS2A, RODARMS2B, RODARMS2C, RODARMS3A, RODARMS3B"
"942","0.222533623228009","4.29343885233905","0.001","0.210196610040269","0.249933997994964","0.0812476810261387",NA,"RUNARMS8A, RUNARMS7B, RUNARMS1B, RUNARMS5C, RUNARMS2B, RUNARMS3C, RUNARMS3A, RUNARMS5B, RUNARMS4B, RODARMS1A, RODARMS1B, RODARMS1C, RODARMS2A, RODARMS2B, RODARMS2C, RODARMS3A, RODARMS3B"
"943","0.193553508150201","3.60011811272625","0.009","0.243394968920383","0.259153789701828","0.429024782228034",NA,"RUNARMS1B, RUNARMS8A, RUNARMS3C, RUNARMS7A, RUNARMS9A, RUNARMS7C, RUNARMS6B, RUNARMS4A, RUNARMS9B, RODARMS1A, RODARMS1B, RODARMS1C, RODARMS2A, RODARMS2B, RODARMS2C, RODARMS3A, RODARMS3B"
"944","0.231735014637981","4.52451339811061","0.007","0.209009758432915","0.256502837419945","0.0463855684041717",NA,"RUNARMS7B, RUNARMS2A, RUNARMS1A, RUNARMS4B, RUNARMS1B, RUNARMS7C, RUNARMS2B, RUNARMS5A, RUNARMS9B, RODARMS1A, RODARMS1B, RODARMS1C, RODARMS2A, RODARMS2B, RODARMS2C, RODARMS3A, RODARMS3B"
"945","0.250190598176347","5.00508391001455","0.001","0.167323330008109","0.245440912711119","0.000437102152056207",NA,"RUNARMS5A, RUNARMS2A, RUNARMS9C, RUNARMS4A, RUNARMS6A, RUNARMS1A, RUNARMS4C, RUNARMS6B, RUNARMS5C, RODARMS1A, RODARMS1B, RODARMS1C, RODARMS2A, RODARMS2B, RODARMS2C, RODARMS3A, RODARMS3B"
"946","0.272143965974599","5.60847104205848","0.001","0.174373953914668","0.246283319266813","0.000643893884568353",NA,"RUNARMS4C, RUNARMS7B, RUNARMS9A, RUNARMS1A, RUNARMS5A, RUNARMS7A, RUNARMS5C, RUNARMS2C, RUNARMS3A, RODARMS1A, RODARMS1B, RODARMS1C, RODARMS2A, RODARMS2B, RODARMS2C, RODARMS3A, RODARMS3B"
"947","0.202524002658562","3.80934354138031","0.007","0.20940465362159","0.260963744084689","0.0748136197943947",NA,"RUNARMS1A, RUNARMS2C, RUNARMS1B, RUNARMS6A, RUNARMS9B, RUNARMS5A, RUNARMS2B, RUNARMS6B, RUNARMS2A, RODARMS1A, RODARMS1B, RODARMS1C, RODARMS2A, RODARMS2B, RODARMS2C, RODARMS3A, RODARMS3B"
"948","0.223520047400249","4.31794884050533","0.001","0.207952557765272","0.247537462710164","0.0839870810873709",NA,"RUNARMS2A, RUNARMS1A, RUNARMS5C, RUNARMS3B, RUNARMS8A, RUNARMS7B, RUNARMS7C, RUNARMS1B, RUNARMS3C, RODARMS1A, RODARMS1B, RODARMS1C, RODARMS2A, RODARMS2B, RODARMS2C, RODARMS3A, RODARMS3B"
"949","0.212576439281447","4.0494680986075","0.004","0.210424392670184","0.253426036213827","0.0553995286837091",NA,"RUNARMS3B, RUNARMS1A, RUNARMS2A, RUNARMS8A, RUNARMS7A, RUNARMS4B, RUNARMS5C, RUNARMS6C, RUNARMS6B, RODARMS1A, RODARMS1B, RODARMS1C, RODARMS2A, RODARMS2B, RODARMS2C, RODARMS3A, RODARMS3B"
"950","0.190374910525821","3.52709383023436","0.01","0.226629680430601","0.255294547202725","0.239030330313452",NA,"RUNARMS5A, RUNARMS6B, RUNARMS5C, RUNARMS9B, RUNARMS4A, RUNARMS3A, RUNARMS8C, RUNARMS1A, RUNARMS8B, RODARMS1A, RODARMS1B, RODARMS1C, RODARMS2A, RODARMS2B, RODARMS2C, RODARMS3A, RODARMS3B"
"951","0.22371644906208","4.32283632942722","0.001","0.196211591897282","0.245440913474245","0.00161841376823455",NA,"RUNARMS8C, RUNARMS6B, RUNARMS9C, RUNARMS2A, RUNARMS1C, RUNARMS6A, RUNARMS7A, RUNARMS7B, RUNARMS1A, RODARMS1A, RODARMS1B, RODARMS1C, RODARMS2A, RODARMS2B, RODARMS2C, RODARMS3A, RODARMS3B"
"952","0.157025123526371","2.79412461584702","0.023","0.218921052916166","0.25400422283295","0.138373433347537",NA,"RUNARMS9C, RUNARMS1B, RUNARMS7B, RUNARMS3B, RUNARMS6C, RUNARMS9B, RUNARMS4A, RUNARMS6A, RUNARMS8A, RODARMS1A, RODARMS1B, RODARMS1C, RODARMS2A, RODARMS2B, RODARMS2C, RODARMS3A, RODARMS3B"
"953","0.236259427130562","4.64017695648109","0.004","0.190110316338206","0.247590906867452","0.0452574918829329",NA,"RUNARMS3C, RUNARMS8A, RUNARMS4C, RUNARMS2A, RUNARMS2C, RUNARMS1B, RUNARMS5B, RUNARMS1A, RUNARMS7B, RODARMS1A, RODARMS1B, RODARMS1C, RODARMS2A, RODARMS2B, RODARMS2C, RODARMS3A, RODARMS3B"
"954","0.247810072585606","4.94177195586966","0.001","0.183965927136266","0.246981178041545","0.00714066526509016",NA,"RUNARMS6C, RUNARMS2A, RUNARMS5B, RUNARMS3A, RUNARMS9A, RUNARMS1A, RUNARMS7A, RUNARMS2C, RUNARMS2B, RODARMS1A, RODARMS1B, RODARMS1C, RODARMS2A, RODARMS2B, RODARMS2C, RODARMS3A, RODARMS3B"
"955","0.20491381608567","3.86587932663189","0.011","0.205246755487846","0.249636922731332","0.1253350945772",NA,"RUNARMS1C, RUNARMS5A, RUNARMS4A, RUNARMS4B, RUNARMS1B, RUNARMS2C, RUNARMS8B, RUNARMS5C, RUNARMS6B, RODARMS1A, RODARMS1B, RODARMS1C, RODARMS2A, RODARMS2B, RODARMS2C, RODARMS3A, RODARMS3B"
"956","0.250924263148986","5.02467742855673","0.001","0.20614370384295","0.256449007002658","0.0205714997185639",NA,"RUNARMS6A, RUNARMS4C, RUNARMS3C, RUNARMS4B, RUNARMS2B, RUNARMS3A, RUNARMS7C, RUNARMS1B, RUNARMS8C, RODARMS1A, RODARMS1B, RODARMS1C, RODARMS2A, RODARMS2B, RODARMS2C, RODARMS3A, RODARMS3B"
"957","0.186672407121069","3.44275311858605","0.012","0.22372033037136","0.263571676315256","0.17097158460713",NA,"RUNARMS8B, RUNARMS1B, RUNARMS4B, RUNARMS6C, RUNARMS1C, RUNARMS2B, RUNARMS2A, RUNARMS3A, RUNARMS4A, RODARMS1A, RODARMS1B, RODARMS1C, RODARMS2A, RODARMS2B, RODARMS2C, RODARMS3A, RODARMS3B"
"958","0.255633894350377","5.15137428498199","0.001","0.207009908212265","0.250435406767351","0.00956838237027858",NA,"RUNARMS2C, RUNARMS1C, RUNARMS4B, RUNARMS7A, RUNARMS8C, RUNARMS3A, RUNARMS3C, RUNARMS1A, RUNARMS5C, RODARMS1A, RODARMS1B, RODARMS1C, RODARMS2A, RODARMS2B, RODARMS2C, RODARMS3A, RODARMS3B"
"959","0.230454623076449","4.49202795547447","0.001","0.195557758577354","0.245440912990373","0.0280092160140169",NA,"RUNARMS4A, RUNARMS1C, RUNARMS7C, RUNARMS2B, RUNARMS9C, RUNARMS6B, RUNARMS5C, RUNARMS3C, RUNARMS2A, RODARMS1A, RODARMS1B, RODARMS1C, RODARMS2A, RODARMS2B, RODARMS2C, RODARMS3A, RODARMS3B"
"960","0.201907782211196","3.79482053033801","0.01","0.202119467039773","0.253210990932738","0.110378897857858",NA,"RUNARMS1C, RUNARMS6A, RUNARMS5A, RUNARMS4C, RUNARMS2B, RUNARMS2C, RUNARMS8B, RUNARMS5B, RUNARMS6C, RODARMS1A, RODARMS1B, RODARMS1C, RODARMS2A, RODARMS2B, RODARMS2C, RODARMS3A, RODARMS3B"
"961","0.229754480550858","4.47430997161474","0.001","0.200151766791485","0.251421444249997","0.0136928829922646",NA,"RUNARMS9A, RUNARMS1A, RUNARMS1B, RUNARMS8C, RUNARMS7A, RUNARMS5A, RUNARMS3B, RUNARMS4A, RUNARMS8A, RODARMS1A, RODARMS1B, RODARMS1C, RODARMS2A, RODARMS2B, RODARMS2C, RODARMS3A, RODARMS3B"
"962","0.251807960032285","5.04832876950582","0.001","0.186830454628742","0.254458810783871","0.000769910286550594",NA,"RUNARMS2A, RUNARMS7B, RUNARMS1B, RUNARMS4C, RUNARMS7A, RUNARMS1A, RUNARMS2B, RUNARMS4B, RUNARMS8C, RODARMS1A, RODARMS1B, RODARMS1C, RODARMS2A, RODARMS2B, RODARMS2C, RODARMS3A, RODARMS3B"
"963","0.225990896643835","4.37961702899721","0.001","0.197781983141979","0.246676341005479","0.0793088792636586",NA,"RUNARMS1A, RUNARMS5B, RUNARMS7C, RUNARMS2B, RUNARMS2A, RUNARMS8A, RUNARMS4C, RUNARMS6C, RUNARMS9A, RODARMS1A, RODARMS1B, RODARMS1C, RODARMS2A, RODARMS2B, RODARMS2C, RODARMS3A, RODARMS3B"
"964","0.233073909333232","4.55859916952225","0.001","0.193482718592742","0.257098519241258","0.000911592783862234",NA,"RUNARMS6A, RUNARMS1A, RUNARMS2B, RUNARMS9A, RUNARMS4A, RUNARMS1C, RUNARMS3A, RUNARMS1B, RUNARMS3B, RODARMS1A, RODARMS1B, RODARMS1C, RODARMS2A, RODARMS2B, RODARMS2C, RODARMS3A, RODARMS3B"
"965","0.246862370049349","4.91667844426107","0.001","0.17225008190393","0.2473212540914","0.000986788356239082",NA,"RUNARMS2A, RUNARMS1B, RUNARMS9C, RUNARMS5A, RUNARMS5B, RUNARMS4A, RUNARMS7B, RUNARMS6B, RUNARMS4C, RODARMS1A, RODARMS1B, RODARMS1C, RODARMS2A, RODARMS2B, RODARMS2C, RODARMS3A, RODARMS3B"
"966","0.230456183314641","4.49206747525984","0.001","0.207258826179519","0.251866213771765","0.0193134049145951",NA,"RUNARMS1C, RUNARMS6C, RUNARMS7A, RUNARMS3C, RUNARMS3B, RUNARMS1A, RUNARMS6B, RUNARMS8C, RUNARMS4A, RODARMS1A, RODARMS1B, RODARMS1C, RODARMS2A, RODARMS2B, RODARMS2C, RODARMS3A, RODARMS3B"
"967","0.204301145697694","3.85135301992168","0.004","0.201314327338244","0.245440912711119","0.0509904010204096",NA,"RUNARMS6C, RUNARMS5A, RUNARMS8A, RUNARMS9C, RUNARMS8C, RUNARMS2B, RUNARMS3A, RUNARMS1C, RUNARMS4A, RODARMS1A, RODARMS1B, RODARMS1C, RODARMS2A, RODARMS2B, RODARMS2C, RODARMS3A, RODARMS3B"
"968","0.227308654552471","4.41266728089501","0.002","0.195491079849588","0.250704014131021","0.00163063151313883",NA,"RUNARMS7B, RUNARMS6A, RUNARMS1B, RUNARMS7A, RUNARMS2B, RUNARMS6C, RUNARMS5C, RUNARMS5A, RUNARMS6B, RODARMS1A, RODARMS1B, RODARMS1C, RODARMS2A, RODARMS2B, RODARMS2C, RODARMS3A, RODARMS3B"
"969","0.245805247637779","4.88876209098294","0.001","0.206922350424987","0.248388317408443","0.0206335171339507",NA,"RUNARMS8C, RUNARMS5C, RUNARMS1B, RUNARMS5A, RUNARMS1A, RUNARMS3A, RUNARMS7A, RUNARMS3C, RUNARMS6B, RODARMS1A, RODARMS1B, RODARMS1C, RODARMS2A, RODARMS2B, RODARMS2C, RODARMS3A, RODARMS3B"
"970","0.211355360925055","4.01997332739689","0.002","0.187429450538732","0.245440912711119","0.0226058922419857",NA,"RUNARMS1A, RUNARMS4A, RUNARMS4C, RUNARMS6B, RUNARMS9A, RUNARMS8A, RUNARMS7B, RUNARMS2B, RUNARMS7A, RODARMS1A, RODARMS1B, RODARMS1C, RODARMS2A, RODARMS2B, RODARMS2C, RODARMS3A, RODARMS3B"
"971","0.180604132199123","3.30616993500042","0.007","0.2130553351317","0.248615967961955","0.25669366240383",NA,"RUNARMS5B, RUNARMS5C, RUNARMS8B, RUNARMS3B, RUNARMS1C, RUNARMS8A, RUNARMS3A, RUNARMS1A, RUNARMS2B, RODARMS1A, RODARMS1B, RODARMS1C, RODARMS2A, RODARMS2B, RODARMS2C, RODARMS3A, RODARMS3B"
"972","0.26608553130386","5.43834893546757","0.001","0.19617338459954","0.247504877929469","0.00207375536740484",NA,"RUNARMS4B, RUNARMS5C, RUNARMS9A, RUNARMS2C, RUNARMS2A, RUNARMS7A, RUNARMS8C, RUNARMS3C, RUNARMS1A, RODARMS1A, RODARMS1B, RODARMS1C, RODARMS2A, RODARMS2B, RODARMS2C, RODARMS3A, RODARMS3B"
"973","0.212946473148977","4.05842422181187","0.004","0.22630246378536","0.257295564664421","0.231319638949959",NA,"RUNARMS3B, RUNARMS9B, RUNARMS2A, RUNARMS3C, RUNARMS5B, RUNARMS6C, RUNARMS1B, RUNARMS7C, RUNARMS1A, RODARMS1A, RODARMS1B, RODARMS1C, RODARMS2A, RODARMS2B, RODARMS2C, RODARMS3A, RODARMS3B"
"974","0.281939409825514","5.88960208268086","0.001","0.180332693529742","0.245440913739149","0.00617965359443263",NA,"RUNARMS6A, RUNARMS8C, RUNARMS5C, RUNARMS4C, RUNARMS5A, RUNARMS3A, RUNARMS4B, RUNARMS7C, RUNARMS1C, RODARMS1A, RODARMS1B, RODARMS1C, RODARMS2A, RODARMS2B, RODARMS2C, RODARMS3A, RODARMS3B"
"975","0.193270248179833","3.59358721573931","0.016","0.195252735562462","0.253537681736051","0.0668292789232097",NA,"RUNARMS4C, RUNARMS2A, RUNARMS9C, RUNARMS2B, RUNARMS5B, RUNARMS5A, RUNARMS3B, RUNARMS8B, RUNARMS1B, RODARMS1A, RODARMS1B, RODARMS1C, RODARMS2A, RODARMS2B, RODARMS2C, RODARMS3A, RODARMS3B"
"976","0.217558678884131","4.1707666698992","0.002","0.193840382539772","0.254103285267884","0.00331810098806475",NA,"RUNARMS1A, RUNARMS7A, RUNARMS2C, RUNARMS1B, RUNARMS2B, RUNARMS2A, RUNARMS5C, RUNARMS9C, RUNARMS6A, RODARMS1A, RODARMS1B, RODARMS1C, RODARMS2A, RODARMS2B, RODARMS2C, RODARMS3A, RODARMS3B"
"977","0.216472394041916","4.14418826591088","0.004","0.198125336562681","0.255439614848944","0.0181059554842079",NA,"RUNARMS1B, RUNARMS2B, RUNARMS9C, RUNARMS8A, RUNARMS3B, RUNARMS2C, RUNARMS5C, RUNARMS5A, RUNARMS4B, RODARMS1A, RODARMS1B, RODARMS1C, RODARMS2A, RODARMS2B, RODARMS2C, RODARMS3A, RODARMS3B"
"978","0.175439207015995","3.19150283112111","0.01","0.248515018147122","0.256841245929278","0.694379017546876",NA,"RUNARMS3C, RUNARMS1A, RUNARMS8B, RUNARMS8A, RUNARMS9B, RUNARMS5A, RUNARMS6A, RUNARMS7C, RUNARMS3B, RODARMS1A, RODARMS1B, RODARMS1C, RODARMS2A, RODARMS2B, RODARMS2C, RODARMS3A, RODARMS3B"
"979","0.242806307878035","4.80999070127471","0.001","0.218340079189598","0.253454088217512","0.0247896487308758",NA,"RUNARMS3C, RUNARMS7C, RUNARMS6A, RUNARMS8C, RUNARMS1B, RUNARMS2C, RUNARMS1C, RUNARMS6B, RUNARMS9A, RODARMS1A, RODARMS1B, RODARMS1C, RODARMS2A, RODARMS2B, RODARMS2C, RODARMS3A, RODARMS3B"
"980","0.206835846721203","3.91159596407972","0.009","0.237620594327131","0.258800637081749","0.322574333108447",NA,"RUNARMS8C, RUNARMS4A, RUNARMS3C, RUNARMS9B, RUNARMS8B, RUNARMS1A, RUNARMS2A, RUNARMS7C, RUNARMS5A, RODARMS1A, RODARMS1B, RODARMS1C, RODARMS2A, RODARMS2B, RODARMS2C, RODARMS3A, RODARMS3B"
"981","0.235318263818492","4.61600400567111","0.001","0.191004740243974","0.245440913180681","0.00560685298049463",NA,"RUNARMS3C, RUNARMS7B, RUNARMS1C, RUNARMS2C, RUNARMS9C, RUNARMS5C, RUNARMS6A, RUNARMS4B, RUNARMS4A, RODARMS1A, RODARMS1B, RODARMS1C, RODARMS2A, RODARMS2B, RODARMS2C, RODARMS3A, RODARMS3B"
"982","0.197920090888417","3.70137854046815","0.007","0.214777263135396","0.257509957047585","0.0300059866275762",NA,"RUNARMS9C, RUNARMS4A, RUNARMS8C, RUNARMS6C, RUNARMS9B, RUNARMS2B, RUNARMS1C, RUNARMS7B, RUNARMS7A, RODARMS1A, RODARMS1B, RODARMS1C, RODARMS2A, RODARMS2B, RODARMS2C, RODARMS3A, RODARMS3B"
"983","0.169444460445454","3.06020101683384","0.016","0.23798200343258","0.252485204782105","0.566305412080269",NA,"RUNARMS8B, RUNARMS6B, RUNARMS2A, RUNARMS5C, RUNARMS1A, RUNARMS8A, RUNARMS4B, RUNARMS5B, RUNARMS9B, RODARMS1A, RODARMS1B, RODARMS1C, RODARMS2A, RODARMS2B, RODARMS2C, RODARMS3A, RODARMS3B"
"984","0.223208431256713","4.31019929099819","0.003","0.210247625403139","0.258183580479844","0.0367560989265479",NA,"RUNARMS1B, RUNARMS8A, RUNARMS4B, RUNARMS7B, RUNARMS1A, RUNARMS1C, RUNARMS3B, RUNARMS6A, RUNARMS5B, RODARMS1A, RODARMS1B, RODARMS1C, RODARMS2A, RODARMS2B, RODARMS2C, RODARMS3A, RODARMS3B"
"985","0.24961043699799","4.98961704636584","0.001","0.170945703949354","0.247925239059866","0.000282714826461237",NA,"RUNARMS9C, RUNARMS2B, RUNARMS1C, RUNARMS2C, RUNARMS5A, RUNARMS6B, RUNARMS5B, RUNARMS4A, RUNARMS4C, RODARMS1A, RODARMS1B, RODARMS1C, RODARMS2A, RODARMS2B, RODARMS2C, RODARMS3A, RODARMS3B"
"986","0.244432659687395","4.852631525595","0.001","0.199011817211772","0.245440912711119","0.0184924237809655",NA,"RUNARMS5B, RUNARMS6A, RUNARMS3C, RUNARMS4A, RUNARMS2B, RUNARMS7C, RUNARMS8C, RUNARMS1C, RUNARMS5C, RODARMS1A, RODARMS1B, RODARMS1C, RODARMS2A, RODARMS2B, RODARMS2C, RODARMS3A, RODARMS3B"
"987","0.224736003745016","4.34824791614146","0.003","0.210055449220962","0.246066631877741","0.0969827309369407",NA,"RUNARMS3C, RUNARMS2A, RUNARMS1A, RUNARMS8A, RUNARMS6A, RUNARMS6B, RUNARMS7A, RUNARMS9A, RUNARMS4B, RODARMS1A, RODARMS1B, RODARMS1C, RODARMS2A, RODARMS2B, RODARMS2C, RODARMS3A, RODARMS3B"
"988","0.2355587315246","4.62217454575152","0.001","0.170612279784384","0.245440912711119","0.000794985913822518",NA,"RUNARMS7B, RUNARMS4A, RUNARMS2B, RUNARMS2A, RUNARMS6A, RUNARMS1C, RUNARMS4C, RUNARMS7A, RUNARMS1A, RODARMS1A, RODARMS1B, RODARMS1C, RODARMS2A, RODARMS2B, RODARMS2C, RODARMS3A, RODARMS3B"
"989","0.197717807626875","3.69666327209692","0.004","0.220951513111247","0.245440912711125","0.229900272664479",NA,"RUNARMS5C, RUNARMS3A, RUNARMS7B, RUNARMS3C, RUNARMS6B, RUNARMS7A, RUNARMS2C, RUNARMS1C, RUNARMS9B, RODARMS1A, RODARMS1B, RODARMS1C, RODARMS2A, RODARMS2B, RODARMS2C, RODARMS3A, RODARMS3B"
"990","0.234581351255803","4.59711855023408","0.001","0.205713179017424","0.257885841862113","0.0377029195747164",NA,"RUNARMS9C, RUNARMS1A, RUNARMS3B, RUNARMS4B, RUNARMS5A, RUNARMS3C, RUNARMS1B, RUNARMS4C, RUNARMS8A, RODARMS1A, RODARMS1B, RODARMS1C, RODARMS2A, RODARMS2B, RODARMS2C, RODARMS3A, RODARMS3B"
"991","0.221263261229576","4.26196524859487","0.001","0.209968786420502","0.245440912711121","0.105029414833546",NA,"RUNARMS3A, RUNARMS5A, RUNARMS7C, RUNARMS7A, RUNARMS2A, RUNARMS1B, RUNARMS2C, RUNARMS8A, RUNARMS9A, RODARMS1A, RODARMS1B, RODARMS1C, RODARMS2A, RODARMS2B, RODARMS2C, RODARMS3A, RODARMS3B"
"992","0.217573969791789","4.17114132310801","0.001","0.21142727057538","0.253541967158997","0.102583135413958",NA,"RUNARMS4A, RUNARMS6C, RUNARMS3A, RUNARMS4B, RUNARMS1C, RUNARMS8A, RUNARMS2A, RUNARMS3B, RUNARMS3C, RODARMS1A, RODARMS1B, RODARMS1C, RODARMS2A, RODARMS2B, RODARMS2C, RODARMS3A, RODARMS3B"
"993","0.203892937766688","3.8416868931179","0.013","0.219035589863445","0.262492689665143","0.0419299511832009",NA,"RUNARMS3B, RUNARMS1C, RUNARMS5C, RUNARMS4A, RUNARMS2C, RUNARMS8C, RUNARMS9B, RUNARMS6C, RUNARMS7B, RODARMS1A, RODARMS1B, RODARMS1C, RODARMS2A, RODARMS2B, RODARMS2C, RODARMS3A, RODARMS3B"
"994","0.266435722807672","5.44810586662096","0.001","0.183060221285403","0.248973642013497","0.00312471726833539",NA,"RUNARMS7B, RUNARMS3C, RUNARMS1B, RUNARMS4A, RUNARMS4B, RUNARMS4C, RUNARMS2A, RUNARMS9A, RUNARMS1C, RODARMS1A, RODARMS1B, RODARMS1C, RODARMS2A, RODARMS2B, RODARMS2C, RODARMS3A, RODARMS3B"
"995","0.214899087512091","4.10582418311863","0.004","0.223624623383635","0.256850692870124","0.130810265166831",NA,"RUNARMS7C, RUNARMS5A, RUNARMS9C, RUNARMS1C, RUNARMS6A, RUNARMS7B, RUNARMS3A, RUNARMS5B, RUNARMS8B, RODARMS1A, RODARMS1B, RODARMS1C, RODARMS2A, RODARMS2B, RODARMS2C, RODARMS3A, RODARMS3B"
"996","0.260452623225301","5.2826762301798","0.001","0.179818886783144","0.251360822980242","0.000989998820101458",NA,"RUNARMS5B, RUNARMS5C, RUNARMS7A, RUNARMS1A, RUNARMS2C, RUNARMS2B, RUNARMS3B, RUNARMS7C, RUNARMS4C, RODARMS1A, RODARMS1B, RODARMS1C, RODARMS2A, RODARMS2B, RODARMS2C, RODARMS3A, RODARMS3B"
"997","0.279226335114193","5.81097122544908","0.001","0.186812070331597","0.250541344982981","0.00047290174601986",NA,"RUNARMS5A, RUNARMS7C, RUNARMS1C, RUNARMS7B, RUNARMS5C, RUNARMS1B, RUNARMS1A, RUNARMS3B, RUNARMS9A, RODARMS1A, RODARMS1B, RODARMS1C, RODARMS2A, RODARMS2B, RODARMS2C, RODARMS3A, RODARMS3B"
"998","0.215538979213736","4.12140897066565","0.006","0.21679065535549","0.252885434441923","0.124143246948991",NA,"RUNARMS4B, RUNARMS5C, RUNARMS2C, RUNARMS2B, RUNARMS9B, RUNARMS7A, RUNARMS3C, RUNARMS1C, RUNARMS1A, RODARMS1A, RODARMS1B, RODARMS1C, RODARMS2A, RODARMS2B, RODARMS2C, RODARMS3A, RODARMS3B"
"999","0.231008048555226","4.50605591101201","0.001","0.202792456161827","0.252801187289396","0.0147971912822222",NA,"RUNARMS3C, RUNARMS3A, RUNARMS2B, RUNARMS3B, RUNARMS5C, RUNARMS1A, RUNARMS6A, RUNARMS7A, RUNARMS8C, RODARMS1A, RODARMS1B, RODARMS1C, RODARMS2A, RODARMS2B, RODARMS2C, RODARMS3A, RODARMS3B"
"1000","0.223765896184989","4.32406721925572","0.004","0.221189944566473","0.263937743725653","0.0736077648787015",NA,"RUNARMS7A, RUNARMS5B, RUNARMS4B, RUNARMS4C, RUNARMS1B, RUNARMS6C, RUNARMS9A, RUNARMS9B, RUNARMS2A, RODARMS1A, RODARMS1B, RODARMS1C, RODARMS2A, RODARMS2B, RODARMS2C, RODARMS3A, RODARMS3B"
