"","R2","F","p_value","mean_permdisp_RUNA.Shallow","mean_permdisp_P50A.Deep","p_disp1","p_disp2","samples"
"1","0.274180623025602","6.04405187788802","0.002","0.303239858724689","0.363674223557502","0.012743194511366",NA,"RUNARMS1A, RUNARMS5A, RUNARMS4B, RUNARMS4A, RUNARMS7A, RUNARMS3C, RUNARMS2B, RUNARMS8B, RUNARMS6C, P50ARMS1A, P50ARMS1B, P50ARMS1C, P50ARMS2A, P50ARMS2B, P50ARMS2C, P50ARMS3A, P50ARMS3B, P50ARMS3C"
"2","0.266787657968989","5.82178215342056","0.001","0.332634533970867","0.363674224452327","0.156503560100043",NA,"RUNARMS6B, RUNARMS9B, RUNARMS1B, RUNARMS7A, RUNARMS7C, RUNARMS8A, RUNARMS3B, RUNARMS4C, RUNARMS2B, P50ARMS1A, P50ARMS1B, P50ARMS1C, P50ARMS2A, P50ARMS2B, P50ARMS2C, P50ARMS3A, P50ARMS3B, P50ARMS3C"
"3","0.275461008755978","6.08300753080002","0.001","0.324488320608141","0.363674223637798","0.0874624691210594",NA,"RUNARMS1C, RUNARMS5A, RUNARMS7A, RUNARMS3A, RUNARMS2A, RUNARMS6B, RUNARMS7C, RUNARMS2C, RUNARMS7B, P50ARMS1A, P50ARMS1B, P50ARMS1C, P50ARMS2A, P50ARMS2B, P50ARMS2C, P50ARMS3A, P50ARMS3B, P50ARMS3C"
"4","0.296740941888144","6.75121779868369","0.001","0.309966035736897","0.363674223739252","0.0134248535164508",NA,"RUNARMS3A, RUNARMS4A, RUNARMS1C, RUNARMS2A, RUNARMS6A, RUNARMS4B, RUNARMS9A, RUNARMS8B, RUNARMS5A, P50ARMS1A, P50ARMS1B, P50ARMS1C, P50ARMS2A, P50ARMS2B, P50ARMS2C, P50ARMS3A, P50ARMS3B, P50ARMS3C"
"5","0.265183515301868","5.7741440661513","0.001","0.315748632034125","0.363674223675718","0.0209171554861484",NA,"RUNARMS2A, RUNARMS8C, RUNARMS4C, RUNARMS3B, RUNARMS3C, RUNARMS1B, RUNARMS7B, RUNARMS1C, RUNARMS1A, P50ARMS1A, P50ARMS1B, P50ARMS1C, P50ARMS2A, P50ARMS2B, P50ARMS2C, P50ARMS3A, P50ARMS3B, P50ARMS3C"
"6","0.27135309252402","5.95850944516285","0.001","0.32082967325295","0.363674225242336","0.00767568635666259",NA,"RUNARMS1C, RUNARMS2C, RUNARMS5B, RUNARMS4B, RUNARMS1A, RUNARMS2A, RUNARMS7B, RUNARMS8C, RUNARMS2B, P50ARMS1A, P50ARMS1B, P50ARMS1C, P50ARMS2A, P50ARMS2B, P50ARMS2C, P50ARMS3A, P50ARMS3B, P50ARMS3C"
"7","0.270654933943496","5.93748987226362","0.001","0.327199915288782","0.363674324035986","0.0420439675116196",NA,"RUNARMS2A, RUNARMS3A, RUNARMS6C, RUNARMS1C, RUNARMS7B, RUNARMS4B, RUNARMS2C, RUNARMS8C, RUNARMS6B, P50ARMS1A, P50ARMS1B, P50ARMS1C, P50ARMS2A, P50ARMS2B, P50ARMS2C, P50ARMS3A, P50ARMS3B, P50ARMS3C"
"8","0.259861916808903","5.61758780336796","0.001","0.318010776222585","0.363674223677171","0.0180396868518351",NA,"RUNARMS8C, RUNARMS7A, RUNARMS4B, RUNARMS2B, RUNARMS4A, RUNARMS6C, RUNARMS5C, RUNARMS1B, RUNARMS1A, P50ARMS1A, P50ARMS1B, P50ARMS1C, P50ARMS2A, P50ARMS2B, P50ARMS2C, P50ARMS3A, P50ARMS3B, P50ARMS3C"
"9","0.301906201910693","6.91955614530919","0.001","0.290919133074455","0.363674223571715","0.0233045277258442",NA,"RUNARMS5C, RUNARMS4C, RUNARMS7B, RUNARMS2C, RUNARMS8B, RUNARMS1C, RUNARMS8A, RUNARMS6B, RUNARMS7C, P50ARMS1A, P50ARMS1B, P50ARMS1C, P50ARMS2A, P50ARMS2B, P50ARMS2C, P50ARMS3A, P50ARMS3B, P50ARMS3C"
"10","0.280113967390862","6.22574029115411","0.001","0.314650202862419","0.363674224771092","0.0106957357251782",NA,"RUNARMS1C, RUNARMS5B, RUNARMS2B, RUNARMS4C, RUNARMS6A, RUNARMS1A, RUNARMS9B, RUNARMS2C, RUNARMS6C, P50ARMS1A, P50ARMS1B, P50ARMS1C, P50ARMS2A, P50ARMS2B, P50ARMS2C, P50ARMS3A, P50ARMS3B, P50ARMS3C"
"11","0.270112125279409","5.92117522999676","0.001","0.315030496219582","0.363674223870664","0.00515470092116745",NA,"RUNARMS3B, RUNARMS9C, RUNARMS1B, RUNARMS1A, RUNARMS8C, RUNARMS9B, RUNARMS3C, RUNARMS4C, RUNARMS7A, P50ARMS1A, P50ARMS1B, P50ARMS1C, P50ARMS2A, P50ARMS2B, P50ARMS2C, P50ARMS3A, P50ARMS3B, P50ARMS3C"
"12","0.271772473436277","5.97115519032765","0.001","0.319257358630965","0.363674223844331","0.038118850710094",NA,"RUNARMS1B, RUNARMS2A, RUNARMS2C, RUNARMS4A, RUNARMS5C, RUNARMS8C, RUNARMS7C, RUNARMS7A, RUNARMS1A, P50ARMS1A, P50ARMS1B, P50ARMS1C, P50ARMS2A, P50ARMS2B, P50ARMS2C, P50ARMS3A, P50ARMS3B, P50ARMS3C"
"13","0.26654063921777","5.81443288546498","0.001","0.318544374366502","0.363674224210366","0.0732301517063262",NA,"RUNARMS6B, RUNARMS6C, RUNARMS7C, RUNARMS7B, RUNARMS5A, RUNARMS8C, RUNARMS8A, RUNARMS2B, RUNARMS1B, P50ARMS1A, P50ARMS1B, P50ARMS1C, P50ARMS2A, P50ARMS2B, P50ARMS2C, P50ARMS3A, P50ARMS3B, P50ARMS3C"
"14","0.273385062792267","6.01991616286542","0.001","0.309748963023074","0.363674223597899","0.0600120578813243",NA,"RUNARMS7A, RUNARMS2C, RUNARMS1B, RUNARMS8B, RUNARMS8A, RUNARMS5B, RUNARMS6B, RUNARMS3C, RUNARMS6A, P50ARMS1A, P50ARMS1B, P50ARMS1C, P50ARMS2A, P50ARMS2B, P50ARMS2C, P50ARMS3A, P50ARMS3B, P50ARMS3C"
"15","0.274058368126694","6.04033946739175","0.001","0.324607334723888","0.369175819496871","0.0307647073851358",NA,"RUNARMS8B, RUNARMS2B, RUNARMS6B, RUNARMS1B, RUNARMS3C, RUNARMS5A, RUNARMS5B, RUNARMS2A, RUNARMS9A, P50ARMS1A, P50ARMS1B, P50ARMS1C, P50ARMS2A, P50ARMS2B, P50ARMS2C, P50ARMS3A, P50ARMS3B, P50ARMS3C"
"16","0.291884534474522","6.59518507779904","0.002","0.283685966115798","0.363674224149511","0.00409768506373406",NA,"RUNARMS9B, RUNARMS4A, RUNARMS3C, RUNARMS7B, RUNARMS5A, RUNARMS7C, RUNARMS1B, RUNARMS8B, RUNARMS1C, P50ARMS1A, P50ARMS1B, P50ARMS1C, P50ARMS2A, P50ARMS2B, P50ARMS2C, P50ARMS3A, P50ARMS3B, P50ARMS3C"
"17","0.296328912127114","6.73789597973407","0.001","0.3160082457381","0.364756286805561","0.0268958593034798",NA,"RUNARMS9A, RUNARMS2C, RUNARMS2B, RUNARMS2A, RUNARMS1A, RUNARMS5A, RUNARMS5C, RUNARMS9C, RUNARMS7C, P50ARMS1A, P50ARMS1B, P50ARMS1C, P50ARMS2A, P50ARMS2B, P50ARMS2C, P50ARMS3A, P50ARMS3B, P50ARMS3C"
"18","0.276072166851089","6.10165056149847","0.001","0.323747311450394","0.363674223779011","0.0950838672201289",NA,"RUNARMS1A, RUNARMS7C, RUNARMS5A, RUNARMS8C, RUNARMS2A, RUNARMS3B, RUNARMS3A, RUNARMS6B, RUNARMS5C, P50ARMS1A, P50ARMS1B, P50ARMS1C, P50ARMS2A, P50ARMS2B, P50ARMS2C, P50ARMS3A, P50ARMS3B, P50ARMS3C"
"19","0.306906503990488","7.08490859042835","0.001","0.314995226379461","0.363674227353148","0.00574824993392566",NA,"RUNARMS4C, RUNARMS2C, RUNARMS6A, RUNARMS9B, RUNARMS3A, RUNARMS1C, RUNARMS3B, RUNARMS2A, RUNARMS4A, P50ARMS1A, P50ARMS1B, P50ARMS1C, P50ARMS2A, P50ARMS2B, P50ARMS2C, P50ARMS3A, P50ARMS3B, P50ARMS3C"
"20","0.284506486466065","6.3621873536959","0.002","0.315032212703283","0.363674225085244","0.0321938850729565",NA,"RUNARMS4C, RUNARMS6A, RUNARMS9A, RUNARMS3A, RUNARMS5A, RUNARMS1B, RUNARMS2C, RUNARMS4A, RUNARMS5B, P50ARMS1A, P50ARMS1B, P50ARMS1C, P50ARMS2A, P50ARMS2B, P50ARMS2C, P50ARMS3A, P50ARMS3B, P50ARMS3C"
"21","0.296994822052365","6.75943407232171","0.001","0.307961093720804","0.363674223977041","0.0323169272311348",NA,"RUNARMS8B, RUNARMS1C, RUNARMS3B, RUNARMS8A, RUNARMS7B, RUNARMS2A, RUNARMS8C, RUNARMS6C, RUNARMS5C, P50ARMS1A, P50ARMS1B, P50ARMS1C, P50ARMS2A, P50ARMS2B, P50ARMS2C, P50ARMS3A, P50ARMS3B, P50ARMS3C"
"22","0.272145900073152","5.98242752442841","0.001","0.319264944032547","0.363674223796487","0.027159985898329",NA,"RUNARMS8B, RUNARMS2C, RUNARMS1B, RUNARMS5A, RUNARMS6B, RUNARMS4B, RUNARMS1A, RUNARMS9B, RUNARMS3B, P50ARMS1A, P50ARMS1B, P50ARMS1C, P50ARMS2A, P50ARMS2B, P50ARMS2C, P50ARMS3A, P50ARMS3B, P50ARMS3C"
"23","0.27219964806703","5.98405092482504","0.001","0.310764090031214","0.363674223580391","0.0238416754331462",NA,"RUNARMS3A, RUNARMS6A, RUNARMS1C, RUNARMS2B, RUNARMS3C, RUNARMS8C, RUNARMS4C, RUNARMS5A, RUNARMS6B, P50ARMS1A, P50ARMS1B, P50ARMS1C, P50ARMS2A, P50ARMS2B, P50ARMS2C, P50ARMS3A, P50ARMS3B, P50ARMS3C"
"24","0.286507427080945","6.42490056279139","0.001","0.333662829254754","0.363674224850316","0.116931837131227",NA,"RUNARMS3A, RUNARMS2A, RUNARMS1B, RUNARMS6A, RUNARMS4A, RUNARMS8A, RUNARMS9A, RUNARMS2C, RUNARMS2B, P50ARMS1A, P50ARMS1B, P50ARMS1C, P50ARMS2A, P50ARMS2B, P50ARMS2C, P50ARMS3A, P50ARMS3B, P50ARMS3C"
"25","0.27259277775209","5.99593227924673","0.001","0.334700129299138","0.363674223610637","0.151872980628535",NA,"RUNARMS1A, RUNARMS5A, RUNARMS7A, RUNARMS8A, RUNARMS5B, RUNARMS6B, RUNARMS9A, RUNARMS3A, RUNARMS4A, P50ARMS1A, P50ARMS1B, P50ARMS1C, P50ARMS2A, P50ARMS2B, P50ARMS2C, P50ARMS3A, P50ARMS3B, P50ARMS3C"
"26","0.281477339435589","6.26791286920824","0.001","0.316599320756174","0.363674224050531","0.0423204482649302",NA,"RUNARMS2C, RUNARMS5C, RUNARMS9A, RUNARMS1C, RUNARMS8A, RUNARMS1A, RUNARMS5B, RUNARMS3C, RUNARMS3A, P50ARMS1A, P50ARMS1B, P50ARMS1C, P50ARMS2A, P50ARMS2B, P50ARMS2C, P50ARMS3A, P50ARMS3B, P50ARMS3C"
"27","0.289302704306328","6.51310100228157","0.001","0.289436588546691","0.363674223977846","0.0102190855459893",NA,"RUNARMS5A, RUNARMS3A, RUNARMS4A, RUNARMS5C, RUNARMS6A, RUNARMS3C, RUNARMS1B, RUNARMS4C, RUNARMS7C, P50ARMS1A, P50ARMS1B, P50ARMS1C, P50ARMS2A, P50ARMS2B, P50ARMS2C, P50ARMS3A, P50ARMS3B, P50ARMS3C"
"28","0.323184738703108","7.64012887259855","0.001","0.298535924073507","0.363674223557405","0.00579435340112432",NA,"RUNARMS1A, RUNARMS2C, RUNARMS9A, RUNARMS6A, RUNARMS3B, RUNARMS4A, RUNARMS5C, RUNARMS9B, RUNARMS9C, P50ARMS1A, P50ARMS1B, P50ARMS1C, P50ARMS2A, P50ARMS2B, P50ARMS2C, P50ARMS3A, P50ARMS3B, P50ARMS3C"
"29","0.285434924880843","6.39124266930052","0.001","0.308455482119398","0.363674223557253","0.0111744921774736",NA,"RUNARMS7B, RUNARMS4A, RUNARMS6C, RUNARMS9A, RUNARMS1A, RUNARMS1B, RUNARMS8B, RUNARMS4C, RUNARMS3B, P50ARMS1A, P50ARMS1B, P50ARMS1C, P50ARMS2A, P50ARMS2B, P50ARMS2C, P50ARMS3A, P50ARMS3B, P50ARMS3C"
"30","0.294638750056898","6.6834122249991","0.001","0.29392662019192","0.363674236915854","0.0168665551723195",NA,"RUNARMS6A, RUNARMS1A, RUNARMS5C, RUNARMS7C, RUNARMS7B, RUNARMS4B, RUNARMS3B, RUNARMS2B, RUNARMS5A, P50ARMS1A, P50ARMS1B, P50ARMS1C, P50ARMS2A, P50ARMS2B, P50ARMS2C, P50ARMS3A, P50ARMS3B, P50ARMS3C"
"31","0.314973688382038","7.35676707396778","0.001","0.279062121993478","0.363674225413856","0.00277750132060342",NA,"RUNARMS6A, RUNARMS3A, RUNARMS8B, RUNARMS7C, RUNARMS4A, RUNARMS1C, RUNARMS5B, RUNARMS9B, RUNARMS7B, P50ARMS1A, P50ARMS1B, P50ARMS1C, P50ARMS2A, P50ARMS2B, P50ARMS2C, P50ARMS3A, P50ARMS3B, P50ARMS3C"
"32","0.276102788919073","6.10258549844214","0.001","0.30881209991133","0.363674223753811","0.00475209174515547",NA,"RUNARMS8C, RUNARMS2C, RUNARMS5A, RUNARMS4B, RUNARMS9B, RUNARMS4A, RUNARMS7C, RUNARMS1C, RUNARMS1B, P50ARMS1A, P50ARMS1B, P50ARMS1C, P50ARMS2A, P50ARMS2B, P50ARMS2C, P50ARMS3A, P50ARMS3B, P50ARMS3C"
"33","0.284104427821484","6.34962838408259","0.001","0.33268799761101","0.363674223892278","0.108521786126228",NA,"RUNARMS2B, RUNARMS6B, RUNARMS2C, RUNARMS4C, RUNARMS5A, RUNARMS2A, RUNARMS9B, RUNARMS8A, RUNARMS1C, P50ARMS1A, P50ARMS1B, P50ARMS1C, P50ARMS2A, P50ARMS2B, P50ARMS2C, P50ARMS3A, P50ARMS3B, P50ARMS3C"
"34","0.269387229938794","5.89942559950003","0.001","0.31439336903328","0.363674223557253","0.00971347059915443",NA,"RUNARMS6C, RUNARMS5A, RUNARMS6B, RUNARMS1B, RUNARMS8A, RUNARMS9C, RUNARMS3C, RUNARMS7C, RUNARMS5B, P50ARMS1A, P50ARMS1B, P50ARMS1C, P50ARMS2A, P50ARMS2B, P50ARMS2C, P50ARMS3A, P50ARMS3B, P50ARMS3C"
"35","0.270354060528291","5.92844383069491","0.001","0.336659878635228","0.366246448065912","0.158415749162293",NA,"RUNARMS3A, RUNARMS9C, RUNARMS6C, RUNARMS2A, RUNARMS1B, RUNARMS3B, RUNARMS6B, RUNARMS5C, RUNARMS2B, P50ARMS1A, P50ARMS1B, P50ARMS1C, P50ARMS2A, P50ARMS2B, P50ARMS2C, P50ARMS3A, P50ARMS3B, P50ARMS3C"
"36","0.280954876411773","6.25173285392122","0.001","0.313757443147613","0.363674223640443","0.0450438411953573",NA,"RUNARMS5C, RUNARMS9A, RUNARMS3C, RUNARMS3A, RUNARMS1A, RUNARMS6A, RUNARMS2B, RUNARMS9C, RUNARMS7A, P50ARMS1A, P50ARMS1B, P50ARMS1C, P50ARMS2A, P50ARMS2B, P50ARMS2C, P50ARMS3A, P50ARMS3B, P50ARMS3C"
"37","0.311090406767639","7.22510842812926","0.001","0.28348996949283","0.363674223585728","0.0035713697072091",NA,"RUNARMS9A, RUNARMS7C, RUNARMS7B, RUNARMS2C, RUNARMS9C, RUNARMS1C, RUNARMS6A, RUNARMS3C, RUNARMS5C, P50ARMS1A, P50ARMS1B, P50ARMS1C, P50ARMS2A, P50ARMS2B, P50ARMS2C, P50ARMS3A, P50ARMS3B, P50ARMS3C"
"38","0.277356670425184","6.14093639999966","0.001","0.317762025770096","0.363674223775097","0.046530444420964",NA,"RUNARMS9A, RUNARMS7A, RUNARMS1B, RUNARMS2C, RUNARMS4A, RUNARMS6A, RUNARMS4C, RUNARMS5A, RUNARMS1A, P50ARMS1A, P50ARMS1B, P50ARMS1C, P50ARMS2A, P50ARMS2B, P50ARMS2C, P50ARMS3A, P50ARMS3B, P50ARMS3C"
"39","0.265901036359454","5.79542649216225","0.001","0.308179761431233","0.363674223578012","0.0130743348319506",NA,"RUNARMS6B, RUNARMS9C, RUNARMS3C, RUNARMS4A, RUNARMS5B, RUNARMS8B, RUNARMS1B, RUNARMS6C, RUNARMS1A, P50ARMS1A, P50ARMS1B, P50ARMS1C, P50ARMS2A, P50ARMS2B, P50ARMS2C, P50ARMS3A, P50ARMS3B, P50ARMS3C"
"40","0.291928861212064","6.59659958374878","0.001","0.318045559736774","0.363674225772102","0.00697613835958346",NA,"RUNARMS4B, RUNARMS2A, RUNARMS2B, RUNARMS2C, RUNARMS1C, RUNARMS9A, RUNARMS5A, RUNARMS7B, RUNARMS6A, P50ARMS1A, P50ARMS1B, P50ARMS1C, P50ARMS2A, P50ARMS2B, P50ARMS2C, P50ARMS3A, P50ARMS3B, P50ARMS3C"
"41","0.285807314466191","6.40291776166977","0.001","0.309601519879777","0.363674224118825","0.051472586449713",NA,"RUNARMS2C, RUNARMS7C, RUNARMS6B, RUNARMS3B, RUNARMS5C, RUNARMS7B, RUNARMS9C, RUNARMS4C, RUNARMS1A, P50ARMS1A, P50ARMS1B, P50ARMS1C, P50ARMS2A, P50ARMS2B, P50ARMS2C, P50ARMS3A, P50ARMS3B, P50ARMS3C"
"42","0.265844836731218","5.79375805076539","0.001","0.310436221143473","0.36367422384611","0.0154497846653216",NA,"RUNARMS6C, RUNARMS4B, RUNARMS1A, RUNARMS2A, RUNARMS1C, RUNARMS5B, RUNARMS7C, RUNARMS7B, RUNARMS1B, P50ARMS1A, P50ARMS1B, P50ARMS1C, P50ARMS2A, P50ARMS2B, P50ARMS2C, P50ARMS3A, P50ARMS3B, P50ARMS3C"
"43","0.280419100562802","6.23516495853906","0.001","0.331102080122758","0.363674434984453","0.0627297517168665",NA,"RUNARMS2A, RUNARMS4C, RUNARMS8A, RUNARMS3B, RUNARMS1B, RUNARMS1C, RUNARMS4A, RUNARMS9A, RUNARMS8C, P50ARMS1A, P50ARMS1B, P50ARMS1C, P50ARMS2A, P50ARMS2B, P50ARMS2C, P50ARMS3A, P50ARMS3B, P50ARMS3C"
"44","0.275822780709475","6.09403937847585","0.001","0.314406543672137","0.363674223557253","0.0262520092125357",NA,"RUNARMS3A, RUNARMS5B, RUNARMS1A, RUNARMS5C, RUNARMS6C, RUNARMS8B, RUNARMS6B, RUNARMS2C, RUNARMS4C, P50ARMS1A, P50ARMS1B, P50ARMS1C, P50ARMS2A, P50ARMS2B, P50ARMS2C, P50ARMS3A, P50ARMS3B, P50ARMS3C"
"45","0.263419084753968","5.72198555355686","0.001","0.312012848539377","0.363674223557624","0.0169253018429883",NA,"RUNARMS4A, RUNARMS3C, RUNARMS5B, RUNARMS7B, RUNARMS1B, RUNARMS5A, RUNARMS6B, RUNARMS7C, RUNARMS2B, P50ARMS1A, P50ARMS1B, P50ARMS1C, P50ARMS2A, P50ARMS2B, P50ARMS2C, P50ARMS3A, P50ARMS3B, P50ARMS3C"
"46","0.30805320850936","7.12316524444268","0.001","0.300034419056538","0.363674223692777","0.0115647492976652",NA,"RUNARMS6A, RUNARMS2A, RUNARMS8C, RUNARMS1C, RUNARMS5A, RUNARMS5C, RUNARMS9C, RUNARMS6C, RUNARMS9A, P50ARMS1A, P50ARMS1B, P50ARMS1C, P50ARMS2A, P50ARMS2B, P50ARMS2C, P50ARMS3A, P50ARMS3B, P50ARMS3C"
"47","0.292179706128598","6.60460760808152","0.001","0.299623548780776","0.363674223764272","0.0191551768986877",NA,"RUNARMS8C, RUNARMS6B, RUNARMS4C, RUNARMS7C, RUNARMS7A, RUNARMS2C, RUNARMS1C, RUNARMS9A, RUNARMS8B, P50ARMS1A, P50ARMS1B, P50ARMS1C, P50ARMS2A, P50ARMS2B, P50ARMS2C, P50ARMS3A, P50ARMS3B, P50ARMS3C"
"48","0.290190120673911","6.54124726355005","0.001","0.32434832125859","0.363674224095004","0.0618107273259117",NA,"RUNARMS9A, RUNARMS1A, RUNARMS2A, RUNARMS6C, RUNARMS9B, RUNARMS4A, RUNARMS8A, RUNARMS7A, RUNARMS3C, P50ARMS1A, P50ARMS1B, P50ARMS1C, P50ARMS2A, P50ARMS2B, P50ARMS2C, P50ARMS3A, P50ARMS3B, P50ARMS3C"
"49","0.295567145771257","6.71330745570888","0.001","0.29963488824012","0.363674224834937","0.00624144655582853",NA,"RUNARMS5B, RUNARMS8B, RUNARMS7A, RUNARMS6A, RUNARMS1A, RUNARMS4B, RUNARMS9C, RUNARMS2C, RUNARMS3B, P50ARMS1A, P50ARMS1B, P50ARMS1C, P50ARMS2A, P50ARMS2B, P50ARMS2C, P50ARMS3A, P50ARMS3B, P50ARMS3C"
"50","0.27082375453966","5.94256889141933","0.001","0.332384033019326","0.363674224342744","0.119191048102522",NA,"RUNARMS8A, RUNARMS5C, RUNARMS1C, RUNARMS6B, RUNARMS6C, RUNARMS2C, RUNARMS9A, RUNARMS1B, RUNARMS4A, P50ARMS1A, P50ARMS1B, P50ARMS1C, P50ARMS2A, P50ARMS2B, P50ARMS2C, P50ARMS3A, P50ARMS3B, P50ARMS3C"
"51","0.276047585759636","6.10090012171398","0.001","0.297862329362768","0.363674223568274","0.00748902607102376",NA,"RUNARMS4A, RUNARMS1C, RUNARMS5A, RUNARMS3C, RUNARMS1A, RUNARMS8B, RUNARMS4C, RUNARMS2B, RUNARMS7C, P50ARMS1A, P50ARMS1B, P50ARMS1C, P50ARMS2A, P50ARMS2B, P50ARMS2C, P50ARMS3A, P50ARMS3B, P50ARMS3C"
"52","0.292077924425418","6.60135762402051","0.002","0.294179006378104","0.363674223728929","0.00597955338513339",NA,"RUNARMS4A, RUNARMS1C, RUNARMS9B, RUNARMS3C, RUNARMS6B, RUNARMS5B, RUNARMS8B, RUNARMS6C, RUNARMS7B, P50ARMS1A, P50ARMS1B, P50ARMS1C, P50ARMS2A, P50ARMS2B, P50ARMS2C, P50ARMS3A, P50ARMS3B, P50ARMS3C"
"53","0.270981012244494","5.94730215362509","0.001","0.319299512052905","0.363674224160464","0.108554922528943",NA,"RUNARMS5A, RUNARMS8A, RUNARMS7A, RUNARMS1B, RUNARMS5B, RUNARMS1A, RUNARMS2A, RUNARMS5C, RUNARMS1C, P50ARMS1A, P50ARMS1B, P50ARMS1C, P50ARMS2A, P50ARMS2B, P50ARMS2C, P50ARMS3A, P50ARMS3B, P50ARMS3C"
"54","0.283488808490593","6.33042580436784","0.001","0.324289121828793","0.363674223630028","0.116276193352478",NA,"RUNARMS2B, RUNARMS6B, RUNARMS3B, RUNARMS1C, RUNARMS8B, RUNARMS4A, RUNARMS8A, RUNARMS9A, RUNARMS5B, P50ARMS1A, P50ARMS1B, P50ARMS1C, P50ARMS2A, P50ARMS2B, P50ARMS2C, P50ARMS3A, P50ARMS3B, P50ARMS3C"
"55","0.264637511108106","5.75797683685246","0.001","0.327740751103526","0.363674223557253","0.0213992846705521",NA,"RUNARMS7B, RUNARMS4B, RUNARMS2B, RUNARMS6C, RUNARMS7A, RUNARMS2A, RUNARMS1B, RUNARMS5B, RUNARMS2C, P50ARMS1A, P50ARMS1B, P50ARMS1C, P50ARMS2A, P50ARMS2B, P50ARMS2C, P50ARMS3A, P50ARMS3B, P50ARMS3C"
"56","0.270156128473969","5.9224968849099","0.001","0.335045442865303","0.363674223751067","0.0948518436192891",NA,"RUNARMS3A, RUNARMS1A, RUNARMS9C, RUNARMS1C, RUNARMS8A, RUNARMS2A, RUNARMS8C, RUNARMS2B, RUNARMS6A, P50ARMS1A, P50ARMS1B, P50ARMS1C, P50ARMS2A, P50ARMS2B, P50ARMS2C, P50ARMS3A, P50ARMS3B, P50ARMS3C"
"57","0.283009177157628","6.31548785599665","0.001","0.302301078068476","0.363674223571955","0.0179928961714819",NA,"RUNARMS3C, RUNARMS1C, RUNARMS9B, RUNARMS8B, RUNARMS6C, RUNARMS6B, RUNARMS6A, RUNARMS3A, RUNARMS5B, P50ARMS1A, P50ARMS1B, P50ARMS1C, P50ARMS2A, P50ARMS2B, P50ARMS2C, P50ARMS3A, P50ARMS3B, P50ARMS3C"
"58","0.269593486524666","5.90560969106188","0.001","0.333207226563791","0.363674224551658","0.135310939358959",NA,"RUNARMS6B, RUNARMS3A, RUNARMS5A, RUNARMS2B, RUNARMS9C, RUNARMS9A, RUNARMS7A, RUNARMS9B, RUNARMS1B, P50ARMS1A, P50ARMS1B, P50ARMS1C, P50ARMS2A, P50ARMS2B, P50ARMS2C, P50ARMS3A, P50ARMS3B, P50ARMS3C"
"59","0.286927146748287","6.4381000160611","0.001","0.309085830866892","0.363674223579016","0.0290085683600537",NA,"RUNARMS4C, RUNARMS9B, RUNARMS7A, RUNARMS6B, RUNARMS1A, RUNARMS2C, RUNARMS9C, RUNARMS5B, RUNARMS8B, P50ARMS1A, P50ARMS1B, P50ARMS1C, P50ARMS2A, P50ARMS2B, P50ARMS2C, P50ARMS3A, P50ARMS3B, P50ARMS3C"
"60","0.273496788249601","6.02330250054977","0.001","0.310792578737266","0.363674223910631","0.0258382315397205",NA,"RUNARMS8C, RUNARMS1A, RUNARMS3C, RUNARMS1C, RUNARMS5B, RUNARMS2A, RUNARMS7A, RUNARMS5C, RUNARMS6B, P50ARMS1A, P50ARMS1B, P50ARMS1C, P50ARMS2A, P50ARMS2B, P50ARMS2C, P50ARMS3A, P50ARMS3B, P50ARMS3C"
"61","0.287875487692234","6.4679809829171","0.001","0.299801785145122","0.36367422368018","0.0044307207972841",NA,"RUNARMS3B, RUNARMS5B, RUNARMS4B, RUNARMS1A, RUNARMS7B, RUNARMS9C, RUNARMS9B, RUNARMS8B, RUNARMS1B, P50ARMS1A, P50ARMS1B, P50ARMS1C, P50ARMS2A, P50ARMS2B, P50ARMS2C, P50ARMS3A, P50ARMS3B, P50ARMS3C"
"62","0.267997651183217","5.85785336052896","0.001","0.331331414313529","0.363674223712587","0.06639741956615",NA,"RUNARMS7C, RUNARMS8A, RUNARMS5B, RUNARMS1B, RUNARMS2A, RUNARMS3A, RUNARMS4A, RUNARMS2B, RUNARMS8C, P50ARMS1A, P50ARMS1B, P50ARMS1C, P50ARMS2A, P50ARMS2B, P50ARMS2C, P50ARMS3A, P50ARMS3B, P50ARMS3C"
"63","0.292757068452685","6.62306102514875","0.001","0.318964363801554","0.36367422449927","0.0326617564453144",NA,"RUNARMS4C, RUNARMS9A, RUNARMS9B, RUNARMS7B, RUNARMS8A, RUNARMS9C, RUNARMS2C, RUNARMS1A, RUNARMS1C, P50ARMS1A, P50ARMS1B, P50ARMS1C, P50ARMS2A, P50ARMS2B, P50ARMS2C, P50ARMS3A, P50ARMS3B, P50ARMS3C"
"64","0.281344182747397","6.26378694208232","0.001","0.311248464261187","0.363674223598901","0.0299922054114506",NA,"RUNARMS4A, RUNARMS7C, RUNARMS8A, RUNARMS3C, RUNARMS5C, RUNARMS2C, RUNARMS1A, RUNARMS7A, RUNARMS5A, P50ARMS1A, P50ARMS1B, P50ARMS1C, P50ARMS2A, P50ARMS2B, P50ARMS2C, P50ARMS3A, P50ARMS3B, P50ARMS3C"
"65","0.284600989403091","6.36514135887614","0.001","0.317192936530198","0.36367422380828","0.0513730701430844",NA,"RUNARMS5C, RUNARMS5B, RUNARMS5A, RUNARMS7A, RUNARMS3B, RUNARMS3A, RUNARMS6C, RUNARMS8A, RUNARMS1C, P50ARMS1A, P50ARMS1B, P50ARMS1C, P50ARMS2A, P50ARMS2B, P50ARMS2C, P50ARMS3A, P50ARMS3B, P50ARMS3C"
"66","0.283135759607581","6.31942828009028","0.001","0.321209934007916","0.363674231440543","0.063315690123353",NA,"RUNARMS4C, RUNARMS9C, RUNARMS1B, RUNARMS4A, RUNARMS6C, RUNARMS3A, RUNARMS9B, RUNARMS2A, RUNARMS5C, P50ARMS1A, P50ARMS1B, P50ARMS1C, P50ARMS2A, P50ARMS2B, P50ARMS2C, P50ARMS3A, P50ARMS3B, P50ARMS3C"
"67","0.278221440754305","6.16746368404326","0.001","0.317314201545268","0.36367422370477","0.0314463071411509",NA,"RUNARMS6A, RUNARMS6C, RUNARMS9A, RUNARMS5A, RUNARMS1B, RUNARMS7A, RUNARMS2C, RUNARMS1A, RUNARMS9C, P50ARMS1A, P50ARMS1B, P50ARMS1C, P50ARMS2A, P50ARMS2B, P50ARMS2C, P50ARMS3A, P50ARMS3B, P50ARMS3C"
"68","0.319343698195811","7.50672425655861","0.001","0.27858478960395","0.368242608623092","0.000157722078314287",NA,"RUNARMS9B, RUNARMS4C, RUNARMS6B, RUNARMS7B, RUNARMS4B, RUNARMS5C, RUNARMS6A, RUNARMS3C, RUNARMS1C, P50ARMS1A, P50ARMS1B, P50ARMS1C, P50ARMS2A, P50ARMS2B, P50ARMS2C, P50ARMS3A, P50ARMS3B, P50ARMS3C"
"69","0.255493881338146","5.49075689096791","0.001","0.315586514975073","0.363674225512994","0.0359921962681335",NA,"RUNARMS8B, RUNARMS1B, RUNARMS1A, RUNARMS3C, RUNARMS5A, RUNARMS7A, RUNARMS4C, RUNARMS3A, RUNARMS6B, P50ARMS1A, P50ARMS1B, P50ARMS1C, P50ARMS2A, P50ARMS2B, P50ARMS2C, P50ARMS3A, P50ARMS3B, P50ARMS3C"
"70","0.276215068905535","6.10601424901973","0.001","0.310196419815048","0.363674223589886","0.0234142661447271",NA,"RUNARMS2B, RUNARMS9B, RUNARMS1C, RUNARMS4B, RUNARMS6A, RUNARMS1A, RUNARMS6B, RUNARMS8B, RUNARMS6C, P50ARMS1A, P50ARMS1B, P50ARMS1C, P50ARMS2A, P50ARMS2B, P50ARMS2C, P50ARMS3A, P50ARMS3B, P50ARMS3C"
"71","0.277657719939152","6.15016404501783","0.001","0.316135939630957","0.363674223567556","0.0590582996697767",NA,"RUNARMS7B, RUNARMS4A, RUNARMS9A, RUNARMS3A, RUNARMS8A, RUNARMS5B, RUNARMS7C, RUNARMS1C, RUNARMS1B, P50ARMS1A, P50ARMS1B, P50ARMS1C, P50ARMS2A, P50ARMS2B, P50ARMS2C, P50ARMS3A, P50ARMS3B, P50ARMS3C"
"72","0.303844233632313","6.98336201893833","0.001","0.303018530017311","0.3636742236569","0.00987006679640301",NA,"RUNARMS6A, RUNARMS3C, RUNARMS9A, RUNARMS9C, RUNARMS3B, RUNARMS5C, RUNARMS1A, RUNARMS1C, RUNARMS2A, P50ARMS1A, P50ARMS1B, P50ARMS1C, P50ARMS2A, P50ARMS2B, P50ARMS2C, P50ARMS3A, P50ARMS3B, P50ARMS3C"
"73","0.278407655571487","6.17318424112674","0.001","0.327388540619767","0.36367422507522","0.0657906202251956",NA,"RUNARMS1C, RUNARMS6B, RUNARMS6C, RUNARMS7B, RUNARMS9A, RUNARMS3A, RUNARMS5B, RUNARMS3B, RUNARMS2C, P50ARMS1A, P50ARMS1B, P50ARMS1C, P50ARMS2A, P50ARMS2B, P50ARMS2C, P50ARMS3A, P50ARMS3B, P50ARMS3C"
"74","0.271720097600411","5.96957508683413","0.001","0.318612708448602","0.363674223638403","0.0972839860335494",NA,"RUNARMS5A, RUNARMS5C, RUNARMS3A, RUNARMS8A, RUNARMS1C, RUNARMS8B, RUNARMS1B, RUNARMS3B, RUNARMS7A, P50ARMS1A, P50ARMS1B, P50ARMS1C, P50ARMS2A, P50ARMS2B, P50ARMS2C, P50ARMS3A, P50ARMS3B, P50ARMS3C"
"75","0.273417510571778","6.02089953006034","0.001","0.293505322172381","0.363674224082311","0.00818002217787664",NA,"RUNARMS8B, RUNARMS2B, RUNARMS5C, RUNARMS1A, RUNARMS9C, RUNARMS8C, RUNARMS7C, RUNARMS3C, RUNARMS1B, P50ARMS1A, P50ARMS1B, P50ARMS1C, P50ARMS2A, P50ARMS2B, P50ARMS2C, P50ARMS3A, P50ARMS3B, P50ARMS3C"
"76","0.270083101095771","5.92030356335034","0.001","0.325799438015903","0.363674223557735","0.0964393333144679",NA,"RUNARMS6B, RUNARMS9A, RUNARMS2A, RUNARMS1A, RUNARMS7C, RUNARMS7A, RUNARMS2C, RUNARMS3C, RUNARMS8C, P50ARMS1A, P50ARMS1B, P50ARMS1C, P50ARMS2A, P50ARMS2B, P50ARMS2C, P50ARMS3A, P50ARMS3B, P50ARMS3C"
"77","0.26239598538862","5.69185590513617","0.001","0.31870189429933","0.363674226744055","0.0641910818921479",NA,"RUNARMS7A, RUNARMS8B, RUNARMS1B, RUNARMS8C, RUNARMS1A, RUNARMS9B, RUNARMS6C, RUNARMS2B, RUNARMS3A, P50ARMS1A, P50ARMS1B, P50ARMS1C, P50ARMS2A, P50ARMS2B, P50ARMS2C, P50ARMS3A, P50ARMS3B, P50ARMS3C"
"78","0.296434178187696","6.74129797662122","0.001","0.30932264285384","0.363674223709483","0.00808337812558733",NA,"RUNARMS9B, RUNARMS8A, RUNARMS5B, RUNARMS3C, RUNARMS5A, RUNARMS1A, RUNARMS4C, RUNARMS9A, RUNARMS4A, P50ARMS1A, P50ARMS1B, P50ARMS1C, P50ARMS2A, P50ARMS2B, P50ARMS2C, P50ARMS3A, P50ARMS3B, P50ARMS3C"
"79","0.308192028879717","7.12780521174149","0.001","0.303295573491831","0.363674223606566","0.0300426080571853",NA,"RUNARMS9A, RUNARMS6B, RUNARMS2A, RUNARMS5C, RUNARMS1C, RUNARMS8A, RUNARMS8B, RUNARMS4C, RUNARMS7B, P50ARMS1A, P50ARMS1B, P50ARMS1C, P50ARMS2A, P50ARMS2B, P50ARMS2C, P50ARMS3A, P50ARMS3B, P50ARMS3C"
"80","0.275996933421797","6.09935390967266","0.001","0.317621407968948","0.363674223569165","0.0206583521624222",NA,"RUNARMS2A, RUNARMS8B, RUNARMS5B, RUNARMS3B, RUNARMS1A, RUNARMS4A, RUNARMS8C, RUNARMS2B, RUNARMS1B, P50ARMS1A, P50ARMS1B, P50ARMS1C, P50ARMS2A, P50ARMS2B, P50ARMS2C, P50ARMS3A, P50ARMS3B, P50ARMS3C"
"81","0.285475542347851","6.39251550965001","0.001","0.288341445099505","0.36367422413722","0.00193816185415983",NA,"RUNARMS5C, RUNARMS1C, RUNARMS7A, RUNARMS6A, RUNARMS1B, RUNARMS5B, RUNARMS4B, RUNARMS3C, RUNARMS6B, P50ARMS1A, P50ARMS1B, P50ARMS1C, P50ARMS2A, P50ARMS2B, P50ARMS2C, P50ARMS3A, P50ARMS3B, P50ARMS3C"
"82","0.292400241006207","6.61165269862726","0.001","0.29585622887684","0.36367438006921","0.0130450619123144",NA,"RUNARMS1C, RUNARMS7C, RUNARMS8C, RUNARMS3C, RUNARMS3A, RUNARMS5C, RUNARMS6A, RUNARMS2A, RUNARMS5A, P50ARMS1A, P50ARMS1B, P50ARMS1C, P50ARMS2A, P50ARMS2B, P50ARMS2C, P50ARMS3A, P50ARMS3B, P50ARMS3C"
"83","0.297170629735117","6.76512718011472","0.001","0.303276766230622","0.363674225029011","0.0078214522580013",NA,"RUNARMS8C, RUNARMS3B, RUNARMS9C, RUNARMS6A, RUNARMS1B, RUNARMS1C, RUNARMS9A, RUNARMS5C, RUNARMS4A, P50ARMS1A, P50ARMS1B, P50ARMS1C, P50ARMS2A, P50ARMS2B, P50ARMS2C, P50ARMS3A, P50ARMS3B, P50ARMS3C"
"84","0.274463379326747","6.05264289093084","0.002","0.308616459623119","0.363674224273072","0.0224129935976506",NA,"RUNARMS7B, RUNARMS1B, RUNARMS3C, RUNARMS7A, RUNARMS8A, RUNARMS1C, RUNARMS5C, RUNARMS9B, RUNARMS1A, P50ARMS1A, P50ARMS1B, P50ARMS1C, P50ARMS2A, P50ARMS2B, P50ARMS2C, P50ARMS3A, P50ARMS3B, P50ARMS3C"
"85","0.271296130699243","5.95679297730798","0.001","0.309395136507895","0.363674223759298","0.0271685033054604",NA,"RUNARMS4C, RUNARMS4A, RUNARMS3C, RUNARMS1B, RUNARMS8B, RUNARMS3B, RUNARMS6B, RUNARMS3A, RUNARMS7C, P50ARMS1A, P50ARMS1B, P50ARMS1C, P50ARMS2A, P50ARMS2B, P50ARMS2C, P50ARMS3A, P50ARMS3B, P50ARMS3C"
"86","0.275382352807827","6.08061045987292","0.001","0.317474818673183","0.363674223600729","0.0162385951474913",NA,"RUNARMS1C, RUNARMS5B, RUNARMS9A, RUNARMS1B, RUNARMS6B, RUNARMS5A, RUNARMS4C, RUNARMS2B, RUNARMS4A, P50ARMS1A, P50ARMS1B, P50ARMS1C, P50ARMS2A, P50ARMS2B, P50ARMS2C, P50ARMS3A, P50ARMS3B, P50ARMS3C"
"87","0.262303029628777","5.68912255658104","0.001","0.341321873157792","0.363674223557253","0.190477937808892",NA,"RUNARMS7B, RUNARMS1A, RUNARMS1C, RUNARMS6B, RUNARMS2B, RUNARMS2A, RUNARMS8C, RUNARMS8A, RUNARMS2C, P50ARMS1A, P50ARMS1B, P50ARMS1C, P50ARMS2A, P50ARMS2B, P50ARMS2C, P50ARMS3A, P50ARMS3B, P50ARMS3C"
"88","0.263720333956163","5.73087311506357","0.001","0.324316827367887","0.36367432803286","0.0354762158336908",NA,"RUNARMS2B, RUNARMS1A, RUNARMS6A, RUNARMS9A, RUNARMS5A, RUNARMS6C, RUNARMS3C, RUNARMS1C, RUNARMS3A, P50ARMS1A, P50ARMS1B, P50ARMS1C, P50ARMS2A, P50ARMS2B, P50ARMS2C, P50ARMS3A, P50ARMS3B, P50ARMS3C"
"89","0.279191491845519","6.19729625690121","0.001","0.317526469390288","0.363674223565256","0.0164923757609242",NA,"RUNARMS7A, RUNARMS5B, RUNARMS9C, RUNARMS8C, RUNARMS7B, RUNARMS1A, RUNARMS1C, RUNARMS8A, RUNARMS3B, P50ARMS1A, P50ARMS1B, P50ARMS1C, P50ARMS2A, P50ARMS2B, P50ARMS2C, P50ARMS3A, P50ARMS3B, P50ARMS3C"
"90","0.272456421475128","5.99180979982082","0.001","0.313721568624994","0.363674223798733","0.0450412356765148",NA,"RUNARMS5C, RUNARMS6C, RUNARMS2A, RUNARMS3C, RUNARMS6B, RUNARMS7B, RUNARMS1B, RUNARMS4B, RUNARMS2C, P50ARMS1A, P50ARMS1B, P50ARMS1C, P50ARMS2A, P50ARMS2B, P50ARMS2C, P50ARMS3A, P50ARMS3B, P50ARMS3C"
"91","0.293527530275399","6.64773318942941","0.001","0.301445765896476","0.364566981996283","0.0144645643969623",NA,"RUNARMS6C, RUNARMS2B, RUNARMS9C, RUNARMS6A, RUNARMS9A, RUNARMS5C, RUNARMS5A, RUNARMS4B, RUNARMS1B, P50ARMS1A, P50ARMS1B, P50ARMS1C, P50ARMS2A, P50ARMS2B, P50ARMS2C, P50ARMS3A, P50ARMS3B, P50ARMS3C"
"92","0.269891352339569","5.91454662435596","0.001","0.32096166377952","0.363674223721771","0.0264146263836092",NA,"RUNARMS1B, RUNARMS2C, RUNARMS1C, RUNARMS5A, RUNARMS3B, RUNARMS1A, RUNARMS9A, RUNARMS4C, RUNARMS8B, P50ARMS1A, P50ARMS1B, P50ARMS1C, P50ARMS2A, P50ARMS2B, P50ARMS2C, P50ARMS3A, P50ARMS3B, P50ARMS3C"
"93","0.29394342773619","6.66107367105107","0.001","0.313615980396043","0.369694041117647","0.00892437671961533",NA,"RUNARMS9C, RUNARMS7B, RUNARMS2C, RUNARMS5A, RUNARMS9B, RUNARMS5C, RUNARMS2B, RUNARMS1A, RUNARMS8C, P50ARMS1A, P50ARMS1B, P50ARMS1C, P50ARMS2A, P50ARMS2B, P50ARMS2C, P50ARMS3A, P50ARMS3B, P50ARMS3C"
"94","0.266123119881028","5.80202215582287","0.001","0.314413735829884","0.363674223813924","0.0607583516282803",NA,"RUNARMS8B, RUNARMS2B, RUNARMS3C, RUNARMS7B, RUNARMS1B, RUNARMS9C, RUNARMS1A, RUNARMS4A, RUNARMS8A, P50ARMS1A, P50ARMS1B, P50ARMS1C, P50ARMS2A, P50ARMS2B, P50ARMS2C, P50ARMS3A, P50ARMS3B, P50ARMS3C"
"95","0.252098099301237","5.39318002140554","0.001","0.329146727078414","0.363674225216413","0.0699396341482025",NA,"RUNARMS6B, RUNARMS1A, RUNARMS7A, RUNARMS1B, RUNARMS4B, RUNARMS1C, RUNARMS3B, RUNARMS2C, RUNARMS5B, P50ARMS1A, P50ARMS1B, P50ARMS1C, P50ARMS2A, P50ARMS2B, P50ARMS2C, P50ARMS3A, P50ARMS3B, P50ARMS3C"
"96","0.29457701817823","6.68142718951353","0.001","0.323645515857488","0.363674223595247","0.0345947806454504",NA,"RUNARMS4C, RUNARMS2A, RUNARMS5C, RUNARMS1C, RUNARMS8C, RUNARMS3A, RUNARMS9A, RUNARMS2C, RUNARMS8A, P50ARMS1A, P50ARMS1B, P50ARMS1C, P50ARMS2A, P50ARMS2B, P50ARMS2C, P50ARMS3A, P50ARMS3B, P50ARMS3C"
"97","0.278029284926916","6.16156371159783","0.001","0.313385044832494","0.36367422916061","0.0107981353049722",NA,"RUNARMS1C, RUNARMS7A, RUNARMS7B, RUNARMS3A, RUNARMS4A, RUNARMS3C, RUNARMS8A, RUNARMS6C, RUNARMS8C, P50ARMS1A, P50ARMS1B, P50ARMS1C, P50ARMS2A, P50ARMS2B, P50ARMS2C, P50ARMS3A, P50ARMS3B, P50ARMS3C"
"98","0.292324283762996","6.60922571298396","0.001","0.308453409634965","0.363674225387747","0.0611007590192301",NA,"RUNARMS6A, RUNARMS8C, RUNARMS8A, RUNARMS1A, RUNARMS8B, RUNARMS7C, RUNARMS6C, RUNARMS2A, RUNARMS3B, P50ARMS1A, P50ARMS1B, P50ARMS1C, P50ARMS2A, P50ARMS2B, P50ARMS2C, P50ARMS3A, P50ARMS3B, P50ARMS3C"
"99","0.291942574745303","6.59703723076499","0.001","0.313997854044531","0.363674224041006","0.0314076620734988",NA,"RUNARMS3A, RUNARMS8C, RUNARMS6B, RUNARMS6A, RUNARMS1C, RUNARMS7B, RUNARMS9B, RUNARMS8A, RUNARMS9C, P50ARMS1A, P50ARMS1B, P50ARMS1C, P50ARMS2A, P50ARMS2B, P50ARMS2C, P50ARMS3A, P50ARMS3B, P50ARMS3C"
"100","0.267278216158353","5.83639186501634","0.001","0.335069413930583","0.363674223599959","0.190780355210592",NA,"RUNARMS7A, RUNARMS6B, RUNARMS3A, RUNARMS3B, RUNARMS1A, RUNARMS2A, RUNARMS7C, RUNARMS2B, RUNARMS5C, P50ARMS1A, P50ARMS1B, P50ARMS1C, P50ARMS2A, P50ARMS2B, P50ARMS2C, P50ARMS3A, P50ARMS3B, P50ARMS3C"
"101","0.276595209144755","6.11763068514379","0.001","0.317885649575945","0.363674242889944","0.0598704462555356",NA,"RUNARMS4A, RUNARMS1B, RUNARMS4C, RUNARMS3B, RUNARMS6A, RUNARMS3C, RUNARMS8A, RUNARMS3A, RUNARMS5A, P50ARMS1A, P50ARMS1B, P50ARMS1C, P50ARMS2A, P50ARMS2B, P50ARMS2C, P50ARMS3A, P50ARMS3B, P50ARMS3C"
"102","0.279979479616431","6.22158889510049","0.001","0.313813176845313","0.363674223855787","0.00642940471542029",NA,"RUNARMS4A, RUNARMS2B, RUNARMS6C, RUNARMS3A, RUNARMS1C, RUNARMS8C, RUNARMS5A, RUNARMS8B, RUNARMS2C, P50ARMS1A, P50ARMS1B, P50ARMS1C, P50ARMS2A, P50ARMS2B, P50ARMS2C, P50ARMS3A, P50ARMS3B, P50ARMS3C"
"103","0.293343926502675","6.64184884283822","0.001","0.3070798571336","0.363674820106535","0.0204196112817482",NA,"RUNARMS9A, RUNARMS3A, RUNARMS2C, RUNARMS9C, RUNARMS1A, RUNARMS5A, RUNARMS6A, RUNARMS8B, RUNARMS8C, P50ARMS1A, P50ARMS1B, P50ARMS1C, P50ARMS2A, P50ARMS2B, P50ARMS2C, P50ARMS3A, P50ARMS3B, P50ARMS3C"
"104","0.297364104949447","6.77139570111038","0.002","0.303795098617257","0.363674223757648","0.0051139624599623",NA,"RUNARMS7A, RUNARMS9B, RUNARMS1A, RUNARMS9A, RUNARMS5A, RUNARMS3C, RUNARMS6A, RUNARMS1C, RUNARMS3B, P50ARMS1A, P50ARMS1B, P50ARMS1C, P50ARMS2A, P50ARMS2B, P50ARMS2C, P50ARMS3A, P50ARMS3B, P50ARMS3C"
"105","0.28897757474593","6.5028064259474","0.001","0.302188999871967","0.363674223613275","0.0209284980268688",NA,"RUNARMS6B, RUNARMS4C, RUNARMS5C, RUNARMS4A, RUNARMS2B, RUNARMS1A, RUNARMS7B, RUNARMS5B, RUNARMS5A, P50ARMS1A, P50ARMS1B, P50ARMS1C, P50ARMS2A, P50ARMS2B, P50ARMS2C, P50ARMS3A, P50ARMS3B, P50ARMS3C"
"106","0.29150441629812","6.58306243265513","0.001","0.302946524518814","0.363674223559206","0.0297051772441784",NA,"RUNARMS2A, RUNARMS6B, RUNARMS3C, RUNARMS7A, RUNARMS5C, RUNARMS4C, RUNARMS3A, RUNARMS1C, RUNARMS6A, P50ARMS1A, P50ARMS1B, P50ARMS1C, P50ARMS2A, P50ARMS2B, P50ARMS2C, P50ARMS3A, P50ARMS3B, P50ARMS3C"
"107","0.26272961674027","5.70167195548859","0.001","0.328260066193162","0.363674223557253","0.139748264868719",NA,"RUNARMS5B, RUNARMS5C, RUNARMS3A, RUNARMS9C, RUNARMS1A, RUNARMS6B, RUNARMS3C, RUNARMS8A, RUNARMS2B, P50ARMS1A, P50ARMS1B, P50ARMS1C, P50ARMS2A, P50ARMS2B, P50ARMS2C, P50ARMS3A, P50ARMS3B, P50ARMS3C"
"108","0.273159958434586","6.01309653433567","0.001","0.325439943485648","0.363674224083941","0.0581860274609488",NA,"RUNARMS1A, RUNARMS8A, RUNARMS8C, RUNARMS2B, RUNARMS3B, RUNARMS9C, RUNARMS6C, RUNARMS5B, RUNARMS7B, P50ARMS1A, P50ARMS1B, P50ARMS1C, P50ARMS2A, P50ARMS2B, P50ARMS2C, P50ARMS3A, P50ARMS3B, P50ARMS3C"
"109","0.291218942955597","6.57396672918934","0.001","0.297709790188054","0.364102708454584","0.00640596993097457",NA,"RUNARMS9B, RUNARMS5C, RUNARMS1C, RUNARMS9C, RUNARMS1B, RUNARMS2B, RUNARMS6A, RUNARMS5B, RUNARMS8C, P50ARMS1A, P50ARMS1B, P50ARMS1C, P50ARMS2A, P50ARMS2B, P50ARMS2C, P50ARMS3A, P50ARMS3B, P50ARMS3C"
"110","0.298031573626791","6.79304794756315","0.001","0.294548857125511","0.363674223557629","0.0010624024098503",NA,"RUNARMS5B, RUNARMS7C, RUNARMS4C, RUNARMS9B, RUNARMS3B, RUNARMS6A, RUNARMS1C, RUNARMS2B, RUNARMS3C, P50ARMS1A, P50ARMS1B, P50ARMS1C, P50ARMS2A, P50ARMS2B, P50ARMS2C, P50ARMS3A, P50ARMS3B, P50ARMS3C"
"111","0.277269074981696","6.13825290455751","0.001","0.319580358651138","0.363674226858314","0.0834712462073172",NA,"RUNARMS4C, RUNARMS1A, RUNARMS9C, RUNARMS6B, RUNARMS4B, RUNARMS3A, RUNARMS7B, RUNARMS5A, RUNARMS2A, P50ARMS1A, P50ARMS1B, P50ARMS1C, P50ARMS2A, P50ARMS2B, P50ARMS2C, P50ARMS3A, P50ARMS3B, P50ARMS3C"
"112","0.295282937759589","6.70414731996609","0.001","0.302135053803081","0.363674224013535","0.0169168838613279",NA,"RUNARMS9C, RUNARMS4C, RUNARMS4B, RUNARMS1A, RUNARMS5C, RUNARMS6B, RUNARMS9B, RUNARMS3B, RUNARMS1C, P50ARMS1A, P50ARMS1B, P50ARMS1C, P50ARMS2A, P50ARMS2B, P50ARMS2C, P50ARMS3A, P50ARMS3B, P50ARMS3C"
"113","0.282488467422566","6.29929314519176","0.001","0.3159993964413","0.363674223557504","0.035021326749931",NA,"RUNARMS6A, RUNARMS3B, RUNARMS8A, RUNARMS7B, RUNARMS5B, RUNARMS1A, RUNARMS1C, RUNARMS3A, RUNARMS4C, P50ARMS1A, P50ARMS1B, P50ARMS1C, P50ARMS2A, P50ARMS2B, P50ARMS2C, P50ARMS3A, P50ARMS3B, P50ARMS3C"
"114","0.266546273616585","5.81460046415518","0.001","0.321041340949091","0.363674223619933","0.104493252717296",NA,"RUNARMS8B, RUNARMS3A, RUNARMS9A, RUNARMS5A, RUNARMS8C, RUNARMS2A, RUNARMS1B, RUNARMS1A, RUNARMS7C, P50ARMS1A, P50ARMS1B, P50ARMS1C, P50ARMS2A, P50ARMS2B, P50ARMS2C, P50ARMS3A, P50ARMS3B, P50ARMS3C"
"115","0.269531877235386","5.90376212372493","0.001","0.316787104766882","0.368189636362335","0.0252101317957997",NA,"RUNARMS1B, RUNARMS2B, RUNARMS2A, RUNARMS7C, RUNARMS6B, RUNARMS3C, RUNARMS4B, RUNARMS7B, RUNARMS5A, P50ARMS1A, P50ARMS1B, P50ARMS1C, P50ARMS2A, P50ARMS2B, P50ARMS2C, P50ARMS3A, P50ARMS3B, P50ARMS3C"
"116","0.284579580918915","6.3644720967722","0.001","0.316378955681178","0.363674223720003","0.0479930639257821",NA,"RUNARMS7A, RUNARMS4C, RUNARMS8A, RUNARMS5A, RUNARMS8C, RUNARMS9C, RUNARMS7C, RUNARMS2A, RUNARMS1A, P50ARMS1A, P50ARMS1B, P50ARMS1C, P50ARMS2A, P50ARMS2B, P50ARMS2C, P50ARMS3A, P50ARMS3B, P50ARMS3C"
"117","0.269700266425882","5.90881259355706","0.001","0.324824499385152","0.363674223619131","0.125078462653388",NA,"RUNARMS9C, RUNARMS3A, RUNARMS8C, RUNARMS6C, RUNARMS1A, RUNARMS7C, RUNARMS6B, RUNARMS6A, RUNARMS2A, P50ARMS1A, P50ARMS1B, P50ARMS1C, P50ARMS2A, P50ARMS2B, P50ARMS2C, P50ARMS3A, P50ARMS3B, P50ARMS3C"
"118","0.271324609982549","5.95765112860037","0.001","0.317213820480247","0.363674225110831","0.0235854991897036",NA,"RUNARMS6C, RUNARMS2B, RUNARMS4C, RUNARMS1C, RUNARMS8C, RUNARMS5C, RUNARMS3A, RUNARMS1B, RUNARMS9A, P50ARMS1A, P50ARMS1B, P50ARMS1C, P50ARMS2A, P50ARMS2B, P50ARMS2C, P50ARMS3A, P50ARMS3B, P50ARMS3C"
"119","0.301530476005753","6.90722708773731","0.001","0.297622528893091","0.363674224828139","0.00358473188829553",NA,"RUNARMS2C, RUNARMS6A, RUNARMS9C, RUNARMS1C, RUNARMS6C, RUNARMS4C, RUNARMS7C, RUNARMS5A, RUNARMS9B, P50ARMS1A, P50ARMS1B, P50ARMS1C, P50ARMS2A, P50ARMS2B, P50ARMS2C, P50ARMS3A, P50ARMS3B, P50ARMS3C"
"120","0.289772703610646","6.52799924945243","0.001","0.32069623895961","0.370591901726302","0.0141738432441533",NA,"RUNARMS8B, RUNARMS1B, RUNARMS9B, RUNARMS2A, RUNARMS4C, RUNARMS2B, RUNARMS3B, RUNARMS6A, RUNARMS1A, P50ARMS1A, P50ARMS1B, P50ARMS1C, P50ARMS2A, P50ARMS2B, P50ARMS2C, P50ARMS3A, P50ARMS3B, P50ARMS3C"
"121","0.263998820295763","5.7390955900772","0.001","0.321497101586409","0.363674223649358","0.0139534100194122",NA,"RUNARMS2C, RUNARMS9C, RUNARMS4B, RUNARMS6C, RUNARMS1B, RUNARMS3B, RUNARMS8C, RUNARMS1A, RUNARMS4C, P50ARMS1A, P50ARMS1B, P50ARMS1C, P50ARMS2A, P50ARMS2B, P50ARMS2C, P50ARMS3A, P50ARMS3B, P50ARMS3C"
"122","0.31848437493183","7.47708462061976","0.001","0.299196528363334","0.36367422360988","0.00448541065651111",NA,"RUNARMS1C, RUNARMS4A, RUNARMS5B, RUNARMS2C, RUNARMS7A, RUNARMS3B, RUNARMS6A, RUNARMS9B, RUNARMS9A, P50ARMS1A, P50ARMS1B, P50ARMS1C, P50ARMS2A, P50ARMS2B, P50ARMS2C, P50ARMS3A, P50ARMS3B, P50ARMS3C"
"123","0.286682914684404","6.43041745301958","0.001","0.313089226446574","0.363674223575235","0.0540304439912193",NA,"RUNARMS8A, RUNARMS5C, RUNARMS4C, RUNARMS9A, RUNARMS6C, RUNARMS4B, RUNARMS7A, RUNARMS1C, RUNARMS2B, P50ARMS1A, P50ARMS1B, P50ARMS1C, P50ARMS2A, P50ARMS2B, P50ARMS2C, P50ARMS3A, P50ARMS3B, P50ARMS3C"
"124","0.280422939053244","6.23528356914076","0.001","0.304537412021281","0.363674224499064","0.0113058972205966",NA,"RUNARMS3A, RUNARMS9C, RUNARMS5A, RUNARMS9A, RUNARMS1A, RUNARMS8B, RUNARMS5B, RUNARMS4B, RUNARMS3C, P50ARMS1A, P50ARMS1B, P50ARMS1C, P50ARMS2A, P50ARMS2B, P50ARMS2C, P50ARMS3A, P50ARMS3B, P50ARMS3C"
"125","0.307265096701873","7.09685844299693","0.001","0.299025976800214","0.363674223696351","0.00344062292267517",NA,"RUNARMS5B, RUNARMS9A, RUNARMS5C, RUNARMS9C, RUNARMS2A, RUNARMS6C, RUNARMS7A, RUNARMS1C, RUNARMS7C, P50ARMS1A, P50ARMS1B, P50ARMS1C, P50ARMS2A, P50ARMS2B, P50ARMS2C, P50ARMS3A, P50ARMS3B, P50ARMS3C"
"126","0.290723154538282","6.55818740224698","0.001","0.29172644771545","0.363674224367083","0.00861565279265151",NA,"RUNARMS8B, RUNARMS7A, RUNARMS1B, RUNARMS3C, RUNARMS2A, RUNARMS6A, RUNARMS7B, RUNARMS5A, RUNARMS5B, P50ARMS1A, P50ARMS1B, P50ARMS1C, P50ARMS2A, P50ARMS2B, P50ARMS2C, P50ARMS3A, P50ARMS3B, P50ARMS3C"
"127","0.285356377896727","6.38878163203959","0.001","0.319290487834385","0.363674342696388","0.0311449502569608",NA,"RUNARMS1C, RUNARMS2A, RUNARMS4B, RUNARMS8A, RUNARMS9B, RUNARMS7C, RUNARMS8C, RUNARMS3A, RUNARMS5A, P50ARMS1A, P50ARMS1B, P50ARMS1C, P50ARMS2A, P50ARMS2B, P50ARMS2C, P50ARMS3A, P50ARMS3B, P50ARMS3C"
"128","0.274459633502272","6.05252903740415","0.001","0.325326427396599","0.363674223575116","0.0579095028662973",NA,"RUNARMS2A, RUNARMS9C, RUNARMS4A, RUNARMS2C, RUNARMS1A, RUNARMS1B, RUNARMS6B, RUNARMS5B, RUNARMS6A, P50ARMS1A, P50ARMS1B, P50ARMS1C, P50ARMS2A, P50ARMS2B, P50ARMS2C, P50ARMS3A, P50ARMS3B, P50ARMS3C"
"129","0.295737412058931","6.71879874632618","0.001","0.303309143224654","0.363674223557536","0.00330190422780639",NA,"RUNARMS9A, RUNARMS1B, RUNARMS6C, RUNARMS3B, RUNARMS8C, RUNARMS4B, RUNARMS7C, RUNARMS9B, RUNARMS9C, P50ARMS1A, P50ARMS1B, P50ARMS1C, P50ARMS2A, P50ARMS2B, P50ARMS2C, P50ARMS3A, P50ARMS3B, P50ARMS3C"
"130","0.267941532020704","5.8561777506172","0.001","0.308233657998204","0.363674223567236","0.011594779252745",NA,"RUNARMS3C, RUNARMS7A, RUNARMS2B, RUNARMS8B, RUNARMS4A, RUNARMS1C, RUNARMS1B, RUNARMS2C, RUNARMS5B, P50ARMS1A, P50ARMS1B, P50ARMS1C, P50ARMS2A, P50ARMS2B, P50ARMS2C, P50ARMS3A, P50ARMS3B, P50ARMS3C"
"131","0.311448653779281","7.23719224110138","0.001","0.273373699120157","0.363674224488699","0.000487929355124716",NA,"RUNARMS5B, RUNARMS3C, RUNARMS7B, RUNARMS9B, RUNARMS7C, RUNARMS9C, RUNARMS6A, RUNARMS5C, RUNARMS1B, P50ARMS1A, P50ARMS1B, P50ARMS1C, P50ARMS2A, P50ARMS2B, P50ARMS2C, P50ARMS3A, P50ARMS3B, P50ARMS3C"
"132","0.268204348175217","5.864027150343","0.001","0.326056702940698","0.363674225801051","0.0210073893475427",NA,"RUNARMS2A, RUNARMS2C, RUNARMS4B, RUNARMS3C, RUNARMS2B, RUNARMS1A, RUNARMS3A, RUNARMS7B, RUNARMS7A, P50ARMS1A, P50ARMS1B, P50ARMS1C, P50ARMS2A, P50ARMS2B, P50ARMS2C, P50ARMS3A, P50ARMS3B, P50ARMS3C"
"133","0.254591159651267","5.46473067386018","0.001","0.331908974836163","0.363674223713198","0.0801163886784995",NA,"RUNARMS7C, RUNARMS2C, RUNARMS1B, RUNARMS6B, RUNARMS8A, RUNARMS1C, RUNARMS5B, RUNARMS4A, RUNARMS1A, P50ARMS1A, P50ARMS1B, P50ARMS1C, P50ARMS2A, P50ARMS2B, P50ARMS2C, P50ARMS3A, P50ARMS3B, P50ARMS3C"
"134","0.306215613911056","7.06191998669278","0.001","0.300513732504761","0.363674225453629","0.00636198085523437",NA,"RUNARMS1A, RUNARMS3B, RUNARMS6A, RUNARMS8B, RUNARMS5B, RUNARMS4C, RUNARMS2A, RUNARMS9A, RUNARMS1C, P50ARMS1A, P50ARMS1B, P50ARMS1C, P50ARMS2A, P50ARMS2B, P50ARMS2C, P50ARMS3A, P50ARMS3B, P50ARMS3C"
"135","0.282528771753295","6.30054581993405","0.001","0.307373711560655","0.363674233739477","0.00797104743037653",NA,"RUNARMS1C, RUNARMS3B, RUNARMS5A, RUNARMS9B, RUNARMS7C, RUNARMS3C, RUNARMS7A, RUNARMS8C, RUNARMS3A, P50ARMS1A, P50ARMS1B, P50ARMS1C, P50ARMS2A, P50ARMS2B, P50ARMS2C, P50ARMS3A, P50ARMS3B, P50ARMS3C"
"136","0.273987142507829","6.03817719601824","0.001","0.30751871644995","0.363674223557253","0.0155266673383539",NA,"RUNARMS8B, RUNARMS5A, RUNARMS3B, RUNARMS2C, RUNARMS4A, RUNARMS1C, RUNARMS3C, RUNARMS1B, RUNARMS7B, P50ARMS1A, P50ARMS1B, P50ARMS1C, P50ARMS2A, P50ARMS2B, P50ARMS2C, P50ARMS3A, P50ARMS3B, P50ARMS3C"
"137","0.297506909972945","6.77602474265446","0.001","0.311421877273566","0.363674227989519","0.0197633861122099",NA,"RUNARMS5B, RUNARMS2C, RUNARMS8B, RUNARMS9A, RUNARMS3B, RUNARMS4C, RUNARMS8C, RUNARMS2A, RUNARMS1A, P50ARMS1A, P50ARMS1B, P50ARMS1C, P50ARMS2A, P50ARMS2B, P50ARMS2C, P50ARMS3A, P50ARMS3B, P50ARMS3C"
"138","0.266214100063484","5.80472533116846","0.001","0.329510341026227","0.363674232585903","0.0758380601263677",NA,"RUNARMS7B, RUNARMS6B, RUNARMS3A, RUNARMS8C, RUNARMS4C, RUNARMS1B, RUNARMS1A, RUNARMS8A, RUNARMS9A, P50ARMS1A, P50ARMS1B, P50ARMS1C, P50ARMS2A, P50ARMS2B, P50ARMS2C, P50ARMS3A, P50ARMS3B, P50ARMS3C"
"139","0.268784832798082","5.88138419123047","0.001","0.315331760740435","0.363674224400446","0.0367713754225351",NA,"RUNARMS1C, RUNARMS2B, RUNARMS6C, RUNARMS4A, RUNARMS2C, RUNARMS7C, RUNARMS6B, RUNARMS4C, RUNARMS3C, P50ARMS1A, P50ARMS1B, P50ARMS1C, P50ARMS2A, P50ARMS2B, P50ARMS2C, P50ARMS3A, P50ARMS3B, P50ARMS3C"
"140","0.269087755706627","5.89045282100643","0.001","0.305470525935829","0.363674225220556","0.00103691073775669",NA,"RUNARMS9B, RUNARMS9C, RUNARMS1A, RUNARMS5B, RUNARMS1B, RUNARMS1C, RUNARMS8C, RUNARMS3C, RUNARMS4C, P50ARMS1A, P50ARMS1B, P50ARMS1C, P50ARMS2A, P50ARMS2B, P50ARMS2C, P50ARMS3A, P50ARMS3B, P50ARMS3C"
"141","0.284539059401922","6.3632054415508","0.001","0.330536542713365","0.363674224529367","0.0633401977790136",NA,"RUNARMS6C, RUNARMS2B, RUNARMS9B, RUNARMS2A, RUNARMS3A, RUNARMS3B, RUNARMS4A, RUNARMS1A, RUNARMS5A, P50ARMS1A, P50ARMS1B, P50ARMS1C, P50ARMS2A, P50ARMS2B, P50ARMS2C, P50ARMS3A, P50ARMS3B, P50ARMS3C"
"142","0.283872555772641","6.34239188705111","0.001","0.311025805230209","0.363674223752889","0.0945730475343628",NA,"RUNARMS7C, RUNARMS8B, RUNARMS6B, RUNARMS1C, RUNARMS8A, RUNARMS2C, RUNARMS1A, RUNARMS7B, RUNARMS9A, P50ARMS1A, P50ARMS1B, P50ARMS1C, P50ARMS2A, P50ARMS2B, P50ARMS2C, P50ARMS3A, P50ARMS3B, P50ARMS3C"
"143","0.271985387609807","5.97758084479835","0.001","0.32981864382686","0.365079264233738","0.0896124356566296",NA,"RUNARMS7C, RUNARMS6A, RUNARMS6B, RUNARMS1B, RUNARMS9A, RUNARMS1A, RUNARMS4A, RUNARMS2A, RUNARMS2B, P50ARMS1A, P50ARMS1B, P50ARMS1C, P50ARMS2A, P50ARMS2B, P50ARMS2C, P50ARMS3A, P50ARMS3B, P50ARMS3C"
"144","0.262492741642639","5.69470173844331","0.001","0.312358110782753","0.363674225177823","0.0157973091604496",NA,"RUNARMS2B, RUNARMS1A, RUNARMS6B, RUNARMS1C, RUNARMS3C, RUNARMS4B, RUNARMS1B, RUNARMS5A, RUNARMS9B, P50ARMS1A, P50ARMS1B, P50ARMS1C, P50ARMS2A, P50ARMS2B, P50ARMS2C, P50ARMS3A, P50ARMS3B, P50ARMS3C"
"145","0.290678549056357","6.55676883691375","0.001","0.312266515755778","0.36367422355972","0.0612526366227645",NA,"RUNARMS2B, RUNARMS7B, RUNARMS6C, RUNARMS9B, RUNARMS1A, RUNARMS3B, RUNARMS8B, RUNARMS8A, RUNARMS5C, P50ARMS1A, P50ARMS1B, P50ARMS1C, P50ARMS2A, P50ARMS2B, P50ARMS2C, P50ARMS3A, P50ARMS3B, P50ARMS3C"
"146","0.292722826089351","6.62196574439613","0.001","0.307191777013778","0.363674223750649","0.0135722619269917",NA,"RUNARMS4A, RUNARMS5C, RUNARMS1A, RUNARMS9B, RUNARMS3A, RUNARMS7A, RUNARMS2B, RUNARMS6A, RUNARMS4B, P50ARMS1A, P50ARMS1B, P50ARMS1C, P50ARMS2A, P50ARMS2B, P50ARMS2C, P50ARMS3A, P50ARMS3B, P50ARMS3C"
"147","0.282117957392654","6.28778413496462","0.001","0.312825000193384","0.36367422357495","0.00586749546088827",NA,"RUNARMS8C, RUNARMS5B, RUNARMS1C, RUNARMS9C, RUNARMS7B, RUNARMS5A, RUNARMS2A, RUNARMS6B, RUNARMS4B, P50ARMS1A, P50ARMS1B, P50ARMS1C, P50ARMS2A, P50ARMS2B, P50ARMS2C, P50ARMS3A, P50ARMS3B, P50ARMS3C"
"148","0.285448571372076","6.39167029687852","0.001","0.317184353475107","0.363674224098646","0.0471633960982638",NA,"RUNARMS9A, RUNARMS5C, RUNARMS5B, RUNARMS1A, RUNARMS3B, RUNARMS6B, RUNARMS3A, RUNARMS9C, RUNARMS4B, P50ARMS1A, P50ARMS1B, P50ARMS1C, P50ARMS2A, P50ARMS2B, P50ARMS2C, P50ARMS3A, P50ARMS3B, P50ARMS3C"
"149","0.277668513678429","6.15049503307549","0.001","0.315887900654639","0.363674223668706","0.0533071690312755",NA,"RUNARMS5A, RUNARMS6A, RUNARMS1B, RUNARMS8B, RUNARMS9B, RUNARMS6C, RUNARMS6B, RUNARMS2C, RUNARMS3A, P50ARMS1A, P50ARMS1B, P50ARMS1C, P50ARMS2A, P50ARMS2B, P50ARMS2C, P50ARMS3A, P50ARMS3B, P50ARMS3C"
"150","0.264893475650011","5.76555297771007","0.001","0.340073487898059","0.363674224799937","0.164866522661888",NA,"RUNARMS9B, RUNARMS6B, RUNARMS8C, RUNARMS3B, RUNARMS1C, RUNARMS1A, RUNARMS3A, RUNARMS2A, RUNARMS7A, P50ARMS1A, P50ARMS1B, P50ARMS1C, P50ARMS2A, P50ARMS2B, P50ARMS2C, P50ARMS3A, P50ARMS3B, P50ARMS3C"
"151","0.251897530286637","5.38744443141649","0.001","0.330119133891916","0.363674224445564","0.0912833084051319",NA,"RUNARMS3C, RUNARMS3A, RUNARMS7A, RUNARMS6B, RUNARMS2B, RUNARMS6C, RUNARMS5B, RUNARMS9C, RUNARMS1C, P50ARMS1A, P50ARMS1B, P50ARMS1C, P50ARMS2A, P50ARMS2B, P50ARMS2C, P50ARMS3A, P50ARMS3B, P50ARMS3C"
"152","0.282954454320178","6.31378480265239","0.001","0.32190368178609","0.363674227823803","0.110992868348783",NA,"RUNARMS9B, RUNARMS7C, RUNARMS6B, RUNARMS2A, RUNARMS9A, RUNARMS2B, RUNARMS1A, RUNARMS8C, RUNARMS7B, P50ARMS1A, P50ARMS1B, P50ARMS1C, P50ARMS2A, P50ARMS2B, P50ARMS2C, P50ARMS3A, P50ARMS3B, P50ARMS3C"
"153","0.269046335925732","5.88921238976692","0.001","0.331103609884778","0.363674224049334","0.119189627843032",NA,"RUNARMS8C, RUNARMS9A, RUNARMS6B, RUNARMS2A, RUNARMS1A, RUNARMS1B, RUNARMS9C, RUNARMS3A, RUNARMS5C, P50ARMS1A, P50ARMS1B, P50ARMS1C, P50ARMS2A, P50ARMS2B, P50ARMS2C, P50ARMS3A, P50ARMS3B, P50ARMS3C"
"154","0.288731084392177","6.49500807486718","0.002","0.298696834603299","0.363674223557253","0.00712812646439464",NA,"RUNARMS6C, RUNARMS8B, RUNARMS9B, RUNARMS3C, RUNARMS9C, RUNARMS4C, RUNARMS8A, RUNARMS8C, RUNARMS1B, P50ARMS1A, P50ARMS1B, P50ARMS1C, P50ARMS2A, P50ARMS2B, P50ARMS2C, P50ARMS3A, P50ARMS3B, P50ARMS3C"
"155","0.281740024827937","6.2760567942925","0.001","0.307157652622353","0.363674224715644","0.00702268364151518",NA,"RUNARMS6C, RUNARMS4B, RUNARMS1C, RUNARMS8A, RUNARMS9C, RUNARMS5B, RUNARMS3B, RUNARMS3C, RUNARMS7C, P50ARMS1A, P50ARMS1B, P50ARMS1C, P50ARMS2A, P50ARMS2B, P50ARMS2C, P50ARMS3A, P50ARMS3B, P50ARMS3C"
"156","0.281437363562009","6.26667403598119","0.001","0.316913037352783","0.363674223666783","0.0640136052770288",NA,"RUNARMS1B, RUNARMS9B, RUNARMS5B, RUNARMS5C, RUNARMS1C, RUNARMS7B, RUNARMS3B, RUNARMS6B, RUNARMS8A, P50ARMS1A, P50ARMS1B, P50ARMS1C, P50ARMS2A, P50ARMS2B, P50ARMS2C, P50ARMS3A, P50ARMS3B, P50ARMS3C"
"157","0.283212409636089","6.32181501897494","0.001","0.303338092498097","0.363674225210189","0.0101852912492435",NA,"RUNARMS1C, RUNARMS4B, RUNARMS9C, RUNARMS1A, RUNARMS7B, RUNARMS4C, RUNARMS1B, RUNARMS2A, RUNARMS6A, P50ARMS1A, P50ARMS1B, P50ARMS1C, P50ARMS2A, P50ARMS2B, P50ARMS2C, P50ARMS3A, P50ARMS3B, P50ARMS3C"
"158","0.267900776652773","5.85496103498988","0.001","0.331268096420846","0.363674223697569","0.0942909479078963",NA,"RUNARMS1B, RUNARMS5A, RUNARMS3C, RUNARMS1A, RUNARMS9C, RUNARMS9A, RUNARMS2A, RUNARMS3A, RUNARMS9B, P50ARMS1A, P50ARMS1B, P50ARMS1C, P50ARMS2A, P50ARMS2B, P50ARMS2C, P50ARMS3A, P50ARMS3B, P50ARMS3C"
"159","0.269584957238644","5.90535389237263","0.001","0.310726134860504","0.363674223557257","0.0221603836953509",NA,"RUNARMS8B, RUNARMS1B, RUNARMS3C, RUNARMS3B, RUNARMS6B, RUNARMS4B, RUNARMS6C, RUNARMS5A, RUNARMS2C, P50ARMS1A, P50ARMS1B, P50ARMS1C, P50ARMS2A, P50ARMS2B, P50ARMS2C, P50ARMS3A, P50ARMS3B, P50ARMS3C"
"160","0.289519531934674","6.51997165181587","0.001","0.307650036124408","0.363674224252887","0.0258636668580875",NA,"RUNARMS4B, RUNARMS7C, RUNARMS5A, RUNARMS2A, RUNARMS1C, RUNARMS1A, RUNARMS2B, RUNARMS9A, RUNARMS5C, P50ARMS1A, P50ARMS1B, P50ARMS1C, P50ARMS2A, P50ARMS2B, P50ARMS2C, P50ARMS3A, P50ARMS3B, P50ARMS3C"
"161","0.277370292370362","6.14135376814639","0.001","0.31810476032479","0.363674236127973","0.0266482506632112",NA,"RUNARMS8C, RUNARMS9B, RUNARMS2A, RUNARMS1A, RUNARMS4B, RUNARMS2B, RUNARMS5A, RUNARMS7A, RUNARMS7C, P50ARMS1A, P50ARMS1B, P50ARMS1C, P50ARMS2A, P50ARMS2B, P50ARMS2C, P50ARMS3A, P50ARMS3B, P50ARMS3C"
"162","0.2871736403465","6.44585905574184","0.001","0.322325116800707","0.363674225743248","0.0502730387348684",NA,"RUNARMS6B, RUNARMS3B, RUNARMS6C, RUNARMS4C, RUNARMS8A, RUNARMS9A, RUNARMS8B, RUNARMS1A, RUNARMS9C, P50ARMS1A, P50ARMS1B, P50ARMS1C, P50ARMS2A, P50ARMS2B, P50ARMS2C, P50ARMS3A, P50ARMS3B, P50ARMS3C"
"163","0.279232705167123","6.19856549361037","0.001","0.300562023433926","0.363674223575157","0.0334014325601482",NA,"RUNARMS1A, RUNARMS7A, RUNARMS6C, RUNARMS4A, RUNARMS1C, RUNARMS6A, RUNARMS8B, RUNARMS2B, RUNARMS7C, P50ARMS1A, P50ARMS1B, P50ARMS1C, P50ARMS2A, P50ARMS2B, P50ARMS2C, P50ARMS3A, P50ARMS3B, P50ARMS3C"
"164","0.27096958225828","5.94695805637626","0.001","0.336176599587244","0.363674342092455","0.160868387695529",NA,"RUNARMS6B, RUNARMS9C, RUNARMS2C, RUNARMS4C, RUNARMS3B, RUNARMS1A, RUNARMS8A, RUNARMS7A, RUNARMS5A, P50ARMS1A, P50ARMS1B, P50ARMS1C, P50ARMS2A, P50ARMS2B, P50ARMS2C, P50ARMS3A, P50ARMS3B, P50ARMS3C"
"165","0.302517232449238","6.93963484744524","0.001","0.295328588538416","0.363674223583128","0.00663459827464541",NA,"RUNARMS1C, RUNARMS2A, RUNARMS5C, RUNARMS8A, RUNARMS4C, RUNARMS9C, RUNARMS5B, RUNARMS8B, RUNARMS3C, P50ARMS1A, P50ARMS1B, P50ARMS1C, P50ARMS2A, P50ARMS2B, P50ARMS2C, P50ARMS3A, P50ARMS3B, P50ARMS3C"
"166","0.268847718527231","5.8832661887767","0.002","0.322867009934013","0.363674223930837","0.0210504227936972",NA,"RUNARMS3B, RUNARMS4A, RUNARMS1A, RUNARMS7A, RUNARMS2C, RUNARMS1B, RUNARMS6C, RUNARMS5B, RUNARMS5A, P50ARMS1A, P50ARMS1B, P50ARMS1C, P50ARMS2A, P50ARMS2B, P50ARMS2C, P50ARMS3A, P50ARMS3B, P50ARMS3C"
"167","0.257026950769863","5.53510146374632","0.001","0.339482215067641","0.363674224257645","0.122334503487811",NA,"RUNARMS7B, RUNARMS3A, RUNARMS1C, RUNARMS1B, RUNARMS2B, RUNARMS9A, RUNARMS6B, RUNARMS7A, RUNARMS3B, P50ARMS1A, P50ARMS1B, P50ARMS1C, P50ARMS2A, P50ARMS2B, P50ARMS2C, P50ARMS3A, P50ARMS3B, P50ARMS3C"
"168","0.295964976291215","6.72614211110353","0.001","0.309061441657049","0.363674223569517","0.0246937843057946",NA,"RUNARMS5A, RUNARMS2A, RUNARMS4A, RUNARMS8C, RUNARMS6B, RUNARMS5C, RUNARMS1C, RUNARMS5B, RUNARMS3B, P50ARMS1A, P50ARMS1B, P50ARMS1C, P50ARMS2A, P50ARMS2B, P50ARMS2C, P50ARMS3A, P50ARMS3B, P50ARMS3C"
"169","0.29900201141862","6.82460186851526","0.001","0.306581992730586","0.363674224622979","0.0557031995515491",NA,"RUNARMS2A, RUNARMS6A, RUNARMS6B, RUNARMS8C, RUNARMS9A, RUNARMS1A, RUNARMS7C, RUNARMS8B, RUNARMS8A, P50ARMS1A, P50ARMS1B, P50ARMS1C, P50ARMS2A, P50ARMS2B, P50ARMS2C, P50ARMS3A, P50ARMS3B, P50ARMS3C"
"170","0.263793480665302","5.73303221283482","0.001","0.326690812926897","0.363674223642054","0.0975160406784571",NA,"RUNARMS9A, RUNARMS3C, RUNARMS6B, RUNARMS5B, RUNARMS1A, RUNARMS9C, RUNARMS7B, RUNARMS2B, RUNARMS3A, P50ARMS1A, P50ARMS1B, P50ARMS1C, P50ARMS2A, P50ARMS2B, P50ARMS2C, P50ARMS3A, P50ARMS3B, P50ARMS3C"
"171","0.271010914459431","5.9482024043412","0.001","0.323729561213865","0.363674223625631","0.0586299759339591",NA,"RUNARMS5A, RUNARMS2C, RUNARMS4C, RUNARMS2B, RUNARMS3B, RUNARMS8B, RUNARMS8A, RUNARMS1A, RUNARMS3C, P50ARMS1A, P50ARMS1B, P50ARMS1C, P50ARMS2A, P50ARMS2B, P50ARMS2C, P50ARMS3A, P50ARMS3B, P50ARMS3C"
"172","0.294784961030837","6.68811513632458","0.001","0.310389422267353","0.363674229122254","0.00785889385684452",NA,"RUNARMS4A, RUNARMS9C, RUNARMS5B, RUNARMS4C, RUNARMS1A, RUNARMS3B, RUNARMS8A, RUNARMS8C, RUNARMS5C, P50ARMS1A, P50ARMS1B, P50ARMS1C, P50ARMS2A, P50ARMS2B, P50ARMS2C, P50ARMS3A, P50ARMS3B, P50ARMS3C"
"173","0.27924311063091","6.19888597111504","0.001","0.319878404985909","0.363674224686128","0.0471111527077022",NA,"RUNARMS9B, RUNARMS3C, RUNARMS1A, RUNARMS3B, RUNARMS8A, RUNARMS4B, RUNARMS6C, RUNARMS6A, RUNARMS3A, P50ARMS1A, P50ARMS1B, P50ARMS1C, P50ARMS2A, P50ARMS2B, P50ARMS2C, P50ARMS3A, P50ARMS3B, P50ARMS3C"
"174","0.265887949685968","5.795037955249","0.001","0.31849692902269","0.36367422378109","0.0604512536292899",NA,"RUNARMS1B, RUNARMS7C, RUNARMS2B, RUNARMS1A, RUNARMS8A, RUNARMS8B, RUNARMS4B, RUNARMS4A, RUNARMS2C, P50ARMS1A, P50ARMS1B, P50ARMS1C, P50ARMS2A, P50ARMS2B, P50ARMS2C, P50ARMS3A, P50ARMS3B, P50ARMS3C"
"175","0.273989905207316","6.03826105829683","0.001","0.315549654363116","0.363674223574152","0.0129892493506168",NA,"RUNARMS9A, RUNARMS3C, RUNARMS3A, RUNARMS1A, RUNARMS9B, RUNARMS7B, RUNARMS1B, RUNARMS8C, RUNARMS4A, P50ARMS1A, P50ARMS1B, P50ARMS1C, P50ARMS2A, P50ARMS2B, P50ARMS2C, P50ARMS3A, P50ARMS3B, P50ARMS3C"
"176","0.270279008681405","5.9261884889569","0.001","0.324087351991408","0.363674227119384","0.090955220179073",NA,"RUNARMS7A, RUNARMS5B, RUNARMS1B, RUNARMS2A, RUNARMS3C, RUNARMS2C, RUNARMS3B, RUNARMS5C, RUNARMS6B, P50ARMS1A, P50ARMS1B, P50ARMS1C, P50ARMS2A, P50ARMS2B, P50ARMS2C, P50ARMS3A, P50ARMS3B, P50ARMS3C"
"177","0.275941024070876","6.09764747335469","0.001","0.318822666568305","0.363674223558153","0.0149833790631014",NA,"RUNARMS3C, RUNARMS1A, RUNARMS7C, RUNARMS4C, RUNARMS3B, RUNARMS2B, RUNARMS3A, RUNARMS5A, RUNARMS9A, P50ARMS1A, P50ARMS1B, P50ARMS1C, P50ARMS2A, P50ARMS2B, P50ARMS2C, P50ARMS3A, P50ARMS3B, P50ARMS3C"
"178","0.284629725860525","6.36603976765254","0.001","0.323299695797294","0.363674799684114","0.0247512819638451",NA,"RUNARMS2C, RUNARMS7C, RUNARMS2A, RUNARMS2B, RUNARMS5A, RUNARMS4C, RUNARMS1A, RUNARMS3A, RUNARMS9B, P50ARMS1A, P50ARMS1B, P50ARMS1C, P50ARMS2A, P50ARMS2B, P50ARMS2C, P50ARMS3A, P50ARMS3B, P50ARMS3C"
"179","0.27235963816088","5.98888467313688","0.001","0.322177333352458","0.363674234878773","0.0895772216514401",NA,"RUNARMS6A, RUNARMS7B, RUNARMS6C, RUNARMS2B, RUNARMS1B, RUNARMS6B, RUNARMS4A, RUNARMS4C, RUNARMS8A, P50ARMS1A, P50ARMS1B, P50ARMS1C, P50ARMS2A, P50ARMS2B, P50ARMS2C, P50ARMS3A, P50ARMS3B, P50ARMS3C"
"180","0.287765516098414","6.4645118449654","0.001","0.295872600081574","0.363674223579611","0.0219383507216255",NA,"RUNARMS7B, RUNARMS3C, RUNARMS8B, RUNARMS9C, RUNARMS2A, RUNARMS1C, RUNARMS5B, RUNARMS7C, RUNARMS6B, P50ARMS1A, P50ARMS1B, P50ARMS1C, P50ARMS2A, P50ARMS2B, P50ARMS2C, P50ARMS3A, P50ARMS3B, P50ARMS3C"
"181","0.270076455784621","5.92010399828789","0.001","0.334474598267906","0.363674223766529","0.207767015146029",NA,"RUNARMS6B, RUNARMS1C, RUNARMS6A, RUNARMS5B, RUNARMS7A, RUNARMS2B, RUNARMS8A, RUNARMS3A, RUNARMS9A, P50ARMS1A, P50ARMS1B, P50ARMS1C, P50ARMS2A, P50ARMS2B, P50ARMS2C, P50ARMS3A, P50ARMS3B, P50ARMS3C"
"182","0.30625003890809","7.06306435652582","0.001","0.297091043406783","0.363674226047617","0.000697236212871413",NA,"RUNARMS3B, RUNARMS1C, RUNARMS6C, RUNARMS7A, RUNARMS4B, RUNARMS4C, RUNARMS9C, RUNARMS9B, RUNARMS6A, P50ARMS1A, P50ARMS1B, P50ARMS1C, P50ARMS2A, P50ARMS2B, P50ARMS2C, P50ARMS3A, P50ARMS3B, P50ARMS3C"
"183","0.289156166869082","6.50846002212309","0.001","0.311110827552737","0.363674223637124","0.00508267617660509",NA,"RUNARMS4C, RUNARMS9C, RUNARMS6B, RUNARMS9A, RUNARMS1B, RUNARMS5A, RUNARMS6C, RUNARMS8B, RUNARMS3B, P50ARMS1A, P50ARMS1B, P50ARMS1C, P50ARMS2A, P50ARMS2B, P50ARMS2C, P50ARMS3A, P50ARMS3B, P50ARMS3C"
"184","0.267318156046679","5.83758220849177","0.001","0.328222649999411","0.363674224417425","0.0337725101495054",NA,"RUNARMS3A, RUNARMS9A, RUNARMS1B, RUNARMS1A, RUNARMS4B, RUNARMS4A, RUNARMS2C, RUNARMS5A, RUNARMS2B, P50ARMS1A, P50ARMS1B, P50ARMS1C, P50ARMS2A, P50ARMS2B, P50ARMS2C, P50ARMS3A, P50ARMS3B, P50ARMS3C"
"185","0.297482635693275","6.7752377562788","0.001","0.301196517432981","0.363674223557253","0.000914663898340887",NA,"RUNARMS1C, RUNARMS6C, RUNARMS3B, RUNARMS4C, RUNARMS5B, RUNARMS9B, RUNARMS3C, RUNARMS1A, RUNARMS9A, P50ARMS1A, P50ARMS1B, P50ARMS1C, P50ARMS2A, P50ARMS2B, P50ARMS2C, P50ARMS3A, P50ARMS3B, P50ARMS3C"
"186","0.293410684266225","6.64398801924198","0.002","0.320046703865377","0.363674224638611","0.0201367360417796",NA,"RUNARMS2A, RUNARMS7B, RUNARMS5A, RUNARMS4A, RUNARMS3C, RUNARMS1C, RUNARMS3B, RUNARMS9B, RUNARMS8A, P50ARMS1A, P50ARMS1B, P50ARMS1C, P50ARMS2A, P50ARMS2B, P50ARMS2C, P50ARMS3A, P50ARMS3B, P50ARMS3C"
"187","0.271989280890567","5.97769837726101","0.001","0.321965057548844","0.363674224404923","0.0769726024730647",NA,"RUNARMS8B, RUNARMS5B, RUNARMS2A, RUNARMS5A, RUNARMS8A, RUNARMS1A, RUNARMS7A, RUNARMS1B, RUNARMS9C, P50ARMS1A, P50ARMS1B, P50ARMS1C, P50ARMS2A, P50ARMS2B, P50ARMS2C, P50ARMS3A, P50ARMS3B, P50ARMS3C"
"188","0.277141807402262","6.13435520803984","0.001","0.310799630783647","0.364110611295649","0.0215616417467913",NA,"RUNARMS7C, RUNARMS6C, RUNARMS1B, RUNARMS8C, RUNARMS9B, RUNARMS5A, RUNARMS6B, RUNARMS5C, RUNARMS3A, P50ARMS1A, P50ARMS1B, P50ARMS1C, P50ARMS2A, P50ARMS2B, P50ARMS2C, P50ARMS3A, P50ARMS3B, P50ARMS3C"
"189","0.258390824498237","5.57470609661027","0.001","0.315987611892793","0.363674223772195","0.0213526624599745",NA,"RUNARMS7A, RUNARMS3C, RUNARMS9C, RUNARMS5A, RUNARMS2B, RUNARMS6B, RUNARMS4B, RUNARMS8C, RUNARMS1B, P50ARMS1A, P50ARMS1B, P50ARMS1C, P50ARMS2A, P50ARMS2B, P50ARMS2C, P50ARMS3A, P50ARMS3B, P50ARMS3C"
"190","0.294800762249167","6.6886235030975","0.001","0.297848137968148","0.36367422377062","0.00862006120187558",NA,"RUNARMS1B, RUNARMS7C, RUNARMS3B, RUNARMS8B, RUNARMS5C, RUNARMS4A, RUNARMS9A, RUNARMS3C, RUNARMS2C, P50ARMS1A, P50ARMS1B, P50ARMS1C, P50ARMS2A, P50ARMS2B, P50ARMS2C, P50ARMS3A, P50ARMS3B, P50ARMS3C"
"191","0.301045840799765","6.891343859099","0.001","0.290154209618168","0.363674223573325","0.00426436179984404",NA,"RUNARMS4C, RUNARMS6A, RUNARMS7B, RUNARMS1C, RUNARMS2C, RUNARMS5C, RUNARMS3A, RUNARMS8B, RUNARMS8C, P50ARMS1A, P50ARMS1B, P50ARMS1C, P50ARMS2A, P50ARMS2B, P50ARMS2C, P50ARMS3A, P50ARMS3B, P50ARMS3C"
"192","0.266912968692139","5.82551227438204","0.002","0.334298422726847","0.36367422387066","0.134262594779871",NA,"RUNARMS7C, RUNARMS1A, RUNARMS9C, RUNARMS2A, RUNARMS5A, RUNARMS2C, RUNARMS6B, RUNARMS2B, RUNARMS7A, P50ARMS1A, P50ARMS1B, P50ARMS1C, P50ARMS2A, P50ARMS2B, P50ARMS2C, P50ARMS3A, P50ARMS3B, P50ARMS3C"
"193","0.280726353447282","6.24466317747581","0.001","0.303415664920483","0.363674223623805","0.00702779388192522",NA,"RUNARMS8C, RUNARMS5C, RUNARMS8B, RUNARMS4A, RUNARMS4B, RUNARMS1A, RUNARMS3A, RUNARMS9B, RUNARMS1B, P50ARMS1A, P50ARMS1B, P50ARMS1C, P50ARMS2A, P50ARMS2B, P50ARMS2C, P50ARMS3A, P50ARMS3B, P50ARMS3C"
"194","0.296272653239607","6.73607821787226","0.001","0.293513622702177","0.363674223597053","0.0108224228380833",NA,"RUNARMS6A, RUNARMS4B, RUNARMS7C, RUNARMS1B, RUNARMS8A, RUNARMS5C, RUNARMS8B, RUNARMS6C, RUNARMS3B, P50ARMS1A, P50ARMS1B, P50ARMS1C, P50ARMS2A, P50ARMS2B, P50ARMS2C, P50ARMS3A, P50ARMS3B, P50ARMS3C"
"195","0.310941268531905","7.22008164080688","0.001","0.273441155513541","0.363674223557253","0.00333721507750209",NA,"RUNARMS6A, RUNARMS1C, RUNARMS4B, RUNARMS9C, RUNARMS8B, RUNARMS7C, RUNARMS3A, RUNARMS7B, RUNARMS5C, P50ARMS1A, P50ARMS1B, P50ARMS1C, P50ARMS2A, P50ARMS2B, P50ARMS2C, P50ARMS3A, P50ARMS3B, P50ARMS3C"
"196","0.285340125031052","6.38827246414975","0.001","0.326623195165411","0.363674224057868","0.0594121779369356",NA,"RUNARMS4A, RUNARMS6A, RUNARMS7C, RUNARMS1C, RUNARMS2C, RUNARMS3A, RUNARMS8A, RUNARMS5A, RUNARMS2A, P50ARMS1A, P50ARMS1B, P50ARMS1C, P50ARMS2A, P50ARMS2B, P50ARMS2C, P50ARMS3A, P50ARMS3B, P50ARMS3C"
"197","0.273504131384137","6.02352510343051","0.001","0.319150510505377","0.363674224838468","0.0379808193369699",NA,"RUNARMS7C, RUNARMS1A, RUNARMS9C, RUNARMS3C, RUNARMS8C, RUNARMS6B, RUNARMS3B, RUNARMS4C, RUNARMS2A, P50ARMS1A, P50ARMS1B, P50ARMS1C, P50ARMS2A, P50ARMS2B, P50ARMS2C, P50ARMS3A, P50ARMS3B, P50ARMS3C"
"198","0.277901202213608","6.15763279075982","0.001","0.307028634642842","0.363674223557253","0.0302076367967023",NA,"RUNARMS7A, RUNARMS5B, RUNARMS1B, RUNARMS1C, RUNARMS4A, RUNARMS2B, RUNARMS6A, RUNARMS5C, RUNARMS6B, P50ARMS1A, P50ARMS1B, P50ARMS1C, P50ARMS2A, P50ARMS2B, P50ARMS2C, P50ARMS3A, P50ARMS3B, P50ARMS3C"
"199","0.265422907949542","5.7812400810628","0.001","0.330804876202539","0.363674223582216","0.0619944828784936",NA,"RUNARMS1A, RUNARMS7B, RUNARMS9C, RUNARMS5B, RUNARMS6B, RUNARMS1B, RUNARMS4A, RUNARMS8A, RUNARMS2C, P50ARMS1A, P50ARMS1B, P50ARMS1C, P50ARMS2A, P50ARMS2B, P50ARMS2C, P50ARMS3A, P50ARMS3B, P50ARMS3C"
"200","0.254859549063622","5.47246197665642","0.001","0.331976340088434","0.36367422359246","0.0843183401609365",NA,"RUNARMS7B, RUNARMS1C, RUNARMS3A, RUNARMS8A, RUNARMS6C, RUNARMS1A, RUNARMS5A, RUNARMS1B, RUNARMS4A, P50ARMS1A, P50ARMS1B, P50ARMS1C, P50ARMS2A, P50ARMS2B, P50ARMS2C, P50ARMS3A, P50ARMS3B, P50ARMS3C"
"201","0.288455970804195","6.48631053525019","0.001","0.303450746608698","0.363674223803821","0.0246280414814425",NA,"RUNARMS9B, RUNARMS4B, RUNARMS7B, RUNARMS8C, RUNARMS7C, RUNARMS7A, RUNARMS4A, RUNARMS1B, RUNARMS2A, P50ARMS1A, P50ARMS1B, P50ARMS1C, P50ARMS2A, P50ARMS2B, P50ARMS2C, P50ARMS3A, P50ARMS3B, P50ARMS3C"
"202","0.290638400483219","6.55549216492583","0.001","0.291773388870088","0.363674223716683","0.00828880898194896",NA,"RUNARMS6A, RUNARMS5B, RUNARMS8B, RUNARMS2B, RUNARMS4B, RUNARMS6C, RUNARMS5A, RUNARMS1A, RUNARMS5C, P50ARMS1A, P50ARMS1B, P50ARMS1C, P50ARMS2A, P50ARMS2B, P50ARMS2C, P50ARMS3A, P50ARMS3B, P50ARMS3C"
"203","0.273145119241754","6.01264712332811","0.001","0.320736915486126","0.363674224522576","0.0790179405940767",NA,"RUNARMS9A, RUNARMS7C, RUNARMS1A, RUNARMS8C, RUNARMS6B, RUNARMS9C, RUNARMS5A, RUNARMS7A, RUNARMS3A, P50ARMS1A, P50ARMS1B, P50ARMS1C, P50ARMS2A, P50ARMS2B, P50ARMS2C, P50ARMS3A, P50ARMS3B, P50ARMS3C"
"204","0.291550063309535","6.58451750979646","0.001","0.299688647449317","0.363674223560704","0.0368091675153604",NA,"RUNARMS8A, RUNARMS8B, RUNARMS6C, RUNARMS1C, RUNARMS2C, RUNARMS6B, RUNARMS7B, RUNARMS4C, RUNARMS7C, P50ARMS1A, P50ARMS1B, P50ARMS1C, P50ARMS2A, P50ARMS2B, P50ARMS2C, P50ARMS3A, P50ARMS3B, P50ARMS3C"
"205","0.272930452290748","6.00614789934546","0.001","0.334282002418679","0.370001587585424","0.0575736492729491",NA,"RUNARMS7B, RUNARMS6B, RUNARMS3A, RUNARMS9A, RUNARMS1B, RUNARMS2B, RUNARMS6C, RUNARMS9B, RUNARMS4C, P50ARMS1A, P50ARMS1B, P50ARMS1C, P50ARMS2A, P50ARMS2B, P50ARMS2C, P50ARMS3A, P50ARMS3B, P50ARMS3C"
"206","0.273339897308623","6.01854751725022","0.001","0.323552284462988","0.363674223851245","0.0733333626045793",NA,"RUNARMS3B, RUNARMS8A, RUNARMS7C, RUNARMS4A, RUNARMS4C, RUNARMS2C, RUNARMS4B, RUNARMS1B, RUNARMS2B, P50ARMS1A, P50ARMS1B, P50ARMS1C, P50ARMS2A, P50ARMS2B, P50ARMS2C, P50ARMS3A, P50ARMS3B, P50ARMS3C"
"207","0.294407133069771","6.67596619791528","0.001","0.30273158668022","0.363674223567493","0.00280333227216259",NA,"RUNARMS4A, RUNARMS1C, RUNARMS7C, RUNARMS2C, RUNARMS9A, RUNARMS4B, RUNARMS9B, RUNARMS5A, RUNARMS3C, P50ARMS1A, P50ARMS1B, P50ARMS1C, P50ARMS2A, P50ARMS2B, P50ARMS2C, P50ARMS3A, P50ARMS3B, P50ARMS3C"
"208","0.287688041484042","6.462068492202","0.001","0.296785325492762","0.363674223745058","0.00273306969390622",NA,"RUNARMS1B, RUNARMS1C, RUNARMS4B, RUNARMS9C, RUNARMS2B, RUNARMS5C, RUNARMS8B, RUNARMS3B, RUNARMS5B, P50ARMS1A, P50ARMS1B, P50ARMS1C, P50ARMS2A, P50ARMS2B, P50ARMS2C, P50ARMS3A, P50ARMS3B, P50ARMS3C"
"209","0.277578869411125","6.14774640791273","0.001","0.317682212516984","0.363674224431204","0.0257650300614655",NA,"RUNARMS4C, RUNARMS2A, RUNARMS8A, RUNARMS1A, RUNARMS5B, RUNARMS3C, RUNARMS9C, RUNARMS1C, RUNARMS5A, P50ARMS1A, P50ARMS1B, P50ARMS1C, P50ARMS2A, P50ARMS2B, P50ARMS2C, P50ARMS3A, P50ARMS3B, P50ARMS3C"
"210","0.274527332437213","6.05458691331781","0.001","0.325850503669111","0.363674224618826","0.116597759226252",NA,"RUNARMS4B, RUNARMS3B, RUNARMS9B, RUNARMS1B, RUNARMS4C, RUNARMS6B, RUNARMS7B, RUNARMS8A, RUNARMS3A, P50ARMS1A, P50ARMS1B, P50ARMS1C, P50ARMS2A, P50ARMS2B, P50ARMS2C, P50ARMS3A, P50ARMS3B, P50ARMS3C"
"211","0.282257316779387","6.2921116077502","0.001","0.308818305622377","0.363674224430153","0.0526101929530591",NA,"RUNARMS1A, RUNARMS7C, RUNARMS9C, RUNARMS4C, RUNARMS6B, RUNARMS8B, RUNARMS3A, RUNARMS3B, RUNARMS6A, P50ARMS1A, P50ARMS1B, P50ARMS1C, P50ARMS2A, P50ARMS2B, P50ARMS2C, P50ARMS3A, P50ARMS3B, P50ARMS3C"
"212","0.287243721227333","6.44806601711213","0.002","0.290643169330158","0.36367422357234","0.00136599502167012",NA,"RUNARMS8A, RUNARMS5C, RUNARMS4B, RUNARMS1C, RUNARMS3C, RUNARMS1B, RUNARMS9C, RUNARMS8B, RUNARMS8C, P50ARMS1A, P50ARMS1B, P50ARMS1C, P50ARMS2A, P50ARMS2B, P50ARMS2C, P50ARMS3A, P50ARMS3B, P50ARMS3C"
"213","0.276659910164314","6.11960905365355","0.001","0.313665361879212","0.363674223557572","0.0281138624380843",NA,"RUNARMS5B, RUNARMS6B, RUNARMS7C, RUNARMS1C, RUNARMS1A, RUNARMS2B, RUNARMS5C, RUNARMS9B, RUNARMS3A, P50ARMS1A, P50ARMS1B, P50ARMS1C, P50ARMS2A, P50ARMS2B, P50ARMS2C, P50ARMS3A, P50ARMS3B, P50ARMS3C"
"214","0.275870479792344","6.09549473333409","0.001","0.317045198027165","0.36367422574226","0.0584321788742089",NA,"RUNARMS6A, RUNARMS5B, RUNARMS3C, RUNARMS8A, RUNARMS1B, RUNARMS9A, RUNARMS2C, RUNARMS3A, RUNARMS7C, P50ARMS1A, P50ARMS1B, P50ARMS1C, P50ARMS2A, P50ARMS2B, P50ARMS2C, P50ARMS3A, P50ARMS3B, P50ARMS3C"
"215","0.268096468206131","5.86080447075392","0.001","0.331204463119936","0.363674227896085","0.0841905106759038",NA,"RUNARMS1A, RUNARMS6B, RUNARMS4B, RUNARMS4A, RUNARMS2B, RUNARMS7A, RUNARMS1C, RUNARMS3B, RUNARMS9A, P50ARMS1A, P50ARMS1B, P50ARMS1C, P50ARMS2A, P50ARMS2B, P50ARMS2C, P50ARMS3A, P50ARMS3B, P50ARMS3C"
"216","0.280246360936147","6.22982855746363","0.001","0.3324495394356","0.363674223573298","0.16589220551316",NA,"RUNARMS2A, RUNARMS6B, RUNARMS1A, RUNARMS4C, RUNARMS9C, RUNARMS4A, RUNARMS8A, RUNARMS3A, RUNARMS6A, P50ARMS1A, P50ARMS1B, P50ARMS1C, P50ARMS2A, P50ARMS2B, P50ARMS2C, P50ARMS3A, P50ARMS3B, P50ARMS3C"
"217","0.258007481132131","5.56355973024198","0.001","0.334523508542863","0.363674223572168","0.150051646551162",NA,"RUNARMS7B, RUNARMS1B, RUNARMS1C, RUNARMS6B, RUNARMS3C, RUNARMS8A, RUNARMS2A, RUNARMS6C, RUNARMS2C, P50ARMS1A, P50ARMS1B, P50ARMS1C, P50ARMS2A, P50ARMS2B, P50ARMS2C, P50ARMS3A, P50ARMS3B, P50ARMS3C"
"218","0.306250070301267","7.06306540016249","0.001","0.307061770392979","0.363674224010244","0.0265456406513499",NA,"RUNARMS3B, RUNARMS6A, RUNARMS2A, RUNARMS9B, RUNARMS8C, RUNARMS8A, RUNARMS1C, RUNARMS5A, RUNARMS8B, P50ARMS1A, P50ARMS1B, P50ARMS1C, P50ARMS2A, P50ARMS2B, P50ARMS2C, P50ARMS3A, P50ARMS3B, P50ARMS3C"
"219","0.263901342111096","5.73621678089624","0.001","0.324364893066678","0.363674223557254","0.030478539184011",NA,"RUNARMS4A, RUNARMS9B, RUNARMS4C, RUNARMS7A, RUNARMS1B, RUNARMS2B, RUNARMS3A, RUNARMS1C, RUNARMS1A, P50ARMS1A, P50ARMS1B, P50ARMS1C, P50ARMS2A, P50ARMS2B, P50ARMS2C, P50ARMS3A, P50ARMS3B, P50ARMS3C"
"220","0.279643312159253","6.21121878934677","0.001","0.308879925348303","0.363674223594367","0.0167306660530378",NA,"RUNARMS6C, RUNARMS2C, RUNARMS7B, RUNARMS2B, RUNARMS4B, RUNARMS7A, RUNARMS1C, RUNARMS5A, RUNARMS4C, P50ARMS1A, P50ARMS1B, P50ARMS1C, P50ARMS2A, P50ARMS2B, P50ARMS2C, P50ARMS3A, P50ARMS3B, P50ARMS3C"
"221","0.265814727401394","5.79286427711759","0.001","0.32775445562585","0.363674223557253","0.0339970262808767",NA,"RUNARMS5A, RUNARMS1B, RUNARMS2B, RUNARMS9C, RUNARMS5B, RUNARMS9B, RUNARMS2C, RUNARMS6B, RUNARMS1A, P50ARMS1A, P50ARMS1B, P50ARMS1C, P50ARMS2A, P50ARMS2B, P50ARMS2C, P50ARMS3A, P50ARMS3B, P50ARMS3C"
"222","0.280366508607115","6.23353997745607","0.001","0.332318213199396","0.363674223947692","0.132408545026607",NA,"RUNARMS7A, RUNARMS8A, RUNARMS1A, RUNARMS4B, RUNARMS3B, RUNARMS3A, RUNARMS4A, RUNARMS6A, RUNARMS2A, P50ARMS1A, P50ARMS1B, P50ARMS1C, P50ARMS2A, P50ARMS2B, P50ARMS2C, P50ARMS3A, P50ARMS3B, P50ARMS3C"
"223","0.303017581276906","6.95610272252317","0.001","0.29694193216799","0.36367422392683","0.0080519426312509",NA,"RUNARMS7B, RUNARMS6C, RUNARMS9B, RUNARMS9A, RUNARMS8B, RUNARMS8A, RUNARMS4C, RUNARMS1A, RUNARMS3C, P50ARMS1A, P50ARMS1B, P50ARMS1C, P50ARMS2A, P50ARMS2B, P50ARMS2C, P50ARMS3A, P50ARMS3B, P50ARMS3C"
"224","0.300847486152786","6.8848494185583","0.001","0.316700986358882","0.380134609332411","0.0107040372277063",NA,"RUNARMS6A, RUNARMS2B, RUNARMS5C, RUNARMS7B, RUNARMS2C, RUNARMS3B, RUNARMS8B, RUNARMS1C, RUNARMS4C, P50ARMS1A, P50ARMS1B, P50ARMS1C, P50ARMS2A, P50ARMS2B, P50ARMS2C, P50ARMS3A, P50ARMS3B, P50ARMS3C"
"225","0.277960764523837","6.15946061358906","0.001","0.308078623468693","0.363674223716261","0.0352560460191807",NA,"RUNARMS3A, RUNARMS1C, RUNARMS3C, RUNARMS8A, RUNARMS6B, RUNARMS9C, RUNARMS4C, RUNARMS4B, RUNARMS8B, P50ARMS1A, P50ARMS1B, P50ARMS1C, P50ARMS2A, P50ARMS2B, P50ARMS2C, P50ARMS3A, P50ARMS3B, P50ARMS3C"
"226","0.282117220357418","6.28776125256277","0.001","0.319431646828309","0.363674223898819","0.0882616429210209",NA,"RUNARMS1A, RUNARMS8B, RUNARMS9C, RUNARMS8A, RUNARMS2A, RUNARMS3A, RUNARMS7B, RUNARMS1C, RUNARMS6A, P50ARMS1A, P50ARMS1B, P50ARMS1C, P50ARMS2A, P50ARMS2B, P50ARMS2C, P50ARMS3A, P50ARMS3B, P50ARMS3C"
"227","0.268702204876099","5.87891185599593","0.001","0.303143135880671","0.363674223705964","0.013750295141575",NA,"RUNARMS8B, RUNARMS7A, RUNARMS4B, RUNARMS1C, RUNARMS3C, RUNARMS2A, RUNARMS1B, RUNARMS6C, RUNARMS1A, P50ARMS1A, P50ARMS1B, P50ARMS1C, P50ARMS2A, P50ARMS2B, P50ARMS2C, P50ARMS3A, P50ARMS3B, P50ARMS3C"
"228","0.271107406388663","5.95110794133213","0.001","0.327098415096771","0.363674225015498","0.0870079518764195",NA,"RUNARMS2A, RUNARMS4A, RUNARMS3C, RUNARMS1A, RUNARMS3B, RUNARMS5A, RUNARMS6B, RUNARMS8B, RUNARMS3A, P50ARMS1A, P50ARMS1B, P50ARMS1C, P50ARMS2A, P50ARMS2B, P50ARMS2C, P50ARMS3A, P50ARMS3B, P50ARMS3C"
"229","0.266868092687887","5.82417630499936","0.001","0.327391709301478","0.363674223557368","0.0575996674017292",NA,"RUNARMS3A, RUNARMS6B, RUNARMS2C, RUNARMS1A, RUNARMS1B, RUNARMS2B, RUNARMS4B, RUNARMS5C, RUNARMS9A, P50ARMS1A, P50ARMS1B, P50ARMS1C, P50ARMS2A, P50ARMS2B, P50ARMS2C, P50ARMS3A, P50ARMS3B, P50ARMS3C"
"230","0.287230420485463","6.44764712166517","0.001","0.305226133029194","0.363674223570258","0.0191470463967911",NA,"RUNARMS8B, RUNARMS1A, RUNARMS2A, RUNARMS3A, RUNARMS5A, RUNARMS4A, RUNARMS3C, RUNARMS4C, RUNARMS5C, P50ARMS1A, P50ARMS1B, P50ARMS1C, P50ARMS2A, P50ARMS2B, P50ARMS2C, P50ARMS3A, P50ARMS3B, P50ARMS3C"
"231","0.288009878406373","6.47222189570223","0.001","0.307400050476323","0.36367422374213","0.0262427986506886",NA,"RUNARMS3B, RUNARMS4C, RUNARMS6C, RUNARMS1B, RUNARMS8B, RUNARMS8A, RUNARMS7B, RUNARMS6B, RUNARMS5C, P50ARMS1A, P50ARMS1B, P50ARMS1C, P50ARMS2A, P50ARMS2B, P50ARMS2C, P50ARMS3A, P50ARMS3B, P50ARMS3C"
"232","0.282020973788571","6.28477353221228","0.001","0.304455619790119","0.363674265602442","0.0204846605511989",NA,"RUNARMS8C, RUNARMS2B, RUNARMS1C, RUNARMS6A, RUNARMS8B, RUNARMS4A, RUNARMS7B, RUNARMS9A, RUNARMS1B, P50ARMS1A, P50ARMS1B, P50ARMS1C, P50ARMS2A, P50ARMS2B, P50ARMS2C, P50ARMS3A, P50ARMS3B, P50ARMS3C"
"233","0.265759696122261","5.7912309028792","0.001","0.297960837046428","0.363674223825923","0.00688292193789428",NA,"RUNARMS7C, RUNARMS9C, RUNARMS8B, RUNARMS1B, RUNARMS1A, RUNARMS4B, RUNARMS3C, RUNARMS5B, RUNARMS2B, P50ARMS1A, P50ARMS1B, P50ARMS1C, P50ARMS2A, P50ARMS2B, P50ARMS2C, P50ARMS3A, P50ARMS3B, P50ARMS3C"
"234","0.277879444431459","6.15696517239128","0.001","0.31573057591286","0.363674223978357","0.0215166829698448",NA,"RUNARMS8A, RUNARMS5A, RUNARMS9C, RUNARMS3A, RUNARMS7B, RUNARMS4C, RUNARMS8C, RUNARMS1A, RUNARMS4B, P50ARMS1A, P50ARMS1B, P50ARMS1C, P50ARMS2A, P50ARMS2B, P50ARMS2C, P50ARMS3A, P50ARMS3B, P50ARMS3C"
"235","0.287660368127084","6.46119587356395","0.001","0.30459619750523","0.363674224251213","0.00166631509777287",NA,"RUNARMS1B, RUNARMS8C, RUNARMS9B, RUNARMS3C, RUNARMS4A, RUNARMS8A, RUNARMS9C, RUNARMS7B, RUNARMS4B, P50ARMS1A, P50ARMS1B, P50ARMS1C, P50ARMS2A, P50ARMS2B, P50ARMS2C, P50ARMS3A, P50ARMS3B, P50ARMS3C"
"236","0.260393461614504","5.63312405935021","0.001","0.323320109459202","0.363674223714585","0.072927426874121",NA,"RUNARMS5A, RUNARMS1C, RUNARMS9C, RUNARMS1A, RUNARMS8A, RUNARMS7A, RUNARMS4B, RUNARMS3A, RUNARMS3C, P50ARMS1A, P50ARMS1B, P50ARMS1C, P50ARMS2A, P50ARMS2B, P50ARMS2C, P50ARMS3A, P50ARMS3B, P50ARMS3C"
"237","0.273144342151199","6.01262358932933","0.001","0.314189844739588","0.363674223657837","0.0521211591687022",NA,"RUNARMS2C, RUNARMS3B, RUNARMS7C, RUNARMS6B, RUNARMS7B, RUNARMS3C, RUNARMS1C, RUNARMS4C, RUNARMS3A, P50ARMS1A, P50ARMS1B, P50ARMS1C, P50ARMS2A, P50ARMS2B, P50ARMS2C, P50ARMS3A, P50ARMS3B, P50ARMS3C"
"238","0.298194170953237","6.79832873678495","0.001","0.306005156712057","0.36367422389139","0.0141137659432026",NA,"RUNARMS6A, RUNARMS4C, RUNARMS1B, RUNARMS9B, RUNARMS7A, RUNARMS4B, RUNARMS3B, RUNARMS6B, RUNARMS9A, P50ARMS1A, P50ARMS1B, P50ARMS1C, P50ARMS2A, P50ARMS2B, P50ARMS2C, P50ARMS3A, P50ARMS3B, P50ARMS3C"
"239","0.270309342148327","5.92709996741163","0.001","0.325483731369923","0.363674226814938","0.101274773997301",NA,"RUNARMS2B, RUNARMS1A, RUNARMS2A, RUNARMS7A, RUNARMS5A, RUNARMS3C, RUNARMS6B, RUNARMS2C, RUNARMS5C, P50ARMS1A, P50ARMS1B, P50ARMS1C, P50ARMS2A, P50ARMS2B, P50ARMS2C, P50ARMS3A, P50ARMS3B, P50ARMS3C"
"240","0.28573011946756","6.40049655751001","0.001","0.314993176425919","0.363674223694618","0.0627302500555501",NA,"RUNARMS6B, RUNARMS7B, RUNARMS9C, RUNARMS7C, RUNARMS2A, RUNARMS6A, RUNARMS6C, RUNARMS8A, RUNARMS1B, P50ARMS1A, P50ARMS1B, P50ARMS1C, P50ARMS2A, P50ARMS2B, P50ARMS2C, P50ARMS3A, P50ARMS3B, P50ARMS3C"
"241","0.295284150842433","6.70418640240141","0.001","0.304429092681302","0.363674223638084","0.039829388548519",NA,"RUNARMS2A, RUNARMS7C, RUNARMS6B, RUNARMS5C, RUNARMS1A, RUNARMS3B, RUNARMS7B, RUNARMS4C, RUNARMS5A, P50ARMS1A, P50ARMS1B, P50ARMS1C, P50ARMS2A, P50ARMS2B, P50ARMS2C, P50ARMS3A, P50ARMS3B, P50ARMS3C"
"242","0.286001039923638","6.40899622359225","0.001","0.306530200305274","0.363674223695314","0.00842205910359711",NA,"RUNARMS1C, RUNARMS5A, RUNARMS6A, RUNARMS3B, RUNARMS4C, RUNARMS1A, RUNARMS3C, RUNARMS8C, RUNARMS2A, P50ARMS1A, P50ARMS1B, P50ARMS1C, P50ARMS2A, P50ARMS2B, P50ARMS2C, P50ARMS3A, P50ARMS3B, P50ARMS3C"
"243","0.284948130621121","6.37599912003334","0.001","0.332614707060344","0.363674234994761","0.102333548002528",NA,"RUNARMS5A, RUNARMS6B, RUNARMS4A, RUNARMS8A, RUNARMS1A, RUNARMS3B, RUNARMS2C, RUNARMS9B, RUNARMS9C, P50ARMS1A, P50ARMS1B, P50ARMS1C, P50ARMS2A, P50ARMS2B, P50ARMS2C, P50ARMS3A, P50ARMS3B, P50ARMS3C"
"244","0.277471513688298","6.14445562094769","0.002","0.32217381526319","0.36367422357618","0.0268738910813444",NA,"RUNARMS8C, RUNARMS1C, RUNARMS2A, RUNARMS6C, RUNARMS4C, RUNARMS7B, RUNARMS5A, RUNARMS3A, RUNARMS2C, P50ARMS1A, P50ARMS1B, P50ARMS1C, P50ARMS2A, P50ARMS2B, P50ARMS2C, P50ARMS3A, P50ARMS3B, P50ARMS3C"
"245","0.306639190455967","7.07600859431601","0.001","0.299417603894245","0.370405470437501","0.00247697092886178",NA,"RUNARMS4C, RUNARMS1C, RUNARMS5C, RUNARMS9B, RUNARMS2C, RUNARMS6A, RUNARMS8C, RUNARMS2B, RUNARMS8B, P50ARMS1A, P50ARMS1B, P50ARMS1C, P50ARMS2A, P50ARMS2B, P50ARMS2C, P50ARMS3A, P50ARMS3B, P50ARMS3C"
"246","0.278169936888724","6.16588199587561","0.001","0.320634797204005","0.363674224038587","0.0621053905212963",NA,"RUNARMS3C, RUNARMS1A, RUNARMS7B, RUNARMS9C, RUNARMS3B, RUNARMS6B, RUNARMS5C, RUNARMS9A, RUNARMS3A, P50ARMS1A, P50ARMS1B, P50ARMS1C, P50ARMS2A, P50ARMS2B, P50ARMS2C, P50ARMS3A, P50ARMS3B, P50ARMS3C"
"247","0.283514168136488","6.33121617825367","0.001","0.286989257019329","0.36367422412017","0.0107734972939529",NA,"RUNARMS2B, RUNARMS5B, RUNARMS7C, RUNARMS9B, RUNARMS8B, RUNARMS8C, RUNARMS7B, RUNARMS1B, RUNARMS3C, P50ARMS1A, P50ARMS1B, P50ARMS1C, P50ARMS2A, P50ARMS2B, P50ARMS2C, P50ARMS3A, P50ARMS3B, P50ARMS3C"
"248","0.306485565332565","7.07089686990088","0.001","0.285916012003434","0.363674223963176","0.00349221455947399",NA,"RUNARMS1C, RUNARMS7C, RUNARMS4C, RUNARMS7B, RUNARMS6B, RUNARMS5B, RUNARMS5A, RUNARMS5C, RUNARMS3B, P50ARMS1A, P50ARMS1B, P50ARMS1C, P50ARMS2A, P50ARMS2B, P50ARMS2C, P50ARMS3A, P50ARMS3B, P50ARMS3C"
"249","0.292894826594415","6.62746844707729","0.001","0.297197376522367","0.363674223803355","0.00228368004135266",NA,"RUNARMS4C, RUNARMS4A, RUNARMS8C, RUNARMS2C, RUNARMS3C, RUNARMS5B, RUNARMS9A, RUNARMS1C, RUNARMS8B, P50ARMS1A, P50ARMS1B, P50ARMS1C, P50ARMS2A, P50ARMS2B, P50ARMS2C, P50ARMS3A, P50ARMS3B, P50ARMS3C"
"250","0.282927281609375","6.31293924542253","0.001","0.315726538561299","0.363674223557642","0.0711119914338012",NA,"RUNARMS5B, RUNARMS9C, RUNARMS7B, RUNARMS9A, RUNARMS8B, RUNARMS1A, RUNARMS2B, RUNARMS6B, RUNARMS3B, P50ARMS1A, P50ARMS1B, P50ARMS1C, P50ARMS2A, P50ARMS2B, P50ARMS2C, P50ARMS3A, P50ARMS3B, P50ARMS3C"
"251","0.277455821327718","6.14397468318263","0.001","0.2982940735061","0.36367422392239","0.0211068446617513",NA,"RUNARMS4C, RUNARMS4B, RUNARMS7C, RUNARMS6B, RUNARMS3A, RUNARMS7B, RUNARMS2B, RUNARMS3C, RUNARMS1C, P50ARMS1A, P50ARMS1B, P50ARMS1C, P50ARMS2A, P50ARMS2B, P50ARMS2C, P50ARMS3A, P50ARMS3B, P50ARMS3C"
"252","0.283964710237432","6.34526737544663","0.001","0.308170455392982","0.363674223722306","0.0216569912020346",NA,"RUNARMS8A, RUNARMS3C, RUNARMS6B, RUNARMS9B, RUNARMS1B, RUNARMS9A, RUNARMS8C, RUNARMS1A, RUNARMS8B, P50ARMS1A, P50ARMS1B, P50ARMS1C, P50ARMS2A, P50ARMS2B, P50ARMS2C, P50ARMS3A, P50ARMS3B, P50ARMS3C"
"253","0.290536918782134","6.5522658240854","0.001","0.300782559775184","0.363674223752696","0.0248465795786353",NA,"RUNARMS1C, RUNARMS4C, RUNARMS6A, RUNARMS7A, RUNARMS2C, RUNARMS2A, RUNARMS4B, RUNARMS1B, RUNARMS5C, P50ARMS1A, P50ARMS1B, P50ARMS1C, P50ARMS2A, P50ARMS2B, P50ARMS2C, P50ARMS3A, P50ARMS3B, P50ARMS3C"
"254","0.28956236489531","6.52132940232288","0.001","0.309221696896868","0.363674223587789","0.0178346781380557",NA,"RUNARMS2B, RUNARMS5C, RUNARMS8B, RUNARMS9A, RUNARMS7C, RUNARMS7A, RUNARMS3A, RUNARMS1A, RUNARMS2C, P50ARMS1A, P50ARMS1B, P50ARMS1C, P50ARMS2A, P50ARMS2B, P50ARMS2C, P50ARMS3A, P50ARMS3B, P50ARMS3C"
"255","0.28237262749592","6.29569357725276","0.001","0.320940962868986","0.363674223561756","0.0432572235132258",NA,"RUNARMS1C, RUNARMS9A, RUNARMS8A, RUNARMS3C, RUNARMS2A, RUNARMS3A, RUNARMS5B, RUNARMS5A, RUNARMS4B, P50ARMS1A, P50ARMS1B, P50ARMS1C, P50ARMS2A, P50ARMS2B, P50ARMS2C, P50ARMS3A, P50ARMS3B, P50ARMS3C"
"256","0.275719102354658","6.09087669164886","0.001","0.325987110445069","0.363674224071061","0.094670859743129",NA,"RUNARMS5B, RUNARMS9B, RUNARMS2C, RUNARMS1A, RUNARMS8A, RUNARMS1C, RUNARMS6B, RUNARMS7A, RUNARMS6A, P50ARMS1A, P50ARMS1B, P50ARMS1C, P50ARMS2A, P50ARMS2B, P50ARMS2C, P50ARMS3A, P50ARMS3B, P50ARMS3C"
"257","0.267660269905592","5.8477836753953","0.001","0.324219036298973","0.363674224242452","0.0693247664651876",NA,"RUNARMS7A, RUNARMS4C, RUNARMS8C, RUNARMS3C, RUNARMS8A, RUNARMS6A, RUNARMS2B, RUNARMS1B, RUNARMS2A, P50ARMS1A, P50ARMS1B, P50ARMS1C, P50ARMS2A, P50ARMS2B, P50ARMS2C, P50ARMS3A, P50ARMS3B, P50ARMS3C"
"258","0.28930926596363","6.51330886098369","0.001","0.317043214627451","0.363674223892591","0.0221191672861607",NA,"RUNARMS9A, RUNARMS4B, RUNARMS1B, RUNARMS8C, RUNARMS9B, RUNARMS7A, RUNARMS3B, RUNARMS7B, RUNARMS8A, P50ARMS1A, P50ARMS1B, P50ARMS1C, P50ARMS2A, P50ARMS2B, P50ARMS2C, P50ARMS3A, P50ARMS3B, P50ARMS3C"
"259","0.293209310890528","6.63753646805868","0.001","0.294001481184792","0.363674223557253","0.00315035163453746",NA,"RUNARMS8C, RUNARMS7B, RUNARMS3C, RUNARMS4B, RUNARMS1C, RUNARMS7A, RUNARMS3B, RUNARMS8B, RUNARMS9A, P50ARMS1A, P50ARMS1B, P50ARMS1C, P50ARMS2A, P50ARMS2B, P50ARMS2C, P50ARMS3A, P50ARMS3B, P50ARMS3C"
"260","0.263287880613966","5.71811699437522","0.001","0.340976351074818","0.363674224044451","0.155988863792909",NA,"RUNARMS5A, RUNARMS2A, RUNARMS7C, RUNARMS2C, RUNARMS2B, RUNARMS6B, RUNARMS1A, RUNARMS6C, RUNARMS3B, P50ARMS1A, P50ARMS1B, P50ARMS1C, P50ARMS2A, P50ARMS2B, P50ARMS2C, P50ARMS3A, P50ARMS3B, P50ARMS3C"
"261","0.265608920213534","5.7867570023484","0.003","0.318239624332152","0.363674223564256","0.0208565645491802",NA,"RUNARMS3C, RUNARMS6C, RUNARMS3B, RUNARMS1C, RUNARMS1A, RUNARMS5A, RUNARMS7A, RUNARMS3A, RUNARMS7B, P50ARMS1A, P50ARMS1B, P50ARMS1C, P50ARMS2A, P50ARMS2B, P50ARMS2C, P50ARMS3A, P50ARMS3B, P50ARMS3C"
"262","0.273870763097316","6.03464505608981","0.001","0.325301396501981","0.363674224533931","0.0379054928072723",NA,"RUNARMS4C, RUNARMS1C, RUNARMS3C, RUNARMS2A, RUNARMS9B, RUNARMS6B, RUNARMS2C, RUNARMS1A, RUNARMS2B, P50ARMS1A, P50ARMS1B, P50ARMS1C, P50ARMS2A, P50ARMS2B, P50ARMS2C, P50ARMS3A, P50ARMS3B, P50ARMS3C"
"263","0.293074340225651","6.63321436812354","0.001","0.310982289195303","0.367732789083725","0.0380479108927751",NA,"RUNARMS1C, RUNARMS3A, RUNARMS2B, RUNARMS5C, RUNARMS5A, RUNARMS9C, RUNARMS3B, RUNARMS7B, RUNARMS6A, P50ARMS1A, P50ARMS1B, P50ARMS1C, P50ARMS2A, P50ARMS2B, P50ARMS2C, P50ARMS3A, P50ARMS3B, P50ARMS3C"
"264","0.28353509122371","6.33186832182435","0.001","0.304468750099909","0.363674309651425","0.0279056886822048",NA,"RUNARMS4A, RUNARMS1B, RUNARMS7B, RUNARMS5A, RUNARMS5B, RUNARMS5C, RUNARMS7A, RUNARMS3A, RUNARMS9C, P50ARMS1A, P50ARMS1B, P50ARMS1C, P50ARMS2A, P50ARMS2B, P50ARMS2C, P50ARMS3A, P50ARMS3B, P50ARMS3C"
"265","0.288113349511253","6.47548818202332","0.001","0.312208108461554","0.363674223861393","0.0357339860993734",NA,"RUNARMS9B, RUNARMS1B, RUNARMS8C, RUNARMS6B, RUNARMS4A, RUNARMS9C, RUNARMS8B, RUNARMS2C, RUNARMS3B, P50ARMS1A, P50ARMS1B, P50ARMS1C, P50ARMS2A, P50ARMS2B, P50ARMS2C, P50ARMS3A, P50ARMS3B, P50ARMS3C"
"266","0.281451696662489","6.26711819606734","0.001","0.32291633625305","0.363674223593572","0.0968296236679973",NA,"RUNARMS2A, RUNARMS9B, RUNARMS6B, RUNARMS2C, RUNARMS1A, RUNARMS6C, RUNARMS7B, RUNARMS9C, RUNARMS7C, P50ARMS1A, P50ARMS1B, P50ARMS1C, P50ARMS2A, P50ARMS2B, P50ARMS2C, P50ARMS3A, P50ARMS3B, P50ARMS3C"
"267","0.296130589020852","6.73148932234816","0.001","0.302932645604412","0.363674223557254","0.0093628430838795",NA,"RUNARMS5B, RUNARMS1C, RUNARMS5A, RUNARMS7B, RUNARMS8B, RUNARMS8C, RUNARMS8A, RUNARMS2A, RUNARMS4C, P50ARMS1A, P50ARMS1B, P50ARMS1C, P50ARMS2A, P50ARMS2B, P50ARMS2C, P50ARMS3A, P50ARMS3B, P50ARMS3C"
"268","0.308608110297104","7.14172358439942","0.001","0.294582234185656","0.363674223649264","0.00331612652046435",NA,"RUNARMS4C, RUNARMS8B, RUNARMS7A, RUNARMS2C, RUNARMS1C, RUNARMS5A, RUNARMS5C, RUNARMS4A, RUNARMS9A, P50ARMS1A, P50ARMS1B, P50ARMS1C, P50ARMS2A, P50ARMS2B, P50ARMS2C, P50ARMS3A, P50ARMS3B, P50ARMS3C"
"269","0.284986552013913","6.37720149888891","0.001","0.307963873178599","0.363674223557254","0.0229273801125904",NA,"RUNARMS4C, RUNARMS2A, RUNARMS3A, RUNARMS1A, RUNARMS5C, RUNARMS4B, RUNARMS3C, RUNARMS7B, RUNARMS2C, P50ARMS1A, P50ARMS1B, P50ARMS1C, P50ARMS2A, P50ARMS2B, P50ARMS2C, P50ARMS3A, P50ARMS3B, P50ARMS3C"
"270","0.290647204448287","6.55577210710179","0.002","0.300645925493181","0.363674223665713","0.017003432193635",NA,"RUNARMS5C, RUNARMS6A, RUNARMS1C, RUNARMS3C, RUNARMS5A, RUNARMS3B, RUNARMS3A, RUNARMS2C, RUNARMS8B, P50ARMS1A, P50ARMS1B, P50ARMS1C, P50ARMS2A, P50ARMS2B, P50ARMS2C, P50ARMS3A, P50ARMS3B, P50ARMS3C"
"271","0.292186150021147","6.60481339900035","0.001","0.313288132836916","0.363674223633553","0.030794829136965",NA,"RUNARMS4A, RUNARMS2B, RUNARMS9A, RUNARMS5A, RUNARMS2A, RUNARMS8B, RUNARMS6A, RUNARMS8C, RUNARMS1A, P50ARMS1A, P50ARMS1B, P50ARMS1C, P50ARMS2A, P50ARMS2B, P50ARMS2C, P50ARMS3A, P50ARMS3B, P50ARMS3C"
"272","0.297057491534857","6.7614631457352","0.001","0.292135840007842","0.363674223973409","0.00472252702375728",NA,"RUNARMS5B, RUNARMS8C, RUNARMS3B, RUNARMS8B, RUNARMS5A, RUNARMS2B, RUNARMS7B, RUNARMS5C, RUNARMS1C, P50ARMS1A, P50ARMS1B, P50ARMS1C, P50ARMS2A, P50ARMS2B, P50ARMS2C, P50ARMS3A, P50ARMS3B, P50ARMS3C"
"273","0.264084401638077","5.74162368023515","0.001","0.317991876148025","0.36367422360108","0.0556674694657383",NA,"RUNARMS6B, RUNARMS7A, RUNARMS3B, RUNARMS8B, RUNARMS1C, RUNARMS8C, RUNARMS2B, RUNARMS1B, RUNARMS6A, P50ARMS1A, P50ARMS1B, P50ARMS1C, P50ARMS2A, P50ARMS2B, P50ARMS2C, P50ARMS3A, P50ARMS3B, P50ARMS3C"
"274","0.287560363737401","6.45804301952473","0.001","0.301825188509609","0.363674223558407","0.00383737439114345",NA,"RUNARMS8C, RUNARMS5A, RUNARMS5B, RUNARMS7C, RUNARMS5C, RUNARMS1C, RUNARMS3A, RUNARMS4A, RUNARMS2B, P50ARMS1A, P50ARMS1B, P50ARMS1C, P50ARMS2A, P50ARMS2B, P50ARMS2C, P50ARMS3A, P50ARMS3B, P50ARMS3C"
"275","0.292924906784025","6.62843105847151","0.001","0.327463529186791","0.363674223813132","0.109945845296936",NA,"RUNARMS9B, RUNARMS7A, RUNARMS2C, RUNARMS9C, RUNARMS5A, RUNARMS8A, RUNARMS2A, RUNARMS1B, RUNARMS9A, P50ARMS1A, P50ARMS1B, P50ARMS1C, P50ARMS2A, P50ARMS2B, P50ARMS2C, P50ARMS3A, P50ARMS3B, P50ARMS3C"
"276","0.27748592036263","6.14489717353386","0.001","0.323477139513482","0.363674223789991","0.0235644364214038",NA,"RUNARMS9B, RUNARMS3A, RUNARMS7A, RUNARMS2C, RUNARMS1C, RUNARMS6B, RUNARMS9C, RUNARMS4B, RUNARMS5A, P50ARMS1A, P50ARMS1B, P50ARMS1C, P50ARMS2A, P50ARMS2B, P50ARMS2C, P50ARMS3A, P50ARMS3B, P50ARMS3C"
"277","0.29430613676333","6.67272089715487","0.001","0.308264358166289","0.363674224085908","0.0015834735194723",NA,"RUNARMS2C, RUNARMS5A, RUNARMS1C, RUNARMS3A, RUNARMS8C, RUNARMS9B, RUNARMS4C, RUNARMS7B, RUNARMS4A, P50ARMS1A, P50ARMS1B, P50ARMS1C, P50ARMS2A, P50ARMS2B, P50ARMS2C, P50ARMS3A, P50ARMS3B, P50ARMS3C"
"278","0.291534651980367","6.58402622615863","0.001","0.317064629973754","0.363674223724577","0.0448395299382418",NA,"RUNARMS2A, RUNARMS2B, RUNARMS8A, RUNARMS5C, RUNARMS5A, RUNARMS4C, RUNARMS1C, RUNARMS8C, RUNARMS2C, P50ARMS1A, P50ARMS1B, P50ARMS1C, P50ARMS2A, P50ARMS2B, P50ARMS2C, P50ARMS3A, P50ARMS3B, P50ARMS3C"
"279","0.297651736274791","6.78072122672739","0.001","0.312496313568993","0.363674223558579","0.0487904072748129",NA,"RUNARMS9C, RUNARMS2B, RUNARMS8A, RUNARMS1A, RUNARMS5C, RUNARMS9B, RUNARMS6A, RUNARMS2C, RUNARMS7A, P50ARMS1A, P50ARMS1B, P50ARMS1C, P50ARMS2A, P50ARMS2B, P50ARMS2C, P50ARMS3A, P50ARMS3B, P50ARMS3C"
"280","0.254486899222776","5.46172881914405","0.001","0.337564489853713","0.363674226362738","0.142862184771929",NA,"RUNARMS9C, RUNARMS2B, RUNARMS7A, RUNARMS6B, RUNARMS1B, RUNARMS7C, RUNARMS2A, RUNARMS4A, RUNARMS1A, P50ARMS1A, P50ARMS1B, P50ARMS1C, P50ARMS2A, P50ARMS2B, P50ARMS2C, P50ARMS3A, P50ARMS3B, P50ARMS3C"
"281","0.286749372726488","6.43250743593729","0.001","0.305950491138674","0.36367422360426","0.0214476487820512",NA,"RUNARMS2A, RUNARMS8B, RUNARMS1B, RUNARMS9B, RUNARMS3A, RUNARMS6A, RUNARMS8C, RUNARMS4B, RUNARMS4C, P50ARMS1A, P50ARMS1B, P50ARMS1C, P50ARMS2A, P50ARMS2B, P50ARMS2C, P50ARMS3A, P50ARMS3B, P50ARMS3C"
"282","0.291256483370704","6.57516241713813","0.001","0.315035786540994","0.363674223580308","0.0110834129328972",NA,"RUNARMS9A, RUNARMS3C, RUNARMS4A, RUNARMS1A, RUNARMS7B, RUNARMS6B, RUNARMS5A, RUNARMS3B, RUNARMS9B, P50ARMS1A, P50ARMS1B, P50ARMS1C, P50ARMS2A, P50ARMS2B, P50ARMS2C, P50ARMS3A, P50ARMS3B, P50ARMS3C"
"283","0.270927419937128","5.94568886217094","0.001","0.32071983679919","0.363674224197515","0.0307458457069404",NA,"RUNARMS2C, RUNARMS3A, RUNARMS1B, RUNARMS8B, RUNARMS2A, RUNARMS8C, RUNARMS9C, RUNARMS4C, RUNARMS1C, P50ARMS1A, P50ARMS1B, P50ARMS1C, P50ARMS2A, P50ARMS2B, P50ARMS2C, P50ARMS3A, P50ARMS3B, P50ARMS3C"
"284","0.276517797559338","6.11526412954474","0.001","0.309157419118638","0.363674223557273","0.00644184179719279",NA,"RUNARMS6C, RUNARMS8C, RUNARMS1A, RUNARMS7C, RUNARMS5C, RUNARMS5B, RUNARMS6B, RUNARMS3B, RUNARMS4B, P50ARMS1A, P50ARMS1B, P50ARMS1C, P50ARMS2A, P50ARMS2B, P50ARMS2C, P50ARMS3A, P50ARMS3B, P50ARMS3C"
"285","0.2845740846423","6.36430028118325","0.001","0.306814819556272","0.363674223565892","0.00919683054969423",NA,"RUNARMS2C, RUNARMS5A, RUNARMS1C, RUNARMS6C, RUNARMS5C, RUNARMS6B, RUNARMS8C, RUNARMS4B, RUNARMS9C, P50ARMS1A, P50ARMS1B, P50ARMS1C, P50ARMS2A, P50ARMS2B, P50ARMS2C, P50ARMS3A, P50ARMS3B, P50ARMS3C"
"286","0.298997658187713","6.82446012753041","0.001","0.301505368997791","0.363674223943005","0.015986752515748",NA,"RUNARMS2A, RUNARMS3B, RUNARMS1C, RUNARMS8B, RUNARMS7C, RUNARMS8A, RUNARMS8C, RUNARMS4B, RUNARMS5C, P50ARMS1A, P50ARMS1B, P50ARMS1C, P50ARMS2A, P50ARMS2B, P50ARMS2C, P50ARMS3A, P50ARMS3B, P50ARMS3C"
"287","0.294148134802617","6.66764570428072","0.001","0.314569682689355","0.363674225317031","0.0172581960253901",NA,"RUNARMS2A, RUNARMS2B, RUNARMS9C, RUNARMS1A, RUNARMS8B, RUNARMS9B, RUNARMS4C, RUNARMS2C, RUNARMS5A, P50ARMS1A, P50ARMS1B, P50ARMS1C, P50ARMS2A, P50ARMS2B, P50ARMS2C, P50ARMS3A, P50ARMS3B, P50ARMS3C"
"288","0.274159710741204","6.04341676367767","0.001","0.318438835273678","0.363674224882391","0.0580851929761862",NA,"RUNARMS7A, RUNARMS8B, RUNARMS2C, RUNARMS5C, RUNARMS8C, RUNARMS6C, RUNARMS3A, RUNARMS2A, RUNARMS1B, P50ARMS1A, P50ARMS1B, P50ARMS1C, P50ARMS2A, P50ARMS2B, P50ARMS2C, P50ARMS3A, P50ARMS3B, P50ARMS3C"
"289","0.260378237129189","5.63267875987946","0.001","0.328362089658931","0.363674223649911","0.0552150795939906",NA,"RUNARMS2B, RUNARMS4A, RUNARMS9A, RUNARMS3C, RUNARMS1A, RUNARMS8A, RUNARMS8C, RUNARMS1B, RUNARMS4C, P50ARMS1A, P50ARMS1B, P50ARMS1C, P50ARMS2A, P50ARMS2B, P50ARMS2C, P50ARMS3A, P50ARMS3B, P50ARMS3C"
"290","0.278849536409732","6.18677073345213","0.001","0.337608721667764","0.363674223557253","0.159413458070247",NA,"RUNARMS3A, RUNARMS2C, RUNARMS2A, RUNARMS1A, RUNARMS9A, RUNARMS2B, RUNARMS5A, RUNARMS6B, RUNARMS4A, P50ARMS1A, P50ARMS1B, P50ARMS1C, P50ARMS2A, P50ARMS2B, P50ARMS2C, P50ARMS3A, P50ARMS3B, P50ARMS3C"
"291","0.271701826336096","5.96902392258875","0.001","0.312943446051676","0.363674223557253","0.0105039667906636",NA,"RUNARMS3A, RUNARMS1A, RUNARMS7B, RUNARMS3C, RUNARMS9B, RUNARMS3B, RUNARMS1B, RUNARMS4C, RUNARMS5B, P50ARMS1A, P50ARMS1B, P50ARMS1C, P50ARMS2A, P50ARMS2B, P50ARMS2C, P50ARMS3A, P50ARMS3B, P50ARMS3C"
"292","0.273731005206142","6.03040487022495","0.001","0.317457201085731","0.363674223664074","0.0373683518811703",NA,"RUNARMS2A, RUNARMS5A, RUNARMS1A, RUNARMS1B, RUNARMS7A, RUNARMS6C, RUNARMS4C, RUNARMS9B, RUNARMS4B, P50ARMS1A, P50ARMS1B, P50ARMS1C, P50ARMS2A, P50ARMS2B, P50ARMS2C, P50ARMS3A, P50ARMS3B, P50ARMS3C"
"293","0.27479760919697","6.06280647018125","0.001","0.302430779277105","0.363674225427847","0.0313458791230431",NA,"RUNARMS1C, RUNARMS8B, RUNARMS3C, RUNARMS8A, RUNARMS4B, RUNARMS7B, RUNARMS2B, RUNARMS6A, RUNARMS1A, P50ARMS1A, P50ARMS1B, P50ARMS1C, P50ARMS2A, P50ARMS2B, P50ARMS2C, P50ARMS3A, P50ARMS3B, P50ARMS3C"
"294","0.277288841220124","6.13885838847729","0.001","0.30766726697775","0.363674223866794","0.0336231988099964",NA,"RUNARMS1C, RUNARMS9A, RUNARMS2C, RUNARMS4B, RUNARMS3A, RUNARMS7B, RUNARMS4C, RUNARMS1B, RUNARMS7C, P50ARMS1A, P50ARMS1B, P50ARMS1C, P50ARMS2A, P50ARMS2B, P50ARMS2C, P50ARMS3A, P50ARMS3B, P50ARMS3C"
"295","0.277121689085489","6.13373919015285","0.001","0.319050508883896","0.363674223793825","0.113197253330603",NA,"RUNARMS6A, RUNARMS1C, RUNARMS8A, RUNARMS6B, RUNARMS3A, RUNARMS4C, RUNARMS2A, RUNARMS4B, RUNARMS1B, P50ARMS1A, P50ARMS1B, P50ARMS1C, P50ARMS2A, P50ARMS2B, P50ARMS2C, P50ARMS3A, P50ARMS3B, P50ARMS3C"
"296","0.282033650076596","6.28516698826755","0.001","0.290736076525549","0.363674225631344","0.00316780637701595",NA,"RUNARMS3C, RUNARMS8B, RUNARMS4C, RUNARMS7A, RUNARMS5B, RUNARMS1B, RUNARMS6A, RUNARMS6B, RUNARMS8C, P50ARMS1A, P50ARMS1B, P50ARMS1C, P50ARMS2A, P50ARMS2B, P50ARMS2C, P50ARMS3A, P50ARMS3B, P50ARMS3C"
"297","0.298872690075546","6.82039192243699","0.001","0.318819540406326","0.363674223557316","0.0492366463910528",NA,"RUNARMS2C, RUNARMS1A, RUNARMS4C, RUNARMS4A, RUNARMS5C, RUNARMS9A, RUNARMS9B, RUNARMS8A, RUNARMS2B, P50ARMS1A, P50ARMS1B, P50ARMS1C, P50ARMS2A, P50ARMS2B, P50ARMS2C, P50ARMS3A, P50ARMS3B, P50ARMS3C"
"298","0.275427359657232","6.08198199759656","0.001","0.316981122227255","0.363674223557253","0.0436423035255097",NA,"RUNARMS2C, RUNARMS9A, RUNARMS8C, RUNARMS1B, RUNARMS7B, RUNARMS6B, RUNARMS8B, RUNARMS3B, RUNARMS4B, P50ARMS1A, P50ARMS1B, P50ARMS1C, P50ARMS2A, P50ARMS2B, P50ARMS2C, P50ARMS3A, P50ARMS3B, P50ARMS3C"
"299","0.258365661978086","5.57397409979044","0.001","0.321571833024866","0.363674223586327","0.0589228795107486",NA,"RUNARMS6C, RUNARMS3A, RUNARMS1B, RUNARMS6B, RUNARMS7C, RUNARMS1A, RUNARMS3B, RUNARMS7B, RUNARMS4B, P50ARMS1A, P50ARMS1B, P50ARMS1C, P50ARMS2A, P50ARMS2B, P50ARMS2C, P50ARMS3A, P50ARMS3B, P50ARMS3C"
"300","0.278077641630758","6.16304816509986","0.001","0.312566816020613","0.363674224379728","0.00976248162136133",NA,"RUNARMS6B, RUNARMS7C, RUNARMS2C, RUNARMS5A, RUNARMS1A, RUNARMS4A, RUNARMS9C, RUNARMS8C, RUNARMS4B, P50ARMS1A, P50ARMS1B, P50ARMS1C, P50ARMS2A, P50ARMS2B, P50ARMS2C, P50ARMS3A, P50ARMS3B, P50ARMS3C"
"301","0.278310151061687","6.17018851455066","0.001","0.301311086057708","0.363674223557253","0.0123142798719697",NA,"RUNARMS5B, RUNARMS4B, RUNARMS1A, RUNARMS8A, RUNARMS1C, RUNARMS7C, RUNARMS3A, RUNARMS5C, RUNARMS3C, P50ARMS1A, P50ARMS1B, P50ARMS1C, P50ARMS2A, P50ARMS2B, P50ARMS2C, P50ARMS3A, P50ARMS3B, P50ARMS3C"
"302","0.284571696874578","6.3642256395258","0.001","0.317818503605926","0.363674223911162","0.044215727219506",NA,"RUNARMS3B, RUNARMS8A, RUNARMS8C, RUNARMS1C, RUNARMS3C, RUNARMS6A, RUNARMS5B, RUNARMS2A, RUNARMS6B, P50ARMS1A, P50ARMS1B, P50ARMS1C, P50ARMS2A, P50ARMS2B, P50ARMS2C, P50ARMS3A, P50ARMS3B, P50ARMS3C"
"303","0.303705347904126","6.97877766523033","0.001","0.304585242559596","0.363674223735918","0.0143479897900777",NA,"RUNARMS9A, RUNARMS5A, RUNARMS7B, RUNARMS2A, RUNARMS5B, RUNARMS9B, RUNARMS1A, RUNARMS1C, RUNARMS6A, P50ARMS1A, P50ARMS1B, P50ARMS1C, P50ARMS2A, P50ARMS2B, P50ARMS2C, P50ARMS3A, P50ARMS3B, P50ARMS3C"
"304","0.284433795219501","6.35991567671647","0.001","0.325240117660458","0.363674223600645","0.0848217211216809",NA,"RUNARMS1B, RUNARMS9C, RUNARMS9B, RUNARMS8A, RUNARMS5C, RUNARMS2C, RUNARMS3A, RUNARMS9A, RUNARMS1C, P50ARMS1A, P50ARMS1B, P50ARMS1C, P50ARMS2A, P50ARMS2B, P50ARMS2C, P50ARMS3A, P50ARMS3B, P50ARMS3C"
"305","0.265750678153484","5.79096326539687","0.001","0.325632776377914","0.363674224763465","0.0553495625133033",NA,"RUNARMS1C, RUNARMS3A, RUNARMS2A, RUNARMS3C, RUNARMS2C, RUNARMS7B, RUNARMS1A, RUNARMS5B, RUNARMS6B, P50ARMS1A, P50ARMS1B, P50ARMS1C, P50ARMS2A, P50ARMS2B, P50ARMS2C, P50ARMS3A, P50ARMS3B, P50ARMS3C"
"306","0.280384557933136","6.23409763698948","0.001","0.326541170399098","0.363674226242328","0.048898566828592",NA,"RUNARMS6C, RUNARMS2C, RUNARMS7B, RUNARMS3A, RUNARMS5A, RUNARMS5B, RUNARMS9A, RUNARMS8A, RUNARMS1C, P50ARMS1A, P50ARMS1B, P50ARMS1C, P50ARMS2A, P50ARMS2B, P50ARMS2C, P50ARMS3A, P50ARMS3B, P50ARMS3C"
"307","0.284207110320898","6.35283450101463","0.001","0.320685018172652","0.36367422398833","0.0512246336154772",NA,"RUNARMS1C, RUNARMS2A, RUNARMS8B, RUNARMS4A, RUNARMS8C, RUNARMS6B, RUNARMS3B, RUNARMS6A, RUNARMS3A, P50ARMS1A, P50ARMS1B, P50ARMS1C, P50ARMS2A, P50ARMS2B, P50ARMS2C, P50ARMS3A, P50ARMS3B, P50ARMS3C"
"308","0.288316812764373","6.48191370397325","0.001","0.31750640008047","0.363674223881856","0.0393620065016147",NA,"RUNARMS7A, RUNARMS3A, RUNARMS6A, RUNARMS2B, RUNARMS3B, RUNARMS9B, RUNARMS1B, RUNARMS8C, RUNARMS9A, P50ARMS1A, P50ARMS1B, P50ARMS1C, P50ARMS2A, P50ARMS2B, P50ARMS2C, P50ARMS3A, P50ARMS3B, P50ARMS3C"
"309","0.28840690062918","6.48475991988535","0.001","0.304963158146796","0.36367422355883","0.0039900336657958",NA,"RUNARMS5B, RUNARMS4C, RUNARMS3C, RUNARMS1C, RUNARMS8A, RUNARMS3B, RUNARMS9C, RUNARMS7C, RUNARMS5A, P50ARMS1A, P50ARMS1B, P50ARMS1C, P50ARMS2A, P50ARMS2B, P50ARMS2C, P50ARMS3A, P50ARMS3B, P50ARMS3C"
"310","0.297457406699555","6.77441987514845","0.001","0.279727130815001","0.363674225332045","0.0007904459606696",NA,"RUNARMS9C, RUNARMS3C, RUNARMS6A, RUNARMS5B, RUNARMS1B, RUNARMS7B, RUNARMS5C, RUNARMS4C, RUNARMS1C, P50ARMS1A, P50ARMS1B, P50ARMS1C, P50ARMS2A, P50ARMS2B, P50ARMS2C, P50ARMS3A, P50ARMS3B, P50ARMS3C"
"311","0.285719581274154","6.40016606998867","0.001","0.311014577261513","0.363674273568419","0.0251392617241583",NA,"RUNARMS4B, RUNARMS8C, RUNARMS8A, RUNARMS6B, RUNARMS2A, RUNARMS9C, RUNARMS1B, RUNARMS8B, RUNARMS7B, P50ARMS1A, P50ARMS1B, P50ARMS1C, P50ARMS2A, P50ARMS2B, P50ARMS2C, P50ARMS3A, P50ARMS3B, P50ARMS3C"
"312","0.260830595906706","5.64591758181129","0.001","0.335714492501082","0.363674224877936","0.12398576168935",NA,"RUNARMS1B, RUNARMS4A, RUNARMS8A, RUNARMS2C, RUNARMS7C, RUNARMS9A, RUNARMS3A, RUNARMS1C, RUNARMS1A, P50ARMS1A, P50ARMS1B, P50ARMS1C, P50ARMS2A, P50ARMS2B, P50ARMS2C, P50ARMS3A, P50ARMS3B, P50ARMS3C"
"313","0.291420728400494","6.58039522364593","0.001","0.30161278160331","0.363674223640078","0.000373584437885825",NA,"RUNARMS4B, RUNARMS4A, RUNARMS9B, RUNARMS3C, RUNARMS5B, RUNARMS1C, RUNARMS9A, RUNARMS8C, RUNARMS6C, P50ARMS1A, P50ARMS1B, P50ARMS1C, P50ARMS2A, P50ARMS2B, P50ARMS2C, P50ARMS3A, P50ARMS3B, P50ARMS3C"
"314","0.289876890744679","6.5313044899758","0.001","0.28997311179078","0.363674223595612","0.000429661263963147",NA,"RUNARMS8C, RUNARMS1B, RUNARMS3C, RUNARMS5B, RUNARMS7C, RUNARMS9A, RUNARMS9C, RUNARMS4B, RUNARMS5C, P50ARMS1A, P50ARMS1B, P50ARMS1C, P50ARMS2A, P50ARMS2B, P50ARMS2C, P50ARMS3A, P50ARMS3B, P50ARMS3C"
"315","0.254369650443359","5.45835400814057","0.001","0.330236984913443","0.363674224424663","0.22017095230052",NA,"RUNARMS2B, RUNARMS7B, RUNARMS8C, RUNARMS8A, RUNARMS7A, RUNARMS3A, RUNARMS1B, RUNARMS7C, RUNARMS6B, P50ARMS1A, P50ARMS1B, P50ARMS1C, P50ARMS2A, P50ARMS2B, P50ARMS2C, P50ARMS3A, P50ARMS3B, P50ARMS3C"
"316","0.275600470454312","6.08725896058284","0.001","0.334866366680179","0.3694080459913","0.0533756235242545",NA,"RUNARMS2B, RUNARMS7A, RUNARMS3B, RUNARMS5A, RUNARMS4C, RUNARMS9C, RUNARMS6B, RUNARMS1B, RUNARMS2A, P50ARMS1A, P50ARMS1B, P50ARMS1C, P50ARMS2A, P50ARMS2B, P50ARMS2C, P50ARMS3A, P50ARMS3B, P50ARMS3C"
"317","0.299619835033529","6.84473604526759","0.001","0.287323721247868","0.363674223557253","0.00192995587828859",NA,"RUNARMS6A, RUNARMS6C, RUNARMS2A, RUNARMS4B, RUNARMS7C, RUNARMS1C, RUNARMS7A, RUNARMS3C, RUNARMS4C, P50ARMS1A, P50ARMS1B, P50ARMS1C, P50ARMS2A, P50ARMS2B, P50ARMS2C, P50ARMS3A, P50ARMS3B, P50ARMS3C"
"318","0.264806478988543","5.76297742394097","0.001","0.336125738382418","0.36367422355803","0.069003963029545",NA,"RUNARMS6C, RUNARMS4A, RUNARMS3B, RUNARMS3A, RUNARMS1C, RUNARMS1B, RUNARMS2B, RUNARMS9A, RUNARMS6B, P50ARMS1A, P50ARMS1B, P50ARMS1C, P50ARMS2A, P50ARMS2B, P50ARMS2C, P50ARMS3A, P50ARMS3B, P50ARMS3C"
"319","0.274043306342298","6.03988218551257","0.001","0.319350811547609","0.363674224925779","0.0188091608303545",NA,"RUNARMS4A, RUNARMS8C, RUNARMS9C, RUNARMS3A, RUNARMS6A, RUNARMS6C, RUNARMS2B, RUNARMS1C, RUNARMS4C, P50ARMS1A, P50ARMS1B, P50ARMS1C, P50ARMS2A, P50ARMS2B, P50ARMS2C, P50ARMS3A, P50ARMS3B, P50ARMS3C"
"320","0.287458997215151","6.45484812448216","0.001","0.311834186750168","0.363674416947388","0.0328817652759198",NA,"RUNARMS6C, RUNARMS7C, RUNARMS4A, RUNARMS7B, RUNARMS9C, RUNARMS5A, RUNARMS1B, RUNARMS9B, RUNARMS2A, P50ARMS1A, P50ARMS1B, P50ARMS1C, P50ARMS2A, P50ARMS2B, P50ARMS2C, P50ARMS3A, P50ARMS3B, P50ARMS3C"
"321","0.308572109158444","7.14051864544536","0.001","0.284395238647676","0.363674223579462","0.00599301623640981",NA,"RUNARMS7C, RUNARMS3C, RUNARMS8A, RUNARMS6A, RUNARMS5C, RUNARMS3B, RUNARMS7B, RUNARMS4C, RUNARMS1C, P50ARMS1A, P50ARMS1B, P50ARMS1C, P50ARMS2A, P50ARMS2B, P50ARMS2C, P50ARMS3A, P50ARMS3B, P50ARMS3C"
"322","0.28794382969642","6.47013742353855","0.001","0.283989382662808","0.363674223562183","0.0038425093269524",NA,"RUNARMS6C, RUNARMS7C, RUNARMS1C, RUNARMS5A, RUNARMS7B, RUNARMS3C, RUNARMS9B, RUNARMS8B, RUNARMS1B, P50ARMS1A, P50ARMS1B, P50ARMS1C, P50ARMS2A, P50ARMS2B, P50ARMS2C, P50ARMS3A, P50ARMS3B, P50ARMS3C"
"323","0.310995928134816","7.22192372054761","0.001","0.280103949602977","0.363674223557258","0.000366824900786718",NA,"RUNARMS1C, RUNARMS8B, RUNARMS3C, RUNARMS9B, RUNARMS5B, RUNARMS4A, RUNARMS7A, RUNARMS5A, RUNARMS6A, P50ARMS1A, P50ARMS1B, P50ARMS1C, P50ARMS2A, P50ARMS2B, P50ARMS2C, P50ARMS3A, P50ARMS3B, P50ARMS3C"
"324","0.300928382947306","6.88749766076396","0.002","0.310160955832861","0.36367422487884","0.0338899057688131",NA,"RUNARMS1B, RUNARMS5B, RUNARMS2A, RUNARMS4A, RUNARMS9B, RUNARMS6C, RUNARMS6A, RUNARMS9C, RUNARMS9A, P50ARMS1A, P50ARMS1B, P50ARMS1C, P50ARMS2A, P50ARMS2B, P50ARMS2C, P50ARMS3A, P50ARMS3B, P50ARMS3C"
"325","0.291295702488792","6.57641170822299","0.001","0.316451319638697","0.363674223590947","0.00868603531730888",NA,"RUNARMS1A, RUNARMS5B, RUNARMS2B, RUNARMS9B, RUNARMS4C, RUNARMS3A, RUNARMS7C, RUNARMS2A, RUNARMS2C, P50ARMS1A, P50ARMS1B, P50ARMS1C, P50ARMS2A, P50ARMS2B, P50ARMS2C, P50ARMS3A, P50ARMS3B, P50ARMS3C"
"326","0.273825105347149","6.03325964284242","0.001","0.337849383408026","0.36367422357799","0.258555957082289",NA,"RUNARMS2C, RUNARMS8A, RUNARMS5C, RUNARMS1A, RUNARMS9C, RUNARMS7A, RUNARMS2B, RUNARMS2A, RUNARMS6B, P50ARMS1A, P50ARMS1B, P50ARMS1C, P50ARMS2A, P50ARMS2B, P50ARMS2C, P50ARMS3A, P50ARMS3B, P50ARMS3C"
"327","0.275008029423725","6.06920993522463","0.001","0.304092856069189","0.363674223825743","0.0173781283039519",NA,"RUNARMS9C, RUNARMS2A, RUNARMS6A, RUNARMS1A, RUNARMS1B, RUNARMS3C, RUNARMS1C, RUNARMS7A, RUNARMS8B, P50ARMS1A, P50ARMS1B, P50ARMS1C, P50ARMS2A, P50ARMS2B, P50ARMS2C, P50ARMS3A, P50ARMS3B, P50ARMS3C"
"328","0.260364347786091","5.63227252784276","0.001","0.330120563812341","0.363674224013787","0.0732308920583383",NA,"RUNARMS8A, RUNARMS8C, RUNARMS1C, RUNARMS3A, RUNARMS6C, RUNARMS9B, RUNARMS1B, RUNARMS1A, RUNARMS9C, P50ARMS1A, P50ARMS1B, P50ARMS1C, P50ARMS2A, P50ARMS2B, P50ARMS2C, P50ARMS3A, P50ARMS3B, P50ARMS3C"
"329","0.277848725612718","6.1560226610074","0.001","0.315172277949304","0.363674223700233","0.0102610754737618",NA,"RUNARMS3B, RUNARMS9C, RUNARMS6C, RUNARMS2B, RUNARMS7A, RUNARMS3C, RUNARMS4B, RUNARMS9B, RUNARMS1A, P50ARMS1A, P50ARMS1B, P50ARMS1C, P50ARMS2A, P50ARMS2B, P50ARMS2C, P50ARMS3A, P50ARMS3B, P50ARMS3C"
"330","0.289690073435736","6.52537857297202","0.001","0.304524505047273","0.363674223831576","0.0128864336528444",NA,"RUNARMS8B, RUNARMS9C, RUNARMS4A, RUNARMS2A, RUNARMS5B, RUNARMS6A, RUNARMS4B, RUNARMS6B, RUNARMS1B, P50ARMS1A, P50ARMS1B, P50ARMS1C, P50ARMS2A, P50ARMS2B, P50ARMS2C, P50ARMS3A, P50ARMS3B, P50ARMS3C"
"331","0.293435992346715","6.64479909349034","0.001","0.298129795976107","0.363674234468795","0.00272005398482845",NA,"RUNARMS8C, RUNARMS6A, RUNARMS5B, RUNARMS1C, RUNARMS3C, RUNARMS4B, RUNARMS9B, RUNARMS9A, RUNARMS2B, P50ARMS1A, P50ARMS1B, P50ARMS1C, P50ARMS2A, P50ARMS2B, P50ARMS2C, P50ARMS3A, P50ARMS3B, P50ARMS3C"
"332","0.283830077025918","6.34106667528822","0.001","0.306653832384797","0.363674223561342","0.00507952831032211",NA,"RUNARMS1C, RUNARMS5C, RUNARMS1B, RUNARMS9C, RUNARMS2C, RUNARMS7A, RUNARMS4A, RUNARMS3C, RUNARMS9B, P50ARMS1A, P50ARMS1B, P50ARMS1C, P50ARMS2A, P50ARMS2B, P50ARMS2C, P50ARMS3A, P50ARMS3B, P50ARMS3C"
"333","0.295882248409606","6.72347198158367","0.001","0.296040876080093","0.363674225662761","0.0146478407579844",NA,"RUNARMS5C, RUNARMS9C, RUNARMS7B, RUNARMS4B, RUNARMS9A, RUNARMS3A, RUNARMS5B, RUNARMS1B, RUNARMS6A, P50ARMS1A, P50ARMS1B, P50ARMS1C, P50ARMS2A, P50ARMS2B, P50ARMS2C, P50ARMS3A, P50ARMS3B, P50ARMS3C"
"334","0.297622055415584","6.77975856640387","0.001","0.307593008682151","0.363674225245802","0.00378167633649603",NA,"RUNARMS4C, RUNARMS1C, RUNARMS8B, RUNARMS2A, RUNARMS8C, RUNARMS9C, RUNARMS4A, RUNARMS3B, RUNARMS5A, P50ARMS1A, P50ARMS1B, P50ARMS1C, P50ARMS2A, P50ARMS2B, P50ARMS2C, P50ARMS3A, P50ARMS3B, P50ARMS3C"
"335","0.295901010417647","6.72407749014189","0.002","0.319356604613666","0.363674223563577","0.0650154385582734",NA,"RUNARMS9C, RUNARMS4C, RUNARMS6B, RUNARMS6A, RUNARMS9A, RUNARMS8A, RUNARMS9B, RUNARMS3A, RUNARMS1C, P50ARMS1A, P50ARMS1B, P50ARMS1C, P50ARMS2A, P50ARMS2B, P50ARMS2C, P50ARMS3A, P50ARMS3B, P50ARMS3C"
"336","0.290427034147061","6.54877337493723","0.001","0.302472867628187","0.367870061532734","0.0349388560005825",NA,"RUNARMS6C, RUNARMS2B, RUNARMS7C, RUNARMS5A, RUNARMS6A, RUNARMS7B, RUNARMS9A, RUNARMS1A, RUNARMS8B, P50ARMS1A, P50ARMS1B, P50ARMS1C, P50ARMS2A, P50ARMS2B, P50ARMS2C, P50ARMS3A, P50ARMS3B, P50ARMS3C"
"337","0.280617176289512","6.24128721544111","0.001","0.314583288144639","0.363674223568348","0.0498610809739177",NA,"RUNARMS4C, RUNARMS8A, RUNARMS4A, RUNARMS1A, RUNARMS7C, RUNARMS2C, RUNARMS6A, RUNARMS1C, RUNARMS7A, P50ARMS1A, P50ARMS1B, P50ARMS1C, P50ARMS2A, P50ARMS2B, P50ARMS2C, P50ARMS3A, P50ARMS3B, P50ARMS3C"
"338","0.28331753107016","6.32508913451087","0.001","0.307900682147834","0.363674223599951","0.0211800631333807",NA,"RUNARMS1A, RUNARMS6B, RUNARMS7A, RUNARMS5A, RUNARMS4A, RUNARMS5C, RUNARMS7C, RUNARMS3C, RUNARMS8A, P50ARMS1A, P50ARMS1B, P50ARMS1C, P50ARMS2A, P50ARMS2B, P50ARMS2C, P50ARMS3A, P50ARMS3B, P50ARMS3C"
"339","0.260697005210595","5.64200620417842","0.001","0.322828291037657","0.363674223640754","0.0221205379665602",NA,"RUNARMS9C, RUNARMS7B, RUNARMS2C, RUNARMS3C, RUNARMS1B, RUNARMS4A, RUNARMS6C, RUNARMS3A, RUNARMS5B, P50ARMS1A, P50ARMS1B, P50ARMS1C, P50ARMS2A, P50ARMS2B, P50ARMS2C, P50ARMS3A, P50ARMS3B, P50ARMS3C"
"340","0.291885309663417","6.59520981325051","0.001","0.316644608908091","0.363674224165308","0.0183365677713145",NA,"RUNARMS1C, RUNARMS9B, RUNARMS7A, RUNARMS3A, RUNARMS4A, RUNARMS6C, RUNARMS6A, RUNARMS5B, RUNARMS2A, P50ARMS1A, P50ARMS1B, P50ARMS1C, P50ARMS2A, P50ARMS2B, P50ARMS2C, P50ARMS3A, P50ARMS3B, P50ARMS3C"
"341","0.287522571519693","6.45685176880271","0.001","0.315006807230572","0.363674223920972","0.0223045368614524",NA,"RUNARMS2A, RUNARMS6C, RUNARMS4A, RUNARMS3C, RUNARMS1A, RUNARMS6A, RUNARMS9C, RUNARMS3B, RUNARMS5A, P50ARMS1A, P50ARMS1B, P50ARMS1C, P50ARMS2A, P50ARMS2B, P50ARMS2C, P50ARMS3A, P50ARMS3B, P50ARMS3C"
"342","0.292634847063114","6.61915212188519","0.001","0.309098883859256","0.363674223634729","0.0282431750497531",NA,"RUNARMS4A, RUNARMS3A, RUNARMS5A, RUNARMS5C, RUNARMS9C, RUNARMS7C, RUNARMS1C, RUNARMS9A, RUNARMS6B, P50ARMS1A, P50ARMS1B, P50ARMS1C, P50ARMS2A, P50ARMS2B, P50ARMS2C, P50ARMS3A, P50ARMS3B, P50ARMS3C"
"343","0.27073138290239","5.93978957119783","0.001","0.319595957760493","0.363674223640368","0.0363178696553732",NA,"RUNARMS8A, RUNARMS2B, RUNARMS8C, RUNARMS1B, RUNARMS5B, RUNARMS5C, RUNARMS7A, RUNARMS9C, RUNARMS6C, P50ARMS1A, P50ARMS1B, P50ARMS1C, P50ARMS2A, P50ARMS2B, P50ARMS2C, P50ARMS3A, P50ARMS3B, P50ARMS3C"
"344","0.286553635718161","6.42635298324875","0.001","0.309717331603129","0.363674223561227","0.0529460738727243",NA,"RUNARMS7B, RUNARMS2B, RUNARMS9A, RUNARMS5C, RUNARMS7C, RUNARMS3A, RUNARMS7A, RUNARMS9C, RUNARMS1A, P50ARMS1A, P50ARMS1B, P50ARMS1C, P50ARMS2A, P50ARMS2B, P50ARMS2C, P50ARMS3A, P50ARMS3B, P50ARMS3C"
"345","0.304127037478086","6.99270249272854","0.001","0.303456431555953","0.363674223587146","0.00623995226539643",NA,"RUNARMS8B, RUNARMS8C, RUNARMS9A, RUNARMS2A, RUNARMS1B, RUNARMS5C, RUNARMS9B, RUNARMS3B, RUNARMS4B, P50ARMS1A, P50ARMS1B, P50ARMS1C, P50ARMS2A, P50ARMS2B, P50ARMS2C, P50ARMS3A, P50ARMS3B, P50ARMS3C"
"346","0.299903501578502","6.85399232259421","0.001","0.305055972746405","0.363674223598447","0.0111083175048235",NA,"RUNARMS7C, RUNARMS5A, RUNARMS9B, RUNARMS3A, RUNARMS7B, RUNARMS3B, RUNARMS1C, RUNARMS8C, RUNARMS9A, P50ARMS1A, P50ARMS1B, P50ARMS1C, P50ARMS2A, P50ARMS2B, P50ARMS2C, P50ARMS3A, P50ARMS3B, P50ARMS3C"
"347","0.271530412440243","5.96385446041357","0.001","0.311383830995228","0.363674224883255","0.00649739668731512",NA,"RUNARMS4B, RUNARMS6C, RUNARMS3B, RUNARMS1B, RUNARMS1A, RUNARMS5B, RUNARMS2B, RUNARMS4A, RUNARMS8B, P50ARMS1A, P50ARMS1B, P50ARMS1C, P50ARMS2A, P50ARMS2B, P50ARMS2C, P50ARMS3A, P50ARMS3B, P50ARMS3C"
"348","0.27037084464994","5.92894826457908","0.001","0.327922036611347","0.363674223902925","0.0463921363236473",NA,"RUNARMS9C, RUNARMS1B, RUNARMS6B, RUNARMS4B, RUNARMS8A, RUNARMS1C, RUNARMS5B, RUNARMS9B, RUNARMS3B, P50ARMS1A, P50ARMS1B, P50ARMS1C, P50ARMS2A, P50ARMS2B, P50ARMS2C, P50ARMS3A, P50ARMS3B, P50ARMS3C"
"349","0.27849300955593","6.17580731983259","0.001","0.331986974728429","0.363674224072075","0.0737352968278571",NA,"RUNARMS3C, RUNARMS9C, RUNARMS6C, RUNARMS2C, RUNARMS1C, RUNARMS3B, RUNARMS9A, RUNARMS2A, RUNARMS6B, P50ARMS1A, P50ARMS1B, P50ARMS1C, P50ARMS2A, P50ARMS2B, P50ARMS2C, P50ARMS3A, P50ARMS3B, P50ARMS3C"
"350","0.274260173787795","6.04646819991607","0.001","0.315121197728593","0.36367422355749","0.0173719021131749",NA,"RUNARMS1B, RUNARMS3C, RUNARMS8C, RUNARMS3B, RUNARMS9A, RUNARMS2B, RUNARMS5B, RUNARMS7B, RUNARMS3A, P50ARMS1A, P50ARMS1B, P50ARMS1C, P50ARMS2A, P50ARMS2B, P50ARMS2C, P50ARMS3A, P50ARMS3B, P50ARMS3C"
"351","0.290046225397691","6.53667854496954","0.001","0.31003945026051","0.363674242127065","0.00799311069375271",NA,"RUNARMS5B, RUNARMS7C, RUNARMS8C, RUNARMS2A, RUNARMS1C, RUNARMS2B, RUNARMS3B, RUNARMS5A, RUNARMS6A, P50ARMS1A, P50ARMS1B, P50ARMS1C, P50ARMS2A, P50ARMS2B, P50ARMS2C, P50ARMS3A, P50ARMS3B, P50ARMS3C"
"352","0.281596995410833","6.27162177467496","0.001","0.313348646268532","0.36367422397726","0.036872036480406",NA,"RUNARMS6B, RUNARMS8B, RUNARMS8C, RUNARMS1C, RUNARMS2B, RUNARMS3B, RUNARMS5A, RUNARMS7B, RUNARMS9B, P50ARMS1A, P50ARMS1B, P50ARMS1C, P50ARMS2A, P50ARMS2B, P50ARMS2C, P50ARMS3A, P50ARMS3B, P50ARMS3C"
"353","0.291495948705776","6.58279253417509","0.001","0.313214870484075","0.36367422410544","0.0316732548074947",NA,"RUNARMS4C, RUNARMS6C, RUNARMS3B, RUNARMS2A, RUNARMS7B, RUNARMS7A, RUNARMS6A, RUNARMS6B, RUNARMS1C, P50ARMS1A, P50ARMS1B, P50ARMS1C, P50ARMS2A, P50ARMS2B, P50ARMS2C, P50ARMS3A, P50ARMS3B, P50ARMS3C"
"354","0.273104451539072","6.01141557941462","0.001","0.310545794628515","0.363674224055684","0.0154987497193788",NA,"RUNARMS3C, RUNARMS4B, RUNARMS4A, RUNARMS3B, RUNARMS8C, RUNARMS3A, RUNARMS6B, RUNARMS7C, RUNARMS1C, P50ARMS1A, P50ARMS1B, P50ARMS1C, P50ARMS2A, P50ARMS2B, P50ARMS2C, P50ARMS3A, P50ARMS3B, P50ARMS3C"
"355","0.283723597669397","6.33774552385027","0.002","0.328844890436058","0.363674227165661","0.0244915070314746",NA,"RUNARMS2A, RUNARMS4C, RUNARMS3B, RUNARMS9C, RUNARMS2C, RUNARMS4A, RUNARMS8C, RUNARMS1A, RUNARMS3A, P50ARMS1A, P50ARMS1B, P50ARMS1C, P50ARMS2A, P50ARMS2B, P50ARMS2C, P50ARMS3A, P50ARMS3B, P50ARMS3C"
"356","0.284040674430225","6.34763823666503","0.001","0.305647231490407","0.36367422356847","0.00397204879294266",NA,"RUNARMS6B, RUNARMS6C, RUNARMS4C, RUNARMS8C, RUNARMS8B, RUNARMS1A, RUNARMS5A, RUNARMS3B, RUNARMS5B, P50ARMS1A, P50ARMS1B, P50ARMS1C, P50ARMS2A, P50ARMS2B, P50ARMS2C, P50ARMS3A, P50ARMS3B, P50ARMS3C"
"357","0.284548979325552","6.36351551349661","0.001","0.306069800289674","0.363674223557253","0.013117980012024",NA,"RUNARMS8B, RUNARMS4A, RUNARMS3C, RUNARMS6B, RUNARMS4B, RUNARMS6C, RUNARMS2A, RUNARMS9C, RUNARMS1C, P50ARMS1A, P50ARMS1B, P50ARMS1C, P50ARMS2A, P50ARMS2B, P50ARMS2C, P50ARMS3A, P50ARMS3B, P50ARMS3C"
"358","0.280920937051381","6.25068260837859","0.001","0.307905533489998","0.363674224370488","0.0175899030665207",NA,"RUNARMS5B, RUNARMS7B, RUNARMS6C, RUNARMS5C, RUNARMS9A, RUNARMS2A, RUNARMS3C, RUNARMS1A, RUNARMS1B, P50ARMS1A, P50ARMS1B, P50ARMS1C, P50ARMS2A, P50ARMS2B, P50ARMS2C, P50ARMS3A, P50ARMS3B, P50ARMS3C"
"359","0.284282258883856","6.35518149242521","0.001","0.321866895339229","0.363674241539035","0.0204067645788269",NA,"RUNARMS1A, RUNARMS8C, RUNARMS1C, RUNARMS3B, RUNARMS4A, RUNARMS9B, RUNARMS6C, RUNARMS9A, RUNARMS2B, P50ARMS1A, P50ARMS1B, P50ARMS1C, P50ARMS2A, P50ARMS2B, P50ARMS2C, P50ARMS3A, P50ARMS3B, P50ARMS3C"
"360","0.284230647470967","6.3535695450875","0.001","0.32574560907334","0.363674224393591","0.0963466673716725",NA,"RUNARMS2A, RUNARMS4A, RUNARMS8A, RUNARMS3A, RUNARMS9A, RUNARMS5B, RUNARMS9B, RUNARMS3C, RUNARMS1B, P50ARMS1A, P50ARMS1B, P50ARMS1C, P50ARMS2A, P50ARMS2B, P50ARMS2C, P50ARMS3A, P50ARMS3B, P50ARMS3C"
"361","0.301161136073623","6.89512050046147","0.001","0.29425754035262","0.363674223558435","0.00388155772552856",NA,"RUNARMS3B, RUNARMS3A, RUNARMS3C, RUNARMS5B, RUNARMS7A, RUNARMS1C, RUNARMS9A, RUNARMS8B, RUNARMS5C, P50ARMS1A, P50ARMS1B, P50ARMS1C, P50ARMS2A, P50ARMS2B, P50ARMS2C, P50ARMS3A, P50ARMS3B, P50ARMS3C"
"362","0.265437741585523","5.7816799280368","0.001","0.326665564566388","0.363674225707686","0.058572932004661",NA,"RUNARMS9A, RUNARMS4A, RUNARMS6B, RUNARMS3C, RUNARMS1B, RUNARMS3A, RUNARMS1A, RUNARMS6A, RUNARMS2C, P50ARMS1A, P50ARMS1B, P50ARMS1C, P50ARMS2A, P50ARMS2B, P50ARMS2C, P50ARMS3A, P50ARMS3B, P50ARMS3C"
"363","0.288217823318583","6.47878708427026","0.001","0.319180701854922","0.363674223594098","0.0294801233813637",NA,"RUNARMS3C, RUNARMS9B, RUNARMS2C, RUNARMS1A, RUNARMS6A, RUNARMS2A, RUNARMS6C, RUNARMS7A, RUNARMS3B, P50ARMS1A, P50ARMS1B, P50ARMS1C, P50ARMS2A, P50ARMS2B, P50ARMS2C, P50ARMS3A, P50ARMS3B, P50ARMS3C"
"364","0.282235077090028","6.29142089464693","0.001","0.294529463950196","0.363674223720462","0.0110082110860808",NA,"RUNARMS1B, RUNARMS2B, RUNARMS4C, RUNARMS7B, RUNARMS5C, RUNARMS7A, RUNARMS7C, RUNARMS1C, RUNARMS6C, P50ARMS1A, P50ARMS1B, P50ARMS1C, P50ARMS2A, P50ARMS2B, P50ARMS2C, P50ARMS3A, P50ARMS3B, P50ARMS3C"
"365","0.298816314657626","6.81855715480247","0.001","0.300169620105808","0.363674223754896","0.00722744127953491",NA,"RUNARMS9C, RUNARMS5C, RUNARMS4C, RUNARMS1C, RUNARMS2A, RUNARMS1B, RUNARMS3B, RUNARMS4B, RUNARMS2B, P50ARMS1A, P50ARMS1B, P50ARMS1C, P50ARMS2A, P50ARMS2B, P50ARMS2C, P50ARMS3A, P50ARMS3B, P50ARMS3C"
"366","0.312008713027064","7.25610847543975","0.001","0.314258145411381","0.363674225787672","0.0409860268065035",NA,"RUNARMS5C, RUNARMS3B, RUNARMS2A, RUNARMS1C, RUNARMS9A, RUNARMS9B, RUNARMS6C, RUNARMS8A, RUNARMS6A, P50ARMS1A, P50ARMS1B, P50ARMS1C, P50ARMS2A, P50ARMS2B, P50ARMS2C, P50ARMS3A, P50ARMS3B, P50ARMS3C"
"367","0.27377018132743","6.03159328991117","0.001","0.333567429708882","0.363674224211004","0.0726060301760945",NA,"RUNARMS6C, RUNARMS4A, RUNARMS1C, RUNARMS5A, RUNARMS1B, RUNARMS2A, RUNARMS3A, RUNARMS9A, RUNARMS9B, P50ARMS1A, P50ARMS1B, P50ARMS1C, P50ARMS2A, P50ARMS2B, P50ARMS2C, P50ARMS3A, P50ARMS3B, P50ARMS3C"
"368","0.286955814565566","6.43900213596403","0.001","0.317448220899273","0.363674223577351","0.0832221773887005",NA,"RUNARMS4A, RUNARMS9A, RUNARMS7A, RUNARMS7B, RUNARMS2A, RUNARMS6B, RUNARMS1A, RUNARMS7C, RUNARMS5A, P50ARMS1A, P50ARMS1B, P50ARMS1C, P50ARMS2A, P50ARMS2B, P50ARMS2C, P50ARMS3A, P50ARMS3B, P50ARMS3C"
"369","0.26436332943881","5.74986734659949","0.001","0.319305705655304","0.363674225967329","0.0360876076967855",NA,"RUNARMS3A, RUNARMS4B, RUNARMS6B, RUNARMS1B, RUNARMS8B, RUNARMS3B, RUNARMS7C, RUNARMS2B, RUNARMS5A, P50ARMS1A, P50ARMS1B, P50ARMS1C, P50ARMS2A, P50ARMS2B, P50ARMS2C, P50ARMS3A, P50ARMS3B, P50ARMS3C"
"370","0.267865623124996","5.85391166617991","0.001","0.327548736423532","0.363674223688492","0.0496371620323321",NA,"RUNARMS8C, RUNARMS1C, RUNARMS1B, RUNARMS8A, RUNARMS4C, RUNARMS9B, RUNARMS2B, RUNARMS9C, RUNARMS6B, P50ARMS1A, P50ARMS1B, P50ARMS1C, P50ARMS2A, P50ARMS2B, P50ARMS2C, P50ARMS3A, P50ARMS3B, P50ARMS3C"
"371","0.279917359320426","6.21967187668918","0.001","0.301486777131549","0.363674224205923","0.018157533330469",NA,"RUNARMS1C, RUNARMS7C, RUNARMS8A, RUNARMS8B, RUNARMS5A, RUNARMS9A, RUNARMS6C, RUNARMS3C, RUNARMS1B, P50ARMS1A, P50ARMS1B, P50ARMS1C, P50ARMS2A, P50ARMS2B, P50ARMS2C, P50ARMS3A, P50ARMS3B, P50ARMS3C"
"372","0.284607366840729","6.36534073511748","0.001","0.327053116453896","0.363674224070169","0.0837107552574575",NA,"RUNARMS1C, RUNARMS6B, RUNARMS9A, RUNARMS2B, RUNARMS3A, RUNARMS6C, RUNARMS8B, RUNARMS9B, RUNARMS2A, P50ARMS1A, P50ARMS1B, P50ARMS1C, P50ARMS2A, P50ARMS2B, P50ARMS2C, P50ARMS3A, P50ARMS3B, P50ARMS3C"
"373","0.270479002213107","5.9321994137774","0.001","0.315117508796196","0.363674223805778","0.0151156071183042",NA,"RUNARMS3C, RUNARMS4B, RUNARMS9B, RUNARMS9A, RUNARMS4A, RUNARMS1C, RUNARMS1B, RUNARMS1A, RUNARMS3A, P50ARMS1A, P50ARMS1B, P50ARMS1C, P50ARMS2A, P50ARMS2B, P50ARMS2C, P50ARMS3A, P50ARMS3B, P50ARMS3C"
"374","0.283741802407612","6.33831326996606","0.001","0.305630436940604","0.363674223660677","0.00790697141533511",NA,"RUNARMS5C, RUNARMS1B, RUNARMS8C, RUNARMS5A, RUNARMS6C, RUNARMS7A, RUNARMS2C, RUNARMS7B, RUNARMS4A, P50ARMS1A, P50ARMS1B, P50ARMS1C, P50ARMS2A, P50ARMS2B, P50ARMS2C, P50ARMS3A, P50ARMS3B, P50ARMS3C"
"375","0.276905196729572","6.12711241684337","0.001","0.324223404948542","0.363674223800616","0.0788208863439504",NA,"RUNARMS1B, RUNARMS3A, RUNARMS2B, RUNARMS8B, RUNARMS5B, RUNARMS4A, RUNARMS7B, RUNARMS8A, RUNARMS2A, P50ARMS1A, P50ARMS1B, P50ARMS1C, P50ARMS2A, P50ARMS2B, P50ARMS2C, P50ARMS3A, P50ARMS3B, P50ARMS3C"
"376","0.270956121899692","5.94655284904345","0.001","0.326721291750547","0.363674225341484","0.0721944209395741",NA,"RUNARMS3C, RUNARMS2C, RUNARMS1C, RUNARMS5A, RUNARMS1A, RUNARMS5B, RUNARMS2A, RUNARMS6B, RUNARMS9A, P50ARMS1A, P50ARMS1B, P50ARMS1C, P50ARMS2A, P50ARMS2B, P50ARMS2C, P50ARMS3A, P50ARMS3B, P50ARMS3C"
"377","0.293324592021162","6.64122936690494","0.001","0.290940795377446","0.363674223912318","0.0319490640256242",NA,"RUNARMS7A, RUNARMS6A, RUNARMS9A, RUNARMS5A, RUNARMS7B, RUNARMS7C, RUNARMS3A, RUNARMS1B, RUNARMS8B, P50ARMS1A, P50ARMS1B, P50ARMS1C, P50ARMS2A, P50ARMS2B, P50ARMS2C, P50ARMS3A, P50ARMS3B, P50ARMS3C"
"378","0.291578612727943","6.58542766701576","0.001","0.311522166202534","0.363674223639817","0.0110498367000552",NA,"RUNARMS6C, RUNARMS4A, RUNARMS5C, RUNARMS6A, RUNARMS3B, RUNARMS8C, RUNARMS2C, RUNARMS1A, RUNARMS9C, P50ARMS1A, P50ARMS1B, P50ARMS1C, P50ARMS2A, P50ARMS2B, P50ARMS2C, P50ARMS3A, P50ARMS3B, P50ARMS3C"
"379","0.299205261932382","6.83122165574279","0.001","0.301464260654043","0.36367422368538","0.0231534728066244",NA,"RUNARMS5C, RUNARMS5B, RUNARMS5A, RUNARMS6A, RUNARMS2A, RUNARMS1A, RUNARMS2C, RUNARMS9C, RUNARMS1C, P50ARMS1A, P50ARMS1B, P50ARMS1C, P50ARMS2A, P50ARMS2B, P50ARMS2C, P50ARMS3A, P50ARMS3B, P50ARMS3C"
"380","0.289585054702132","6.52204870674759","0.001","0.309639300875829","0.363674223557253","0.0365136362604403",NA,"RUNARMS1A, RUNARMS2B, RUNARMS6C, RUNARMS9A, RUNARMS8B, RUNARMS8C, RUNARMS2A, RUNARMS5B, RUNARMS6A, P50ARMS1A, P50ARMS1B, P50ARMS1C, P50ARMS2A, P50ARMS2B, P50ARMS2C, P50ARMS3A, P50ARMS3B, P50ARMS3C"
"381","0.284925569304971","6.37529313479791","0.001","0.295818333666878","0.363674226846247","0.00982948977055832",NA,"RUNARMS3C, RUNARMS4A, RUNARMS1A, RUNARMS2C, RUNARMS5A, RUNARMS4C, RUNARMS7C, RUNARMS8B, RUNARMS7A, P50ARMS1A, P50ARMS1B, P50ARMS1C, P50ARMS2A, P50ARMS2B, P50ARMS2C, P50ARMS3A, P50ARMS3B, P50ARMS3C"
"382","0.28831339161117","6.48180563102349","0.001","0.314726523299078","0.363674223999192","0.0185508471028917",NA,"RUNARMS4C, RUNARMS9B, RUNARMS1C, RUNARMS2A, RUNARMS8C, RUNARMS1A, RUNARMS6A, RUNARMS2C, RUNARMS5A, P50ARMS1A, P50ARMS1B, P50ARMS1C, P50ARMS2A, P50ARMS2B, P50ARMS2C, P50ARMS3A, P50ARMS3B, P50ARMS3C"
"383","0.264952809083167","5.76730990569872","0.001","0.315023715992119","0.363674223591889","0.030169774414035",NA,"RUNARMS7B, RUNARMS1C, RUNARMS6B, RUNARMS9C, RUNARMS4C, RUNARMS3C, RUNARMS3A, RUNARMS6C, RUNARMS1A, P50ARMS1A, P50ARMS1B, P50ARMS1C, P50ARMS2A, P50ARMS2B, P50ARMS2C, P50ARMS3A, P50ARMS3B, P50ARMS3C"
"384","0.272804140272263","6.00232548902357","0.001","0.317294608818117","0.363674223574401","0.0745215779016264",NA,"RUNARMS6C, RUNARMS6B, RUNARMS2B, RUNARMS5A, RUNARMS8A, RUNARMS1A, RUNARMS8B, RUNARMS4B, RUNARMS6A, P50ARMS1A, P50ARMS1B, P50ARMS1C, P50ARMS2A, P50ARMS2B, P50ARMS2C, P50ARMS3A, P50ARMS3B, P50ARMS3C"
"385","0.28840338227186","6.48464874816573","0.002","0.314941501546613","0.363674223614031","0.0111410099204105",NA,"RUNARMS1C, RUNARMS6A, RUNARMS6C, RUNARMS4B, RUNARMS8C, RUNARMS2A, RUNARMS5A, RUNARMS9B, RUNARMS2C, P50ARMS1A, P50ARMS1B, P50ARMS1C, P50ARMS2A, P50ARMS2B, P50ARMS2C, P50ARMS3A, P50ARMS3B, P50ARMS3C"
"386","0.270865743530778","5.94383250826644","0.001","0.327794030848913","0.36367422411867","0.0621799202582242",NA,"RUNARMS5A, RUNARMS4B, RUNARMS8A, RUNARMS8C, RUNARMS2C, RUNARMS6C, RUNARMS9A, RUNARMS1B, RUNARMS6B, P50ARMS1A, P50ARMS1B, P50ARMS1C, P50ARMS2A, P50ARMS2B, P50ARMS2C, P50ARMS3A, P50ARMS3B, P50ARMS3C"
"387","0.30063292202721","6.87782840218639","0.002","0.296278346849174","0.363674223888507","0.00531011268912886",NA,"RUNARMS3C, RUNARMS6A, RUNARMS6B, RUNARMS5C, RUNARMS8A, RUNARMS8C, RUNARMS9B, RUNARMS1A, RUNARMS5B, P50ARMS1A, P50ARMS1B, P50ARMS1C, P50ARMS2A, P50ARMS2B, P50ARMS2C, P50ARMS3A, P50ARMS3B, P50ARMS3C"
"388","0.296285548556872","6.73649484842657","0.001","0.301963361399839","0.363674223561159","0.00580270123181897",NA,"RUNARMS4B, RUNARMS1A, RUNARMS4A, RUNARMS3B, RUNARMS4C, RUNARMS9B, RUNARMS6A, RUNARMS1C, RUNARMS6C, P50ARMS1A, P50ARMS1B, P50ARMS1C, P50ARMS2A, P50ARMS2B, P50ARMS2C, P50ARMS3A, P50ARMS3B, P50ARMS3C"
"389","0.280511710304275","6.2380269827136","0.001","0.316017878473188","0.36367422544325","0.0490902397794302",NA,"RUNARMS3C, RUNARMS2B, RUNARMS5C, RUNARMS6C, RUNARMS9A, RUNARMS6A, RUNARMS1B, RUNARMS8A, RUNARMS4A, P50ARMS1A, P50ARMS1B, P50ARMS1C, P50ARMS2A, P50ARMS2B, P50ARMS2C, P50ARMS3A, P50ARMS3B, P50ARMS3C"
"390","0.287509846819008","6.45645070120088","0.001","0.313413872101314","0.363674223606604","0.0543063453495601",NA,"RUNARMS7C, RUNARMS2C, RUNARMS5C, RUNARMS4C, RUNARMS8B, RUNARMS1A, RUNARMS2B, RUNARMS8A, RUNARMS9A, P50ARMS1A, P50ARMS1B, P50ARMS1C, P50ARMS2A, P50ARMS2B, P50ARMS2C, P50ARMS3A, P50ARMS3B, P50ARMS3C"
"391","0.309524150277555","7.172425228821","0.001","0.302241642397746","0.363674225240565","0.0317331942903216",NA,"RUNARMS9A, RUNARMS9B, RUNARMS5A, RUNARMS5C, RUNARMS1A, RUNARMS5B, RUNARMS8A, RUNARMS3A, RUNARMS6A, P50ARMS1A, P50ARMS1B, P50ARMS1C, P50ARMS2A, P50ARMS2B, P50ARMS2C, P50ARMS3A, P50ARMS3B, P50ARMS3C"
"392","0.272740619430638","6.00040374518622","0.001","0.324077078224149","0.363674244635031","0.105756861453674",NA,"RUNARMS8B, RUNARMS2B, RUNARMS1B, RUNARMS2C, RUNARMS3A, RUNARMS8A, RUNARMS9C, RUNARMS7A, RUNARMS6A, P50ARMS1A, P50ARMS1B, P50ARMS1C, P50ARMS2A, P50ARMS2B, P50ARMS2C, P50ARMS3A, P50ARMS3B, P50ARMS3C"
"393","0.287738912945173","6.46367278908835","0.001","0.301404885321738","0.363674224842737","0.00865960747522022",NA,"RUNARMS9C, RUNARMS9A, RUNARMS6A, RUNARMS7C, RUNARMS1A, RUNARMS3C, RUNARMS1B, RUNARMS5B, RUNARMS8A, P50ARMS1A, P50ARMS1B, P50ARMS1C, P50ARMS2A, P50ARMS2B, P50ARMS2C, P50ARMS3A, P50ARMS3B, P50ARMS3C"
"394","0.291439072113541","6.58097980046094","0.001","0.306508568485965","0.363674225716444","0.0715205554477929",NA,"RUNARMS3A, RUNARMS8A, RUNARMS4A, RUNARMS9B, RUNARMS7B, RUNARMS8B, RUNARMS1B, RUNARMS3B, RUNARMS7C, P50ARMS1A, P50ARMS1B, P50ARMS1C, P50ARMS2A, P50ARMS2B, P50ARMS2C, P50ARMS3A, P50ARMS3B, P50ARMS3C"
"395","0.303316239090746","6.96594365730316","0.001","0.311417296757763","0.363674224992578","0.00259635703053008",NA,"RUNARMS2B, RUNARMS9A, RUNARMS4A, RUNARMS1C, RUNARMS2C, RUNARMS3A, RUNARMS3B, RUNARMS3C, RUNARMS9B, P50ARMS1A, P50ARMS1B, P50ARMS1C, P50ARMS2A, P50ARMS2B, P50ARMS2C, P50ARMS3A, P50ARMS3B, P50ARMS3C"
"396","0.255254580071498","5.48385149053492","0.001","0.321091672239135","0.363674223898136","0.0801024225523389",NA,"RUNARMS2A, RUNARMS1A, RUNARMS8B, RUNARMS1B, RUNARMS3A, RUNARMS6C, RUNARMS3C, RUNARMS6B, RUNARMS1C, P50ARMS1A, P50ARMS1B, P50ARMS1C, P50ARMS2A, P50ARMS2B, P50ARMS2C, P50ARMS3A, P50ARMS3B, P50ARMS3C"
"397","0.276298626171602","6.10856656988172","0.001","0.304264538492668","0.363674223928735","0.0156953604529753",NA,"RUNARMS4A, RUNARMS7B, RUNARMS7C, RUNARMS1B, RUNARMS8C, RUNARMS2C, RUNARMS5A, RUNARMS7A, RUNARMS1C, P50ARMS1A, P50ARMS1B, P50ARMS1C, P50ARMS2A, P50ARMS2B, P50ARMS2C, P50ARMS3A, P50ARMS3B, P50ARMS3C"
"398","0.271232335153396","5.95487090301652","0.001","0.314844485650952","0.363674225218389","0.0340592741848238",NA,"RUNARMS1A, RUNARMS2B, RUNARMS1C, RUNARMS7A, RUNARMS9C, RUNARMS6A, RUNARMS4C, RUNARMS8B, RUNARMS3A, P50ARMS1A, P50ARMS1B, P50ARMS1C, P50ARMS2A, P50ARMS2B, P50ARMS2C, P50ARMS3A, P50ARMS3B, P50ARMS3C"
"399","0.265631144322942","5.78741633214913","0.002","0.319468712523422","0.363674228096505","0.027273358472959",NA,"RUNARMS9A, RUNARMS1A, RUNARMS3C, RUNARMS1B, RUNARMS4A, RUNARMS9C, RUNARMS3A, RUNARMS5B, RUNARMS4C, P50ARMS1A, P50ARMS1B, P50ARMS1C, P50ARMS2A, P50ARMS2B, P50ARMS2C, P50ARMS3A, P50ARMS3B, P50ARMS3C"
"400","0.276796602023593","6.12378985603434","0.001","0.319145125882217","0.363674223572645","0.0445949265084287",NA,"RUNARMS4C, RUNARMS3B, RUNARMS7C, RUNARMS5B, RUNARMS1A, RUNARMS4B, RUNARMS5A, RUNARMS8A, RUNARMS2C, P50ARMS1A, P50ARMS1B, P50ARMS1C, P50ARMS2A, P50ARMS2B, P50ARMS2C, P50ARMS3A, P50ARMS3B, P50ARMS3C"
"401","0.286665443032671","6.42986806642652","0.001","0.301367712693471","0.363674223589405","0.00530979513579545",NA,"RUNARMS8C, RUNARMS5A, RUNARMS2B, RUNARMS9C, RUNARMS1A, RUNARMS5B, RUNARMS4B, RUNARMS9B, RUNARMS8B, P50ARMS1A, P50ARMS1B, P50ARMS1C, P50ARMS2A, P50ARMS2B, P50ARMS2C, P50ARMS3A, P50ARMS3B, P50ARMS3C"
"402","0.298307259231259","6.80200302837845","0.001","0.301854480385817","0.363674223687942","0.00482061898315299",NA,"RUNARMS4C, RUNARMS8A, RUNARMS4A, RUNARMS7C, RUNARMS1C, RUNARMS3B, RUNARMS6A, RUNARMS5B, RUNARMS8C, P50ARMS1A, P50ARMS1B, P50ARMS1C, P50ARMS2A, P50ARMS2B, P50ARMS2C, P50ARMS3A, P50ARMS3B, P50ARMS3C"
"403","0.28079981114582","6.24693520380048","0.001","0.313313986659394","0.363674223566071","0.0326683232184834",NA,"RUNARMS8C, RUNARMS5B, RUNARMS6C, RUNARMS5C, RUNARMS2B, RUNARMS4A, RUNARMS1C, RUNARMS7B, RUNARMS8A, P50ARMS1A, P50ARMS1B, P50ARMS1C, P50ARMS2A, P50ARMS2B, P50ARMS2C, P50ARMS3A, P50ARMS3B, P50ARMS3C"
"404","0.29044500051212","6.54934432362251","0.001","0.287837292512046","0.363674223849625","0.00162481817939616",NA,"RUNARMS1B, RUNARMS8B, RUNARMS6C, RUNARMS4B, RUNARMS3B, RUNARMS7A, RUNARMS3C, RUNARMS7B, RUNARMS5C, P50ARMS1A, P50ARMS1B, P50ARMS1C, P50ARMS2A, P50ARMS2B, P50ARMS2C, P50ARMS3A, P50ARMS3B, P50ARMS3C"
"405","0.262545436926827","5.69625194713509","0.001","0.318477995766158","0.363674223557253","0.0145384208032993",NA,"RUNARMS9A, RUNARMS7B, RUNARMS1B, RUNARMS7A, RUNARMS9C, RUNARMS6B, RUNARMS3C, RUNARMS1A, RUNARMS1C, P50ARMS1A, P50ARMS1B, P50ARMS1C, P50ARMS2A, P50ARMS2B, P50ARMS2C, P50ARMS3A, P50ARMS3B, P50ARMS3C"
"406","0.288867859932984","6.49933465036779","0.001","0.305628943869018","0.363674223568502","0.0342081239984053",NA,"RUNARMS3B, RUNARMS1B, RUNARMS6C, RUNARMS7B, RUNARMS3A, RUNARMS9C, RUNARMS5C, RUNARMS8B, RUNARMS9B, P50ARMS1A, P50ARMS1B, P50ARMS1C, P50ARMS2A, P50ARMS2B, P50ARMS2C, P50ARMS3A, P50ARMS3B, P50ARMS3C"
"407","0.26335844556944","5.72019743356502","0.001","0.333308062159902","0.363674223589764","0.102486690701809",NA,"RUNARMS1A, RUNARMS1B, RUNARMS6A, RUNARMS7B, RUNARMS2B, RUNARMS2A, RUNARMS8A, RUNARMS1C, RUNARMS9C, P50ARMS1A, P50ARMS1B, P50ARMS1C, P50ARMS2A, P50ARMS2B, P50ARMS2C, P50ARMS3A, P50ARMS3B, P50ARMS3C"
"408","0.301481289377245","6.90561406112574","0.001","0.301715813299234","0.363674223737825","0.0139295600158035",NA,"RUNARMS8A, RUNARMS9B, RUNARMS4C, RUNARMS5B, RUNARMS5C, RUNARMS1C, RUNARMS4B, RUNARMS3A, RUNARMS4A, P50ARMS1A, P50ARMS1B, P50ARMS1C, P50ARMS2A, P50ARMS2B, P50ARMS2C, P50ARMS3A, P50ARMS3B, P50ARMS3C"
"409","0.296587022413538","6.74623942097133","0.001","0.304355999377667","0.363674224150092","0.0191007680501579",NA,"RUNARMS6B, RUNARMS4A, RUNARMS9B, RUNARMS5C, RUNARMS5B, RUNARMS8B, RUNARMS2A, RUNARMS1C, RUNARMS1A, P50ARMS1A, P50ARMS1B, P50ARMS1C, P50ARMS2A, P50ARMS2B, P50ARMS2C, P50ARMS3A, P50ARMS3B, P50ARMS3C"
"410","0.30706671291245","7.09024591277637","0.001","0.299401467944993","0.368373046193513","0.00861765939055704",NA,"RUNARMS6B, RUNARMS2B, RUNARMS9B, RUNARMS1B, RUNARMS8B, RUNARMS6A, RUNARMS4C, RUNARMS5C, RUNARMS9A, P50ARMS1A, P50ARMS1B, P50ARMS1C, P50ARMS2A, P50ARMS2B, P50ARMS2C, P50ARMS3A, P50ARMS3B, P50ARMS3C"
"411","0.287760165632601","6.46434308776195","0.001","0.299890168431425","0.363674299488848","0.00835548675918639",NA,"RUNARMS6C, RUNARMS4C, RUNARMS1A, RUNARMS7A, RUNARMS2A, RUNARMS4B, RUNARMS3C, RUNARMS7B, RUNARMS6A, P50ARMS1A, P50ARMS1B, P50ARMS1C, P50ARMS2A, P50ARMS2B, P50ARMS2C, P50ARMS3A, P50ARMS3B, P50ARMS3C"
"412","0.275613995824602","6.08767136274745","0.001","0.325700246760298","0.363674223851084","0.0669775155331951",NA,"RUNARMS4C, RUNARMS2B, RUNARMS1A, RUNARMS3B, RUNARMS3A, RUNARMS7B, RUNARMS6B, RUNARMS8B, RUNARMS9A, P50ARMS1A, P50ARMS1B, P50ARMS1C, P50ARMS2A, P50ARMS2B, P50ARMS2C, P50ARMS3A, P50ARMS3B, P50ARMS3C"
"413","0.270755700359225","5.94052117771998","0.001","0.318532810991131","0.363674224215184","0.0281275747518766",NA,"RUNARMS7C, RUNARMS9B, RUNARMS1C, RUNARMS2C, RUNARMS6B, RUNARMS7A, RUNARMS3C, RUNARMS2B, RUNARMS5A, P50ARMS1A, P50ARMS1B, P50ARMS1C, P50ARMS2A, P50ARMS2B, P50ARMS2C, P50ARMS3A, P50ARMS3B, P50ARMS3C"
"414","0.291703194453265","6.58940019876214","0.001","0.307214618146425","0.363674226992647","0.0321043294092637",NA,"RUNARMS5C, RUNARMS5A, RUNARMS4C, RUNARMS2A, RUNARMS5B, RUNARMS6C, RUNARMS3A, RUNARMS9C, RUNARMS1C, P50ARMS1A, P50ARMS1B, P50ARMS1C, P50ARMS2A, P50ARMS2B, P50ARMS2C, P50ARMS3A, P50ARMS3B, P50ARMS3C"
"415","0.265353348544172","5.77917774251508","0.001","0.339709565087447","0.363674223625563","0.185563718096994",NA,"RUNARMS3A, RUNARMS5A, RUNARMS3C, RUNARMS6B, RUNARMS1A, RUNARMS9C, RUNARMS8A, RUNARMS4A, RUNARMS2A, P50ARMS1A, P50ARMS1B, P50ARMS1C, P50ARMS2A, P50ARMS2B, P50ARMS2C, P50ARMS3A, P50ARMS3B, P50ARMS3C"
"416","0.266644609975284","5.8175256057786","0.001","0.324574834807718","0.363674223578862","0.0998384304621694",NA,"RUNARMS3A, RUNARMS1A, RUNARMS3C, RUNARMS6A, RUNARMS7B, RUNARMS6C, RUNARMS6B, RUNARMS2A, RUNARMS5A, P50ARMS1A, P50ARMS1B, P50ARMS1C, P50ARMS2A, P50ARMS2B, P50ARMS2C, P50ARMS3A, P50ARMS3B, P50ARMS3C"
"417","0.276513615757653","6.11513630177794","0.002","0.33243773503195","0.372209278161964","0.0283840409406887",NA,"RUNARMS3B, RUNARMS1B, RUNARMS7B, RUNARMS4C, RUNARMS9A, RUNARMS5A, RUNARMS6B, RUNARMS2B, RUNARMS6C, P50ARMS1A, P50ARMS1B, P50ARMS1C, P50ARMS2A, P50ARMS2B, P50ARMS2C, P50ARMS3A, P50ARMS3B, P50ARMS3C"
"418","0.289482101777348","6.51878529734961","0.001","0.296867276415396","0.363674223825758","0.00845954598114552",NA,"RUNARMS8B, RUNARMS1B, RUNARMS7B, RUNARMS9A, RUNARMS6B, RUNARMS9B, RUNARMS7A, RUNARMS4B, RUNARMS3C, P50ARMS1A, P50ARMS1B, P50ARMS1C, P50ARMS2A, P50ARMS2B, P50ARMS2C, P50ARMS3A, P50ARMS3B, P50ARMS3C"
"419","0.288689129766996","6.49368127153586","0.001","0.325788083003219","0.363674224563855","0.0258544092125401",NA,"RUNARMS1A, RUNARMS8C, RUNARMS3B, RUNARMS9B, RUNARMS5A, RUNARMS4A, RUNARMS3A, RUNARMS2B, RUNARMS2A, P50ARMS1A, P50ARMS1B, P50ARMS1C, P50ARMS2A, P50ARMS2B, P50ARMS2C, P50ARMS3A, P50ARMS3B, P50ARMS3C"
"420","0.293931295798993","6.66068429998711","0.001","0.302568005071623","0.363674223559147","0.0211852563881523",NA,"RUNARMS4A, RUNARMS7C, RUNARMS7B, RUNARMS1A, RUNARMS9B, RUNARMS3C, RUNARMS5C, RUNARMS8A, RUNARMS3A, P50ARMS1A, P50ARMS1B, P50ARMS1C, P50ARMS2A, P50ARMS2B, P50ARMS2C, P50ARMS3A, P50ARMS3B, P50ARMS3C"
"421","0.299477743533001","6.84010229838249","0.001","0.313390097617428","0.367326520489892","0.0146360767265756",NA,"RUNARMS5C, RUNARMS9B, RUNARMS1B, RUNARMS9A, RUNARMS6A, RUNARMS2C, RUNARMS4A, RUNARMS6C, RUNARMS2B, P50ARMS1A, P50ARMS1B, P50ARMS1C, P50ARMS2A, P50ARMS2B, P50ARMS2C, P50ARMS3A, P50ARMS3B, P50ARMS3C"
"422","0.303194607686827","6.96193481925429","0.001","0.302217073028568","0.363674224137404","0.0174408450586011",NA,"RUNARMS4C, RUNARMS2A, RUNARMS1A, RUNARMS7A, RUNARMS9C, RUNARMS9A, RUNARMS5A, RUNARMS7C, RUNARMS5C, P50ARMS1A, P50ARMS1B, P50ARMS1C, P50ARMS2A, P50ARMS2B, P50ARMS2C, P50ARMS3A, P50ARMS3B, P50ARMS3C"
"423","0.276193356955813","6.10535113729708","0.001","0.29900371646243","0.363674223668525","0.00972999767337672",NA,"RUNARMS5C, RUNARMS7A, RUNARMS8B, RUNARMS3C, RUNARMS4B, RUNARMS8A, RUNARMS1B, RUNARMS1A, RUNARMS6C, P50ARMS1A, P50ARMS1B, P50ARMS1C, P50ARMS2A, P50ARMS2B, P50ARMS2C, P50ARMS3A, P50ARMS3B, P50ARMS3C"
"424","0.271307726500913","5.95714237941628","0.001","0.310884423508379","0.363847102054201","0.0179269089380098",NA,"RUNARMS5A, RUNARMS6B, RUNARMS1B, RUNARMS1A, RUNARMS9B, RUNARMS2B, RUNARMS8B, RUNARMS4C, RUNARMS7C, P50ARMS1A, P50ARMS1B, P50ARMS1C, P50ARMS2A, P50ARMS2B, P50ARMS2C, P50ARMS3A, P50ARMS3B, P50ARMS3C"
"425","0.30773468663457","7.1125259219134","0.001","0.286112501353857","0.363674223563631","0.000142046656067428",NA,"RUNARMS9B, RUNARMS7C, RUNARMS7A, RUNARMS6C, RUNARMS1C, RUNARMS4B, RUNARMS9A, RUNARMS5C, RUNARMS3C, P50ARMS1A, P50ARMS1B, P50ARMS1C, P50ARMS2A, P50ARMS2B, P50ARMS2C, P50ARMS3A, P50ARMS3B, P50ARMS3C"
"426","0.298404677485447","6.80516914316818","0.001","0.290670487057539","0.36367422441554","0.00703187124792217",NA,"RUNARMS4C, RUNARMS4B, RUNARMS7B, RUNARMS2C, RUNARMS9C, RUNARMS1A, RUNARMS6A, RUNARMS1C, RUNARMS5C, P50ARMS1A, P50ARMS1B, P50ARMS1C, P50ARMS2A, P50ARMS2B, P50ARMS2C, P50ARMS3A, P50ARMS3B, P50ARMS3C"
"427","0.282240792090703","6.29159838520931","0.001","0.307004060534068","0.363674223918639","0.0126498631648401",NA,"RUNARMS1B, RUNARMS5B, RUNARMS8C, RUNARMS7B, RUNARMS3A, RUNARMS4C, RUNARMS3B, RUNARMS9B, RUNARMS7C, P50ARMS1A, P50ARMS1B, P50ARMS1C, P50ARMS2A, P50ARMS2B, P50ARMS2C, P50ARMS3A, P50ARMS3B, P50ARMS3C"
"428","0.272265026016414","5.98602591877201","0.001","0.327284877466087","0.363674223596037","0.111487985448084",NA,"RUNARMS9A, RUNARMS7A, RUNARMS9B, RUNARMS1C, RUNARMS5B, RUNARMS1B, RUNARMS8A, RUNARMS3A, RUNARMS4C, P50ARMS1A, P50ARMS1B, P50ARMS1C, P50ARMS2A, P50ARMS2B, P50ARMS2C, P50ARMS3A, P50ARMS3B, P50ARMS3C"
"429","0.287326131590674","6.45066180932337","0.001","0.304319142845348","0.363674224043186","0.024861696246084",NA,"RUNARMS6A, RUNARMS2B, RUNARMS7A, RUNARMS1A, RUNARMS6C, RUNARMS8C, RUNARMS9A, RUNARMS5C, RUNARMS7C, P50ARMS1A, P50ARMS1B, P50ARMS1C, P50ARMS2A, P50ARMS2B, P50ARMS2C, P50ARMS3A, P50ARMS3B, P50ARMS3C"
"430","0.271483444610337","5.96243843963444","0.001","0.322509031939007","0.363674228214211","0.0800067933963667",NA,"RUNARMS8A, RUNARMS6B, RUNARMS7C, RUNARMS9C, RUNARMS6C, RUNARMS1A, RUNARMS7B, RUNARMS2C, RUNARMS1C, P50ARMS1A, P50ARMS1B, P50ARMS1C, P50ARMS2A, P50ARMS2B, P50ARMS2C, P50ARMS3A, P50ARMS3B, P50ARMS3C"
"431","0.261067534644841","5.65285834654698","0.001","0.322162145452799","0.363674223580123","0.0558298218080124",NA,"RUNARMS6B, RUNARMS3C, RUNARMS2C, RUNARMS7C, RUNARMS7A, RUNARMS3B, RUNARMS5A, RUNARMS1A, RUNARMS1C, P50ARMS1A, P50ARMS1B, P50ARMS1C, P50ARMS2A, P50ARMS2B, P50ARMS2C, P50ARMS3A, P50ARMS3B, P50ARMS3C"
"432","0.286589239571297","6.42747220463185","0.001","0.305425541576764","0.363674223629123","0.00615994139221401",NA,"RUNARMS7C, RUNARMS6C, RUNARMS5A, RUNARMS8A, RUNARMS9A, RUNARMS3C, RUNARMS4C, RUNARMS8C, RUNARMS1A, P50ARMS1A, P50ARMS1B, P50ARMS1C, P50ARMS2A, P50ARMS2B, P50ARMS2C, P50ARMS3A, P50ARMS3B, P50ARMS3C"
"433","0.295247943377093","6.70301994813637","0.001","0.287242800851688","0.363674223584122","0.0032792933428704",NA,"RUNARMS9B, RUNARMS3C, RUNARMS2B, RUNARMS7B, RUNARMS9C, RUNARMS5C, RUNARMS1B, RUNARMS8B, RUNARMS5B, P50ARMS1A, P50ARMS1B, P50ARMS1C, P50ARMS2A, P50ARMS2B, P50ARMS2C, P50ARMS3A, P50ARMS3B, P50ARMS3C"
"434","0.266694933573005","5.8190228494663","0.001","0.310726038385441","0.363674223770616","0.0240135023210068",NA,"RUNARMS1B, RUNARMS1A, RUNARMS2C, RUNARMS6B, RUNARMS8A, RUNARMS8B, RUNARMS3C, RUNARMS4B, RUNARMS8C, P50ARMS1A, P50ARMS1B, P50ARMS1C, P50ARMS2A, P50ARMS2B, P50ARMS2C, P50ARMS3A, P50ARMS3B, P50ARMS3C"
"435","0.285522274611882","6.39398015005786","0.001","0.311605174412629","0.36367422355806","0.0356561715218287",NA,"RUNARMS6A, RUNARMS1B, RUNARMS3B, RUNARMS5C, RUNARMS2A, RUNARMS7A, RUNARMS1A, RUNARMS8C, RUNARMS9C, P50ARMS1A, P50ARMS1B, P50ARMS1C, P50ARMS2A, P50ARMS2B, P50ARMS2C, P50ARMS3A, P50ARMS3B, P50ARMS3C"
"436","0.270666208568135","5.93782899951472","0.001","0.309850404971854","0.36367422357261","0.0207849242607184",NA,"RUNARMS6A, RUNARMS2C, RUNARMS1C, RUNARMS4B, RUNARMS1A, RUNARMS8C, RUNARMS8A, RUNARMS1B, RUNARMS8B, P50ARMS1A, P50ARMS1B, P50ARMS1C, P50ARMS2A, P50ARMS2B, P50ARMS2C, P50ARMS3A, P50ARMS3B, P50ARMS3C"
"437","0.271867449457133","5.97402105986201","0.001","0.319932443314271","0.363674223908696","0.0140705724867371",NA,"RUNARMS9C, RUNARMS2C, RUNARMS4B, RUNARMS5A, RUNARMS1A, RUNARMS1C, RUNARMS2A, RUNARMS2B, RUNARMS3C, P50ARMS1A, P50ARMS1B, P50ARMS1C, P50ARMS2A, P50ARMS2B, P50ARMS2C, P50ARMS3A, P50ARMS3B, P50ARMS3C"
"438","0.290022960776987","6.53594006013228","0.001","0.31318743960207","0.363674223557383","0.0325401949986035",NA,"RUNARMS3C, RUNARMS8B, RUNARMS9A, RUNARMS2B, RUNARMS8A, RUNARMS2A, RUNARMS1C, RUNARMS4C, RUNARMS7B, P50ARMS1A, P50ARMS1B, P50ARMS1C, P50ARMS2A, P50ARMS2B, P50ARMS2C, P50ARMS3A, P50ARMS3B, P50ARMS3C"
"439","0.265986444413509","5.79796255563114","0.001","0.315602554845769","0.363674223561852","0.065590600482098",NA,"RUNARMS7A, RUNARMS3C, RUNARMS8C, RUNARMS1B, RUNARMS3A, RUNARMS9B, RUNARMS6B, RUNARMS8B, RUNARMS2C, P50ARMS1A, P50ARMS1B, P50ARMS1C, P50ARMS2A, P50ARMS2B, P50ARMS2C, P50ARMS3A, P50ARMS3B, P50ARMS3C"
"440","0.287789457716143","6.4652670103598","0.001","0.299944402373063","0.363674224314611","0.0130216541026064",NA,"RUNARMS1B, RUNARMS5C, RUNARMS6A, RUNARMS9C, RUNARMS4B, RUNARMS2B, RUNARMS8B, RUNARMS3A, RUNARMS4A, P50ARMS1A, P50ARMS1B, P50ARMS1C, P50ARMS2A, P50ARMS2B, P50ARMS2C, P50ARMS3A, P50ARMS3B, P50ARMS3C"
"441","0.2928385905015","6.62566902702847","0.001","0.296074872540179","0.363674224276711","0.00106824652406583",NA,"RUNARMS5B, RUNARMS5C, RUNARMS9C, RUNARMS1C, RUNARMS3C, RUNARMS1B, RUNARMS9B, RUNARMS8C, RUNARMS9A, P50ARMS1A, P50ARMS1B, P50ARMS1C, P50ARMS2A, P50ARMS2B, P50ARMS2C, P50ARMS3A, P50ARMS3B, P50ARMS3C"
"442","0.293219183459942","6.63785267733448","0.001","0.287889030906093","0.363674223767669","0.00316189592356407",NA,"RUNARMS4B, RUNARMS6A, RUNARMS5A, RUNARMS1B, RUNARMS3C, RUNARMS7A, RUNARMS7B, RUNARMS8A, RUNARMS8B, P50ARMS1A, P50ARMS1B, P50ARMS1C, P50ARMS2A, P50ARMS2B, P50ARMS2C, P50ARMS3A, P50ARMS3B, P50ARMS3C"
"443","0.313870753634267","7.31922168417726","0.001","0.302472452947688","0.363674224559738","0.00901807782229171",NA,"RUNARMS3A, RUNARMS4C, RUNARMS3B, RUNARMS1C, RUNARMS9A, RUNARMS4A, RUNARMS2A, RUNARMS4B, RUNARMS5C, P50ARMS1A, P50ARMS1B, P50ARMS1C, P50ARMS2A, P50ARMS2B, P50ARMS2C, P50ARMS3A, P50ARMS3B, P50ARMS3C"
"444","0.280601353359362","6.24079802584409","0.001","0.312614365715959","0.36367422355755","0.021875757624876",NA,"RUNARMS6A, RUNARMS3C, RUNARMS2C, RUNARMS1A, RUNARMS5B, RUNARMS9B, RUNARMS6B, RUNARMS9C, RUNARMS6C, P50ARMS1A, P50ARMS1B, P50ARMS1C, P50ARMS2A, P50ARMS2B, P50ARMS2C, P50ARMS3A, P50ARMS3B, P50ARMS3C"
"445","0.265362370994298","5.77944522342977","0.001","0.335410180568229","0.36367422356739","0.153958080321028",NA,"RUNARMS4C, RUNARMS3B, RUNARMS7A, RUNARMS8A, RUNARMS2A, RUNARMS3A, RUNARMS1B, RUNARMS4B, RUNARMS8C, P50ARMS1A, P50ARMS1B, P50ARMS1C, P50ARMS2A, P50ARMS2B, P50ARMS2C, P50ARMS3A, P50ARMS3B, P50ARMS3C"
"446","0.286898961055523","6.43721313838359","0.001","0.300531617120753","0.363674224017955","0.0107053766097035",NA,"RUNARMS3A, RUNARMS1B, RUNARMS5C, RUNARMS7B, RUNARMS4C, RUNARMS9B, RUNARMS2B, RUNARMS8B, RUNARMS8C, P50ARMS1A, P50ARMS1B, P50ARMS1C, P50ARMS2A, P50ARMS2B, P50ARMS2C, P50ARMS3A, P50ARMS3B, P50ARMS3C"
"447","0.27633879624239","6.10979380533323","0.001","0.321943605699981","0.363674223759907","0.0298174980228501",NA,"RUNARMS4B, RUNARMS1C, RUNARMS7B, RUNARMS9B, RUNARMS6B, RUNARMS7A, RUNARMS2C, RUNARMS8C, RUNARMS3B, P50ARMS1A, P50ARMS1B, P50ARMS1C, P50ARMS2A, P50ARMS2B, P50ARMS2C, P50ARMS3A, P50ARMS3B, P50ARMS3C"
"448","0.292541199738959","6.61615799265804","0.001","0.29958656951076","0.363674223808801","0.00362304688549515",NA,"RUNARMS1C, RUNARMS3B, RUNARMS9B, RUNARMS3C, RUNARMS8B, RUNARMS7A, RUNARMS4C, RUNARMS2B, RUNARMS6C, P50ARMS1A, P50ARMS1B, P50ARMS1C, P50ARMS2A, P50ARMS2B, P50ARMS2C, P50ARMS3A, P50ARMS3B, P50ARMS3C"
"449","0.274993966224083","6.06878185091801","0.001","0.320972193798931","0.363674223557254","0.0273356004761339",NA,"RUNARMS2C, RUNARMS8C, RUNARMS1A, RUNARMS3A, RUNARMS6C, RUNARMS8A, RUNARMS5C, RUNARMS7B, RUNARMS1C, P50ARMS1A, P50ARMS1B, P50ARMS1C, P50ARMS2A, P50ARMS2B, P50ARMS2C, P50ARMS3A, P50ARMS3B, P50ARMS3C"
"450","0.28553254554875","6.39430207816656","0.001","0.314646050699484","0.363674223732593","0.0127911257410815",NA,"RUNARMS3A, RUNARMS7A, RUNARMS2C, RUNARMS7B, RUNARMS6C, RUNARMS1A, RUNARMS9C, RUNARMS8C, RUNARMS9B, P50ARMS1A, P50ARMS1B, P50ARMS1C, P50ARMS2A, P50ARMS2B, P50ARMS2C, P50ARMS3A, P50ARMS3B, P50ARMS3C"
"451","0.305154092758838","7.02668812359693","0.001","0.285129253688065","0.363674223570227","0.00501760637623588",NA,"RUNARMS2A, RUNARMS4B, RUNARMS5A, RUNARMS1B, RUNARMS7A, RUNARMS4C, RUNARMS1C, RUNARMS5C, RUNARMS6A, P50ARMS1A, P50ARMS1B, P50ARMS1C, P50ARMS2A, P50ARMS2B, P50ARMS2C, P50ARMS3A, P50ARMS3B, P50ARMS3C"
"452","0.267717649055164","5.84949559327193","0.001","0.32682124182206","0.3636742239633","0.0783673893520308",NA,"RUNARMS4A, RUNARMS3A, RUNARMS1B, RUNARMS9A, RUNARMS6A, RUNARMS5A, RUNARMS1A, RUNARMS6B, RUNARMS6C, P50ARMS1A, P50ARMS1B, P50ARMS1C, P50ARMS2A, P50ARMS2B, P50ARMS2C, P50ARMS3A, P50ARMS3B, P50ARMS3C"
"453","0.275102267647978","6.07207897876295","0.001","0.309380439459237","0.363674229089249","0.0282953593031878",NA,"RUNARMS4C, RUNARMS9C, RUNARMS4A, RUNARMS1B, RUNARMS8B, RUNARMS5A, RUNARMS6C, RUNARMS7B, RUNARMS3A, P50ARMS1A, P50ARMS1B, P50ARMS1C, P50ARMS2A, P50ARMS2B, P50ARMS2C, P50ARMS3A, P50ARMS3B, P50ARMS3C"
"454","0.29165535978014","6.58787473147794","0.001","0.306544356185684","0.363674224312085","0.0480129708345514",NA,"RUNARMS3B, RUNARMS7A, RUNARMS6B, RUNARMS9B, RUNARMS1A, RUNARMS8A, RUNARMS6A, RUNARMS3C, RUNARMS8B, P50ARMS1A, P50ARMS1B, P50ARMS1C, P50ARMS2A, P50ARMS2B, P50ARMS2C, P50ARMS3A, P50ARMS3B, P50ARMS3C"
"455","0.29240182192855","6.61170321778922","0.001","0.318147385902121","0.363674223609506","0.108682787203237",NA,"RUNARMS7B, RUNARMS3B, RUNARMS9B, RUNARMS1A, RUNARMS7C, RUNARMS7A, RUNARMS8A, RUNARMS9A, RUNARMS6B, P50ARMS1A, P50ARMS1B, P50ARMS1C, P50ARMS2A, P50ARMS2B, P50ARMS2C, P50ARMS3A, P50ARMS3B, P50ARMS3C"
"456","0.264163172472728","5.74395110634362","0.001","0.31743222227992","0.366092797880891","0.0254549013252793",NA,"RUNARMS5C, RUNARMS8C, RUNARMS2B, RUNARMS1C, RUNARMS7C, RUNARMS5B, RUNARMS2C, RUNARMS1B, RUNARMS6B, P50ARMS1A, P50ARMS1B, P50ARMS1C, P50ARMS2A, P50ARMS2B, P50ARMS2C, P50ARMS3A, P50ARMS3B, P50ARMS3C"
"457","0.291899148515652","6.59565140538977","0.001","0.297682068364973","0.36367422362392","0.00890495129794489",NA,"RUNARMS2A, RUNARMS3B, RUNARMS8C, RUNARMS1B, RUNARMS9C, RUNARMS7B, RUNARMS8B, RUNARMS3C, RUNARMS5C, P50ARMS1A, P50ARMS1B, P50ARMS1C, P50ARMS2A, P50ARMS2B, P50ARMS2C, P50ARMS3A, P50ARMS3B, P50ARMS3C"
"458","0.287446495738023","6.45445416280971","0.002","0.299337396244534","0.36367422372026","0.0333978214014588",NA,"RUNARMS1B, RUNARMS3A, RUNARMS5C, RUNARMS9C, RUNARMS7A, RUNARMS9B, RUNARMS6A, RUNARMS8B, RUNARMS1A, P50ARMS1A, P50ARMS1B, P50ARMS1C, P50ARMS2A, P50ARMS2B, P50ARMS2C, P50ARMS3A, P50ARMS3B, P50ARMS3C"
"459","0.272236389623255","5.98516080203185","0.001","0.3038126832098","0.363674224510203","0.0384451553646943",NA,"RUNARMS8B, RUNARMS3A, RUNARMS7C, RUNARMS6A, RUNARMS7A, RUNARMS2C, RUNARMS1B, RUNARMS1A, RUNARMS8C, P50ARMS1A, P50ARMS1B, P50ARMS1C, P50ARMS2A, P50ARMS2B, P50ARMS2C, P50ARMS3A, P50ARMS3B, P50ARMS3C"
"460","0.295165563420162","6.70036645433917","0.001","0.32154408893771","0.363674224920427","0.014419820855355",NA,"RUNARMS2A, RUNARMS2C, RUNARMS5A, RUNARMS6A, RUNARMS2B, RUNARMS9B, RUNARMS1C, RUNARMS6C, RUNARMS3B, P50ARMS1A, P50ARMS1B, P50ARMS1C, P50ARMS2A, P50ARMS2B, P50ARMS2C, P50ARMS3A, P50ARMS3B, P50ARMS3C"
"461","0.2815421919421","6.26992291064443","0.001","0.310251968144726","0.36367422415647","0.0643677918436545",NA,"RUNARMS6B, RUNARMS1B, RUNARMS7B, RUNARMS2C, RUNARMS8A, RUNARMS7C, RUNARMS5A, RUNARMS7A, RUNARMS5C, P50ARMS1A, P50ARMS1B, P50ARMS1C, P50ARMS2A, P50ARMS2B, P50ARMS2C, P50ARMS3A, P50ARMS3B, P50ARMS3C"
"462","0.276050809161072","6.10099852651104","0.001","0.323662999804907","0.363674223557253","0.0202284287735472",NA,"RUNARMS9C, RUNARMS2C, RUNARMS8B, RUNARMS6C, RUNARMS2B, RUNARMS1A, RUNARMS4C, RUNARMS3A, RUNARMS3B, P50ARMS1A, P50ARMS1B, P50ARMS1C, P50ARMS2A, P50ARMS2B, P50ARMS2C, P50ARMS3A, P50ARMS3B, P50ARMS3C"
"463","0.275758134788331","6.09206726170656","0.001","0.314759731529264","0.363674223894517","0.0409810891687974",NA,"RUNARMS1B, RUNARMS6A, RUNARMS1A, RUNARMS4C, RUNARMS6B, RUNARMS7C, RUNARMS4A, RUNARMS2A, RUNARMS6C, P50ARMS1A, P50ARMS1B, P50ARMS1C, P50ARMS2A, P50ARMS2B, P50ARMS2C, P50ARMS3A, P50ARMS3B, P50ARMS3C"
"464","0.295370398277848","6.70696541969732","0.001","0.293135178454883","0.363674226402343","0.0020727210397447",NA,"RUNARMS1C, RUNARMS3C, RUNARMS3A, RUNARMS9A, RUNARMS5B, RUNARMS1A, RUNARMS4C, RUNARMS5C, RUNARMS7B, P50ARMS1A, P50ARMS1B, P50ARMS1C, P50ARMS2A, P50ARMS2B, P50ARMS2C, P50ARMS3A, P50ARMS3B, P50ARMS3C"
"465","0.258619365410637","5.58135680042694","0.001","0.346012960022658","0.363674223842133","0.306677816121304",NA,"RUNARMS5A, RUNARMS1C, RUNARMS6B, RUNARMS3A, RUNARMS1B, RUNARMS7A, RUNARMS9B, RUNARMS2A, RUNARMS8A, P50ARMS1A, P50ARMS1B, P50ARMS1C, P50ARMS2A, P50ARMS2B, P50ARMS2C, P50ARMS3A, P50ARMS3B, P50ARMS3C"
"466","0.263813135074333","5.73361243223963","0.001","0.325433734430736","0.363674223572097","0.0652284349458596",NA,"RUNARMS3B, RUNARMS6B, RUNARMS3C, RUNARMS6C, RUNARMS8C, RUNARMS5C, RUNARMS1B, RUNARMS2B, RUNARMS8A, P50ARMS1A, P50ARMS1B, P50ARMS1C, P50ARMS2A, P50ARMS2B, P50ARMS2C, P50ARMS3A, P50ARMS3B, P50ARMS3C"
"467","0.285417590842424","6.39069951198836","0.001","0.292941415521579","0.363674224574762","0.00374308030872232",NA,"RUNARMS5B, RUNARMS6A, RUNARMS1B, RUNARMS8B, RUNARMS9C, RUNARMS1A, RUNARMS4B, RUNARMS8A, RUNARMS3C, P50ARMS1A, P50ARMS1B, P50ARMS1C, P50ARMS2A, P50ARMS2B, P50ARMS2C, P50ARMS3A, P50ARMS3B, P50ARMS3C"
"468","0.28640045009556","6.42153880582267","0.001","0.321242252779775","0.363674223567176","0.0433135416264094",NA,"RUNARMS5B, RUNARMS6A, RUNARMS6B, RUNARMS9B, RUNARMS1A, RUNARMS2B, RUNARMS4C, RUNARMS3A, RUNARMS2A, P50ARMS1A, P50ARMS1B, P50ARMS1C, P50ARMS2A, P50ARMS2B, P50ARMS2C, P50ARMS3A, P50ARMS3B, P50ARMS3C"
"469","0.27728636001281","6.13878238175165","0.001","0.328949778915302","0.363674232837145","0.0608101128505635",NA,"RUNARMS6C, RUNARMS9A, RUNARMS4B, RUNARMS3B, RUNARMS6B, RUNARMS4A, RUNARMS2C, RUNARMS7A, RUNARMS1A, P50ARMS1A, P50ARMS1B, P50ARMS1C, P50ARMS2A, P50ARMS2B, P50ARMS2C, P50ARMS3A, P50ARMS3B, P50ARMS3C"
"470","0.299402901271815","6.83766237263226","0.001","0.298381516248435","0.363674224973185","0.0112274762536614",NA,"RUNARMS6A, RUNARMS9A, RUNARMS3B, RUNARMS3C, RUNARMS4A, RUNARMS1A, RUNARMS7B, RUNARMS8B, RUNARMS6B, P50ARMS1A, P50ARMS1B, P50ARMS1C, P50ARMS2A, P50ARMS2B, P50ARMS2C, P50ARMS3A, P50ARMS3B, P50ARMS3C"
"471","0.289373615234612","6.51534750610529","0.001","0.308806761540193","0.363674223685518","0.0113760575511593",NA,"RUNARMS8C, RUNARMS9A, RUNARMS7A, RUNARMS5B, RUNARMS4B, RUNARMS2A, RUNARMS9C, RUNARMS5C, RUNARMS1B, P50ARMS1A, P50ARMS1B, P50ARMS1C, P50ARMS2A, P50ARMS2B, P50ARMS2C, P50ARMS3A, P50ARMS3B, P50ARMS3C"
"472","0.279858025727552","6.21784116411854","0.001","0.330070512797395","0.363674223947276","0.123782092517402",NA,"RUNARMS9B, RUNARMS6A, RUNARMS2B, RUNARMS6C, RUNARMS8A, RUNARMS2C, RUNARMS1A, RUNARMS1C, RUNARMS9A, P50ARMS1A, P50ARMS1B, P50ARMS1C, P50ARMS2A, P50ARMS2B, P50ARMS2C, P50ARMS3A, P50ARMS3B, P50ARMS3C"
"473","0.285304421807852","6.38715403902827","0.001","0.309588099801931","0.36367422379619","0.0129666978756405",NA,"RUNARMS7C, RUNARMS1A, RUNARMS5C, RUNARMS3A, RUNARMS1C, RUNARMS4A, RUNARMS5A, RUNARMS9B, RUNARMS2B, P50ARMS1A, P50ARMS1B, P50ARMS1C, P50ARMS2A, P50ARMS2B, P50ARMS2C, P50ARMS3A, P50ARMS3B, P50ARMS3C"
"474","0.286556591738262","6.42644590267228","0.001","0.323920477432577","0.363674223787229","0.0792704478150794",NA,"RUNARMS2A, RUNARMS1A, RUNARMS6B, RUNARMS3A, RUNARMS5C, RUNARMS9A, RUNARMS4A, RUNARMS9C, RUNARMS4B, P50ARMS1A, P50ARMS1B, P50ARMS1C, P50ARMS2A, P50ARMS2B, P50ARMS2C, P50ARMS3A, P50ARMS3B, P50ARMS3C"
"475","0.290012829531162","6.53561848087262","0.001","0.307558009098304","0.363674223886077","0.034873989162005",NA,"RUNARMS8B, RUNARMS8A, RUNARMS2C, RUNARMS7B, RUNARMS5B, RUNARMS2B, RUNARMS6A, RUNARMS9C, RUNARMS1C, P50ARMS1A, P50ARMS1B, P50ARMS1C, P50ARMS2A, P50ARMS2B, P50ARMS2C, P50ARMS3A, P50ARMS3B, P50ARMS3C"
"476","0.30204029760115","6.92395957103091","0.001","0.299105838123645","0.363674223637663","0.0265113157914022",NA,"RUNARMS4C, RUNARMS7A, RUNARMS6A, RUNARMS1B, RUNARMS8A, RUNARMS5C, RUNARMS9C, RUNARMS2A, RUNARMS8B, P50ARMS1A, P50ARMS1B, P50ARMS1C, P50ARMS2A, P50ARMS2B, P50ARMS2C, P50ARMS3A, P50ARMS3B, P50ARMS3C"
"477","0.256581371176436","5.52219406355135","0.001","0.337777210278008","0.363674224134827","0.148139767857627",NA,"RUNARMS1B, RUNARMS2A, RUNARMS9A, RUNARMS1A, RUNARMS6B, RUNARMS7A, RUNARMS2C, RUNARMS5A, RUNARMS3C, P50ARMS1A, P50ARMS1B, P50ARMS1C, P50ARMS2A, P50ARMS2B, P50ARMS2C, P50ARMS3A, P50ARMS3B, P50ARMS3C"
"478","0.277393985549547","6.14207975028842","0.002","0.319805945246578","0.363674224066504","0.0242710603331733",NA,"RUNARMS2B, RUNARMS9A, RUNARMS1A, RUNARMS9B, RUNARMS3C, RUNARMS4A, RUNARMS8C, RUNARMS6B, RUNARMS4C, P50ARMS1A, P50ARMS1B, P50ARMS1C, P50ARMS2A, P50ARMS2B, P50ARMS2C, P50ARMS3A, P50ARMS3B, P50ARMS3C"
"479","0.267800393328022","5.85196475688345","0.002","0.311752785646869","0.363674225607124","0.0409910934590252",NA,"RUNARMS6C, RUNARMS3C, RUNARMS7C, RUNARMS1B, RUNARMS2B, RUNARMS9B, RUNARMS3A, RUNARMS6A, RUNARMS7B, P50ARMS1A, P50ARMS1B, P50ARMS1C, P50ARMS2A, P50ARMS2B, P50ARMS2C, P50ARMS3A, P50ARMS3B, P50ARMS3C"
"480","0.28995010109558","6.5336276009438","0.001","0.294899206316464","0.363674223557569","0.00306236882823261",NA,"RUNARMS1B, RUNARMS3C, RUNARMS7A, RUNARMS5C, RUNARMS9C, RUNARMS3B, RUNARMS4A, RUNARMS8C, RUNARMS8B, P50ARMS1A, P50ARMS1B, P50ARMS1C, P50ARMS2A, P50ARMS2B, P50ARMS2C, P50ARMS3A, P50ARMS3B, P50ARMS3C"
"481","0.278812572527351","6.18563356833727","0.001","0.310222556897056","0.36367422360427","0.0126732082791308",NA,"RUNARMS9A, RUNARMS5B, RUNARMS1A, RUNARMS4C, RUNARMS9B, RUNARMS1B, RUNARMS7C, RUNARMS3A, RUNARMS8C, P50ARMS1A, P50ARMS1B, P50ARMS1C, P50ARMS2A, P50ARMS2B, P50ARMS2C, P50ARMS3A, P50ARMS3B, P50ARMS3C"
"482","0.278710267445272","6.1824868396917","0.001","0.311427156395604","0.36367422531997","0.0575208613927415",NA,"RUNARMS3C, RUNARMS8B, RUNARMS5B, RUNARMS1A, RUNARMS7A, RUNARMS9B, RUNARMS6C, RUNARMS6B, RUNARMS2A, P50ARMS1A, P50ARMS1B, P50ARMS1C, P50ARMS2A, P50ARMS2B, P50ARMS2C, P50ARMS3A, P50ARMS3B, P50ARMS3C"
"483","0.261747601554729","5.67280463117401","0.001","0.319504303462725","0.363674225637703","0.0770659387011721",NA,"RUNARMS3C, RUNARMS1A, RUNARMS8A, RUNARMS3A, RUNARMS5A, RUNARMS4B, RUNARMS7C, RUNARMS7B, RUNARMS2B, P50ARMS1A, P50ARMS1B, P50ARMS1C, P50ARMS2A, P50ARMS2B, P50ARMS2C, P50ARMS3A, P50ARMS3B, P50ARMS3C"
"484","0.269485729947037","5.9023784420255","0.001","0.30904404668681","0.363674224931764","0.0294243677397884",NA,"RUNARMS7B, RUNARMS7C, RUNARMS6C, RUNARMS5A, RUNARMS1B, RUNARMS4B, RUNARMS3A, RUNARMS7A, RUNARMS6B, P50ARMS1A, P50ARMS1B, P50ARMS1C, P50ARMS2A, P50ARMS2B, P50ARMS2C, P50ARMS3A, P50ARMS3B, P50ARMS3C"
"485","0.269954025243376","5.91642794186206","0.001","0.320812219819093","0.363674223793831","0.0822307175308769",NA,"RUNARMS8A, RUNARMS6A, RUNARMS2B, RUNARMS4A, RUNARMS7C, RUNARMS1C, RUNARMS1B, RUNARMS7B, RUNARMS2C, P50ARMS1A, P50ARMS1B, P50ARMS1C, P50ARMS2A, P50ARMS2B, P50ARMS2C, P50ARMS3A, P50ARMS3B, P50ARMS3C"
"486","0.303857869273452","6.98381220412727","0.001","0.289094903963772","0.363674224774124","0.00968726414287523",NA,"RUNARMS1C, RUNARMS5C, RUNARMS7C, RUNARMS5A, RUNARMS6A, RUNARMS1A, RUNARMS7A, RUNARMS2A, RUNARMS4C, P50ARMS1A, P50ARMS1B, P50ARMS1C, P50ARMS2A, P50ARMS2B, P50ARMS2C, P50ARMS3A, P50ARMS3B, P50ARMS3C"
"487","0.290239882941371","6.54282766169901","0.001","0.302260248239705","0.363674223706654","0.00938131588516859",NA,"RUNARMS8B, RUNARMS1C, RUNARMS3C, RUNARMS2A, RUNARMS7C, RUNARMS2C, RUNARMS5B, RUNARMS3B, RUNARMS4C, P50ARMS1A, P50ARMS1B, P50ARMS1C, P50ARMS2A, P50ARMS2B, P50ARMS2C, P50ARMS3A, P50ARMS3B, P50ARMS3C"
"488","0.277517087475871","6.14585247988913","0.001","0.32854476412149","0.36367422372305","0.0581649087226857",NA,"RUNARMS8A, RUNARMS7C, RUNARMS2B, RUNARMS1A, RUNARMS3A, RUNARMS9C, RUNARMS3B, RUNARMS2C, RUNARMS5B, P50ARMS1A, P50ARMS1B, P50ARMS1C, P50ARMS2A, P50ARMS2B, P50ARMS2C, P50ARMS3A, P50ARMS3B, P50ARMS3C"
"489","0.272717782337536","5.99971291945665","0.001","0.321662470711297","0.363674401593565","0.0152980481628136",NA,"RUNARMS3C, RUNARMS7B, RUNARMS1A, RUNARMS2C, RUNARMS6C, RUNARMS4C, RUNARMS3B, RUNARMS3A, RUNARMS4A, P50ARMS1A, P50ARMS1B, P50ARMS1C, P50ARMS2A, P50ARMS2B, P50ARMS2C, P50ARMS3A, P50ARMS3B, P50ARMS3C"
"490","0.291063809148775","6.56902695401778","0.001","0.31077451762841","0.363674223557387","0.0134844990505517",NA,"RUNARMS9B, RUNARMS1C, RUNARMS3B, RUNARMS6A, RUNARMS5B, RUNARMS4A, RUNARMS2A, RUNARMS1B, RUNARMS7C, P50ARMS1A, P50ARMS1B, P50ARMS1C, P50ARMS2A, P50ARMS2B, P50ARMS2C, P50ARMS3A, P50ARMS3B, P50ARMS3C"
"491","0.273314685637786","6.01778360423127","0.002","0.310283191970583","0.363674223557253","0.0213410578602351",NA,"RUNARMS6C, RUNARMS3A, RUNARMS5C, RUNARMS6B, RUNARMS4A, RUNARMS7C, RUNARMS1B, RUNARMS7A, RUNARMS4B, P50ARMS1A, P50ARMS1B, P50ARMS1C, P50ARMS2A, P50ARMS2B, P50ARMS2C, P50ARMS3A, P50ARMS3B, P50ARMS3C"
"492","0.270209795905811","5.92410902508494","0.001","0.327934897815654","0.363674231699845","0.14548021513549",NA,"RUNARMS1A, RUNARMS3A, RUNARMS2C, RUNARMS2A, RUNARMS8A, RUNARMS3C, RUNARMS8B, RUNARMS6C, RUNARMS7A, P50ARMS1A, P50ARMS1B, P50ARMS1C, P50ARMS2A, P50ARMS2B, P50ARMS2C, P50ARMS3A, P50ARMS3B, P50ARMS3C"
"493","0.276721581902779","6.12149512506168","0.001","0.327465679181739","0.363674223727886","0.0407659149350058",NA,"RUNARMS9B, RUNARMS9C, RUNARMS1A, RUNARMS1B, RUNARMS4A, RUNARMS6C, RUNARMS3B, RUNARMS8A, RUNARMS7B, P50ARMS1A, P50ARMS1B, P50ARMS1C, P50ARMS2A, P50ARMS2B, P50ARMS2C, P50ARMS3A, P50ARMS3B, P50ARMS3C"
"494","0.291736732023759","6.5904698484755","0.001","0.302439071489183","0.363674224454431","0.00796359086331082",NA,"RUNARMS5C, RUNARMS4B, RUNARMS9B, RUNARMS6B, RUNARMS8A, RUNARMS1B, RUNARMS9C, RUNARMS5A, RUNARMS3C, P50ARMS1A, P50ARMS1B, P50ARMS1C, P50ARMS2A, P50ARMS2B, P50ARMS2C, P50ARMS3A, P50ARMS3B, P50ARMS3C"
"495","0.266561812176521","5.81506262645111","0.002","0.317760956053","0.363674223693672","0.0511736256841382",NA,"RUNARMS6A, RUNARMS3A, RUNARMS1C, RUNARMS7C, RUNARMS3C, RUNARMS6B, RUNARMS3B, RUNARMS9C, RUNARMS1A, P50ARMS1A, P50ARMS1B, P50ARMS1C, P50ARMS2A, P50ARMS2B, P50ARMS2C, P50ARMS3A, P50ARMS3B, P50ARMS3C"
"496","0.26992739426891","5.91562849283695","0.001","0.31347674389337","0.36367422377281","0.0247194412991411",NA,"RUNARMS4A, RUNARMS4C, RUNARMS9B, RUNARMS6C, RUNARMS7C, RUNARMS9C, RUNARMS3C, RUNARMS1B, RUNARMS3A, P50ARMS1A, P50ARMS1B, P50ARMS1C, P50ARMS2A, P50ARMS2B, P50ARMS2C, P50ARMS3A, P50ARMS3B, P50ARMS3C"
"497","0.283881225530323","6.34266237726951","0.001","0.322725265199622","0.370988937261126","0.0145988745334931",NA,"RUNARMS8C, RUNARMS2C, RUNARMS1A, RUNARMS5C, RUNARMS7B, RUNARMS9C, RUNARMS1C, RUNARMS2B, RUNARMS9A, P50ARMS1A, P50ARMS1B, P50ARMS1C, P50ARMS2A, P50ARMS2B, P50ARMS2C, P50ARMS3A, P50ARMS3B, P50ARMS3C"
"498","0.312659270768299","7.27812003500003","0.001","0.289297618761003","0.363674223564484","0.0155595235387199",NA,"RUNARMS8B, RUNARMS5A, RUNARMS5C, RUNARMS7B, RUNARMS4A, RUNARMS8A, RUNARMS7C, RUNARMS2A, RUNARMS1C, P50ARMS1A, P50ARMS1B, P50ARMS1C, P50ARMS2A, P50ARMS2B, P50ARMS2C, P50ARMS3A, P50ARMS3B, P50ARMS3C"
"499","0.271154740879828","5.95253354506889","0.001","0.320009898170051","0.36367422677144","0.0131090548629364",NA,"RUNARMS1B, RUNARMS4B, RUNARMS2C, RUNARMS8C, RUNARMS5B, RUNARMS2A, RUNARMS3A, RUNARMS9B, RUNARMS3C, P50ARMS1A, P50ARMS1B, P50ARMS1C, P50ARMS2A, P50ARMS2B, P50ARMS2C, P50ARMS3A, P50ARMS3B, P50ARMS3C"
"500","0.285613586165015","6.39684250727621","0.002","0.314855081173321","0.36367422454567","0.0183808860784627",NA,"RUNARMS4A, RUNARMS8A, RUNARMS4B, RUNARMS1C, RUNARMS6A, RUNARMS3A, RUNARMS9B, RUNARMS5B, RUNARMS1A, P50ARMS1A, P50ARMS1B, P50ARMS1C, P50ARMS2A, P50ARMS2B, P50ARMS2C, P50ARMS3A, P50ARMS3B, P50ARMS3C"
"501","0.282644347050255","6.30413872701564","0.001","0.31216689967802","0.363674223557253","0.00770619530543506",NA,"RUNARMS7C, RUNARMS3B, RUNARMS8C, RUNARMS1C, RUNARMS1A, RUNARMS5B, RUNARMS8A, RUNARMS9B, RUNARMS4B, P50ARMS1A, P50ARMS1B, P50ARMS1C, P50ARMS2A, P50ARMS2B, P50ARMS2C, P50ARMS3A, P50ARMS3B, P50ARMS3C"
"502","0.300980784633584","6.88921341255693","0.001","0.313786255522808","0.36367422386341","0.0250945821190439",NA,"RUNARMS5A, RUNARMS9B, RUNARMS1A, RUNARMS4A, RUNARMS4B, RUNARMS3A, RUNARMS9A, RUNARMS2A, RUNARMS5C, P50ARMS1A, P50ARMS1B, P50ARMS1C, P50ARMS2A, P50ARMS2B, P50ARMS2C, P50ARMS3A, P50ARMS3B, P50ARMS3C"
"503","0.285621204254494","6.39708134576257","0.001","0.306706748276579","0.363674223604132","0.00621278192923828",NA,"RUNARMS1C, RUNARMS9B, RUNARMS2A, RUNARMS4A, RUNARMS4B, RUNARMS1B, RUNARMS5A, RUNARMS8B, RUNARMS5B, P50ARMS1A, P50ARMS1B, P50ARMS1C, P50ARMS2A, P50ARMS2B, P50ARMS2C, P50ARMS3A, P50ARMS3B, P50ARMS3C"
"504","0.286345744840778","6.41982008000538","0.001","0.301604814646478","0.363674224359771","0.00907407346420959",NA,"RUNARMS5B, RUNARMS2A, RUNARMS1A, RUNARMS2B, RUNARMS5C, RUNARMS4B, RUNARMS7A, RUNARMS4C, RUNARMS3C, P50ARMS1A, P50ARMS1B, P50ARMS1C, P50ARMS2A, P50ARMS2B, P50ARMS2C, P50ARMS3A, P50ARMS3B, P50ARMS3C"
"505","0.288212950439472","6.47863319496854","0.001","0.319498436527679","0.36367422816785","0.0579380243706254",NA,"RUNARMS6B, RUNARMS1B, RUNARMS9B, RUNARMS2A, RUNARMS9A, RUNARMS1C, RUNARMS5C, RUNARMS5B, RUNARMS2C, P50ARMS1A, P50ARMS1B, P50ARMS1C, P50ARMS2A, P50ARMS2B, P50ARMS2C, P50ARMS3A, P50ARMS3B, P50ARMS3C"
"506","0.294441106661843","6.67705807562063","0.001","0.298093044306478","0.363674223557726","0.0121518059956235",NA,"RUNARMS6A, RUNARMS1B, RUNARMS3C, RUNARMS3B, RUNARMS1C, RUNARMS7B, RUNARMS5C, RUNARMS9C, RUNARMS2A, P50ARMS1A, P50ARMS1B, P50ARMS1C, P50ARMS2A, P50ARMS2B, P50ARMS2C, P50ARMS3A, P50ARMS3B, P50ARMS3C"
"507","0.278531901398355","6.17700274067741","0.001","0.301850871611411","0.363674223938092","0.0230201959622881",NA,"RUNARMS7B, RUNARMS4B, RUNARMS7C, RUNARMS9A, RUNARMS1C, RUNARMS7A, RUNARMS8A, RUNARMS1B, RUNARMS3C, P50ARMS1A, P50ARMS1B, P50ARMS1C, P50ARMS2A, P50ARMS2B, P50ARMS2C, P50ARMS3A, P50ARMS3B, P50ARMS3C"
"508","0.26158619283686","5.66806720674586","0.001","0.317805815005449","0.36367422368221","0.0528431785119358",NA,"RUNARMS8C, RUNARMS7C, RUNARMS6C, RUNARMS2B, RUNARMS4C, RUNARMS6B, RUNARMS1A, RUNARMS1C, RUNARMS9C, P50ARMS1A, P50ARMS1B, P50ARMS1C, P50ARMS2A, P50ARMS2B, P50ARMS2C, P50ARMS3A, P50ARMS3B, P50ARMS3C"
"509","0.278175237420233","6.16604476523743","0.001","0.305806471390584","0.363674224808717","0.0307711714679818",NA,"RUNARMS7B, RUNARMS5B, RUNARMS6C, RUNARMS2A, RUNARMS8B, RUNARMS3C, RUNARMS8C, RUNARMS2C, RUNARMS1A, P50ARMS1A, P50ARMS1B, P50ARMS1C, P50ARMS2A, P50ARMS2B, P50ARMS2C, P50ARMS3A, P50ARMS3B, P50ARMS3C"
"510","0.299090174114399","6.8274728204644","0.001","0.304804853332821","0.363674239128608","0.0084003470919084",NA,"RUNARMS1C, RUNARMS9B, RUNARMS8C, RUNARMS6C, RUNARMS3B, RUNARMS8B, RUNARMS2C, RUNARMS4B, RUNARMS9A, P50ARMS1A, P50ARMS1B, P50ARMS1C, P50ARMS2A, P50ARMS2B, P50ARMS2C, P50ARMS3A, P50ARMS3B, P50ARMS3C"
"511","0.291819677166405","6.59311574201931","0.001","0.300904472467684","0.363674223592239","0.0226035895076416",NA,"RUNARMS5C, RUNARMS9C, RUNARMS2C, RUNARMS6B, RUNARMS8B, RUNARMS3C, RUNARMS1C, RUNARMS8A, RUNARMS7B, P50ARMS1A, P50ARMS1B, P50ARMS1C, P50ARMS2A, P50ARMS2B, P50ARMS2C, P50ARMS3A, P50ARMS3B, P50ARMS3C"
"512","0.268045038052677","5.85926844109771","0.001","0.321553978767626","0.363674223571584","0.0448060682326506",NA,"RUNARMS4C, RUNARMS6C, RUNARMS7B, RUNARMS9A, RUNARMS3A, RUNARMS1A, RUNARMS2B, RUNARMS5C, RUNARMS1B, P50ARMS1A, P50ARMS1B, P50ARMS1C, P50ARMS2A, P50ARMS2B, P50ARMS2C, P50ARMS3A, P50ARMS3B, P50ARMS3C"
"513","0.291723208903052","6.59003852889194","0.001","0.30598831970248","0.363674223557254","0.0131508023927753",NA,"RUNARMS9B, RUNARMS7B, RUNARMS1B, RUNARMS9A, RUNARMS4C, RUNARMS2C, RUNARMS2B, RUNARMS5B, RUNARMS7C, P50ARMS1A, P50ARMS1B, P50ARMS1C, P50ARMS2A, P50ARMS2B, P50ARMS2C, P50ARMS3A, P50ARMS3B, P50ARMS3C"
"514","0.277793711821225","6.1543349343413","0.001","0.313013808002266","0.363674223633568","0.0326874742837289",NA,"RUNARMS3A, RUNARMS7C, RUNARMS6A, RUNARMS2C, RUNARMS9C, RUNARMS4C, RUNARMS3B, RUNARMS4B, RUNARMS1B, P50ARMS1A, P50ARMS1B, P50ARMS1C, P50ARMS2A, P50ARMS2B, P50ARMS2C, P50ARMS3A, P50ARMS3B, P50ARMS3C"
"515","0.277638344795365","6.1495699345606","0.001","0.317776264172807","0.363674223557426","0.0514906337242107",NA,"RUNARMS5B, RUNARMS3C, RUNARMS8A, RUNARMS5A, RUNARMS2C, RUNARMS1A, RUNARMS4A, RUNARMS6B, RUNARMS5C, P50ARMS1A, P50ARMS1B, P50ARMS1C, P50ARMS2A, P50ARMS2B, P50ARMS2C, P50ARMS3A, P50ARMS3B, P50ARMS3C"
"516","0.268547157962925","5.87427415749793","0.001","0.311658360094862","0.363674223605977","0.0251671452955816",NA,"RUNARMS3A, RUNARMS6C, RUNARMS3C, RUNARMS4A, RUNARMS4B, RUNARMS8B, RUNARMS2B, RUNARMS6B, RUNARMS1C, P50ARMS1A, P50ARMS1B, P50ARMS1C, P50ARMS2A, P50ARMS2B, P50ARMS2C, P50ARMS3A, P50ARMS3B, P50ARMS3C"
"517","0.283818862365954","6.34071683716371","0.001","0.319411285606779","0.363674223614613","0.046586324237931",NA,"RUNARMS4C, RUNARMS5C, RUNARMS6A, RUNARMS2C, RUNARMS1A, RUNARMS6C, RUNARMS2B, RUNARMS7A, RUNARMS2A, P50ARMS1A, P50ARMS1B, P50ARMS1C, P50ARMS2A, P50ARMS2B, P50ARMS2C, P50ARMS3A, P50ARMS3B, P50ARMS3C"
"518","0.286062820572442","6.41093538906178","0.001","0.318409897581274","0.363674223795663","0.0263254802096197",NA,"RUNARMS8A, RUNARMS3C, RUNARMS2B, RUNARMS8B, RUNARMS3B, RUNARMS4C, RUNARMS1C, RUNARMS2A, RUNARMS9C, P50ARMS1A, P50ARMS1B, P50ARMS1C, P50ARMS2A, P50ARMS2B, P50ARMS2C, P50ARMS3A, P50ARMS3B, P50ARMS3C"
"519","0.271539224938776","5.96412016646369","0.001","0.315395636008886","0.363674223708229","0.0555261703414515",NA,"RUNARMS3C, RUNARMS4A, RUNARMS1B, RUNARMS6C, RUNARMS7B, RUNARMS7C, RUNARMS8A, RUNARMS1C, RUNARMS2A, P50ARMS1A, P50ARMS1B, P50ARMS1C, P50ARMS2A, P50ARMS2B, P50ARMS2C, P50ARMS3A, P50ARMS3B, P50ARMS3C"
"520","0.290021422357246","6.53589122804612","0.001","0.297555742433432","0.363674223563987","0.0165428178563553",NA,"RUNARMS6B, RUNARMS5C, RUNARMS1B, RUNARMS4A, RUNARMS8B, RUNARMS9C, RUNARMS6A, RUNARMS3A, RUNARMS4B, P50ARMS1A, P50ARMS1B, P50ARMS1C, P50ARMS2A, P50ARMS2B, P50ARMS2C, P50ARMS3A, P50ARMS3B, P50ARMS3C"
"521","0.272722650808789","5.9998601878544","0.002","0.323311902182799","0.363674223851256","0.0535390181877824",NA,"RUNARMS1A, RUNARMS3A, RUNARMS6B, RUNARMS9B, RUNARMS6C, RUNARMS3B, RUNARMS7C, RUNARMS5A, RUNARMS8C, P50ARMS1A, P50ARMS1B, P50ARMS1C, P50ARMS2A, P50ARMS2B, P50ARMS2C, P50ARMS3A, P50ARMS3B, P50ARMS3C"
"522","0.277680149546945","6.15085185595334","0.001","0.317585285766176","0.363674223557302","0.0550179382250667",NA,"RUNARMS3B, RUNARMS6B, RUNARMS1A, RUNARMS2C, RUNARMS8C, RUNARMS5C, RUNARMS3C, RUNARMS2A, RUNARMS8B, P50ARMS1A, P50ARMS1B, P50ARMS1C, P50ARMS2A, P50ARMS2B, P50ARMS2C, P50ARMS3A, P50ARMS3B, P50ARMS3C"
"523","0.288145458766296","6.47650197225776","0.001","0.297941965802553","0.363674223784913","0.00185460409031053",NA,"RUNARMS3C, RUNARMS9B, RUNARMS6B, RUNARMS4A, RUNARMS6C, RUNARMS5C, RUNARMS4C, RUNARMS7C, RUNARMS1B, P50ARMS1A, P50ARMS1B, P50ARMS1C, P50ARMS2A, P50ARMS2B, P50ARMS2C, P50ARMS3A, P50ARMS3B, P50ARMS3C"
"524","0.27197142404446","5.97715931548421","0.001","0.329906852717491","0.363674225757033","0.0504238986612089",NA,"RUNARMS7A, RUNARMS2A, RUNARMS8C, RUNARMS4A, RUNARMS3A, RUNARMS1A, RUNARMS4B, RUNARMS3B, RUNARMS6C, P50ARMS1A, P50ARMS1B, P50ARMS1C, P50ARMS2A, P50ARMS2B, P50ARMS2C, P50ARMS3A, P50ARMS3B, P50ARMS3C"
"525","0.2638646987626","5.73513479533579","0.001","0.312794655272795","0.363674223694037","0.052438280096637",NA,"RUNARMS1A, RUNARMS1C, RUNARMS3C, RUNARMS7A, RUNARMS8C, RUNARMS4C, RUNARMS2B, RUNARMS8B, RUNARMS8A, P50ARMS1A, P50ARMS1B, P50ARMS1C, P50ARMS2A, P50ARMS2B, P50ARMS2C, P50ARMS3A, P50ARMS3B, P50ARMS3C"
"526","0.278365672078005","6.17189424188467","0.001","0.319551621780336","0.363674223559692","0.043184333166468",NA,"RUNARMS3C, RUNARMS1B, RUNARMS4B, RUNARMS4A, RUNARMS8A, RUNARMS2C, RUNARMS7C, RUNARMS3B, RUNARMS9A, P50ARMS1A, P50ARMS1B, P50ARMS1C, P50ARMS2A, P50ARMS2B, P50ARMS2C, P50ARMS3A, P50ARMS3B, P50ARMS3C"
"527","0.256290840511931","5.51378639872282","0.001","0.326860393087326","0.363674244973232","0.0306180170761068",NA,"RUNARMS1B, RUNARMS1A, RUNARMS7C, RUNARMS6C, RUNARMS3A, RUNARMS6A, RUNARMS2C, RUNARMS2B, RUNARMS4C, P50ARMS1A, P50ARMS1B, P50ARMS1C, P50ARMS2A, P50ARMS2B, P50ARMS2C, P50ARMS3A, P50ARMS3B, P50ARMS3C"
"528","0.285923083618781","6.40654981690823","0.001","0.306847345554789","0.363674224648755","0.00796977709449057",NA,"RUNARMS3C, RUNARMS8C, RUNARMS6A, RUNARMS9B, RUNARMS9C, RUNARMS8A, RUNARMS1B, RUNARMS4A, RUNARMS1A, P50ARMS1A, P50ARMS1B, P50ARMS1C, P50ARMS2A, P50ARMS2B, P50ARMS2C, P50ARMS3A, P50ARMS3B, P50ARMS3C"
"529","0.277518042690849","6.14588175958223","0.001","0.325919435535741","0.363674223850559","0.139796189016354",NA,"RUNARMS6B, RUNARMS2B, RUNARMS9B, RUNARMS8A, RUNARMS5B, RUNARMS1A, RUNARMS7A, RUNARMS6A, RUNARMS4A, P50ARMS1A, P50ARMS1B, P50ARMS1C, P50ARMS2A, P50ARMS2B, P50ARMS2C, P50ARMS3A, P50ARMS3B, P50ARMS3C"
"530","0.30754042421232","7.10604194013757","0.001","0.295097640648647","0.363674225086842","0.00305629182813584",NA,"RUNARMS8B, RUNARMS5A, RUNARMS1C, RUNARMS2B, RUNARMS9B, RUNARMS7A, RUNARMS4B, RUNARMS2A, RUNARMS5C, P50ARMS1A, P50ARMS1B, P50ARMS1C, P50ARMS2A, P50ARMS2B, P50ARMS2C, P50ARMS3A, P50ARMS3B, P50ARMS3C"
"531","0.26839928109184","5.86985275776982","0.001","0.324477749263741","0.368771217840778","0.0212160642706274",NA,"RUNARMS8B, RUNARMS8C, RUNARMS4B, RUNARMS3A, RUNARMS7B, RUNARMS5A, RUNARMS2A, RUNARMS1B, RUNARMS2B, P50ARMS1A, P50ARMS1B, P50ARMS1C, P50ARMS2A, P50ARMS2B, P50ARMS2C, P50ARMS3A, P50ARMS3B, P50ARMS3C"
"532","0.300190046831164","6.86335015320917","0.001","0.285670803158231","0.363674223558902","0.00739532854216426",NA,"RUNARMS1B, RUNARMS7B, RUNARMS5C, RUNARMS9B, RUNARMS3A, RUNARMS7C, RUNARMS4C, RUNARMS6A, RUNARMS1C, P50ARMS1A, P50ARMS1B, P50ARMS1C, P50ARMS2A, P50ARMS2B, P50ARMS2C, P50ARMS3A, P50ARMS3B, P50ARMS3C"
"533","0.281443926578079","6.26687741125686","0.001","0.300246581905746","0.363674223567615","0.0149149146332242",NA,"RUNARMS9B, RUNARMS1A, RUNARMS8C, RUNARMS7B, RUNARMS3A, RUNARMS5C, RUNARMS7C, RUNARMS4C, RUNARMS1B, P50ARMS1A, P50ARMS1B, P50ARMS1C, P50ARMS2A, P50ARMS2B, P50ARMS2C, P50ARMS3A, P50ARMS3B, P50ARMS3C"
"534","0.289008370561238","6.50378111009547","0.001","0.30888320588894","0.36367422360174","0.0128367413369658",NA,"RUNARMS5B, RUNARMS4B, RUNARMS6A, RUNARMS7A, RUNARMS2C, RUNARMS7C, RUNARMS9C, RUNARMS1A, RUNARMS2A, P50ARMS1A, P50ARMS1B, P50ARMS1C, P50ARMS2A, P50ARMS2B, P50ARMS2C, P50ARMS3A, P50ARMS3B, P50ARMS3C"
"535","0.286152358045898","6.41374637899098","0.001","0.316971716955906","0.363674223766955","0.0511572917511563",NA,"RUNARMS3A, RUNARMS8C, RUNARMS4A, RUNARMS9A, RUNARMS1A, RUNARMS5B, RUNARMS8A, RUNARMS6B, RUNARMS8B, P50ARMS1A, P50ARMS1B, P50ARMS1C, P50ARMS2A, P50ARMS2B, P50ARMS2C, P50ARMS3A, P50ARMS3B, P50ARMS3C"
"536","0.268173490245496","5.86310523974773","0.001","0.33100447185071","0.363674224800174","0.0713542675299295",NA,"RUNARMS3B, RUNARMS1A, RUNARMS6B, RUNARMS3C, RUNARMS9B, RUNARMS4A, RUNARMS3A, RUNARMS9C, RUNARMS6C, P50ARMS1A, P50ARMS1B, P50ARMS1C, P50ARMS2A, P50ARMS2B, P50ARMS2C, P50ARMS3A, P50ARMS3B, P50ARMS3C"
"537","0.290596620593419","6.55416377263959","0.001","0.321453323625572","0.369043213285441","0.0145759824490397",NA,"RUNARMS6A, RUNARMS9A, RUNARMS8B, RUNARMS2A, RUNARMS5A, RUNARMS2C, RUNARMS4C, RUNARMS2B, RUNARMS1B, P50ARMS1A, P50ARMS1B, P50ARMS1C, P50ARMS2A, P50ARMS2B, P50ARMS2C, P50ARMS3A, P50ARMS3B, P50ARMS3C"
"538","0.26789768675547","5.85486879435092","0.001","0.315601587359089","0.363674224771018","0.0679358518347229",NA,"RUNARMS3C, RUNARMS7C, RUNARMS9B, RUNARMS7B, RUNARMS6C, RUNARMS3A, RUNARMS1B, RUNARMS8C, RUNARMS2A, P50ARMS1A, P50ARMS1B, P50ARMS1C, P50ARMS2A, P50ARMS2B, P50ARMS2C, P50ARMS3A, P50ARMS3B, P50ARMS3C"
"539","0.294709393987488","6.68568426064667","0.001","0.297317676989779","0.363674223632721","0.00775681062318222",NA,"RUNARMS7A, RUNARMS8B, RUNARMS1A, RUNARMS2A, RUNARMS5C, RUNARMS8C, RUNARMS3C, RUNARMS9B, RUNARMS4C, P50ARMS1A, P50ARMS1B, P50ARMS1C, P50ARMS2A, P50ARMS2B, P50ARMS2C, P50ARMS3A, P50ARMS3B, P50ARMS3C"
"540","0.277281145989383","6.13862266247859","0.001","0.321456032548643","0.36367423961438","0.0268851176126497",NA,"RUNARMS1B, RUNARMS6A, RUNARMS4A, RUNARMS2A, RUNARMS3C, RUNARMS2B, RUNARMS1A, RUNARMS9A, RUNARMS9C, P50ARMS1A, P50ARMS1B, P50ARMS1C, P50ARMS2A, P50ARMS2B, P50ARMS2C, P50ARMS3A, P50ARMS3B, P50ARMS3C"
"541","0.301138249943945","6.89437073744079","0.001","0.298493687015195","0.363674223557825","0.00307917026891029",NA,"RUNARMS7A, RUNARMS9B, RUNARMS2A, RUNARMS3C, RUNARMS8C, RUNARMS7B, RUNARMS4A, RUNARMS1C, RUNARMS5C, P50ARMS1A, P50ARMS1B, P50ARMS1C, P50ARMS2A, P50ARMS2B, P50ARMS2C, P50ARMS3A, P50ARMS3B, P50ARMS3C"
"542","0.290133091770783","6.53943635703831","0.001","0.333135546579379","0.373404871764954","0.0360185005912276",NA,"RUNARMS9B, RUNARMS2A, RUNARMS2C, RUNARMS5A, RUNARMS2B, RUNARMS8A, RUNARMS1B, RUNARMS6A, RUNARMS8C, P50ARMS1A, P50ARMS1B, P50ARMS1C, P50ARMS2A, P50ARMS2B, P50ARMS2C, P50ARMS3A, P50ARMS3B, P50ARMS3C"
"543","0.287294641519651","6.44966985251193","0.001","0.307936347032855","0.363674223866115","0.0289069416606866",NA,"RUNARMS8A, RUNARMS7B, RUNARMS9B, RUNARMS8B, RUNARMS4A, RUNARMS1B, RUNARMS3B, RUNARMS1C, RUNARMS4B, P50ARMS1A, P50ARMS1B, P50ARMS1C, P50ARMS2A, P50ARMS2B, P50ARMS2C, P50ARMS3A, P50ARMS3B, P50ARMS3C"
"544","0.286016810621375","6.40949120094088","0.001","0.316451133803214","0.36367422433854","0.00674522190569918",NA,"RUNARMS1C, RUNARMS2C, RUNARMS5B, RUNARMS1A, RUNARMS3B, RUNARMS9B, RUNARMS7A, RUNARMS6C, RUNARMS9C, P50ARMS1A, P50ARMS1B, P50ARMS1C, P50ARMS2A, P50ARMS2B, P50ARMS2C, P50ARMS3A, P50ARMS3B, P50ARMS3C"
"545","0.284094118649636","6.34930654546418","0.001","0.293365435808162","0.363674223557253","0.00462166465270882",NA,"RUNARMS5C, RUNARMS2B, RUNARMS1C, RUNARMS5A, RUNARMS1B, RUNARMS8B, RUNARMS4B, RUNARMS3C, RUNARMS9A, P50ARMS1A, P50ARMS1B, P50ARMS1C, P50ARMS2A, P50ARMS2B, P50ARMS2C, P50ARMS3A, P50ARMS3B, P50ARMS3C"
"546","0.257335808033296","5.54405742604773","0.001","0.336015464218604","0.363674225330891","0.183326878264657",NA,"RUNARMS6B, RUNARMS4A, RUNARMS1B, RUNARMS7A, RUNARMS7C, RUNARMS8A, RUNARMS2B, RUNARMS3C, RUNARMS2A, P50ARMS1A, P50ARMS1B, P50ARMS1C, P50ARMS2A, P50ARMS2B, P50ARMS2C, P50ARMS3A, P50ARMS3B, P50ARMS3C"
"547","0.278960741093974","6.19019256215743","0.001","0.321014408489294","0.363674223557293","0.0521106045220627",NA,"RUNARMS6C, RUNARMS8B, RUNARMS8A, RUNARMS5A, RUNARMS2B, RUNARMS1C, RUNARMS3B, RUNARMS8C, RUNARMS2C, P50ARMS1A, P50ARMS1B, P50ARMS1C, P50ARMS2A, P50ARMS2B, P50ARMS2C, P50ARMS3A, P50ARMS3B, P50ARMS3C"
"548","0.287261704153094","6.44863239877985","0.001","0.287454896667147","0.363674224687288","0.00711184524745349",NA,"RUNARMS3B, RUNARMS1B, RUNARMS4B, RUNARMS8C, RUNARMS1A, RUNARMS7C, RUNARMS7B, RUNARMS8B, RUNARMS6A, P50ARMS1A, P50ARMS1B, P50ARMS1C, P50ARMS2A, P50ARMS2B, P50ARMS2C, P50ARMS3A, P50ARMS3B, P50ARMS3C"
"549","0.282340260638552","6.29468802894855","0.001","0.303363434845588","0.363674223930167","0.0106677693282535",NA,"RUNARMS7C, RUNARMS4B, RUNARMS1B, RUNARMS7A, RUNARMS5C, RUNARMS6B, RUNARMS1C, RUNARMS3B, RUNARMS4A, P50ARMS1A, P50ARMS1B, P50ARMS1C, P50ARMS2A, P50ARMS2B, P50ARMS2C, P50ARMS3A, P50ARMS3B, P50ARMS3C"
"550","0.28315344171995","6.31997882278914","0.001","0.301331331369854","0.363674224301936","0.00687969321400641",NA,"RUNARMS5B, RUNARMS5A, RUNARMS1A, RUNARMS7C, RUNARMS1C, RUNARMS3A, RUNARMS9A, RUNARMS6A, RUNARMS3C, P50ARMS1A, P50ARMS1B, P50ARMS1C, P50ARMS2A, P50ARMS2B, P50ARMS2C, P50ARMS3A, P50ARMS3B, P50ARMS3C"
"551","0.274904126082731","6.06604750563723","0.001","0.317832036444714","0.363674223581744","0.0560209929919187",NA,"RUNARMS7C, RUNARMS2A, RUNARMS1C, RUNARMS6B, RUNARMS2B, RUNARMS8C, RUNARMS5C, RUNARMS7A, RUNARMS6C, P50ARMS1A, P50ARMS1B, P50ARMS1C, P50ARMS2A, P50ARMS2B, P50ARMS2C, P50ARMS3A, P50ARMS3B, P50ARMS3C"
"552","0.290154433112151","6.54011399993414","0.001","0.305214678843074","0.363674225327496","0.0269406031460492",NA,"RUNARMS9A, RUNARMS8C, RUNARMS5C, RUNARMS7B, RUNARMS1B, RUNARMS2A, RUNARMS5B, RUNARMS7C, RUNARMS3A, P50ARMS1A, P50ARMS1B, P50ARMS1C, P50ARMS2A, P50ARMS2B, P50ARMS2C, P50ARMS3A, P50ARMS3B, P50ARMS3C"
"553","0.259733332129587","5.61383281787972","0.001","0.31484264923475","0.363674223602853","0.0283564142764729",NA,"RUNARMS6A, RUNARMS3C, RUNARMS7C, RUNARMS1A, RUNARMS6C, RUNARMS8C, RUNARMS2C, RUNARMS1C, RUNARMS2B, P50ARMS1A, P50ARMS1B, P50ARMS1C, P50ARMS2A, P50ARMS2B, P50ARMS2C, P50ARMS3A, P50ARMS3B, P50ARMS3C"
"554","0.274187448711622","6.04425918454931","0.001","0.337208824471466","0.363674223571166","0.19178564867648",NA,"RUNARMS4A, RUNARMS8A, RUNARMS1A, RUNARMS4C, RUNARMS7A, RUNARMS3B, RUNARMS9B, RUNARMS6B, RUNARMS3A, P50ARMS1A, P50ARMS1B, P50ARMS1C, P50ARMS2A, P50ARMS2B, P50ARMS2C, P50ARMS3A, P50ARMS3B, P50ARMS3C"
"555","0.280874649863093","6.24925042199377","0.001","0.307281797182803","0.363674223641786","0.0351418530497619",NA,"RUNARMS1A, RUNARMS1C, RUNARMS3B, RUNARMS4C, RUNARMS7C, RUNARMS3C, RUNARMS5C, RUNARMS8A, RUNARMS6B, P50ARMS1A, P50ARMS1B, P50ARMS1C, P50ARMS2A, P50ARMS2B, P50ARMS2C, P50ARMS3A, P50ARMS3B, P50ARMS3C"
"556","0.27209736174877","5.98096168251243","0.001","0.317469249891705","0.363674225101455","0.00717383576767599",NA,"RUNARMS5A, RUNARMS4A, RUNARMS7C, RUNARMS3B, RUNARMS8C, RUNARMS1B, RUNARMS5B, RUNARMS2B, RUNARMS3A, P50ARMS1A, P50ARMS1B, P50ARMS1C, P50ARMS2A, P50ARMS2B, P50ARMS2C, P50ARMS3A, P50ARMS3B, P50ARMS3C"
"557","0.264624468959764","5.75759095134287","0.001","0.34475817106001","0.363674224331104","0.188256246215373",NA,"RUNARMS3A, RUNARMS1B, RUNARMS2A, RUNARMS6C, RUNARMS6B, RUNARMS9A, RUNARMS1C, RUNARMS2C, RUNARMS3B, P50ARMS1A, P50ARMS1B, P50ARMS1C, P50ARMS2A, P50ARMS2B, P50ARMS2C, P50ARMS3A, P50ARMS3B, P50ARMS3C"
"558","0.275994986090363","6.09929446979902","0.001","0.315782932610489","0.363674223666828","0.0364891123455618",NA,"RUNARMS3A, RUNARMS6C, RUNARMS6B, RUNARMS1C, RUNARMS7A, RUNARMS4C, RUNARMS9A, RUNARMS8B, RUNARMS1A, P50ARMS1A, P50ARMS1B, P50ARMS1C, P50ARMS2A, P50ARMS2B, P50ARMS2C, P50ARMS3A, P50ARMS3B, P50ARMS3C"
"559","0.270301371686249","5.92686045878166","0.001","0.318215322626351","0.363674223824429","0.0226569306664304",NA,"RUNARMS3B, RUNARMS6B, RUNARMS9B, RUNARMS5B, RUNARMS1A, RUNARMS4B, RUNARMS7A, RUNARMS4C, RUNARMS1B, P50ARMS1A, P50ARMS1B, P50ARMS1C, P50ARMS2A, P50ARMS2B, P50ARMS2C, P50ARMS3A, P50ARMS3B, P50ARMS3C"
"560","0.304217735001648","6.99569966767965","0.001","0.288039034635184","0.363674223663204","0.00464728570153392",NA,"RUNARMS5A, RUNARMS8C, RUNARMS6A, RUNARMS4B, RUNARMS4C, RUNARMS1C, RUNARMS2C, RUNARMS4A, RUNARMS5C, P50ARMS1A, P50ARMS1B, P50ARMS1C, P50ARMS2A, P50ARMS2B, P50ARMS2C, P50ARMS3A, P50ARMS3B, P50ARMS3C"
"561","0.278498972473834","6.17599059402552","0.001","0.320052938896591","0.363674223783748","0.078177048943602",NA,"RUNARMS3B, RUNARMS1A, RUNARMS1C, RUNARMS4B, RUNARMS6A, RUNARMS3C, RUNARMS6B, RUNARMS8A, RUNARMS2A, P50ARMS1A, P50ARMS1B, P50ARMS1C, P50ARMS2A, P50ARMS2B, P50ARMS2C, P50ARMS3A, P50ARMS3B, P50ARMS3C"
"562","0.288171061806954","6.47731040636737","0.001","0.300345823898728","0.363674224626131","0.00147143843207596",NA,"RUNARMS2C, RUNARMS3A, RUNARMS1C, RUNARMS3C, RUNARMS5B, RUNARMS4A, RUNARMS5C, RUNARMS7B, RUNARMS8C, P50ARMS1A, P50ARMS1B, P50ARMS1C, P50ARMS2A, P50ARMS2B, P50ARMS2C, P50ARMS3A, P50ARMS3B, P50ARMS3C"
"563","0.276619393309749","6.11837012496955","0.001","0.321507001387215","0.363674223783444","0.0835290144899394",NA,"RUNARMS1A, RUNARMS5C, RUNARMS1B, RUNARMS9C, RUNARMS2A, RUNARMS8A, RUNARMS4C, RUNARMS2B, RUNARMS5B, P50ARMS1A, P50ARMS1B, P50ARMS1C, P50ARMS2A, P50ARMS2B, P50ARMS2C, P50ARMS3A, P50ARMS3B, P50ARMS3C"
"564","0.276949379113756","6.12846450555396","0.001","0.304075409589575","0.363674224231976","0.0401527421052587",NA,"RUNARMS7A, RUNARMS1C, RUNARMS9C, RUNARMS8B, RUNARMS7C, RUNARMS1B, RUNARMS9B, RUNARMS3A, RUNARMS5A, P50ARMS1A, P50ARMS1B, P50ARMS1C, P50ARMS2A, P50ARMS2B, P50ARMS2C, P50ARMS3A, P50ARMS3B, P50ARMS3C"
"565","0.28754409556594","6.45753021404126","0.001","0.31158985715813","0.363674223563677","0.0417654217368219",NA,"RUNARMS8A, RUNARMS4C, RUNARMS2B, RUNARMS3C, RUNARMS4A, RUNARMS5C, RUNARMS6B, RUNARMS1C, RUNARMS9B, P50ARMS1A, P50ARMS1B, P50ARMS1C, P50ARMS2A, P50ARMS2B, P50ARMS2C, P50ARMS3A, P50ARMS3B, P50ARMS3C"
"566","0.263832743929283","5.73419133771283","0.001","0.323316334547094","0.363674228269152","0.11961682788098",NA,"RUNARMS1A, RUNARMS8A, RUNARMS2B, RUNARMS9C, RUNARMS7A, RUNARMS6A, RUNARMS3C, RUNARMS4B, RUNARMS6B, P50ARMS1A, P50ARMS1B, P50ARMS1C, P50ARMS2A, P50ARMS2B, P50ARMS2C, P50ARMS3A, P50ARMS3B, P50ARMS3C"
"567","0.260636105979382","5.64022361572585","0.001","0.337738906593559","0.363674223719656","0.215468308857084",NA,"RUNARMS5B, RUNARMS6B, RUNARMS2C, RUNARMS1A, RUNARMS2A, RUNARMS8B, RUNARMS3A, RUNARMS8A, RUNARMS1B, P50ARMS1A, P50ARMS1B, P50ARMS1C, P50ARMS2A, P50ARMS2B, P50ARMS2C, P50ARMS3A, P50ARMS3B, P50ARMS3C"
"568","0.275285030172091","6.07764523451112","0.001","0.314613753306152","0.363674223558067","0.00870503522184704",NA,"RUNARMS6A, RUNARMS4B, RUNARMS1C, RUNARMS2C, RUNARMS9C, RUNARMS1A, RUNARMS5B, RUNARMS3A, RUNARMS5A, P50ARMS1A, P50ARMS1B, P50ARMS1C, P50ARMS2A, P50ARMS2B, P50ARMS2C, P50ARMS3A, P50ARMS3B, P50ARMS3C"
"569","0.262941031431281","5.70789676580438","0.001","0.327212631143028","0.363674224825351","0.119361560112621",NA,"RUNARMS3A, RUNARMS8A, RUNARMS6A, RUNARMS1C, RUNARMS7A, RUNARMS6C, RUNARMS5A, RUNARMS9C, RUNARMS1B, P50ARMS1A, P50ARMS1B, P50ARMS1C, P50ARMS2A, P50ARMS2B, P50ARMS2C, P50ARMS3A, P50ARMS3B, P50ARMS3C"
"570","0.288030246009194","6.4728647675202","0.001","0.30801949723044","0.363674223564614","0.0169219871180176",NA,"RUNARMS1A, RUNARMS8C, RUNARMS3B, RUNARMS6B, RUNARMS5A, RUNARMS7A, RUNARMS9A, RUNARMS3C, RUNARMS6A, P50ARMS1A, P50ARMS1B, P50ARMS1C, P50ARMS2A, P50ARMS2B, P50ARMS2C, P50ARMS3A, P50ARMS3B, P50ARMS3C"
"571","0.269204097912961","5.89393776608009","0.001","0.313922574460541","0.363674223603359","0.0856149878929084",NA,"RUNARMS6A, RUNARMS1A, RUNARMS1B, RUNARMS4C, RUNARMS7A, RUNARMS8B, RUNARMS3A, RUNARMS8A, RUNARMS7B, P50ARMS1A, P50ARMS1B, P50ARMS1C, P50ARMS2A, P50ARMS2B, P50ARMS2C, P50ARMS3A, P50ARMS3B, P50ARMS3C"
"572","0.273947889394733","6.03698572911212","0.001","0.328827613984492","0.36367423099898","0.0712206450558595",NA,"RUNARMS1B, RUNARMS4A, RUNARMS8A, RUNARMS2B, RUNARMS9B, RUNARMS4C, RUNARMS2A, RUNARMS7A, RUNARMS3C, P50ARMS1A, P50ARMS1B, P50ARMS1C, P50ARMS2A, P50ARMS2B, P50ARMS2C, P50ARMS3A, P50ARMS3B, P50ARMS3C"
"573","0.283425764690404","6.32846118600286","0.001","0.309871355483743","0.363674223691055","0.0165174630145826",NA,"RUNARMS3A, RUNARMS6C, RUNARMS4B, RUNARMS5C, RUNARMS3B, RUNARMS1B, RUNARMS5B, RUNARMS9B, RUNARMS5A, P50ARMS1A, P50ARMS1B, P50ARMS1C, P50ARMS2A, P50ARMS2B, P50ARMS2C, P50ARMS3A, P50ARMS3B, P50ARMS3C"
"574","0.293877154862057","6.65894682514393","0.001","0.310385297501609","0.363674223617355","0.0462138607254317",NA,"RUNARMS7B, RUNARMS9B, RUNARMS1A, RUNARMS5A, RUNARMS3B, RUNARMS7A, RUNARMS2A, RUNARMS8B, RUNARMS6C, P50ARMS1A, P50ARMS1B, P50ARMS1C, P50ARMS2A, P50ARMS2B, P50ARMS2C, P50ARMS3A, P50ARMS3B, P50ARMS3C"
"575","0.285932414803625","6.40684261784529","0.001","0.32023181386837","0.363674223607113","0.0206333067541684",NA,"RUNARMS4C, RUNARMS9B, RUNARMS3A, RUNARMS8C, RUNARMS1A, RUNARMS2C, RUNARMS7A, RUNARMS5A, RUNARMS9A, P50ARMS1A, P50ARMS1B, P50ARMS1C, P50ARMS2A, P50ARMS2B, P50ARMS2C, P50ARMS3A, P50ARMS3B, P50ARMS3C"
"576","0.285029731662192","6.37855293926761","0.001","0.295376266908462","0.363674224785129","0.00178271413914098",NA,"RUNARMS6B, RUNARMS6C, RUNARMS6A, RUNARMS8C, RUNARMS7C, RUNARMS4B, RUNARMS9A, RUNARMS3C, RUNARMS1B, P50ARMS1A, P50ARMS1B, P50ARMS1C, P50ARMS2A, P50ARMS2B, P50ARMS2C, P50ARMS3A, P50ARMS3B, P50ARMS3C"
"577","0.301084482770477","6.89260948651339","0.001","0.318030301044255","0.363674223989989","0.0445094859876024",NA,"RUNARMS2A, RUNARMS4B, RUNARMS9A, RUNARMS6B, RUNARMS5A, RUNARMS6A, RUNARMS8A, RUNARMS1C, RUNARMS9B, P50ARMS1A, P50ARMS1B, P50ARMS1C, P50ARMS2A, P50ARMS2B, P50ARMS2C, P50ARMS3A, P50ARMS3B, P50ARMS3C"
"578","0.276057553404553","6.10120441928045","0.001","0.316441269548078","0.36381893913334","0.0309731089151909",NA,"RUNARMS9C, RUNARMS8B, RUNARMS1A, RUNARMS4C, RUNARMS4B, RUNARMS8C, RUNARMS8A, RUNARMS6B, RUNARMS3A, P50ARMS1A, P50ARMS1B, P50ARMS1C, P50ARMS2A, P50ARMS2B, P50ARMS2C, P50ARMS3A, P50ARMS3B, P50ARMS3C"
"579","0.287561893169096","6.45809123149217","0.001","0.30810266931951","0.363674223557343","0.00277280976137729",NA,"RUNARMS2B, RUNARMS3B, RUNARMS3A, RUNARMS5B, RUNARMS5A, RUNARMS1C, RUNARMS8B, RUNARMS4A, RUNARMS8C, P50ARMS1A, P50ARMS1B, P50ARMS1C, P50ARMS2A, P50ARMS2B, P50ARMS2C, P50ARMS3A, P50ARMS3B, P50ARMS3C"
"580","0.28107679437604","6.2555063946134","0.001","0.321853733139825","0.363674250157745","0.0785118716756775",NA,"RUNARMS9B, RUNARMS1C, RUNARMS8A, RUNARMS9C, RUNARMS8C, RUNARMS2B, RUNARMS7C, RUNARMS2C, RUNARMS6B, P50ARMS1A, P50ARMS1B, P50ARMS1C, P50ARMS2A, P50ARMS2B, P50ARMS2C, P50ARMS3A, P50ARMS3B, P50ARMS3C"
"581","0.262141634929894","5.68437840842232","0.001","0.313137720340323","0.363674223562976","0.0116387788588615",NA,"RUNARMS4B, RUNARMS1B, RUNARMS2B, RUNARMS7B, RUNARMS6C, RUNARMS5B, RUNARMS4A, RUNARMS3C, RUNARMS9C, P50ARMS1A, P50ARMS1B, P50ARMS1C, P50ARMS2A, P50ARMS2B, P50ARMS2C, P50ARMS3A, P50ARMS3B, P50ARMS3C"
"582","0.285167113997038","6.38285382960641","0.001","0.30780720075905","0.363674223754276","0.0274152650973234",NA,"RUNARMS9B, RUNARMS5A, RUNARMS6B, RUNARMS1A, RUNARMS2C, RUNARMS7B, RUNARMS7C, RUNARMS8C, RUNARMS7A, P50ARMS1A, P50ARMS1B, P50ARMS1C, P50ARMS2A, P50ARMS2B, P50ARMS2C, P50ARMS3A, P50ARMS3B, P50ARMS3C"
"583","0.315351579402093","7.36965881850294","0.001","0.284267630279043","0.363674224274503","0.00461224357749881",NA,"RUNARMS4C, RUNARMS8C, RUNARMS9A, RUNARMS9B, RUNARMS1A, RUNARMS8B, RUNARMS2C, RUNARMS6A, RUNARMS7C, P50ARMS1A, P50ARMS1B, P50ARMS1C, P50ARMS2A, P50ARMS2B, P50ARMS2C, P50ARMS3A, P50ARMS3B, P50ARMS3C"
"584","0.287739061749096","6.46367748214738","0.001","0.320486424765944","0.363674223557496","0.0816946459388156",NA,"RUNARMS9B, RUNARMS1A, RUNARMS7C, RUNARMS6C, RUNARMS9C, RUNARMS6B, RUNARMS2A, RUNARMS6A, RUNARMS3B, P50ARMS1A, P50ARMS1B, P50ARMS1C, P50ARMS2A, P50ARMS2B, P50ARMS2C, P50ARMS3A, P50ARMS3B, P50ARMS3C"
"585","0.264884358280086","5.76528302753236","0.001","0.328591920121186","0.363674224112755","0.113706862218346",NA,"RUNARMS7B, RUNARMS1B, RUNARMS6A, RUNARMS2B, RUNARMS3B, RUNARMS8A, RUNARMS1C, RUNARMS2C, RUNARMS7C, P50ARMS1A, P50ARMS1B, P50ARMS1C, P50ARMS2A, P50ARMS2B, P50ARMS2C, P50ARMS3A, P50ARMS3B, P50ARMS3C"
"586","0.264533402009461","5.75489688276206","0.001","0.323659431098196","0.363674223620964","0.0240402341034064",NA,"RUNARMS9B, RUNARMS1A, RUNARMS2B, RUNARMS6A, RUNARMS9C, RUNARMS3A, RUNARMS7B, RUNARMS1B, RUNARMS1C, P50ARMS1A, P50ARMS1B, P50ARMS1C, P50ARMS2A, P50ARMS2B, P50ARMS2C, P50ARMS3A, P50ARMS3B, P50ARMS3C"
"587","0.286482443358368","6.42411535787352","0.001","0.298971095959028","0.363674224156552","0.00239544853482357",NA,"RUNARMS3C, RUNARMS4B, RUNARMS9B, RUNARMS5B, RUNARMS1B, RUNARMS9A, RUNARMS5C, RUNARMS1A, RUNARMS7A, P50ARMS1A, P50ARMS1B, P50ARMS1C, P50ARMS2A, P50ARMS2B, P50ARMS2C, P50ARMS3A, P50ARMS3B, P50ARMS3C"
"588","0.267705199203158","5.84912412677203","0.001","0.31754563593355","0.363674223557348","0.0728420622795265",NA,"RUNARMS4C, RUNARMS5A, RUNARMS4B, RUNARMS2B, RUNARMS3A, RUNARMS9C, RUNARMS1C, RUNARMS6B, RUNARMS1A, P50ARMS1A, P50ARMS1B, P50ARMS1C, P50ARMS2A, P50ARMS2B, P50ARMS2C, P50ARMS3A, P50ARMS3B, P50ARMS3C"
"589","0.271150720091156","5.95241244115807","0.001","0.305916819823267","0.363674223647358","0.0135844891542251",NA,"RUNARMS6B, RUNARMS1B, RUNARMS3C, RUNARMS6A, RUNARMS2C, RUNARMS4C, RUNARMS8C, RUNARMS7B, RUNARMS5B, P50ARMS1A, P50ARMS1B, P50ARMS1C, P50ARMS2A, P50ARMS2B, P50ARMS2C, P50ARMS3A, P50ARMS3B, P50ARMS3C"
"590","0.290349233486811","6.54630130058858","0.001","0.306339366430882","0.363674224297834","0.00138020861318084",NA,"RUNARMS8C, RUNARMS3C, RUNARMS4C, RUNARMS1C, RUNARMS3A, RUNARMS6A, RUNARMS2C, RUNARMS9B, RUNARMS4A, P50ARMS1A, P50ARMS1B, P50ARMS1C, P50ARMS2A, P50ARMS2B, P50ARMS2C, P50ARMS3A, P50ARMS3B, P50ARMS3C"
"591","0.302599320028871","6.94233495823715","0.001","0.291074432564066","0.364899675008352","0.00364718371622772",NA,"RUNARMS5A, RUNARMS1C, RUNARMS4C, RUNARMS4A, RUNARMS2B, RUNARMS4B, RUNARMS3C, RUNARMS5C, RUNARMS9A, P50ARMS1A, P50ARMS1B, P50ARMS1C, P50ARMS2A, P50ARMS2B, P50ARMS2C, P50ARMS3A, P50ARMS3B, P50ARMS3C"
"592","0.284784617839492","6.37088351157594","0.001","0.325147480456028","0.363674223559621","0.0686929914050826",NA,"RUNARMS2A, RUNARMS8A, RUNARMS7B, RUNARMS3B, RUNARMS6A, RUNARMS1C, RUNARMS9C, RUNARMS1A, RUNARMS5A, P50ARMS1A, P50ARMS1B, P50ARMS1C, P50ARMS2A, P50ARMS2B, P50ARMS2C, P50ARMS3A, P50ARMS3B, P50ARMS3C"
"593","0.262398989592206","5.69194425473218","0.001","0.320125628202287","0.363674223557766","0.0324660871487339",NA,"RUNARMS2A, RUNARMS3C, RUNARMS1B, RUNARMS9C, RUNARMS5A, RUNARMS6C, RUNARMS1A, RUNARMS7C, RUNARMS4A, P50ARMS1A, P50ARMS1B, P50ARMS1C, P50ARMS2A, P50ARMS2B, P50ARMS2C, P50ARMS3A, P50ARMS3B, P50ARMS3C"
"594","0.291343404877731","6.57793141294258","0.001","0.301024969986776","0.363674226327226","0.0220587901063542",NA,"RUNARMS6A, RUNARMS7A, RUNARMS8B, RUNARMS1C, RUNARMS3A, RUNARMS2A, RUNARMS7C, RUNARMS5B, RUNARMS5A, P50ARMS1A, P50ARMS1B, P50ARMS1C, P50ARMS2A, P50ARMS2B, P50ARMS2C, P50ARMS3A, P50ARMS3B, P50ARMS3C"
"595","0.286080562080053","6.4114923199417","0.001","0.304224668708975","0.363674223624676","0.0115485579347516",NA,"RUNARMS2A, RUNARMS7A, RUNARMS4C, RUNARMS3C, RUNARMS1C, RUNARMS9C, RUNARMS2B, RUNARMS7B, RUNARMS8B, P50ARMS1A, P50ARMS1B, P50ARMS1C, P50ARMS2A, P50ARMS2B, P50ARMS2C, P50ARMS3A, P50ARMS3B, P50ARMS3C"
"596","0.273357853265809","6.01909161464159","0.001","0.331172247587991","0.363674225425775","0.146974547223401",NA,"RUNARMS8B, RUNARMS9C, RUNARMS6B, RUNARMS2A, RUNARMS7A, RUNARMS1C, RUNARMS8A, RUNARMS1B, RUNARMS9A, P50ARMS1A, P50ARMS1B, P50ARMS1C, P50ARMS2A, P50ARMS2B, P50ARMS2C, P50ARMS3A, P50ARMS3B, P50ARMS3C"
"597","0.299268427373307","6.83327971083703","0.001","0.291831470883673","0.363674226020893","0.00965369449986852",NA,"RUNARMS7B, RUNARMS1B, RUNARMS5A, RUNARMS2C, RUNARMS6A, RUNARMS8B, RUNARMS4C, RUNARMS7A, RUNARMS9B, P50ARMS1A, P50ARMS1B, P50ARMS1C, P50ARMS2A, P50ARMS2B, P50ARMS2C, P50ARMS3A, P50ARMS3B, P50ARMS3C"
"598","0.287577828016309","6.4585935547866","0.001","0.294129313295064","0.363674225354488","0.00184537737612495",NA,"RUNARMS8B, RUNARMS5B, RUNARMS8C, RUNARMS4C, RUNARMS6B, RUNARMS9A, RUNARMS1B, RUNARMS5C, RUNARMS3C, P50ARMS1A, P50ARMS1B, P50ARMS1C, P50ARMS2A, P50ARMS2B, P50ARMS2C, P50ARMS3A, P50ARMS3B, P50ARMS3C"
"599","0.28948329539038","6.51882312716477","0.001","0.303586216522847","0.363674223561832","0.00975984104670005",NA,"RUNARMS1C, RUNARMS7A, RUNARMS1A, RUNARMS6A, RUNARMS2B, RUNARMS9B, RUNARMS4B, RUNARMS4A, RUNARMS4C, P50ARMS1A, P50ARMS1B, P50ARMS1C, P50ARMS2A, P50ARMS2B, P50ARMS2C, P50ARMS3A, P50ARMS3B, P50ARMS3C"
"600","0.273633399775655","6.02744453703992","0.001","0.325364031437519","0.363674223615367","0.0131460430216918",NA,"RUNARMS2C, RUNARMS4C, RUNARMS2B, RUNARMS4A, RUNARMS8C, RUNARMS6C, RUNARMS9A, RUNARMS9C, RUNARMS1B, P50ARMS1A, P50ARMS1B, P50ARMS1C, P50ARMS2A, P50ARMS2B, P50ARMS2C, P50ARMS3A, P50ARMS3B, P50ARMS3C"
"601","0.270537380029983","5.93395461532716","0.001","0.322135540607551","0.363674223559651","0.0506403900816386",NA,"RUNARMS2C, RUNARMS1A, RUNARMS3B, RUNARMS2B, RUNARMS8A, RUNARMS5B, RUNARMS7B, RUNARMS7C, RUNARMS3C, P50ARMS1A, P50ARMS1B, P50ARMS1C, P50ARMS2A, P50ARMS2B, P50ARMS2C, P50ARMS3A, P50ARMS3B, P50ARMS3C"
"602","0.281598434336165","6.27166638371017","0.001","0.31408770628917","0.363674248315803","0.054829439551188",NA,"RUNARMS2A, RUNARMS1A, RUNARMS7A, RUNARMS4C, RUNARMS6C, RUNARMS3C, RUNARMS8A, RUNARMS4A, RUNARMS8B, P50ARMS1A, P50ARMS1B, P50ARMS1C, P50ARMS2A, P50ARMS2B, P50ARMS2C, P50ARMS3A, P50ARMS3B, P50ARMS3C"
"603","0.326131327113166","7.74349876134834","0.001","0.284790466207757","0.363674223710669","0.00126980957960183",NA,"RUNARMS9C, RUNARMS3B, RUNARMS7B, RUNARMS4C, RUNARMS9A, RUNARMS6A, RUNARMS1C, RUNARMS9B, RUNARMS7C, P50ARMS1A, P50ARMS1B, P50ARMS1C, P50ARMS2A, P50ARMS2B, P50ARMS2C, P50ARMS3A, P50ARMS3B, P50ARMS3C"
"604","0.290560493111542","6.55301522489867","0.001","0.308340406822466","0.363674224046129","0.0074014158720316",NA,"RUNARMS5B, RUNARMS3C, RUNARMS7A, RUNARMS8C, RUNARMS2A, RUNARMS9A, RUNARMS4B, RUNARMS1A, RUNARMS9B, P50ARMS1A, P50ARMS1B, P50ARMS1C, P50ARMS2A, P50ARMS2B, P50ARMS2C, P50ARMS3A, P50ARMS3B, P50ARMS3C"
"605","0.27118125319913","5.95333211478377","0.001","0.327731079104277","0.365028146622928","0.0719016536213476",NA,"RUNARMS2B, RUNARMS5B, RUNARMS8A, RUNARMS4B, RUNARMS7A, RUNARMS2A, RUNARMS1B, RUNARMS8B, RUNARMS2C, P50ARMS1A, P50ARMS1B, P50ARMS1C, P50ARMS2A, P50ARMS2B, P50ARMS2C, P50ARMS3A, P50ARMS3B, P50ARMS3C"
"606","0.284164876961354","6.35151571227974","0.002","0.303708876202508","0.363674224131569","0.0232247013635052",NA,"RUNARMS2B, RUNARMS7C, RUNARMS8B, RUNARMS4C, RUNARMS2A, RUNARMS1B, RUNARMS5B, RUNARMS4A, RUNARMS7B, P50ARMS1A, P50ARMS1B, P50ARMS1C, P50ARMS2A, P50ARMS2B, P50ARMS2C, P50ARMS3A, P50ARMS3B, P50ARMS3C"
"607","0.272290054006088","5.98678207997704","0.001","0.297445150181911","0.363674223602909","0.00553798187809376",NA,"RUNARMS1C, RUNARMS4B, RUNARMS1B, RUNARMS6A, RUNARMS8C, RUNARMS5C, RUNARMS1A, RUNARMS3C, RUNARMS2C, P50ARMS1A, P50ARMS1B, P50ARMS1C, P50ARMS2A, P50ARMS2B, P50ARMS2C, P50ARMS3A, P50ARMS3B, P50ARMS3C"
"608","0.251379094282558","5.37263316827409","0.001","0.326447597483787","0.363674223575969","0.0220426234752822",NA,"RUNARMS2B, RUNARMS1C, RUNARMS5B, RUNARMS6C, RUNARMS7B, RUNARMS2C, RUNARMS5A, RUNARMS1B, RUNARMS1A, P50ARMS1A, P50ARMS1B, P50ARMS1C, P50ARMS2A, P50ARMS2B, P50ARMS2C, P50ARMS3A, P50ARMS3B, P50ARMS3C"
"609","0.286959380371918","6.43911434995878","0.001","0.301917607206595","0.363674223947676","0.0033363276675938",NA,"RUNARMS1A, RUNARMS1C, RUNARMS9B, RUNARMS5C, RUNARMS8C, RUNARMS3B, RUNARMS5B, RUNARMS3C, RUNARMS2B, P50ARMS1A, P50ARMS1B, P50ARMS1C, P50ARMS2A, P50ARMS2B, P50ARMS2C, P50ARMS3A, P50ARMS3B, P50ARMS3C"
"610","0.269052290798584","5.8893907164447","0.001","0.312421917705246","0.363674225774955","0.0289732410584446",NA,"RUNARMS8B, RUNARMS3C, RUNARMS3B, RUNARMS1B, RUNARMS6B, RUNARMS1A, RUNARMS9A, RUNARMS7A, RUNARMS4B, P50ARMS1A, P50ARMS1B, P50ARMS1C, P50ARMS2A, P50ARMS2B, P50ARMS2C, P50ARMS3A, P50ARMS3B, P50ARMS3C"
"611","0.281636626811049","6.27285047812637","0.001","0.317905094032501","0.363674223615578","0.0144620028108839",NA,"RUNARMS1A, RUNARMS3A, RUNARMS1C, RUNARMS2C, RUNARMS4A, RUNARMS9A, RUNARMS5C, RUNARMS6C, RUNARMS4B, P50ARMS1A, P50ARMS1B, P50ARMS1C, P50ARMS2A, P50ARMS2B, P50ARMS2C, P50ARMS3A, P50ARMS3B, P50ARMS3C"
"612","0.303160213774612","6.96080148733774","0.001","0.313357671782998","0.36367422367126","0.0189477655878012",NA,"RUNARMS9A, RUNARMS2C, RUNARMS9C, RUNARMS8A, RUNARMS6C, RUNARMS1C, RUNARMS5C, RUNARMS9B, RUNARMS4C, P50ARMS1A, P50ARMS1B, P50ARMS1C, P50ARMS2A, P50ARMS2B, P50ARMS2C, P50ARMS3A, P50ARMS3B, P50ARMS3C"
"613","0.291019151429513","6.56760536234607","0.001","0.308940714442717","0.363674223737183","0.0209969275143232",NA,"RUNARMS3B, RUNARMS9C, RUNARMS3A, RUNARMS8C, RUNARMS6A, RUNARMS2A, RUNARMS3C, RUNARMS5C, RUNARMS1C, P50ARMS1A, P50ARMS1B, P50ARMS1C, P50ARMS2A, P50ARMS2B, P50ARMS2C, P50ARMS3A, P50ARMS3B, P50ARMS3C"
"614","0.297556692805856","6.77763890143786","0.001","0.301727983362195","0.363674223576495","0.00297250574695256",NA,"RUNARMS4A, RUNARMS1C, RUNARMS2C, RUNARMS9B, RUNARMS7C, RUNARMS2B, RUNARMS8C, RUNARMS4C, RUNARMS6A, P50ARMS1A, P50ARMS1B, P50ARMS1C, P50ARMS2A, P50ARMS2B, P50ARMS2C, P50ARMS3A, P50ARMS3B, P50ARMS3C"
"615","0.285909021510827","6.4061085799624","0.001","0.313770712816492","0.363674224188682","0.0265298822074046",NA,"RUNARMS9C, RUNARMS5C, RUNARMS5B, RUNARMS1A, RUNARMS3A, RUNARMS1B, RUNARMS3B, RUNARMS9A, RUNARMS2B, P50ARMS1A, P50ARMS1B, P50ARMS1C, P50ARMS2A, P50ARMS2B, P50ARMS2C, P50ARMS3A, P50ARMS3B, P50ARMS3C"
"616","0.268614640065224","5.87629241228846","0.001","0.311853099671707","0.363674224335969","0.0156663153947223",NA,"RUNARMS1A, RUNARMS2A, RUNARMS2B, RUNARMS1C, RUNARMS6A, RUNARMS1B, RUNARMS7B, RUNARMS3C, RUNARMS4C, P50ARMS1A, P50ARMS1B, P50ARMS1C, P50ARMS2A, P50ARMS2B, P50ARMS2C, P50ARMS3A, P50ARMS3B, P50ARMS3C"
"617","0.259148542600161","5.59677198470403","0.001","0.329298086928438","0.363674223762348","0.147488293717555",NA,"RUNARMS1A, RUNARMS2C, RUNARMS7A, RUNARMS4B, RUNARMS1B, RUNARMS8A, RUNARMS5C, RUNARMS1C, RUNARMS3B, P50ARMS1A, P50ARMS1B, P50ARMS1C, P50ARMS2A, P50ARMS2B, P50ARMS2C, P50ARMS3A, P50ARMS3B, P50ARMS3C"
"618","0.267509835598669","5.84329671249155","0.001","0.329511218012145","0.363674223660549","0.0627294184696381",NA,"RUNARMS6B, RUNARMS2C, RUNARMS9A, RUNARMS3A, RUNARMS4B, RUNARMS3B, RUNARMS8C, RUNARMS1B, RUNARMS5B, P50ARMS1A, P50ARMS1B, P50ARMS1C, P50ARMS2A, P50ARMS2B, P50ARMS2C, P50ARMS3A, P50ARMS3B, P50ARMS3C"
"619","0.256799200677159","5.52850214178754","0.001","0.323238619762157","0.363674224467319","0.0400293068826059",NA,"RUNARMS8A, RUNARMS2B, RUNARMS1B, RUNARMS5B, RUNARMS1A, RUNARMS8C, RUNARMS7B, RUNARMS3C, RUNARMS2C, P50ARMS1A, P50ARMS1B, P50ARMS1C, P50ARMS2A, P50ARMS2B, P50ARMS2C, P50ARMS3A, P50ARMS3B, P50ARMS3C"
"620","0.306307028547355","7.06495907907905","0.001","0.309357051324005","0.363674225956035","0.0346629006079647",NA,"RUNARMS5B, RUNARMS8A, RUNARMS5C, RUNARMS2B, RUNARMS7A, RUNARMS9B, RUNARMS1C, RUNARMS3B, RUNARMS9A, P50ARMS1A, P50ARMS1B, P50ARMS1C, P50ARMS2A, P50ARMS2B, P50ARMS2C, P50ARMS3A, P50ARMS3B, P50ARMS3C"
"621","0.299949504396419","6.85549414004037","0.001","0.301261699561558","0.363674224772415","0.00854408273369254",NA,"RUNARMS4C, RUNARMS5C, RUNARMS2A, RUNARMS2B, RUNARMS1C, RUNARMS7A, RUNARMS7B, RUNARMS3C, RUNARMS9A, P50ARMS1A, P50ARMS1B, P50ARMS1C, P50ARMS2A, P50ARMS2B, P50ARMS2C, P50ARMS3A, P50ARMS3B, P50ARMS3C"
"622","0.283575830168504","6.33313820744383","0.001","0.310036921216478","0.363674224258798","0.0217022153063857",NA,"RUNARMS8C, RUNARMS2A, RUNARMS8A, RUNARMS1B, RUNARMS7A, RUNARMS3C, RUNARMS6A, RUNARMS5C, RUNARMS6C, P50ARMS1A, P50ARMS1B, P50ARMS1C, P50ARMS2A, P50ARMS2B, P50ARMS2C, P50ARMS3A, P50ARMS3B, P50ARMS3C"
"623","0.272852213446228","6.00378010614602","0.001","0.318342606540919","0.363674223562047","0.0796947044190056",NA,"RUNARMS8C, RUNARMS9A, RUNARMS1C, RUNARMS4A, RUNARMS2B, RUNARMS8A, RUNARMS7B, RUNARMS7C, RUNARMS1B, P50ARMS1A, P50ARMS1B, P50ARMS1C, P50ARMS2A, P50ARMS2B, P50ARMS2C, P50ARMS3A, P50ARMS3B, P50ARMS3C"
"624","0.290781596309962","6.56004626607625","0.001","0.31026592054968","0.363674223587439","0.00620788150530369",NA,"RUNARMS3C, RUNARMS4C, RUNARMS9C, RUNARMS9A, RUNARMS8B, RUNARMS5A, RUNARMS2A, RUNARMS3B, RUNARMS1B, P50ARMS1A, P50ARMS1B, P50ARMS1C, P50ARMS2A, P50ARMS2B, P50ARMS2C, P50ARMS3A, P50ARMS3B, P50ARMS3C"
"625","0.282205645938264","6.29050689722181","0.001","0.322720200607661","0.363674223587858","0.060621484613938",NA,"RUNARMS4C, RUNARMS1A, RUNARMS9B, RUNARMS5B, RUNARMS7B, RUNARMS3B, RUNARMS7A, RUNARMS2B, RUNARMS8A, P50ARMS1A, P50ARMS1B, P50ARMS1C, P50ARMS2A, P50ARMS2B, P50ARMS2C, P50ARMS3A, P50ARMS3B, P50ARMS3C"
"626","0.283237616047841","6.3226000111467","0.001","0.32225005061982","0.363674223557749","0.0550589052248435",NA,"RUNARMS4B, RUNARMS4C, RUNARMS1A, RUNARMS5A, RUNARMS2B, RUNARMS9B, RUNARMS4A, RUNARMS8A, RUNARMS2C, P50ARMS1A, P50ARMS1B, P50ARMS1C, P50ARMS2A, P50ARMS2B, P50ARMS2C, P50ARMS3A, P50ARMS3B, P50ARMS3C"
"627","0.288867940888279","6.49933721169271","0.001","0.299406896123875","0.363674223617632","0.00399956646435703",NA,"RUNARMS5B, RUNARMS5C, RUNARMS1A, RUNARMS3B, RUNARMS8C, RUNARMS1C, RUNARMS4B, RUNARMS3C, RUNARMS2A, P50ARMS1A, P50ARMS1B, P50ARMS1C, P50ARMS2A, P50ARMS2B, P50ARMS2C, P50ARMS3A, P50ARMS3B, P50ARMS3C"
"628","0.281457483123776","6.26729751436012","0.001","0.300084464769507","0.363674223609986","0.00782768842344754",NA,"RUNARMS3B, RUNARMS8C, RUNARMS4A, RUNARMS7C, RUNARMS1A, RUNARMS5B, RUNARMS8B, RUNARMS9C, RUNARMS1B, P50ARMS1A, P50ARMS1B, P50ARMS1C, P50ARMS2A, P50ARMS2B, P50ARMS2C, P50ARMS3A, P50ARMS3B, P50ARMS3C"
"629","0.284445103273714","6.36026903484432","0.001","0.309027889304062","0.363674224021315","0.046736358084973",NA,"RUNARMS6C, RUNARMS8A, RUNARMS8B, RUNARMS9C, RUNARMS5A, RUNARMS6A, RUNARMS2B, RUNARMS7B, RUNARMS1C, P50ARMS1A, P50ARMS1B, P50ARMS1C, P50ARMS2A, P50ARMS2B, P50ARMS2C, P50ARMS3A, P50ARMS3B, P50ARMS3C"
"630","0.283670202603522","6.33608047320169","0.001","0.325469482030418","0.363674223639424","0.0760717958412388",NA,"RUNARMS5B, RUNARMS9C, RUNARMS8A, RUNARMS9B, RUNARMS1A, RUNARMS7A, RUNARMS2B, RUNARMS3A, RUNARMS2C, P50ARMS1A, P50ARMS1B, P50ARMS1C, P50ARMS2A, P50ARMS2B, P50ARMS2C, P50ARMS3A, P50ARMS3B, P50ARMS3C"
"631","0.271246481838752","5.95529709464778","0.002","0.32905855930972","0.363674223635053","0.0722972199415702",NA,"RUNARMS5B, RUNARMS8A, RUNARMS1A, RUNARMS4C, RUNARMS2B, RUNARMS9C, RUNARMS3A, RUNARMS7C, RUNARMS3B, P50ARMS1A, P50ARMS1B, P50ARMS1C, P50ARMS2A, P50ARMS2B, P50ARMS2C, P50ARMS3A, P50ARMS3B, P50ARMS3C"
"632","0.296552984012578","6.74513877571994","0.001","0.31141118715592","0.363674223590842","0.00871158915117048",NA,"RUNARMS9C, RUNARMS7C, RUNARMS9A, RUNARMS5A, RUNARMS1C, RUNARMS9B, RUNARMS4A, RUNARMS3B, RUNARMS1A, P50ARMS1A, P50ARMS1B, P50ARMS1C, P50ARMS2A, P50ARMS2B, P50ARMS2C, P50ARMS3A, P50ARMS3B, P50ARMS3C"
"633","0.278687108032646","6.18177461983329","0.001","0.323425985594994","0.363674224034137","0.0200590139418324",NA,"RUNARMS9A, RUNARMS2A, RUNARMS4B, RUNARMS7A, RUNARMS6A, RUNARMS1A, RUNARMS1C, RUNARMS2C, RUNARMS8C, P50ARMS1A, P50ARMS1B, P50ARMS1C, P50ARMS2A, P50ARMS2B, P50ARMS2C, P50ARMS3A, P50ARMS3B, P50ARMS3C"
"634","0.286189989369262","6.41492800845149","0.001","0.313995996326454","0.363674223992904","0.00597732679536956",NA,"RUNARMS9B, RUNARMS5B, RUNARMS4A, RUNARMS9C, RUNARMS3A, RUNARMS1A, RUNARMS1C, RUNARMS7C, RUNARMS3B, P50ARMS1A, P50ARMS1B, P50ARMS1C, P50ARMS2A, P50ARMS2B, P50ARMS2C, P50ARMS3A, P50ARMS3B, P50ARMS3C"
"635","0.281150997714386","6.2578037239076","0.001","0.321892182261046","0.363674223796808","0.0341143025546292",NA,"RUNARMS5B, RUNARMS1C, RUNARMS4C, RUNARMS1A, RUNARMS2C, RUNARMS4A, RUNARMS8A, RUNARMS5A, RUNARMS9B, P50ARMS1A, P50ARMS1B, P50ARMS1C, P50ARMS2A, P50ARMS2B, P50ARMS2C, P50ARMS3A, P50ARMS3B, P50ARMS3C"
"636","0.283781919927343","6.33956450579533","0.001","0.316644985008396","0.363674223646645","0.0318974682247565",NA,"RUNARMS2A, RUNARMS7A, RUNARMS4B, RUNARMS9C, RUNARMS1A, RUNARMS4A, RUNARMS4C, RUNARMS2B, RUNARMS5A, P50ARMS1A, P50ARMS1B, P50ARMS1C, P50ARMS2A, P50ARMS2B, P50ARMS2C, P50ARMS3A, P50ARMS3B, P50ARMS3C"
"637","0.269807575671738","5.9120323176718","0.001","0.317669415484474","0.363674224751639","0.0693708060253918",NA,"RUNARMS2C, RUNARMS8B, RUNARMS6A, RUNARMS7C, RUNARMS6C, RUNARMS2A, RUNARMS1B, RUNARMS1C, RUNARMS3A, P50ARMS1A, P50ARMS1B, P50ARMS1C, P50ARMS2A, P50ARMS2B, P50ARMS2C, P50ARMS3A, P50ARMS3B, P50ARMS3C"
"638","0.289555724753204","6.52111890752007","0.001","0.305275197659511","0.367089540982583","0.00964566099130637",NA,"RUNARMS2C, RUNARMS5C, RUNARMS3C, RUNARMS2B, RUNARMS4A, RUNARMS9A, RUNARMS7B, RUNARMS1B, RUNARMS8B, P50ARMS1A, P50ARMS1B, P50ARMS1C, P50ARMS2A, P50ARMS2B, P50ARMS2C, P50ARMS3A, P50ARMS3B, P50ARMS3C"
"639","0.278400087877382","6.17295170246805","0.001","0.298387136273012","0.363992844940795","0.0131880688746451",NA,"RUNARMS2B, RUNARMS5A, RUNARMS1C, RUNARMS7B, RUNARMS4B, RUNARMS1B, RUNARMS7C, RUNARMS5C, RUNARMS3A, P50ARMS1A, P50ARMS1B, P50ARMS1C, P50ARMS2A, P50ARMS2B, P50ARMS2C, P50ARMS3A, P50ARMS3B, P50ARMS3C"
"640","0.287596929644249","6.45919573593377","0.001","0.31195953039079","0.363674223906116","0.019250500643376",NA,"RUNARMS2A, RUNARMS4A, RUNARMS9B, RUNARMS6A, RUNARMS6C, RUNARMS1A, RUNARMS9C, RUNARMS8C, RUNARMS3C, P50ARMS1A, P50ARMS1B, P50ARMS1C, P50ARMS2A, P50ARMS2B, P50ARMS2C, P50ARMS3A, P50ARMS3B, P50ARMS3C"
"641","0.27920851267499","6.19782042568088","0.001","0.309027389801354","0.363674223840978","0.0271284325387775",NA,"RUNARMS7C, RUNARMS4B, RUNARMS6B, RUNARMS7B, RUNARMS9B, RUNARMS1C, RUNARMS1A, RUNARMS2C, RUNARMS7A, P50ARMS1A, P50ARMS1B, P50ARMS1C, P50ARMS2A, P50ARMS2B, P50ARMS2C, P50ARMS3A, P50ARMS3B, P50ARMS3C"
"642","0.275060361266271","6.07080306430426","0.001","0.328074120823659","0.363674223557874","0.0378218836971738",NA,"RUNARMS4A, RUNARMS2B, RUNARMS8C, RUNARMS1C, RUNARMS6B, RUNARMS9A, RUNARMS5A, RUNARMS7A, RUNARMS2C, P50ARMS1A, P50ARMS1B, P50ARMS1C, P50ARMS2A, P50ARMS2B, P50ARMS2C, P50ARMS3A, P50ARMS3B, P50ARMS3C"
"643","0.285864161688699","6.4047010969717","0.001","0.306872081488898","0.363674223925845","0.00322622699183615",NA,"RUNARMS1C, RUNARMS3C, RUNARMS7B, RUNARMS3A, RUNARMS8C, RUNARMS7A, RUNARMS9C, RUNARMS4A, RUNARMS9B, P50ARMS1A, P50ARMS1B, P50ARMS1C, P50ARMS2A, P50ARMS2B, P50ARMS2C, P50ARMS3A, P50ARMS3B, P50ARMS3C"
"644","0.29594670141895","6.72555221635409","0.001","0.310877538766384","0.36367422435938","0.0358066641401141",NA,"RUNARMS8C, RUNARMS8A, RUNARMS2C, RUNARMS5C, RUNARMS6B, RUNARMS6A, RUNARMS1C, RUNARMS9A, RUNARMS5B, P50ARMS1A, P50ARMS1B, P50ARMS1C, P50ARMS2A, P50ARMS2B, P50ARMS2C, P50ARMS3A, P50ARMS3B, P50ARMS3C"
"645","0.265032830041257","5.76967986324906","0.001","0.312756281478649","0.363674223647105","0.00717130347469796",NA,"RUNARMS9C, RUNARMS1B, RUNARMS6C, RUNARMS5B, RUNARMS4B, RUNARMS9B, RUNARMS1A, RUNARMS6B, RUNARMS3C, P50ARMS1A, P50ARMS1B, P50ARMS1C, P50ARMS2A, P50ARMS2B, P50ARMS2C, P50ARMS3A, P50ARMS3B, P50ARMS3C"
"646","0.271449445112725","5.96141351162047","0.001","0.318995622584301","0.363674223945102","0.0729846861498853",NA,"RUNARMS5C, RUNARMS7A, RUNARMS1B, RUNARMS8A, RUNARMS9B, RUNARMS7C, RUNARMS3A, RUNARMS6C, RUNARMS1C, P50ARMS1A, P50ARMS1B, P50ARMS1C, P50ARMS2A, P50ARMS2B, P50ARMS2C, P50ARMS3A, P50ARMS3B, P50ARMS3C"
"647","0.281442420895107","6.26683075270209","0.001","0.293811820979529","0.363674225707285","0.0102999549960831",NA,"RUNARMS8B, RUNARMS4A, RUNARMS7C, RUNARMS2C, RUNARMS6C, RUNARMS9C, RUNARMS8C, RUNARMS1B, RUNARMS3C, P50ARMS1A, P50ARMS1B, P50ARMS1C, P50ARMS2A, P50ARMS2B, P50ARMS2C, P50ARMS3A, P50ARMS3B, P50ARMS3C"
"648","0.279047890252273","6.19287492701654","0.001","0.322738620904466","0.363674223693315","0.0289491449114829",NA,"RUNARMS4C, RUNARMS2C, RUNARMS9B, RUNARMS1C, RUNARMS6C, RUNARMS3B, RUNARMS2A, RUNARMS1A, RUNARMS3C, P50ARMS1A, P50ARMS1B, P50ARMS1C, P50ARMS2A, P50ARMS2B, P50ARMS2C, P50ARMS3A, P50ARMS3B, P50ARMS3C"
"649","0.285389350820383","6.38981467512164","0.001","0.2956980812106","0.36400935444959","0.0129834002819489",NA,"RUNARMS7C, RUNARMS3C, RUNARMS5B, RUNARMS8A, RUNARMS8B, RUNARMS4B, RUNARMS1B, RUNARMS7A, RUNARMS9A, P50ARMS1A, P50ARMS1B, P50ARMS1C, P50ARMS2A, P50ARMS2B, P50ARMS2C, P50ARMS3A, P50ARMS3B, P50ARMS3C"
"650","0.29153432756979","6.58401588480088","0.001","0.319329271816139","0.363674223582408","0.0582582695624509",NA,"RUNARMS4A, RUNARMS6B, RUNARMS2A, RUNARMS9A, RUNARMS1C, RUNARMS6C, RUNARMS5C, RUNARMS2B, RUNARMS5A, P50ARMS1A, P50ARMS1B, P50ARMS1C, P50ARMS2A, P50ARMS2B, P50ARMS2C, P50ARMS3A, P50ARMS3B, P50ARMS3C"
"651","0.268318399130374","5.86743520813357","0.001","0.334971511218782","0.363674223675194","0.109491981857994",NA,"RUNARMS3A, RUNARMS6B, RUNARMS8A, RUNARMS2C, RUNARMS5A, RUNARMS9B, RUNARMS5B, RUNARMS1C, RUNARMS1A, P50ARMS1A, P50ARMS1B, P50ARMS1C, P50ARMS2A, P50ARMS2B, P50ARMS2C, P50ARMS3A, P50ARMS3B, P50ARMS3C"
"652","0.266704469224771","5.81930658037019","0.001","0.322952687933399","0.363674225357507","0.0429984335573597",NA,"RUNARMS3C, RUNARMS2B, RUNARMS1C, RUNARMS2A, RUNARMS1A, RUNARMS6A, RUNARMS6C, RUNARMS9C, RUNARMS7A, P50ARMS1A, P50ARMS1B, P50ARMS1C, P50ARMS2A, P50ARMS2B, P50ARMS2C, P50ARMS3A, P50ARMS3B, P50ARMS3C"
"653","0.272423195503125","5.99080550824338","0.001","0.322720149850426","0.363674224822197","0.0189864539667659",NA,"RUNARMS1A, RUNARMS8C, RUNARMS2C, RUNARMS2A, RUNARMS1B, RUNARMS8B, RUNARMS4B, RUNARMS2B, RUNARMS9A, P50ARMS1A, P50ARMS1B, P50ARMS1C, P50ARMS2A, P50ARMS2B, P50ARMS2C, P50ARMS3A, P50ARMS3B, P50ARMS3C"
"654","0.278637725686767","6.18025612059164","0.001","0.327091939552674","0.36367422525282","0.100248914110122",NA,"RUNARMS5C, RUNARMS7A, RUNARMS4A, RUNARMS3A, RUNARMS6C, RUNARMS3B, RUNARMS5A, RUNARMS8A, RUNARMS1A, P50ARMS1A, P50ARMS1B, P50ARMS1C, P50ARMS2A, P50ARMS2B, P50ARMS2C, P50ARMS3A, P50ARMS3B, P50ARMS3C"
"655","0.287556419050921","6.45791867292237","0.001","0.30604787998615","0.363674223825679","0.030378344977724",NA,"RUNARMS5A, RUNARMS5C, RUNARMS3C, RUNARMS7B, RUNARMS8A, RUNARMS1C, RUNARMS4A, RUNARMS9C, RUNARMS2B, P50ARMS1A, P50ARMS1B, P50ARMS1C, P50ARMS2A, P50ARMS2B, P50ARMS2C, P50ARMS3A, P50ARMS3B, P50ARMS3C"
"656","0.286364664174801","6.42041445649365","0.001","0.319563266967855","0.36367423673288","0.00774587600350638",NA,"RUNARMS6A, RUNARMS2B, RUNARMS4B, RUNARMS2A, RUNARMS9C, RUNARMS7B, RUNARMS2C, RUNARMS3B, RUNARMS1B, P50ARMS1A, P50ARMS1B, P50ARMS1C, P50ARMS2A, P50ARMS2B, P50ARMS2C, P50ARMS3A, P50ARMS3B, P50ARMS3C"
"657","0.29782723882439","6.78641508852048","0.001","0.309450802298284","0.363674223576984","0.0223733454301551",NA,"RUNARMS8A, RUNARMS9C, RUNARMS1C, RUNARMS7C, RUNARMS9A, RUNARMS4C, RUNARMS4B, RUNARMS9B, RUNARMS3A, P50ARMS1A, P50ARMS1B, P50ARMS1C, P50ARMS2A, P50ARMS2B, P50ARMS2C, P50ARMS3A, P50ARMS3B, P50ARMS3C"
"658","0.296834752745578","6.75425308982998","0.001","0.299793439407249","0.363674224285454","0.0234450234397022",NA,"RUNARMS6C, RUNARMS7A, RUNARMS3B, RUNARMS7C, RUNARMS9A, RUNARMS8B, RUNARMS8A, RUNARMS8C, RUNARMS1B, P50ARMS1A, P50ARMS1B, P50ARMS1C, P50ARMS2A, P50ARMS2B, P50ARMS2C, P50ARMS3A, P50ARMS3B, P50ARMS3C"
"659","0.259652060243638","5.61146015381009","0.001","0.307993219265583","0.363674223669933","0.018443449831991",NA,"RUNARMS7C, RUNARMS8B, RUNARMS1B, RUNARMS1A, RUNARMS6B, RUNARMS6C, RUNARMS4B, RUNARMS1C, RUNARMS2B, P50ARMS1A, P50ARMS1B, P50ARMS1C, P50ARMS2A, P50ARMS2B, P50ARMS2C, P50ARMS3A, P50ARMS3B, P50ARMS3C"
"660","0.293950224946454","6.66129183142447","0.001","0.302469561158605","0.363674223593353","0.0148820560200081",NA,"RUNARMS5C, RUNARMS8B, RUNARMS1A, RUNARMS6C, RUNARMS9A, RUNARMS7A, RUNARMS5B, RUNARMS9C, RUNARMS3A, P50ARMS1A, P50ARMS1B, P50ARMS1C, P50ARMS2A, P50ARMS2B, P50ARMS2C, P50ARMS3A, P50ARMS3B, P50ARMS3C"
"661","0.266846484596318","5.82353308527782","0.001","0.321934512403793","0.363674224177124","0.0166732398769669",NA,"RUNARMS1A, RUNARMS4A, RUNARMS2B, RUNARMS5B, RUNARMS4C, RUNARMS2A, RUNARMS7C, RUNARMS5A, RUNARMS1B, P50ARMS1A, P50ARMS1B, P50ARMS1C, P50ARMS2A, P50ARMS2B, P50ARMS2C, P50ARMS3A, P50ARMS3B, P50ARMS3C"
"662","0.291497067218442","6.58282818560051","0.001","0.291415912979669","0.36367422364189","0.00302372937661291",NA,"RUNARMS8B, RUNARMS6A, RUNARMS5B, RUNARMS3C, RUNARMS4A, RUNARMS6B, RUNARMS8C, RUNARMS1C, RUNARMS9C, P50ARMS1A, P50ARMS1B, P50ARMS1C, P50ARMS2A, P50ARMS2B, P50ARMS2C, P50ARMS3A, P50ARMS3B, P50ARMS3C"
"663","0.299411349585262","6.83793776922912","0.001","0.298825097198005","0.363674231472019","0.0120564353391885",NA,"RUNARMS3A, RUNARMS1C, RUNARMS7B, RUNARMS5C, RUNARMS9C, RUNARMS3B, RUNARMS9B, RUNARMS6A, RUNARMS3C, P50ARMS1A, P50ARMS1B, P50ARMS1C, P50ARMS2A, P50ARMS2B, P50ARMS2C, P50ARMS3A, P50ARMS3B, P50ARMS3C"
"664","0.265544408107597","5.7848433269795","0.001","0.310932980042978","0.363674223634991","0.0247744447928552",NA,"RUNARMS2B, RUNARMS3C, RUNARMS1A, RUNARMS9C, RUNARMS5A, RUNARMS6B, RUNARMS6A, RUNARMS5B, RUNARMS1B, P50ARMS1A, P50ARMS1B, P50ARMS1C, P50ARMS2A, P50ARMS2B, P50ARMS2C, P50ARMS3A, P50ARMS3B, P50ARMS3C"
"665","0.270158536015299","5.92256920104967","0.001","0.327306902168429","0.363674223699615","0.0873919580234212",NA,"RUNARMS6B, RUNARMS7B, RUNARMS9A, RUNARMS7A, RUNARMS2C, RUNARMS6C, RUNARMS3A, RUNARMS1B, RUNARMS5C, P50ARMS1A, P50ARMS1B, P50ARMS1C, P50ARMS2A, P50ARMS2B, P50ARMS2C, P50ARMS3A, P50ARMS3B, P50ARMS3C"
"666","0.277818121972882","6.15508376326109","0.001","0.319544578517173","0.363674223728966","0.0557546666274894",NA,"RUNARMS6A, RUNARMS1C, RUNARMS3C, RUNARMS8A, RUNARMS6C, RUNARMS4C, RUNARMS5B, RUNARMS2A, RUNARMS3A, P50ARMS1A, P50ARMS1B, P50ARMS1C, P50ARMS2A, P50ARMS2B, P50ARMS2C, P50ARMS3A, P50ARMS3B, P50ARMS3C"
"667","0.289179087870047","6.50918582580315","0.001","0.295833702821985","0.363674223606491","0.00484332655074484",NA,"RUNARMS4A, RUNARMS2C, RUNARMS5C, RUNARMS7C, RUNARMS1C, RUNARMS7B, RUNARMS5B, RUNARMS3C, RUNARMS2B, P50ARMS1A, P50ARMS1B, P50ARMS1C, P50ARMS2A, P50ARMS2B, P50ARMS2C, P50ARMS3A, P50ARMS3B, P50ARMS3C"
"668","0.273720740522601","6.03009350909035","0.001","0.32631473906403","0.363674223595793","0.119280658644263",NA,"RUNARMS5B, RUNARMS8C, RUNARMS7A, RUNARMS9C, RUNARMS2A, RUNARMS8A, RUNARMS3A, RUNARMS1B, RUNARMS6A, P50ARMS1A, P50ARMS1B, P50ARMS1C, P50ARMS2A, P50ARMS2B, P50ARMS2C, P50ARMS3A, P50ARMS3B, P50ARMS3C"
"669","0.29534759794731","6.70623069387282","0.001","0.286904970798558","0.363674223703455","0.000420606034598432",NA,"RUNARMS7B, RUNARMS5B, RUNARMS3C, RUNARMS7C, RUNARMS4A, RUNARMS1C, RUNARMS5A, RUNARMS6C, RUNARMS6A, P50ARMS1A, P50ARMS1B, P50ARMS1C, P50ARMS2A, P50ARMS2B, P50ARMS2C, P50ARMS3A, P50ARMS3B, P50ARMS3C"
"670","0.28305068949172","6.31677995290465","0.001","0.323654707197157","0.363674224637342","0.0375242597116875",NA,"RUNARMS7A, RUNARMS9A, RUNARMS3B, RUNARMS4B, RUNARMS2B, RUNARMS9B, RUNARMS6C, RUNARMS6B, RUNARMS1C, P50ARMS1A, P50ARMS1B, P50ARMS1C, P50ARMS2A, P50ARMS2B, P50ARMS2C, P50ARMS3A, P50ARMS3B, P50ARMS3C"
"671","0.276141137508631","6.10375644905609","0.001","0.324574180368195","0.36544649208141","0.0669046508550108",NA,"RUNARMS1B, RUNARMS8A, RUNARMS9C, RUNARMS6B, RUNARMS4C, RUNARMS8B, RUNARMS2A, RUNARMS2B, RUNARMS4B, P50ARMS1A, P50ARMS1B, P50ARMS1C, P50ARMS2A, P50ARMS2B, P50ARMS2C, P50ARMS3A, P50ARMS3B, P50ARMS3C"
"672","0.272887691516053","6.00485373897812","0.001","0.324354136871238","0.363674224448058","0.0661261986462543",NA,"RUNARMS8A, RUNARMS5A, RUNARMS7A, RUNARMS1A, RUNARMS3A, RUNARMS6A, RUNARMS4B, RUNARMS2C, RUNARMS5B, P50ARMS1A, P50ARMS1B, P50ARMS1C, P50ARMS2A, P50ARMS2B, P50ARMS2C, P50ARMS3A, P50ARMS3B, P50ARMS3C"
"673","0.28307595157546","6.31756632402057","0.002","0.306937596659055","0.364842501405302","0.0318928755384932",NA,"RUNARMS3C, RUNARMS1A, RUNARMS2B, RUNARMS7B, RUNARMS5C, RUNARMS6B, RUNARMS8B, RUNARMS2C, RUNARMS9B, P50ARMS1A, P50ARMS1B, P50ARMS1C, P50ARMS2A, P50ARMS2B, P50ARMS2C, P50ARMS3A, P50ARMS3B, P50ARMS3C"
"674","0.295323945738811","6.70546856707804","0.001","0.306959464340726","0.363674263040273","0.0260709073941412",NA,"RUNARMS5B, RUNARMS8A, RUNARMS7A, RUNARMS5C, RUNARMS8B, RUNARMS2A, RUNARMS8C, RUNARMS1A, RUNARMS4A, P50ARMS1A, P50ARMS1B, P50ARMS1C, P50ARMS2A, P50ARMS2B, P50ARMS2C, P50ARMS3A, P50ARMS3B, P50ARMS3C"
"675","0.28303427415129","6.31626899746143","0.001","0.315308281930709","0.363674224418988","0.013249972878486",NA,"RUNARMS2B, RUNARMS1C, RUNARMS6C, RUNARMS3B, RUNARMS9A, RUNARMS7B, RUNARMS3A, RUNARMS4B, RUNARMS7C, P50ARMS1A, P50ARMS1B, P50ARMS1C, P50ARMS2A, P50ARMS2B, P50ARMS2C, P50ARMS3A, P50ARMS3B, P50ARMS3C"
"676","0.274364631206458","6.04964185607707","0.001","0.320532390403884","0.36367424043455","0.0400842173884098",NA,"RUNARMS5A, RUNARMS1C, RUNARMS9B, RUNARMS3C, RUNARMS1A, RUNARMS8A, RUNARMS6C, RUNARMS2C, RUNARMS6A, P50ARMS1A, P50ARMS1B, P50ARMS1C, P50ARMS2A, P50ARMS2B, P50ARMS2C, P50ARMS3A, P50ARMS3B, P50ARMS3C"
"677","0.281349081540698","6.26393870657261","0.001","0.316937951728668","0.363674223692293","0.0150031143747667",NA,"RUNARMS4A, RUNARMS9A, RUNARMS1C, RUNARMS3B, RUNARMS5A, RUNARMS1A, RUNARMS1B, RUNARMS6A, RUNARMS9C, P50ARMS1A, P50ARMS1B, P50ARMS1C, P50ARMS2A, P50ARMS2B, P50ARMS2C, P50ARMS3A, P50ARMS3B, P50ARMS3C"
"678","0.272526462219108","5.99392715892717","0.001","0.312969311471829","0.363674223783985","0.0139253303419259",NA,"RUNARMS9A, RUNARMS3B, RUNARMS8C, RUNARMS3C, RUNARMS1B, RUNARMS3A, RUNARMS7B, RUNARMS4B, RUNARMS4C, P50ARMS1A, P50ARMS1B, P50ARMS1C, P50ARMS2A, P50ARMS2B, P50ARMS2C, P50ARMS3A, P50ARMS3B, P50ARMS3C"
"679","0.308762428423666","7.14688995205043","0.001","0.29788671125063","0.366556260847853","0.00791591428726225",NA,"RUNARMS9A, RUNARMS5B, RUNARMS3B, RUNARMS9B, RUNARMS1A, RUNARMS8B, RUNARMS7A, RUNARMS7C, RUNARMS2B, P50ARMS1A, P50ARMS1B, P50ARMS1C, P50ARMS2A, P50ARMS2B, P50ARMS2C, P50ARMS3A, P50ARMS3B, P50ARMS3C"
"680","0.28869734199234","6.49394096855419","0.001","0.319308102250688","0.363674226350621","0.0420546454431487",NA,"RUNARMS3C, RUNARMS6B, RUNARMS8A, RUNARMS5C, RUNARMS9B, RUNARMS9C, RUNARMS2A, RUNARMS6C, RUNARMS1C, P50ARMS1A, P50ARMS1B, P50ARMS1C, P50ARMS2A, P50ARMS2B, P50ARMS2C, P50ARMS3A, P50ARMS3B, P50ARMS3C"
"681","0.274634208409427","6.0578364536814","0.001","0.338626726952053","0.374015531075001","0.0472439308105079",NA,"RUNARMS5A, RUNARMS1B, RUNARMS2A, RUNARMS9A, RUNARMS6C, RUNARMS3A, RUNARMS6A, RUNARMS4B, RUNARMS2B, P50ARMS1A, P50ARMS1B, P50ARMS1C, P50ARMS2A, P50ARMS2B, P50ARMS2C, P50ARMS3A, P50ARMS3B, P50ARMS3C"
"682","0.284687595149855","6.36784919639683","0.001","0.313766537356885","0.363674223617391","0.0265624228148754",NA,"RUNARMS4C, RUNARMS2C, RUNARMS8C, RUNARMS6A, RUNARMS8A, RUNARMS4A, RUNARMS1B, RUNARMS7B, RUNARMS6B, P50ARMS1A, P50ARMS1B, P50ARMS1C, P50ARMS2A, P50ARMS2B, P50ARMS2C, P50ARMS3A, P50ARMS3B, P50ARMS3C"
"683","0.260666053354001","5.64110017209985","0.001","0.314734198458918","0.363674289534855","0.0146937958928419",NA,"RUNARMS1B, RUNARMS4C, RUNARMS7A, RUNARMS3B, RUNARMS5B, RUNARMS3C, RUNARMS8C, RUNARMS3A, RUNARMS1C, P50ARMS1A, P50ARMS1B, P50ARMS1C, P50ARMS2A, P50ARMS2B, P50ARMS2C, P50ARMS3A, P50ARMS3B, P50ARMS3C"
"684","0.283493044657127","6.33055782737441","0.001","0.315815827520427","0.363674280154611","0.0688378448341343",NA,"RUNARMS2C, RUNARMS6A, RUNARMS3A, RUNARMS5C, RUNARMS9C, RUNARMS1B, RUNARMS6C, RUNARMS9A, RUNARMS5A, P50ARMS1A, P50ARMS1B, P50ARMS1C, P50ARMS2A, P50ARMS2B, P50ARMS2C, P50ARMS3A, P50ARMS3B, P50ARMS3C"
"685","0.275140175701067","6.07323328406953","0.001","0.331609244266492","0.36367422356572","0.243291687868216",NA,"RUNARMS3B, RUNARMS3A, RUNARMS6B, RUNARMS1C, RUNARMS4C, RUNARMS4B, RUNARMS7A, RUNARMS2A, RUNARMS8A, P50ARMS1A, P50ARMS1B, P50ARMS1C, P50ARMS2A, P50ARMS2B, P50ARMS2C, P50ARMS3A, P50ARMS3B, P50ARMS3C"
"686","0.286510428717231","6.42499490389733","0.002","0.303342618483873","0.363674223719574","0.00735332145131502",NA,"RUNARMS3B, RUNARMS6C, RUNARMS8B, RUNARMS9A, RUNARMS3C, RUNARMS1C, RUNARMS5B, RUNARMS3A, RUNARMS1A, P50ARMS1A, P50ARMS1B, P50ARMS1C, P50ARMS2A, P50ARMS2B, P50ARMS2C, P50ARMS3A, P50ARMS3B, P50ARMS3C"
"687","0.260042909406273","5.6228754388473","0.001","0.320451203278118","0.363674223757721","0.0247537564720895",NA,"RUNARMS1B, RUNARMS3C, RUNARMS6C, RUNARMS4C, RUNARMS2B, RUNARMS5B, RUNARMS7B, RUNARMS3B, RUNARMS6B, P50ARMS1A, P50ARMS1B, P50ARMS1C, P50ARMS2A, P50ARMS2B, P50ARMS2C, P50ARMS3A, P50ARMS3B, P50ARMS3C"
"688","0.280839723336187","6.24816987142845","0.001","0.326120191263905","0.363674224434129","0.116971563333937",NA,"RUNARMS4C, RUNARMS7B, RUNARMS8A, RUNARMS2A, RUNARMS9C, RUNARMS5C, RUNARMS2C, RUNARMS3A, RUNARMS1B, P50ARMS1A, P50ARMS1B, P50ARMS1C, P50ARMS2A, P50ARMS2B, P50ARMS2C, P50ARMS3A, P50ARMS3B, P50ARMS3C"
"689","0.26753125611479","5.84393550383015","0.001","0.33597632795424","0.363674226554218","0.168515727225415",NA,"RUNARMS2A, RUNARMS1B, RUNARMS3B, RUNARMS6A, RUNARMS6B, RUNARMS7B, RUNARMS1A, RUNARMS8A, RUNARMS6C, P50ARMS1A, P50ARMS1B, P50ARMS1C, P50ARMS2A, P50ARMS2B, P50ARMS2C, P50ARMS3A, P50ARMS3B, P50ARMS3C"
"690","0.299005683736405","6.82472144037116","0.002","0.291322273611365","0.363674223557253","0.0039853104934471",NA,"RUNARMS1A, RUNARMS8C, RUNARMS9A, RUNARMS1C, RUNARMS3C, RUNARMS5C, RUNARMS7B, RUNARMS8B, RUNARMS8A, P50ARMS1A, P50ARMS1B, P50ARMS1C, P50ARMS2A, P50ARMS2B, P50ARMS2C, P50ARMS3A, P50ARMS3B, P50ARMS3C"
"691","0.285843435153001","6.40405085883071","0.001","0.314125604284949","0.363674223985636","0.0437869391266767",NA,"RUNARMS7B, RUNARMS8C, RUNARMS6C, RUNARMS5A, RUNARMS6B, RUNARMS8A, RUNARMS1C, RUNARMS7C, RUNARMS2A, P50ARMS1A, P50ARMS1B, P50ARMS1C, P50ARMS2A, P50ARMS2B, P50ARMS2C, P50ARMS3A, P50ARMS3B, P50ARMS3C"
"692","0.274823399781218","6.06359112411084","0.001","0.323491844053819","0.363674223557573","0.038974331175867",NA,"RUNARMS8C, RUNARMS8A, RUNARMS3C, RUNARMS9A, RUNARMS4A, RUNARMS1B, RUNARMS2C, RUNARMS7B, RUNARMS3A, P50ARMS1A, P50ARMS1B, P50ARMS1C, P50ARMS2A, P50ARMS2B, P50ARMS2C, P50ARMS3A, P50ARMS3B, P50ARMS3C"
"693","0.296686283790232","6.74944968544861","0.001","0.310685931579106","0.363674223723979","0.0108338492687284",NA,"RUNARMS9A, RUNARMS5C, RUNARMS4A, RUNARMS5B, RUNARMS2B, RUNARMS2C, RUNARMS3B, RUNARMS7A, RUNARMS1B, P50ARMS1A, P50ARMS1B, P50ARMS1C, P50ARMS2A, P50ARMS2B, P50ARMS2C, P50ARMS3A, P50ARMS3B, P50ARMS3C"
"694","0.283934555352837","6.34432637352568","0.001","0.309257420467676","0.36367422371107","0.0196695970054162",NA,"RUNARMS8B, RUNARMS2C, RUNARMS1A, RUNARMS5C, RUNARMS2B, RUNARMS4C, RUNARMS5B, RUNARMS4A, RUNARMS6B, P50ARMS1A, P50ARMS1B, P50ARMS1C, P50ARMS2A, P50ARMS2B, P50ARMS2C, P50ARMS3A, P50ARMS3B, P50ARMS3C"
"695","0.277356286110247","6.14092462505108","0.001","0.33322608466484","0.363674223564545","0.143443479999704",NA,"RUNARMS2C, RUNARMS8A, RUNARMS9B, RUNARMS7B, RUNARMS4C, RUNARMS1C, RUNARMS3B, RUNARMS2B, RUNARMS6B, P50ARMS1A, P50ARMS1B, P50ARMS1C, P50ARMS2A, P50ARMS2B, P50ARMS2C, P50ARMS3A, P50ARMS3B, P50ARMS3C"
"696","0.297157106759764","6.7646891700605","0.001","0.296610079363751","0.363674223864147","0.00213153207733513",NA,"RUNARMS3C, RUNARMS7C, RUNARMS9C, RUNARMS8A, RUNARMS9B, RUNARMS7A, RUNARMS8C, RUNARMS1C, RUNARMS4C, P50ARMS1A, P50ARMS1B, P50ARMS1C, P50ARMS2A, P50ARMS2B, P50ARMS2C, P50ARMS3A, P50ARMS3B, P50ARMS3C"
"697","0.263749562228375","5.73173580504273","0.001","0.318256516312271","0.363674223996394","0.0413076106266039",NA,"RUNARMS1B, RUNARMS7B, RUNARMS2B, RUNARMS9C, RUNARMS5C, RUNARMS3C, RUNARMS4A, RUNARMS6C, RUNARMS3A, P50ARMS1A, P50ARMS1B, P50ARMS1C, P50ARMS2A, P50ARMS2B, P50ARMS2C, P50ARMS3A, P50ARMS3B, P50ARMS3C"
"698","0.29439002250531","6.67541632108003","0.001","0.3147097975287","0.363674224044715","0.0685271242824338",NA,"RUNARMS4A, RUNARMS2C, RUNARMS9A, RUNARMS7B, RUNARMS5C, RUNARMS6B, RUNARMS1A, RUNARMS2A, RUNARMS7C, P50ARMS1A, P50ARMS1B, P50ARMS1C, P50ARMS2A, P50ARMS2B, P50ARMS2C, P50ARMS3A, P50ARMS3B, P50ARMS3C"
"699","0.25216462092136","5.39508299234595","0.001","0.328569653240438","0.363674226031063","0.102874004191962",NA,"RUNARMS9C, RUNARMS5A, RUNARMS8A, RUNARMS6B, RUNARMS1A, RUNARMS7C, RUNARMS1B, RUNARMS3A, RUNARMS3C, P50ARMS1A, P50ARMS1B, P50ARMS1C, P50ARMS2A, P50ARMS2B, P50ARMS2C, P50ARMS3A, P50ARMS3B, P50ARMS3C"
"700","0.262178666455878","5.68546675540549","0.001","0.341055061804428","0.363674223808102","0.235840725900952",NA,"RUNARMS1C, RUNARMS4A, RUNARMS6B, RUNARMS3A, RUNARMS7A, RUNARMS2A, RUNARMS8A, RUNARMS3C, RUNARMS2B, P50ARMS1A, P50ARMS1B, P50ARMS1C, P50ARMS2A, P50ARMS2B, P50ARMS2C, P50ARMS3A, P50ARMS3B, P50ARMS3C"
"701","0.290999460646085","6.566978601427","0.001","0.32538920937717","0.363674230605","0.0369183110385573",NA,"RUNARMS8C, RUNARMS6C, RUNARMS9A, RUNARMS3B, RUNARMS6B, RUNARMS5A, RUNARMS9B, RUNARMS2A, RUNARMS1C, P50ARMS1A, P50ARMS1B, P50ARMS1C, P50ARMS2A, P50ARMS2B, P50ARMS2C, P50ARMS3A, P50ARMS3B, P50ARMS3C"
"702","0.270247385253966","5.92523832966087","0.001","0.332463560783255","0.363674223560578","0.208187261472636",NA,"RUNARMS8B, RUNARMS2B, RUNARMS7B, RUNARMS9C, RUNARMS8A, RUNARMS3B, RUNARMS2C, RUNARMS1A, RUNARMS6B, P50ARMS1A, P50ARMS1B, P50ARMS1C, P50ARMS2A, P50ARMS2B, P50ARMS2C, P50ARMS3A, P50ARMS3B, P50ARMS3C"
"703","0.284356085743007","6.3574876852153","0.001","0.309799068757447","0.363674225143004","0.0100868561175789",NA,"RUNARMS6B, RUNARMS5C, RUNARMS9B, RUNARMS9A, RUNARMS1B, RUNARMS4A, RUNARMS5A, RUNARMS3C, RUNARMS1A, P50ARMS1A, P50ARMS1B, P50ARMS1C, P50ARMS2A, P50ARMS2B, P50ARMS2C, P50ARMS3A, P50ARMS3B, P50ARMS3C"
"704","0.298052033260378","6.79371229510944","0.001","0.2990235759095","0.363674224872039","0.00891450288612542",NA,"RUNARMS3B, RUNARMS7C, RUNARMS2C, RUNARMS1C, RUNARMS4C, RUNARMS8B, RUNARMS9A, RUNARMS6C, RUNARMS8C, P50ARMS1A, P50ARMS1B, P50ARMS1C, P50ARMS2A, P50ARMS2B, P50ARMS2C, P50ARMS3A, P50ARMS3B, P50ARMS3C"
"705","0.290093366732377","6.53817509262273","0.001","0.305537016346539","0.365680283082516","0.0185740081676729",NA,"RUNARMS2A, RUNARMS1C, RUNARMS4C, RUNARMS6B, RUNARMS8B, RUNARMS9B, RUNARMS4B, RUNARMS3C, RUNARMS3A, P50ARMS1A, P50ARMS1B, P50ARMS1C, P50ARMS2A, P50ARMS2B, P50ARMS2C, P50ARMS3A, P50ARMS3B, P50ARMS3C"
"706","0.284243429790211","6.35396874570132","0.001","0.307807827426102","0.363674224019653","0.00867533606908398",NA,"RUNARMS3A, RUNARMS6A, RUNARMS1A, RUNARMS3C, RUNARMS4A, RUNARMS7A, RUNARMS9B, RUNARMS5B, RUNARMS6C, P50ARMS1A, P50ARMS1B, P50ARMS1C, P50ARMS2A, P50ARMS2B, P50ARMS2C, P50ARMS3A, P50ARMS3B, P50ARMS3C"
"707","0.271780944359215","5.97141076721902","0.001","0.33343127971383","0.363674224025441","0.0864290915086147",NA,"RUNARMS9A, RUNARMS5A, RUNARMS2B, RUNARMS3C, RUNARMS2A, RUNARMS8A, RUNARMS1C, RUNARMS1A, RUNARMS9C, P50ARMS1A, P50ARMS1B, P50ARMS1C, P50ARMS2A, P50ARMS2B, P50ARMS2C, P50ARMS3A, P50ARMS3B, P50ARMS3C"
"708","0.267693411926355","5.84877244118272","0.001","0.322061152140861","0.3636742235712","0.0342606728327932",NA,"RUNARMS7B, RUNARMS6B, RUNARMS3A, RUNARMS4B, RUNARMS7A, RUNARMS2C, RUNARMS3C, RUNARMS1A, RUNARMS9B, P50ARMS1A, P50ARMS1B, P50ARMS1C, P50ARMS2A, P50ARMS2B, P50ARMS2C, P50ARMS3A, P50ARMS3B, P50ARMS3C"
"709","0.268656350461599","5.87754007312245","0.001","0.318759973937253","0.363674223745179","0.0256602215184882",NA,"RUNARMS8C, RUNARMS3C, RUNARMS9B, RUNARMS6C, RUNARMS7B, RUNARMS5A, RUNARMS1B, RUNARMS8A, RUNARMS2B, P50ARMS1A, P50ARMS1B, P50ARMS1C, P50ARMS2A, P50ARMS2B, P50ARMS2C, P50ARMS3A, P50ARMS3B, P50ARMS3C"
"710","0.262223612074686","5.68678784230718","0.001","0.328372755504822","0.363674233120951","0.112206849593176",NA,"RUNARMS3C, RUNARMS7A, RUNARMS1A, RUNARMS6B, RUNARMS5A, RUNARMS6C, RUNARMS2A, RUNARMS3A, RUNARMS4C, P50ARMS1A, P50ARMS1B, P50ARMS1C, P50ARMS2A, P50ARMS2B, P50ARMS2C, P50ARMS3A, P50ARMS3B, P50ARMS3C"
"711","0.285036976304259","6.37877969869521","0.001","0.311467890928213","0.36367422355758","0.0317001885304846",NA,"RUNARMS8C, RUNARMS1C, RUNARMS9B, RUNARMS5C, RUNARMS8B, RUNARMS3B, RUNARMS8A, RUNARMS1B, RUNARMS6B, P50ARMS1A, P50ARMS1B, P50ARMS1C, P50ARMS2A, P50ARMS2B, P50ARMS2C, P50ARMS3A, P50ARMS3B, P50ARMS3C"
"712","0.272332160972455","5.98805435922851","0.001","0.324356060433193","0.363674225007588","0.065943098452577",NA,"RUNARMS7A, RUNARMS2B, RUNARMS2C, RUNARMS6A, RUNARMS1B, RUNARMS6B, RUNARMS6C, RUNARMS5C, RUNARMS3B, P50ARMS1A, P50ARMS1B, P50ARMS1C, P50ARMS2A, P50ARMS2B, P50ARMS2C, P50ARMS3A, P50ARMS3B, P50ARMS3C"
"713","0.271879816129471","5.97439427505975","0.002","0.312720730041367","0.363674226238692","0.0789336735934761",NA,"RUNARMS7B, RUNARMS8B, RUNARMS3A, RUNARMS9C, RUNARMS7C, RUNARMS3B, RUNARMS5A, RUNARMS1B, RUNARMS6B, P50ARMS1A, P50ARMS1B, P50ARMS1C, P50ARMS2A, P50ARMS2B, P50ARMS2C, P50ARMS3A, P50ARMS3B, P50ARMS3C"
"714","0.269995366317429","5.91766909654617","0.001","0.312609678102009","0.363674527719542","0.0711583053601448",NA,"RUNARMS8A, RUNARMS9C, RUNARMS3A, RUNARMS6C, RUNARMS1A, RUNARMS1B, RUNARMS7C, RUNARMS8B, RUNARMS5C, P50ARMS1A, P50ARMS1B, P50ARMS1C, P50ARMS2A, P50ARMS2B, P50ARMS2C, P50ARMS3A, P50ARMS3B, P50ARMS3C"
"715","0.288020394964417","6.4725538299659","0.001","0.315141763181259","0.363674224804412","0.0739248681126721",NA,"RUNARMS8B, RUNARMS2A, RUNARMS4A, RUNARMS3A, RUNARMS2B, RUNARMS7B, RUNARMS7C, RUNARMS1C, RUNARMS8A, P50ARMS1A, P50ARMS1B, P50ARMS1C, P50ARMS2A, P50ARMS2B, P50ARMS2C, P50ARMS3A, P50ARMS3B, P50ARMS3C"
"716","0.290517367654504","6.55164435400654","0.001","0.298681358665249","0.363674256149449","0.0119844472366431",NA,"RUNARMS4B, RUNARMS1A, RUNARMS9A, RUNARMS3C, RUNARMS7A, RUNARMS6A, RUNARMS3A, RUNARMS7B, RUNARMS5C, P50ARMS1A, P50ARMS1B, P50ARMS1C, P50ARMS2A, P50ARMS2B, P50ARMS2C, P50ARMS3A, P50ARMS3B, P50ARMS3C"
"717","0.266320105393805","5.80787577474512","0.001","0.329566102004502","0.363674223996727","0.0710393174863192",NA,"RUNARMS9C, RUNARMS3A, RUNARMS7B, RUNARMS6C, RUNARMS7A, RUNARMS4B, RUNARMS2A, RUNARMS1B, RUNARMS2C, P50ARMS1A, P50ARMS1B, P50ARMS1C, P50ARMS2A, P50ARMS2B, P50ARMS2C, P50ARMS3A, P50ARMS3B, P50ARMS3C"
"718","0.303549347649354","6.97363057382044","0.001","0.284868903282708","0.363674223569193","0.00953731005542966",NA,"RUNARMS2B, RUNARMS9B, RUNARMS7A, RUNARMS7B, RUNARMS7C, RUNARMS5B, RUNARMS9C, RUNARMS1C, RUNARMS8B, P50ARMS1A, P50ARMS1B, P50ARMS1C, P50ARMS2A, P50ARMS2B, P50ARMS2C, P50ARMS3A, P50ARMS3B, P50ARMS3C"
"719","0.298831859126181","6.81906302824921","0.002","0.297331949595837","0.365137364908461","0.017030127088613",NA,"RUNARMS6B, RUNARMS9B, RUNARMS2B, RUNARMS6A, RUNARMS5A, RUNARMS7A, RUNARMS4C, RUNARMS5C, RUNARMS1B, P50ARMS1A, P50ARMS1B, P50ARMS1C, P50ARMS2A, P50ARMS2B, P50ARMS2C, P50ARMS3A, P50ARMS3B, P50ARMS3C"
"720","0.284945075250918","6.37590350925073","0.001","0.320049279510874","0.363674223557544","0.0527720707570349",NA,"RUNARMS2C, RUNARMS3A, RUNARMS9A, RUNARMS5A, RUNARMS2A, RUNARMS8B, RUNARMS7B, RUNARMS1A, RUNARMS8C, P50ARMS1A, P50ARMS1B, P50ARMS1C, P50ARMS2A, P50ARMS2B, P50ARMS2C, P50ARMS3A, P50ARMS3B, P50ARMS3C"
"721","0.292409401726927","6.61194543716263","0.002","0.2903771874896","0.363674223622439","0.019081467600925",NA,"RUNARMS8C, RUNARMS8B, RUNARMS1B, RUNARMS7C, RUNARMS7B, RUNARMS1C, RUNARMS4A, RUNARMS6A, RUNARMS2A, P50ARMS1A, P50ARMS1B, P50ARMS1C, P50ARMS2A, P50ARMS2B, P50ARMS2C, P50ARMS3A, P50ARMS3B, P50ARMS3C"
"722","0.292953203259778","6.6293366630987","0.001","0.296891173394868","0.365659892564182","0.0180246892357657",NA,"RUNARMS2C, RUNARMS6B, RUNARMS6A, RUNARMS1C, RUNARMS5A, RUNARMS5C, RUNARMS7B, RUNARMS7C, RUNARMS1A, P50ARMS1A, P50ARMS1B, P50ARMS1C, P50ARMS2A, P50ARMS2B, P50ARMS2C, P50ARMS3A, P50ARMS3B, P50ARMS3C"
"723","0.257328353017172","5.54384116453278","0.001","0.324524700260104","0.363674223716397","0.0216061549392811",NA,"RUNARMS3A, RUNARMS1C, RUNARMS5A, RUNARMS2C, RUNARMS5B, RUNARMS9C, RUNARMS6C, RUNARMS4B, RUNARMS1B, P50ARMS1A, P50ARMS1B, P50ARMS1C, P50ARMS2A, P50ARMS2B, P50ARMS2C, P50ARMS3A, P50ARMS3B, P50ARMS3C"
"724","0.27433326340594","6.04868873430318","0.001","0.318824088788365","0.363674223862977","0.0435606684360348",NA,"RUNARMS3A, RUNARMS1B, RUNARMS8A, RUNARMS7C, RUNARMS4C, RUNARMS8C, RUNARMS9A, RUNARMS3C, RUNARMS3B, P50ARMS1A, P50ARMS1B, P50ARMS1C, P50ARMS2A, P50ARMS2B, P50ARMS2C, P50ARMS3A, P50ARMS3B, P50ARMS3C"
"725","0.295475175955267","6.71034242362494","0.001","0.290688419738753","0.363674224475652","0.00851754402558457",NA,"RUNARMS4C, RUNARMS8B, RUNARMS1C, RUNARMS7C, RUNARMS3B, RUNARMS5B, RUNARMS8C, RUNARMS2C, RUNARMS7B, P50ARMS1A, P50ARMS1B, P50ARMS1C, P50ARMS2A, P50ARMS2B, P50ARMS2C, P50ARMS3A, P50ARMS3B, P50ARMS3C"
"726","0.276458266839606","6.11344455573115","0.001","0.313015539976907","0.365296209656228","0.0200369030869053",NA,"RUNARMS2B, RUNARMS8B, RUNARMS1B, RUNARMS4C, RUNARMS6A, RUNARMS3A, RUNARMS7C, RUNARMS2A, RUNARMS1C, P50ARMS1A, P50ARMS1B, P50ARMS1C, P50ARMS2A, P50ARMS2B, P50ARMS2C, P50ARMS3A, P50ARMS3B, P50ARMS3C"
"727","0.287892780549115","6.46852659679227","0.001","0.310977364990276","0.363674223661801","0.0479380091626902",NA,"RUNARMS2B, RUNARMS6A, RUNARMS1B, RUNARMS9C, RUNARMS8B, RUNARMS9B, RUNARMS8A, RUNARMS6B, RUNARMS4C, P50ARMS1A, P50ARMS1B, P50ARMS1C, P50ARMS2A, P50ARMS2B, P50ARMS2C, P50ARMS3A, P50ARMS3B, P50ARMS3C"
"728","0.271801579359362","5.97203337233809","0.001","0.302749295631781","0.363674228247998","0.0196138501547756",NA,"RUNARMS4C, RUNARMS4B, RUNARMS6B, RUNARMS3B, RUNARMS3C, RUNARMS1C, RUNARMS8B, RUNARMS1B, RUNARMS3A, P50ARMS1A, P50ARMS1B, P50ARMS1C, P50ARMS2A, P50ARMS2B, P50ARMS2C, P50ARMS3A, P50ARMS3B, P50ARMS3C"
"729","0.298401014305194","6.80505007309113","0.001","0.288312570701544","0.363674347664191","0.00581364125885082",NA,"RUNARMS5A, RUNARMS8C, RUNARMS9A, RUNARMS3C, RUNARMS1A, RUNARMS7B, RUNARMS7C, RUNARMS8B, RUNARMS3B, P50ARMS1A, P50ARMS1B, P50ARMS1C, P50ARMS2A, P50ARMS2B, P50ARMS2C, P50ARMS3A, P50ARMS3B, P50ARMS3C"
"730","0.293842863631617","6.65784649898833","0.001","0.310217116466209","0.36367450166061","0.0404183854154392",NA,"RUNARMS4B, RUNARMS9B, RUNARMS8A, RUNARMS6A, RUNARMS7C, RUNARMS3B, RUNARMS1A, RUNARMS5C, RUNARMS3A, P50ARMS1A, P50ARMS1B, P50ARMS1C, P50ARMS2A, P50ARMS2B, P50ARMS2C, P50ARMS3A, P50ARMS3B, P50ARMS3C"
"731","0.285462360803683","6.39210242023939","0.001","0.324429427200391","0.363674224199122","0.0340970203817329",NA,"RUNARMS8A, RUNARMS9A, RUNARMS1B, RUNARMS3B, RUNARMS4A, RUNARMS9B, RUNARMS5A, RUNARMS6B, RUNARMS3C, P50ARMS1A, P50ARMS1B, P50ARMS1C, P50ARMS2A, P50ARMS2B, P50ARMS2C, P50ARMS3A, P50ARMS3B, P50ARMS3C"
"732","0.277089162775032","6.13274331509413","0.001","0.316385972637854","0.363674223595444","0.00721678649918972",NA,"RUNARMS9C, RUNARMS2B, RUNARMS1B, RUNARMS7A, RUNARMS8C, RUNARMS3C, RUNARMS3B, RUNARMS9B, RUNARMS4A, P50ARMS1A, P50ARMS1B, P50ARMS1C, P50ARMS2A, P50ARMS2B, P50ARMS2C, P50ARMS3A, P50ARMS3B, P50ARMS3C"
"733","0.293474116864599","6.64602101906818","0.001","0.290956835747695","0.363674227138817","0.00315660076407618",NA,"RUNARMS4B, RUNARMS3C, RUNARMS9C, RUNARMS1A, RUNARMS5B, RUNARMS5C, RUNARMS2A, RUNARMS1B, RUNARMS6A, P50ARMS1A, P50ARMS1B, P50ARMS1C, P50ARMS2A, P50ARMS2B, P50ARMS2C, P50ARMS3A, P50ARMS3B, P50ARMS3C"
"734","0.300938446834484","6.88782715563204","0.001","0.283008206068042","0.363674223695609","0.00706372667043719",NA,"RUNARMS1B, RUNARMS6A, RUNARMS9A, RUNARMS7A, RUNARMS3C, RUNARMS8B, RUNARMS5C, RUNARMS2C, RUNARMS7C, P50ARMS1A, P50ARMS1B, P50ARMS1C, P50ARMS2A, P50ARMS2B, P50ARMS2C, P50ARMS3A, P50ARMS3B, P50ARMS3C"
"735","0.280653422739028","6.24240790985979","0.001","0.312325626940453","0.363674223819007","0.0204556292918921",NA,"RUNARMS2C, RUNARMS1B, RUNARMS3A, RUNARMS9A, RUNARMS8C, RUNARMS1C, RUNARMS8B, RUNARMS6A, RUNARMS4A, P50ARMS1A, P50ARMS1B, P50ARMS1C, P50ARMS2A, P50ARMS2B, P50ARMS2C, P50ARMS3A, P50ARMS3B, P50ARMS3C"
"736","0.299004974703001","6.82469835391639","0.001","0.309624986382464","0.363674223973468","0.03142346754197",NA,"RUNARMS1A, RUNARMS7A, RUNARMS3A, RUNARMS4C, RUNARMS2A, RUNARMS9B, RUNARMS9A, RUNARMS8B, RUNARMS5B, P50ARMS1A, P50ARMS1B, P50ARMS1C, P50ARMS2A, P50ARMS2B, P50ARMS2C, P50ARMS3A, P50ARMS3B, P50ARMS3C"
"737","0.281059590588844","6.25497383448609","0.001","0.293989337023663","0.363674223879891","0.00136158067863495",NA,"RUNARMS8C, RUNARMS1C, RUNARMS7A, RUNARMS4C, RUNARMS3C, RUNARMS8B, RUNARMS9B, RUNARMS1B, RUNARMS5A, P50ARMS1A, P50ARMS1B, P50ARMS1C, P50ARMS2A, P50ARMS2B, P50ARMS2C, P50ARMS3A, P50ARMS3B, P50ARMS3C"
"738","0.291904269650954","6.59581482310736","0.001","0.323596777223172","0.363674223628437","0.0649078930552323",NA,"RUNARMS1A, RUNARMS5A, RUNARMS5B, RUNARMS2C, RUNARMS8A, RUNARMS9C, RUNARMS2B, RUNARMS3B, RUNARMS9A, P50ARMS1A, P50ARMS1B, P50ARMS1C, P50ARMS2A, P50ARMS2B, P50ARMS2C, P50ARMS3A, P50ARMS3B, P50ARMS3C"
"739","0.284275663595559","6.35497549290922","0.001","0.317975044511523","0.363674229129982","0.00548143378755847",NA,"RUNARMS8C, RUNARMS5A, RUNARMS2C, RUNARMS9B, RUNARMS4B, RUNARMS2B, RUNARMS1C, RUNARMS9A, RUNARMS6C, P50ARMS1A, P50ARMS1B, P50ARMS1C, P50ARMS2A, P50ARMS2B, P50ARMS2C, P50ARMS3A, P50ARMS3B, P50ARMS3C"
"740","0.28754991319808","6.45771359481695","0.001","0.302882184067357","0.363674223785085","0.00383567382923672",NA,"RUNARMS2C, RUNARMS9B, RUNARMS5A, RUNARMS8B, RUNARMS5B, RUNARMS1A, RUNARMS4B, RUNARMS9C, RUNARMS1C, P50ARMS1A, P50ARMS1B, P50ARMS1C, P50ARMS2A, P50ARMS2B, P50ARMS2C, P50ARMS3A, P50ARMS3B, P50ARMS3C"
"741","0.282456493956615","6.29829949716329","0.001","0.333205529390136","0.36367422557968","0.141602410232765",NA,"RUNARMS6A, RUNARMS2A, RUNARMS9C, RUNARMS9B, RUNARMS3B, RUNARMS1A, RUNARMS2B, RUNARMS6B, RUNARMS3A, P50ARMS1A, P50ARMS1B, P50ARMS1C, P50ARMS2A, P50ARMS2B, P50ARMS2C, P50ARMS3A, P50ARMS3B, P50ARMS3C"
"742","0.285148593934983","6.38227394427867","0.001","0.31484954415142","0.363674223575302","0.0339238505859746",NA,"RUNARMS7A, RUNARMS9A, RUNARMS3A, RUNARMS5B, RUNARMS6B, RUNARMS1A, RUNARMS7C, RUNARMS4C, RUNARMS9B, P50ARMS1A, P50ARMS1B, P50ARMS1C, P50ARMS2A, P50ARMS2B, P50ARMS2C, P50ARMS3A, P50ARMS3B, P50ARMS3C"
"743","0.291640813774478","6.58741089426072","0.001","0.311327881067834","0.363674223934954","0.0467112443927408",NA,"RUNARMS5C, RUNARMS8A, RUNARMS5A, RUNARMS2A, RUNARMS8C, RUNARMS1A, RUNARMS7B, RUNARMS2C, RUNARMS7C, P50ARMS1A, P50ARMS1B, P50ARMS1C, P50ARMS2A, P50ARMS2B, P50ARMS2C, P50ARMS3A, P50ARMS3B, P50ARMS3C"
"744","0.296812544603802","6.75353446256389","0.001","0.293509608600599","0.36367422360615","0.00669569487856769",NA,"RUNARMS9A, RUNARMS4A, RUNARMS9C, RUNARMS3C, RUNARMS8C, RUNARMS7C, RUNARMS8B, RUNARMS1A, RUNARMS2C, P50ARMS1A, P50ARMS1B, P50ARMS1C, P50ARMS2A, P50ARMS2B, P50ARMS2C, P50ARMS3A, P50ARMS3B, P50ARMS3C"
"745","0.272466903714181","5.99212665606932","0.001","0.318633672216747","0.363674224559883","0.0529040393648324",NA,"RUNARMS3A, RUNARMS7B, RUNARMS6C, RUNARMS4C, RUNARMS9A, RUNARMS4B, RUNARMS9C, RUNARMS1B, RUNARMS6B, P50ARMS1A, P50ARMS1B, P50ARMS1C, P50ARMS2A, P50ARMS2B, P50ARMS2C, P50ARMS3A, P50ARMS3B, P50ARMS3C"
"746","0.26164229448257","5.66971358250733","0.001","0.337350583548978","0.363674224162398","0.106549337539784",NA,"RUNARMS4B, RUNARMS3B, RUNARMS2C, RUNARMS6B, RUNARMS2A, RUNARMS2B, RUNARMS7A, RUNARMS8C, RUNARMS1B, P50ARMS1A, P50ARMS1B, P50ARMS1C, P50ARMS2A, P50ARMS2B, P50ARMS2C, P50ARMS3A, P50ARMS3B, P50ARMS3C"
"747","0.283403923282724","6.32778062823892","0.001","0.305690428848635","0.363674224427867","0.0133486269575248",NA,"RUNARMS3C, RUNARMS1A, RUNARMS9C, RUNARMS8A, RUNARMS1C, RUNARMS6C, RUNARMS4B, RUNARMS9A, RUNARMS8B, P50ARMS1A, P50ARMS1B, P50ARMS1C, P50ARMS2A, P50ARMS2B, P50ARMS2C, P50ARMS3A, P50ARMS3B, P50ARMS3C"
"748","0.263745140968239","5.731605304502","0.001","0.32732712781925","0.363674223593843","0.0387109989146669",NA,"RUNARMS5A, RUNARMS4B, RUNARMS2C, RUNARMS1B, RUNARMS6B, RUNARMS8C, RUNARMS7A, RUNARMS3A, RUNARMS9B, P50ARMS1A, P50ARMS1B, P50ARMS1C, P50ARMS2A, P50ARMS2B, P50ARMS2C, P50ARMS3A, P50ARMS3B, P50ARMS3C"
"749","0.298782919298153","6.81747042440214","0.001","0.304020558641448","0.36367422355808","0.0191227406971311",NA,"RUNARMS7A, RUNARMS8B, RUNARMS4B, RUNARMS9A, RUNARMS7B, RUNARMS1C, RUNARMS3B, RUNARMS6B, RUNARMS9B, P50ARMS1A, P50ARMS1B, P50ARMS1C, P50ARMS2A, P50ARMS2B, P50ARMS2C, P50ARMS3A, P50ARMS3B, P50ARMS3C"
"750","0.289037394299079","6.50469978547744","0.002","0.297629477004537","0.363674223921331","0.0121779061799869",NA,"RUNARMS9A, RUNARMS7C, RUNARMS3C, RUNARMS9C, RUNARMS1C, RUNARMS6A, RUNARMS2B, RUNARMS1A, RUNARMS5C, P50ARMS1A, P50ARMS1B, P50ARMS1C, P50ARMS2A, P50ARMS2B, P50ARMS2C, P50ARMS3A, P50ARMS3B, P50ARMS3C"
"751","0.285066418840555","6.37970130603176","0.001","0.333907348600351","0.363674223557259","0.16514755688437",NA,"RUNARMS9B, RUNARMS9A, RUNARMS5A, RUNARMS2B, RUNARMS2C, RUNARMS6B, RUNARMS2A, RUNARMS1A, RUNARMS3A, P50ARMS1A, P50ARMS1B, P50ARMS1C, P50ARMS2A, P50ARMS2B, P50ARMS2C, P50ARMS3A, P50ARMS3B, P50ARMS3C"
"752","0.289585578763085","6.52206532088991","0.001","0.300115247848617","0.363674223636708","0.00939163686224347",NA,"RUNARMS1B, RUNARMS5C, RUNARMS8B, RUNARMS2B, RUNARMS7B, RUNARMS2A, RUNARMS8C, RUNARMS4B, RUNARMS4A, P50ARMS1A, P50ARMS1B, P50ARMS1C, P50ARMS2A, P50ARMS2B, P50ARMS2C, P50ARMS3A, P50ARMS3B, P50ARMS3C"
"753","0.282982675634178","6.31466305803904","0.002","0.312127160452253","0.363674223557269","0.0348411524343829",NA,"RUNARMS1C, RUNARMS3A, RUNARMS8B, RUNARMS1A, RUNARMS8C, RUNARMS8A, RUNARMS7A, RUNARMS5B, RUNARMS9A, P50ARMS1A, P50ARMS1B, P50ARMS1C, P50ARMS2A, P50ARMS2B, P50ARMS2C, P50ARMS3A, P50ARMS3B, P50ARMS3C"
"754","0.280342724400831","6.23280517337755","0.001","0.315337625558911","0.363674223763443","0.0108284407319195",NA,"RUNARMS4A, RUNARMS1B, RUNARMS8C, RUNARMS9B, RUNARMS1A, RUNARMS2B, RUNARMS3B, RUNARMS4C, RUNARMS6A, P50ARMS1A, P50ARMS1B, P50ARMS1C, P50ARMS2A, P50ARMS2B, P50ARMS2C, P50ARMS3A, P50ARMS3B, P50ARMS3C"
"755","0.277282849506784","6.13867484545075","0.001","0.300261977013396","0.363674223557253","0.00302584368025449",NA,"RUNARMS6B, RUNARMS5A, RUNARMS6C, RUNARMS3C, RUNARMS1A, RUNARMS5B, RUNARMS4B, RUNARMS9C, RUNARMS8B, P50ARMS1A, P50ARMS1B, P50ARMS1C, P50ARMS2A, P50ARMS2B, P50ARMS2C, P50ARMS3A, P50ARMS3B, P50ARMS3C"
"756","0.295616584766604","6.71490164869714","0.001","0.297955579779158","0.363674258622127","0.000728501913194052",NA,"RUNARMS9A, RUNARMS6C, RUNARMS1A, RUNARMS4C, RUNARMS8B, RUNARMS4B, RUNARMS3B, RUNARMS1C, RUNARMS5B, P50ARMS1A, P50ARMS1B, P50ARMS1C, P50ARMS2A, P50ARMS2B, P50ARMS2C, P50ARMS3A, P50ARMS3B, P50ARMS3C"
"757","0.292830205505357","6.62540075178679","0.001","0.284361731745918","0.363674223579305","0.00146137617836941",NA,"RUNARMS5C, RUNARMS9C, RUNARMS7B, RUNARMS7C, RUNARMS5A, RUNARMS1B, RUNARMS3C, RUNARMS4A, RUNARMS1C, P50ARMS1A, P50ARMS1B, P50ARMS1C, P50ARMS2A, P50ARMS2B, P50ARMS2C, P50ARMS3A, P50ARMS3B, P50ARMS3C"
"758","0.309638949017001","7.17627852442971","0.001","0.300547457480264","0.363674223557253","0.00299911548384059",NA,"RUNARMS7B, RUNARMS9A, RUNARMS5B, RUNARMS2A, RUNARMS7C, RUNARMS4C, RUNARMS9B, RUNARMS1C, RUNARMS2B, P50ARMS1A, P50ARMS1B, P50ARMS1C, P50ARMS2A, P50ARMS2B, P50ARMS2C, P50ARMS3A, P50ARMS3B, P50ARMS3C"
"759","0.281635381730039","6.2728118744668","0.001","0.323973041047777","0.363674223590514","0.0672760817977332",NA,"RUNARMS3A, RUNARMS5B, RUNARMS5A, RUNARMS6A, RUNARMS1C, RUNARMS8A, RUNARMS3B, RUNARMS9C, RUNARMS2B, P50ARMS1A, P50ARMS1B, P50ARMS1C, P50ARMS2A, P50ARMS2B, P50ARMS2C, P50ARMS3A, P50ARMS3B, P50ARMS3C"
"760","0.275709773544779","6.09059216262832","0.001","0.317284991167157","0.363674223557321","0.0313166534831285",NA,"RUNARMS6A, RUNARMS1A, RUNARMS5A, RUNARMS9A, RUNARMS1B, RUNARMS4B, RUNARMS4A, RUNARMS7A, RUNARMS2C, P50ARMS1A, P50ARMS1B, P50ARMS1C, P50ARMS2A, P50ARMS2B, P50ARMS2C, P50ARMS3A, P50ARMS3B, P50ARMS3C"
"761","0.275386398249311","6.08073373359747","0.001","0.321638066469597","0.363674223639251","0.0624416580447426",NA,"RUNARMS7C, RUNARMS8A, RUNARMS3A, RUNARMS2B, RUNARMS6B, RUNARMS8C, RUNARMS5C, RUNARMS1C, RUNARMS4A, P50ARMS1A, P50ARMS1B, P50ARMS1C, P50ARMS2A, P50ARMS2B, P50ARMS2C, P50ARMS3A, P50ARMS3B, P50ARMS3C"
"762","0.284220792361074","6.35326177296726","0.001","0.319372762738911","0.36367422510759","0.038688611470414",NA,"RUNARMS1B, RUNARMS5B, RUNARMS9A, RUNARMS3C, RUNARMS4A, RUNARMS9B, RUNARMS5A, RUNARMS8A, RUNARMS2C, P50ARMS1A, P50ARMS1B, P50ARMS1C, P50ARMS2A, P50ARMS2B, P50ARMS2C, P50ARMS3A, P50ARMS3B, P50ARMS3C"
"763","0.290421113492971","6.54858523026461","0.001","0.308611805842787","0.363674223743665","0.0113052272093349",NA,"RUNARMS5C, RUNARMS5B, RUNARMS7B, RUNARMS2C, RUNARMS7A, RUNARMS1A, RUNARMS1C, RUNARMS9A, RUNARMS3A, P50ARMS1A, P50ARMS1B, P50ARMS1C, P50ARMS2A, P50ARMS2B, P50ARMS2C, P50ARMS3A, P50ARMS3B, P50ARMS3C"
"764","0.280749243794228","6.24537111980809","0.001","0.313809078179943","0.36367422630407","0.045314197461381",NA,"RUNARMS2B, RUNARMS3B, RUNARMS3C, RUNARMS1C, RUNARMS7C, RUNARMS2C, RUNARMS8A, RUNARMS8B, RUNARMS4A, P50ARMS1A, P50ARMS1B, P50ARMS1C, P50ARMS2A, P50ARMS2B, P50ARMS2C, P50ARMS3A, P50ARMS3B, P50ARMS3C"
"765","0.292071520196183","6.6011531622996","0.001","0.323769625503625","0.363674223576787","0.0434380211878997",NA,"RUNARMS8C, RUNARMS2A, RUNARMS4A, RUNARMS6B, RUNARMS4C, RUNARMS9A, RUNARMS5A, RUNARMS8A, RUNARMS1C, P50ARMS1A, P50ARMS1B, P50ARMS1C, P50ARMS2A, P50ARMS2B, P50ARMS2C, P50ARMS3A, P50ARMS3B, P50ARMS3C"
"766","0.276817975437336","6.12444371757694","0.001","0.327594721855517","0.363674224558382","0.0463315646838696",NA,"RUNARMS1A, RUNARMS3A, RUNARMS2C, RUNARMS2A, RUNARMS1B, RUNARMS4C, RUNARMS4B, RUNARMS9B, RUNARMS3B, P50ARMS1A, P50ARMS1B, P50ARMS1C, P50ARMS2A, P50ARMS2B, P50ARMS2C, P50ARMS3A, P50ARMS3B, P50ARMS3C"
"767","0.296297398567431","6.7368777199741","0.001","0.307770921945219","0.363674224294874","0.0129830813637212",NA,"RUNARMS5A, RUNARMS1A, RUNARMS3B, RUNARMS7B, RUNARMS9A, RUNARMS2C, RUNARMS8C, RUNARMS4A, RUNARMS8B, P50ARMS1A, P50ARMS1B, P50ARMS1C, P50ARMS2A, P50ARMS2B, P50ARMS2C, P50ARMS3A, P50ARMS3B, P50ARMS3C"
"768","0.300485225848071","6.87299795690225","0.001","0.276360270409895","0.363674223868205","0.00440458331573491",NA,"RUNARMS7B, RUNARMS7C, RUNARMS6A, RUNARMS5C, RUNARMS1C, RUNARMS1B, RUNARMS8B, RUNARMS3A, RUNARMS4C, P50ARMS1A, P50ARMS1B, P50ARMS1C, P50ARMS2A, P50ARMS2B, P50ARMS2C, P50ARMS3A, P50ARMS3B, P50ARMS3C"
"769","0.296420849296482","6.74086715617056","0.001","0.297010345129824","0.363674226437071","0.00325318157829338",NA,"RUNARMS8C, RUNARMS5C, RUNARMS7A, RUNARMS2A, RUNARMS6C, RUNARMS4B, RUNARMS1C, RUNARMS9C, RUNARMS7C, P50ARMS1A, P50ARMS1B, P50ARMS1C, P50ARMS2A, P50ARMS2B, P50ARMS2C, P50ARMS3A, P50ARMS3B, P50ARMS3C"
"770","0.282079021702121","6.28657538039138","0.001","0.3183073433436","0.363674224034278","0.0151976845138352",NA,"RUNARMS7B, RUNARMS6C, RUNARMS6B, RUNARMS8A, RUNARMS9A, RUNARMS1A, RUNARMS4C, RUNARMS3C, RUNARMS9C, P50ARMS1A, P50ARMS1B, P50ARMS1C, P50ARMS2A, P50ARMS2B, P50ARMS2C, P50ARMS3A, P50ARMS3B, P50ARMS3C"
"771","0.294926250683532","6.69266160527344","0.001","0.293380754383527","0.363674223557371","0.0102759189650295",NA,"RUNARMS5A, RUNARMS7A, RUNARMS9C, RUNARMS1B, RUNARMS5B, RUNARMS8B, RUNARMS9B, RUNARMS2C, RUNARMS7C, P50ARMS1A, P50ARMS1B, P50ARMS1C, P50ARMS2A, P50ARMS2B, P50ARMS2C, P50ARMS3A, P50ARMS3B, P50ARMS3C"
"772","0.297695539328556","6.78214207083786","0.002","0.315174479487083","0.363674223557608","0.0240955044895344",NA,"RUNARMS8C, RUNARMS4A, RUNARMS2A, RUNARMS1A, RUNARMS9B, RUNARMS6A, RUNARMS3B, RUNARMS8A, RUNARMS3C, P50ARMS1A, P50ARMS1B, P50ARMS1C, P50ARMS2A, P50ARMS2B, P50ARMS2C, P50ARMS3A, P50ARMS3B, P50ARMS3C"
"773","0.286677994936922","6.43026275151169","0.001","0.317801872791993","0.363674226205119","0.00653820948013496",NA,"RUNARMS9A, RUNARMS2C, RUNARMS4C, RUNARMS5C, RUNARMS1A, RUNARMS3C, RUNARMS2B, RUNARMS3B, RUNARMS3A, P50ARMS1A, P50ARMS1B, P50ARMS1C, P50ARMS2A, P50ARMS2B, P50ARMS2C, P50ARMS3A, P50ARMS3B, P50ARMS3C"
"774","0.281614780344058","6.27217314919551","0.001","0.315643581785363","0.363674229705804","0.0504832784992855",NA,"RUNARMS7A, RUNARMS9B, RUNARMS4C, RUNARMS9C, RUNARMS1B, RUNARMS5A, RUNARMS2C, RUNARMS3A, RUNARMS6A, P50ARMS1A, P50ARMS1B, P50ARMS1C, P50ARMS2A, P50ARMS2B, P50ARMS2C, P50ARMS3A, P50ARMS3B, P50ARMS3C"
"775","0.293589205562871","6.64971051687973","0.001","0.306476643259768","0.363674223575526","0.0235083334433329",NA,"RUNARMS8C, RUNARMS8A, RUNARMS3C, RUNARMS1B, RUNARMS6A, RUNARMS9B, RUNARMS9A, RUNARMS5C, RUNARMS3A, P50ARMS1A, P50ARMS1B, P50ARMS1C, P50ARMS2A, P50ARMS2B, P50ARMS2C, P50ARMS3A, P50ARMS3B, P50ARMS3C"
"776","0.277962310584006","6.15950806244101","0.001","0.315726885869379","0.363674223860078","0.0154282039223255",NA,"RUNARMS5B, RUNARMS6B, RUNARMS7C, RUNARMS3A, RUNARMS4B, RUNARMS9C, RUNARMS9A, RUNARMS1C, RUNARMS5A, P50ARMS1A, P50ARMS1B, P50ARMS1C, P50ARMS2A, P50ARMS2B, P50ARMS2C, P50ARMS3A, P50ARMS3B, P50ARMS3C"
"777","0.283736041608168","6.33813360639206","0.001","0.314925416215215","0.36367422433439","0.0320046609554243",NA,"RUNARMS1C, RUNARMS4C, RUNARMS4A, RUNARMS6C, RUNARMS9C, RUNARMS4B, RUNARMS2A, RUNARMS9A, RUNARMS1B, P50ARMS1A, P50ARMS1B, P50ARMS1C, P50ARMS2A, P50ARMS2B, P50ARMS2C, P50ARMS3A, P50ARMS3B, P50ARMS3C"
"778","0.278126362348499","6.16454399422786","0.001","0.321772996126662","0.363674223594121","0.0267999527299565",NA,"RUNARMS2C, RUNARMS3C, RUNARMS5A, RUNARMS8A, RUNARMS1C, RUNARMS9A, RUNARMS7B, RUNARMS8C, RUNARMS3A, P50ARMS1A, P50ARMS1B, P50ARMS1C, P50ARMS2A, P50ARMS2B, P50ARMS2C, P50ARMS3A, P50ARMS3B, P50ARMS3C"
"779","0.274666321773011","6.05881304051745","0.001","0.323741294434635","0.363674224636294","0.0350695427490133",NA,"RUNARMS1C, RUNARMS9B, RUNARMS3B, RUNARMS4B, RUNARMS6C, RUNARMS1B, RUNARMS7A, RUNARMS8A, RUNARMS9C, P50ARMS1A, P50ARMS1B, P50ARMS1C, P50ARMS2A, P50ARMS2B, P50ARMS2C, P50ARMS3A, P50ARMS3B, P50ARMS3C"
"780","0.299759711412245","6.84929939159714","0.001","0.284410552531537","0.363674224351385","0.00119168709703253",NA,"RUNARMS4B, RUNARMS8B, RUNARMS1B, RUNARMS6A, RUNARMS9B, RUNARMS7B, RUNARMS9A, RUNARMS1C, RUNARMS3C, P50ARMS1A, P50ARMS1B, P50ARMS1C, P50ARMS2A, P50ARMS2B, P50ARMS2C, P50ARMS3A, P50ARMS3B, P50ARMS3C"
"781","0.263714610042208","5.7307041783312","0.001","0.324427439809941","0.36367422383424","0.0717834873166018",NA,"RUNARMS6B, RUNARMS3A, RUNARMS7B, RUNARMS1B, RUNARMS4B, RUNARMS5A, RUNARMS2A, RUNARMS1C, RUNARMS7A, P50ARMS1A, P50ARMS1B, P50ARMS1C, P50ARMS2A, P50ARMS2B, P50ARMS2C, P50ARMS3A, P50ARMS3B, P50ARMS3C"
"782","0.309529081856007","7.17259073417385","0.001","0.289086169731115","0.363674224481205","0.00372358656283685",NA,"RUNARMS1A, RUNARMS8B, RUNARMS9A, RUNARMS4C, RUNARMS4B, RUNARMS9B, RUNARMS5C, RUNARMS2C, RUNARMS7C, P50ARMS1A, P50ARMS1B, P50ARMS1C, P50ARMS2A, P50ARMS2B, P50ARMS2C, P50ARMS3A, P50ARMS3B, P50ARMS3C"
"783","0.278059147489457","6.16248040869295","0.001","0.294546478622456","0.36367422402081","0.000980301705908215",NA,"RUNARMS7C, RUNARMS5B, RUNARMS9C, RUNARMS8C, RUNARMS3C, RUNARMS7B, RUNARMS6C, RUNARMS1C, RUNARMS1A, P50ARMS1A, P50ARMS1B, P50ARMS1C, P50ARMS2A, P50ARMS2B, P50ARMS2C, P50ARMS3A, P50ARMS3B, P50ARMS3C"
"784","0.288650801506694","6.49246928778336","0.001","0.310399085647328","0.36367422398659","0.00925250221909342",NA,"RUNARMS9A, RUNARMS1A, RUNARMS7A, RUNARMS9B, RUNARMS7B, RUNARMS2C, RUNARMS5A, RUNARMS4C, RUNARMS3C, P50ARMS1A, P50ARMS1B, P50ARMS1C, P50ARMS2A, P50ARMS2B, P50ARMS2C, P50ARMS3A, P50ARMS3B, P50ARMS3C"
"785","0.294020621658918","6.66355150145742","0.001","0.315414035704375","0.363674223920843","0.00911618009421533",NA,"RUNARMS6B, RUNARMS1C, RUNARMS4C, RUNARMS7A, RUNARMS9A, RUNARMS8C, RUNARMS4A, RUNARMS2C, RUNARMS9B, P50ARMS1A, P50ARMS1B, P50ARMS1C, P50ARMS2A, P50ARMS2B, P50ARMS2C, P50ARMS3A, P50ARMS3B, P50ARMS3C"
"786","0.274183393322793","6.04413601563639","0.001","0.312196429297843","0.363674226313939","0.00431719242938133",NA,"RUNARMS7C, RUNARMS9B, RUNARMS1A, RUNARMS2C, RUNARMS4B, RUNARMS6C, RUNARMS5B, RUNARMS1C, RUNARMS5A, P50ARMS1A, P50ARMS1B, P50ARMS1C, P50ARMS2A, P50ARMS2B, P50ARMS2C, P50ARMS3A, P50ARMS3B, P50ARMS3C"
"787","0.266518843439119","5.81378465810928","0.001","0.320748118857933","0.363674361274552","0.0592810701707841",NA,"RUNARMS3B, RUNARMS2C, RUNARMS4B, RUNARMS7C, RUNARMS9A, RUNARMS7A, RUNARMS1B, RUNARMS3C, RUNARMS6B, P50ARMS1A, P50ARMS1B, P50ARMS1C, P50ARMS2A, P50ARMS2B, P50ARMS2C, P50ARMS3A, P50ARMS3B, P50ARMS3C"
"788","0.277569710302267","6.14746561456393","0.001","0.311497629283185","0.364195903373774","0.0423105296734826",NA,"RUNARMS3B, RUNARMS6C, RUNARMS8B, RUNARMS6B, RUNARMS1B, RUNARMS7B, RUNARMS5B, RUNARMS6A, RUNARMS2C, P50ARMS1A, P50ARMS1B, P50ARMS1C, P50ARMS2A, P50ARMS2B, P50ARMS2C, P50ARMS3A, P50ARMS3B, P50ARMS3C"
"789","0.289283165695919","6.51248208531161","0.001","0.316866998259213","0.363674223566291","0.00720809299886783",NA,"RUNARMS7B, RUNARMS4A, RUNARMS2B, RUNARMS4C, RUNARMS2C, RUNARMS6C, RUNARMS9A, RUNARMS9C, RUNARMS1C, P50ARMS1A, P50ARMS1B, P50ARMS1C, P50ARMS2A, P50ARMS2B, P50ARMS2C, P50ARMS3A, P50ARMS3B, P50ARMS3C"
"790","0.299404472662394","6.83771359603592","0.001","0.310854943697381","0.363674224153285","0.0187017198546132",NA,"RUNARMS6C, RUNARMS9B, RUNARMS7A, RUNARMS5A, RUNARMS9A, RUNARMS4B, RUNARMS6A, RUNARMS2A, RUNARMS1A, P50ARMS1A, P50ARMS1B, P50ARMS1C, P50ARMS2A, P50ARMS2B, P50ARMS2C, P50ARMS3A, P50ARMS3B, P50ARMS3C"
"791","0.274489538970035","6.05343804041877","0.001","0.303649120279036","0.363674223829822","0.0487422205409842",NA,"RUNARMS7C, RUNARMS8B, RUNARMS3C, RUNARMS2B, RUNARMS7A, RUNARMS6B, RUNARMS9A, RUNARMS8C, RUNARMS1C, P50ARMS1A, P50ARMS1B, P50ARMS1C, P50ARMS2A, P50ARMS2B, P50ARMS2C, P50ARMS3A, P50ARMS3B, P50ARMS3C"
"792","0.30588629505331","7.05097837137339","0.001","0.288464719005315","0.363674223557411","0.00121922486387542",NA,"RUNARMS1C, RUNARMS8B, RUNARMS6A, RUNARMS3C, RUNARMS9A, RUNARMS4B, RUNARMS3B, RUNARMS9C, RUNARMS7B, P50ARMS1A, P50ARMS1B, P50ARMS1C, P50ARMS2A, P50ARMS2B, P50ARMS2C, P50ARMS3A, P50ARMS3B, P50ARMS3C"
"793","0.27476602908613","6.06184575143155","0.001","0.316838697753737","0.363674223557253","0.0151013633787942",NA,"RUNARMS1A, RUNARMS3C, RUNARMS5A, RUNARMS6A, RUNARMS8C, RUNARMS2C, RUNARMS2B, RUNARMS2A, RUNARMS4B, P50ARMS1A, P50ARMS1B, P50ARMS1C, P50ARMS2A, P50ARMS2B, P50ARMS2C, P50ARMS3A, P50ARMS3B, P50ARMS3C"
"794","0.285717997902349","6.40011641482268","0.001","0.294897695503757","0.363674223681124","0.00594795949891557",NA,"RUNARMS9C, RUNARMS7C, RUNARMS3A, RUNARMS5A, RUNARMS1C, RUNARMS7B, RUNARMS5B, RUNARMS6A, RUNARMS3C, P50ARMS1A, P50ARMS1B, P50ARMS1C, P50ARMS2A, P50ARMS2B, P50ARMS2C, P50ARMS3A, P50ARMS3B, P50ARMS3C"
"795","0.284447295146463","6.36033752856119","0.001","0.320432401909754","0.363674293053484","0.0430413472464298",NA,"RUNARMS2C, RUNARMS4B, RUNARMS1B, RUNARMS9C, RUNARMS7A, RUNARMS4A, RUNARMS9A, RUNARMS8A, RUNARMS7B, P50ARMS1A, P50ARMS1B, P50ARMS1C, P50ARMS2A, P50ARMS2B, P50ARMS2C, P50ARMS3A, P50ARMS3B, P50ARMS3C"
"796","0.297512374422534","6.77620191081303","0.001","0.316877566011317","0.363674223588239","0.0386265188463868",NA,"RUNARMS2C, RUNARMS5B, RUNARMS9B, RUNARMS9A, RUNARMS4C, RUNARMS6B, RUNARMS1A, RUNARMS4A, RUNARMS3B, P50ARMS1A, P50ARMS1B, P50ARMS1C, P50ARMS2A, P50ARMS2B, P50ARMS2C, P50ARMS3A, P50ARMS3B, P50ARMS3C"
"797","0.28703873343343","6.44161183825835","0.001","0.317535389569447","0.363674223736455","0.0565131769597801",NA,"RUNARMS1A, RUNARMS9C, RUNARMS3A, RUNARMS4B, RUNARMS6A, RUNARMS2A, RUNARMS7A, RUNARMS5A, RUNARMS9B, P50ARMS1A, P50ARMS1B, P50ARMS1C, P50ARMS2A, P50ARMS2B, P50ARMS2C, P50ARMS3A, P50ARMS3B, P50ARMS3C"
"798","0.282434027544883","6.29760135539425","0.001","0.303865974619035","0.363674223576177","0.0215044270879179",NA,"RUNARMS3C, RUNARMS2C, RUNARMS8B, RUNARMS5B, RUNARMS4B, RUNARMS7C, RUNARMS1A, RUNARMS8A, RUNARMS3B, P50ARMS1A, P50ARMS1B, P50ARMS1C, P50ARMS2A, P50ARMS2B, P50ARMS2C, P50ARMS3A, P50ARMS3B, P50ARMS3C"
"799","0.285096617190126","6.38064665061899","0.001","0.311553588674492","0.363674225731632","0.0541014649673226",NA,"RUNARMS6C, RUNARMS5C, RUNARMS6A, RUNARMS2A, RUNARMS5A, RUNARMS2C, RUNARMS6B, RUNARMS8C, RUNARMS1B, P50ARMS1A, P50ARMS1B, P50ARMS1C, P50ARMS2A, P50ARMS2B, P50ARMS2C, P50ARMS3A, P50ARMS3B, P50ARMS3C"
"800","0.282797887462457","6.30891365251305","0.001","0.327911499154527","0.363674225779313","0.132756814914801",NA,"RUNARMS3A, RUNARMS5C, RUNARMS5A, RUNARMS4C, RUNARMS6C, RUNARMS9B, RUNARMS1A, RUNARMS8A, RUNARMS2A, P50ARMS1A, P50ARMS1B, P50ARMS1C, P50ARMS2A, P50ARMS2B, P50ARMS2C, P50ARMS3A, P50ARMS3B, P50ARMS3C"
"801","0.284472044048165","6.36111093481443","0.001","0.303081126258632","0.363674242090203","0.0248215263653114",NA,"RUNARMS5C, RUNARMS3C, RUNARMS1A, RUNARMS3B, RUNARMS3A, RUNARMS6A, RUNARMS6C, RUNARMS9C, RUNARMS8B, P50ARMS1A, P50ARMS1B, P50ARMS1C, P50ARMS2A, P50ARMS2B, P50ARMS2C, P50ARMS3A, P50ARMS3B, P50ARMS3C"
"802","0.279520953371016","6.20744666324672","0.001","0.29903849575911","0.363674225024401","0.0452276737686648",NA,"RUNARMS6B, RUNARMS7B, RUNARMS7A, RUNARMS1C, RUNARMS3B, RUNARMS1A, RUNARMS7C, RUNARMS8C, RUNARMS8B, P50ARMS1A, P50ARMS1B, P50ARMS1C, P50ARMS2A, P50ARMS2B, P50ARMS2C, P50ARMS3A, P50ARMS3B, P50ARMS3C"
"803","0.282776016936484","6.30823338011978","0.001","0.305055755128088","0.363674223562164","0.013288393775324",NA,"RUNARMS4C, RUNARMS4B, RUNARMS9C, RUNARMS3A, RUNARMS9B, RUNARMS1C, RUNARMS1A, RUNARMS7A, RUNARMS7C, P50ARMS1A, P50ARMS1B, P50ARMS1C, P50ARMS2A, P50ARMS2B, P50ARMS2C, P50ARMS3A, P50ARMS3B, P50ARMS3C"
"804","0.291016916969201","6.56753423735068","0.001","0.306135044564685","0.36367422405743","0.00899699590796896",NA,"RUNARMS9A, RUNARMS6C, RUNARMS4B, RUNARMS3C, RUNARMS5B, RUNARMS6A, RUNARMS1A, RUNARMS8A, RUNARMS4A, P50ARMS1A, P50ARMS1B, P50ARMS1C, P50ARMS2A, P50ARMS2B, P50ARMS2C, P50ARMS3A, P50ARMS3B, P50ARMS3C"
"805","0.255479729041026","5.49034838150386","0.001","0.337802696330682","0.363674223618187","0.201193315835763",NA,"RUNARMS3A, RUNARMS4C, RUNARMS8A, RUNARMS2B, RUNARMS9C, RUNARMS6C, RUNARMS1A, RUNARMS7A, RUNARMS1C, P50ARMS1A, P50ARMS1B, P50ARMS1C, P50ARMS2A, P50ARMS2B, P50ARMS2C, P50ARMS3A, P50ARMS3B, P50ARMS3C"
"806","0.269251784756724","5.89536651098542","0.001","0.321275731688003","0.363674223881638","0.0241759791046426",NA,"RUNARMS8C, RUNARMS4B, RUNARMS1A, RUNARMS2A, RUNARMS6C, RUNARMS3A, RUNARMS5C, RUNARMS2C, RUNARMS3C, P50ARMS1A, P50ARMS1B, P50ARMS1C, P50ARMS2A, P50ARMS2B, P50ARMS2C, P50ARMS3A, P50ARMS3B, P50ARMS3C"
"807","0.294041857166091","6.6642332302757","0.001","0.308119074653104","0.3665896743131","0.0133782205978109",NA,"RUNARMS6A, RUNARMS3B, RUNARMS7B, RUNARMS8B, RUNARMS2C, RUNARMS2B, RUNARMS1B, RUNARMS4C, RUNARMS9B, P50ARMS1A, P50ARMS1B, P50ARMS1C, P50ARMS2A, P50ARMS2B, P50ARMS2C, P50ARMS3A, P50ARMS3B, P50ARMS3C"
"808","0.264611381260471","5.7572037318504","0.001","0.32990384218666","0.36367422356007","0.0688219814141643",NA,"RUNARMS3B, RUNARMS8B, RUNARMS2B, RUNARMS2C, RUNARMS6B, RUNARMS1B, RUNARMS1A, RUNARMS3A, RUNARMS4A, P50ARMS1A, P50ARMS1B, P50ARMS1C, P50ARMS2A, P50ARMS2B, P50ARMS2C, P50ARMS3A, P50ARMS3B, P50ARMS3C"
"809","0.28219159553195","6.29007058207574","0.001","0.289791611556228","0.363674225058692","0.000792650682957913",NA,"RUNARMS4C, RUNARMS1A, RUNARMS4B, RUNARMS5B, RUNARMS9B, RUNARMS3C, RUNARMS7B, RUNARMS7C, RUNARMS1B, P50ARMS1A, P50ARMS1B, P50ARMS1C, P50ARMS2A, P50ARMS2B, P50ARMS2C, P50ARMS3A, P50ARMS3B, P50ARMS3C"
"810","0.283944727157404","6.34464378215274","0.001","0.320377103201689","0.363674223557254","0.0296882608397926",NA,"RUNARMS3A, RUNARMS4C, RUNARMS7B, RUNARMS2B, RUNARMS2A, RUNARMS5C, RUNARMS8C, RUNARMS3B, RUNARMS1A, P50ARMS1A, P50ARMS1B, P50ARMS1C, P50ARMS2A, P50ARMS2B, P50ARMS2C, P50ARMS3A, P50ARMS3B, P50ARMS3C"
"811","0.28370535035549","6.33717647889822","0.001","0.324826661601948","0.363674223787795","0.066028282632598",NA,"RUNARMS2C, RUNARMS3A, RUNARMS9A, RUNARMS1C, RUNARMS3B, RUNARMS3C, RUNARMS8A, RUNARMS5C, RUNARMS5A, P50ARMS1A, P50ARMS1B, P50ARMS1C, P50ARMS2A, P50ARMS2B, P50ARMS2C, P50ARMS3A, P50ARMS3B, P50ARMS3C"
"812","0.289124263071081","6.50744985209678","0.001","0.307823216402706","0.363674223558553","0.00972436251617567",NA,"RUNARMS7A, RUNARMS1C, RUNARMS6C, RUNARMS4C, RUNARMS6B, RUNARMS9B, RUNARMS5B, RUNARMS4B, RUNARMS3B, P50ARMS1A, P50ARMS1B, P50ARMS1C, P50ARMS2A, P50ARMS2B, P50ARMS2C, P50ARMS3A, P50ARMS3B, P50ARMS3C"
"813","0.284773715068853","6.3705424941706","0.001","0.315111547804081","0.36367422361101","0.0286792139088268",NA,"RUNARMS8A, RUNARMS1C, RUNARMS9B, RUNARMS5A, RUNARMS9C, RUNARMS5B, RUNARMS7C, RUNARMS2B, RUNARMS7A, P50ARMS1A, P50ARMS1B, P50ARMS1C, P50ARMS2A, P50ARMS2B, P50ARMS2C, P50ARMS3A, P50ARMS3B, P50ARMS3C"
"814","0.296125268794497","6.73131750673495","0.001","0.302872791669406","0.363674223567157","0.0142694842190109",NA,"RUNARMS8B, RUNARMS4B, RUNARMS3B, RUNARMS7B, RUNARMS9B, RUNARMS8A, RUNARMS1C, RUNARMS6C, RUNARMS5B, P50ARMS1A, P50ARMS1B, P50ARMS1C, P50ARMS2A, P50ARMS2B, P50ARMS2C, P50ARMS3A, P50ARMS3B, P50ARMS3C"
"815","0.264848934279416","5.76423424526636","0.001","0.324100926480447","0.363674501166348","0.0378203539188512",NA,"RUNARMS7A, RUNARMS1C, RUNARMS4A, RUNARMS6B, RUNARMS1B, RUNARMS5B, RUNARMS7B, RUNARMS2A, RUNARMS8C, P50ARMS1A, P50ARMS1B, P50ARMS1C, P50ARMS2A, P50ARMS2B, P50ARMS2C, P50ARMS3A, P50ARMS3B, P50ARMS3C"
"816","0.276075651516549","6.10175694949121","0.001","0.315374701381299","0.363674223557427","0.0240867638322707",NA,"RUNARMS4C, RUNARMS8A, RUNARMS1C, RUNARMS4A, RUNARMS1B, RUNARMS3B, RUNARMS7C, RUNARMS5A, RUNARMS5B, P50ARMS1A, P50ARMS1B, P50ARMS1C, P50ARMS2A, P50ARMS2B, P50ARMS2C, P50ARMS3A, P50ARMS3B, P50ARMS3C"
"817","0.306173337905195","7.06051478577187","0.001","0.30553673067932","0.364716818951867","0.00912090648166175",NA,"RUNARMS9A, RUNARMS5C, RUNARMS7B, RUNARMS2A, RUNARMS2C, RUNARMS2B, RUNARMS8B, RUNARMS1C, RUNARMS7A, P50ARMS1A, P50ARMS1B, P50ARMS1C, P50ARMS2A, P50ARMS2B, P50ARMS2C, P50ARMS3A, P50ARMS3B, P50ARMS3C"
"818","0.301289589385033","6.89932961771339","0.001","0.30295414767922","0.363674223649644","0.00377635615878245",NA,"RUNARMS7B, RUNARMS2B, RUNARMS4B, RUNARMS9B, RUNARMS4C, RUNARMS9C, RUNARMS4A, RUNARMS3B, RUNARMS1C, P50ARMS1A, P50ARMS1B, P50ARMS1C, P50ARMS2A, P50ARMS2B, P50ARMS2C, P50ARMS3A, P50ARMS3B, P50ARMS3C"
"819","0.286713138342719","6.4313678830771","0.001","0.309073748472942","0.36367422373659","0.0183861140563605",NA,"RUNARMS6C, RUNARMS9B, RUNARMS4B, RUNARMS8B, RUNARMS2A, RUNARMS9C, RUNARMS5B, RUNARMS4A, RUNARMS1B, P50ARMS1A, P50ARMS1B, P50ARMS1C, P50ARMS2A, P50ARMS2B, P50ARMS2C, P50ARMS3A, P50ARMS3B, P50ARMS3C"
"820","0.269191522900165","5.89356103735269","0.001","0.326674236875973","0.363674224574564","0.101991007922435",NA,"RUNARMS8B, RUNARMS1A, RUNARMS2A, RUNARMS7A, RUNARMS6B, RUNARMS3C, RUNARMS9A, RUNARMS5A, RUNARMS2B, P50ARMS1A, P50ARMS1B, P50ARMS1C, P50ARMS2A, P50ARMS2B, P50ARMS2C, P50ARMS3A, P50ARMS3B, P50ARMS3C"
"821","0.268490382627133","5.87257640912797","0.001","0.317988990203723","0.363674223859836","0.019784834467007",NA,"RUNARMS1B, RUNARMS3B, RUNARMS3A, RUNARMS7B, RUNARMS2B, RUNARMS7C, RUNARMS9C, RUNARMS5B, RUNARMS8C, P50ARMS1A, P50ARMS1B, P50ARMS1C, P50ARMS2A, P50ARMS2B, P50ARMS2C, P50ARMS3A, P50ARMS3B, P50ARMS3C"
"822","0.277696151136775","6.15134257581638","0.001","0.318096143985189","0.363674224220142","0.0589935360831322",NA,"RUNARMS1A, RUNARMS4C, RUNARMS8A, RUNARMS1B, RUNARMS4A, RUNARMS8B, RUNARMS2B, RUNARMS5C, RUNARMS9A, P50ARMS1A, P50ARMS1B, P50ARMS1C, P50ARMS2A, P50ARMS2B, P50ARMS2C, P50ARMS3A, P50ARMS3B, P50ARMS3C"
"823","0.274687432583356","6.05945508015588","0.001","0.324623881908655","0.363674224765076","0.110098744518437",NA,"RUNARMS1C, RUNARMS5C, RUNARMS1B, RUNARMS2C, RUNARMS8A, RUNARMS7B, RUNARMS2A, RUNARMS1A, RUNARMS4A, P50ARMS1A, P50ARMS1B, P50ARMS1C, P50ARMS2A, P50ARMS2B, P50ARMS2C, P50ARMS3A, P50ARMS3B, P50ARMS3C"
"824","0.282246193605248","6.29176614244282","0.001","0.303126350024306","0.3636743198993","0.0233538870717164",NA,"RUNARMS4B, RUNARMS6A, RUNARMS5B, RUNARMS3C, RUNARMS4A, RUNARMS3A, RUNARMS1B, RUNARMS8A, RUNARMS5C, P50ARMS1A, P50ARMS1B, P50ARMS1C, P50ARMS2A, P50ARMS2B, P50ARMS2C, P50ARMS3A, P50ARMS3B, P50ARMS3C"
"825","0.284196697453136","6.35250933192289","0.001","0.316349128926977","0.363674223743041","0.0218255598914438",NA,"RUNARMS4B, RUNARMS6C, RUNARMS3C, RUNARMS1C, RUNARMS4A, RUNARMS8A, RUNARMS2A, RUNARMS9C, RUNARMS7A, P50ARMS1A, P50ARMS1B, P50ARMS1C, P50ARMS2A, P50ARMS2B, P50ARMS2C, P50ARMS3A, P50ARMS3B, P50ARMS3C"
"826","0.29086850123099","6.56281102697398","0.001","0.319460755186553","0.363674226706208","0.0358269824521221",NA,"RUNARMS1A, RUNARMS7C, RUNARMS2C, RUNARMS2B, RUNARMS5B, RUNARMS8A, RUNARMS3B, RUNARMS9B, RUNARMS9C, P50ARMS1A, P50ARMS1B, P50ARMS1C, P50ARMS2A, P50ARMS2B, P50ARMS2C, P50ARMS3A, P50ARMS3B, P50ARMS3C"
"827","0.29547814134962","6.71043801344995","0.001","0.317238826134141","0.363674227926036","0.0726440941245067",NA,"RUNARMS9B, RUNARMS1A, RUNARMS8A, RUNARMS2B, RUNARMS4A, RUNARMS6A, RUNARMS4C, RUNARMS9A, RUNARMS7A, P50ARMS1A, P50ARMS1B, P50ARMS1C, P50ARMS2A, P50ARMS2B, P50ARMS2C, P50ARMS3A, P50ARMS3B, P50ARMS3C"
"828","0.266892553494701","5.82490448879155","0.001","0.312877333062466","0.363674223852063","0.0161498460191225",NA,"RUNARMS6C, RUNARMS1B, RUNARMS7A, RUNARMS3C, RUNARMS3B, RUNARMS4B, RUNARMS5B, RUNARMS4C, RUNARMS2C, P50ARMS1A, P50ARMS1B, P50ARMS1C, P50ARMS2A, P50ARMS2B, P50ARMS2C, P50ARMS3A, P50ARMS3B, P50ARMS3C"
"829","0.274005368527241","6.03873046215545","0.001","0.314656874161263","0.363674223644472","0.058916856583374",NA,"RUNARMS5A, RUNARMS2B, RUNARMS5C, RUNARMS3C, RUNARMS7A, RUNARMS5B, RUNARMS8A, RUNARMS1C, RUNARMS3A, P50ARMS1A, P50ARMS1B, P50ARMS1C, P50ARMS2A, P50ARMS2B, P50ARMS2C, P50ARMS3A, P50ARMS3B, P50ARMS3C"
"830","0.300906108505964","6.88676842220196","0.001","0.300519685945897","0.363674223559282","0.00585728026919177",NA,"RUNARMS5C, RUNARMS6A, RUNARMS9A, RUNARMS1A, RUNARMS3A, RUNARMS4A, RUNARMS9B, RUNARMS8C, RUNARMS3C, P50ARMS1A, P50ARMS1B, P50ARMS1C, P50ARMS2A, P50ARMS2B, P50ARMS2C, P50ARMS3A, P50ARMS3B, P50ARMS3C"
"831","0.272978966876385","6.00761638388463","0.001","0.317019794024502","0.363674224028645","0.00791604900373217",NA,"RUNARMS4B, RUNARMS8C, RUNARMS7A, RUNARMS5A, RUNARMS5B, RUNARMS1C, RUNARMS2C, RUNARMS9A, RUNARMS1A, P50ARMS1A, P50ARMS1B, P50ARMS1C, P50ARMS2A, P50ARMS2B, P50ARMS2C, P50ARMS3A, P50ARMS3B, P50ARMS3C"
"832","0.270271646380252","5.92596727348406","0.001","0.319923912793852","0.363674223767175","0.0952078857890098",NA,"RUNARMS2A, RUNARMS1B, RUNARMS9A, RUNARMS7C, RUNARMS6C, RUNARMS9C, RUNARMS3A, RUNARMS7B, RUNARMS3C, P50ARMS1A, P50ARMS1B, P50ARMS1C, P50ARMS2A, P50ARMS2B, P50ARMS2C, P50ARMS3A, P50ARMS3B, P50ARMS3C"
"833","0.290768798216231","6.55963916951032","0.001","0.318110319154435","0.363674223569618","0.0382138753166608",NA,"RUNARMS1C, RUNARMS2C, RUNARMS3B, RUNARMS1B, RUNARMS7C, RUNARMS5B, RUNARMS9A, RUNARMS2A, RUNARMS9B, P50ARMS1A, P50ARMS1B, P50ARMS1C, P50ARMS2A, P50ARMS2B, P50ARMS2C, P50ARMS3A, P50ARMS3B, P50ARMS3C"
"834","0.28913756165732","6.50787091424151","0.001","0.311514295892689","0.363674223767111","0.0217991345639513",NA,"RUNARMS1C, RUNARMS7C, RUNARMS3B, RUNARMS2C, RUNARMS2A, RUNARMS5C, RUNARMS9C, RUNARMS1A, RUNARMS4B, P50ARMS1A, P50ARMS1B, P50ARMS1C, P50ARMS2A, P50ARMS2B, P50ARMS2C, P50ARMS3A, P50ARMS3B, P50ARMS3C"
"835","0.294437793820945","6.6769515995583","0.001","0.309915310063206","0.363674225290065","0.0108328235625226",NA,"RUNARMS8C, RUNARMS1A, RUNARMS6A, RUNARMS4A, RUNARMS8A, RUNARMS4C, RUNARMS9C, RUNARMS2C, RUNARMS7B, P50ARMS1A, P50ARMS1B, P50ARMS1C, P50ARMS2A, P50ARMS2B, P50ARMS2C, P50ARMS3A, P50ARMS3B, P50ARMS3C"
"836","0.294864125594253","6.69066229750966","0.001","0.311352505190398","0.363674223894662","0.0119854101699279",NA,"RUNARMS6C, RUNARMS3B, RUNARMS4C, RUNARMS9B, RUNARMS5C, RUNARMS2A, RUNARMS5B, RUNARMS1A, RUNARMS8C, P50ARMS1A, P50ARMS1B, P50ARMS1C, P50ARMS2A, P50ARMS2B, P50ARMS2C, P50ARMS3A, P50ARMS3B, P50ARMS3C"
"837","0.279061974640473","6.19330849142117","0.001","0.31346275834857","0.363674224980571","0.0621901506847624",NA,"RUNARMS2C, RUNARMS4A, RUNARMS8B, RUNARMS7C, RUNARMS1B, RUNARMS1A, RUNARMS5A, RUNARMS9B, RUNARMS8A, P50ARMS1A, P50ARMS1B, P50ARMS1C, P50ARMS2A, P50ARMS2B, P50ARMS2C, P50ARMS3A, P50ARMS3B, P50ARMS3C"
"838","0.29852612257886","6.80911736702372","0.001","0.306490823321941","0.372174457387466","0.0150881376087643",NA,"RUNARMS5B, RUNARMS9B, RUNARMS3A, RUNARMS7B, RUNARMS6C, RUNARMS5C, RUNARMS1B, RUNARMS8B, RUNARMS9A, P50ARMS1A, P50ARMS1B, P50ARMS1C, P50ARMS2A, P50ARMS2B, P50ARMS2C, P50ARMS3A, P50ARMS3B, P50ARMS3C"
"839","0.299986748799088","6.85671017305902","0.001","0.311310819619722","0.363674223557897","0.0183535867220387",NA,"RUNARMS9B, RUNARMS9A, RUNARMS2A, RUNARMS3B, RUNARMS8B, RUNARMS4C, RUNARMS7A, RUNARMS1B, RUNARMS5A, P50ARMS1A, P50ARMS1B, P50ARMS1C, P50ARMS2A, P50ARMS2B, P50ARMS2C, P50ARMS3A, P50ARMS3B, P50ARMS3C"
"840","0.273508563287072","6.02365945618487","0.001","0.3178314847337","0.363674250604829","0.04728377946968",NA,"RUNARMS2A, RUNARMS3A, RUNARMS8B, RUNARMS5A, RUNARMS5B, RUNARMS1A, RUNARMS7C, RUNARMS4C, RUNARMS6B, P50ARMS1A, P50ARMS1B, P50ARMS1C, P50ARMS2A, P50ARMS2B, P50ARMS2C, P50ARMS3A, P50ARMS3B, P50ARMS3C"
"841","0.309310855356161","7.16526924460434","0.001","0.292129558466706","0.363674224389325","0.00730629657715633",NA,"RUNARMS9B, RUNARMS6A, RUNARMS5A, RUNARMS1A, RUNARMS8B, RUNARMS8C, RUNARMS5B, RUNARMS2A, RUNARMS9C, P50ARMS1A, P50ARMS1B, P50ARMS1C, P50ARMS2A, P50ARMS2B, P50ARMS2C, P50ARMS3A, P50ARMS3B, P50ARMS3C"
"842","0.268409435804902","5.87015631838188","0.001","0.318180386838316","0.363674224478869","0.0553987966545389",NA,"RUNARMS8A, RUNARMS3C, RUNARMS3A, RUNARMS4B, RUNARMS7C, RUNARMS1A, RUNARMS5A, RUNARMS1C, RUNARMS9A, P50ARMS1A, P50ARMS1B, P50ARMS1C, P50ARMS2A, P50ARMS2B, P50ARMS2C, P50ARMS3A, P50ARMS3B, P50ARMS3C"
"843","0.279944370039478","6.22050538078178","0.001","0.313222105912418","0.363674223603792","0.00525090849427027",NA,"RUNARMS3C, RUNARMS6A, RUNARMS8C, RUNARMS2C, RUNARMS2B, RUNARMS9A, RUNARMS4A, RUNARMS1C, RUNARMS4B, P50ARMS1A, P50ARMS1B, P50ARMS1C, P50ARMS2A, P50ARMS2B, P50ARMS2C, P50ARMS3A, P50ARMS3B, P50ARMS3C"
"844","0.259316854515332","5.60167960826266","0.001","0.33721699622224","0.363674223641688","0.173025771613869",NA,"RUNARMS2A, RUNARMS7A, RUNARMS1B, RUNARMS3A, RUNARMS9A, RUNARMS1A, RUNARMS9C, RUNARMS8C, RUNARMS6C, P50ARMS1A, P50ARMS1B, P50ARMS1C, P50ARMS2A, P50ARMS2B, P50ARMS2C, P50ARMS3A, P50ARMS3B, P50ARMS3C"
"845","0.272895301823016","6.00508405476627","0.001","0.318268282069234","0.363674223606213","0.0159324258579027",NA,"RUNARMS7A, RUNARMS2B, RUNARMS2C, RUNARMS1A, RUNARMS4C, RUNARMS3C, RUNARMS7C, RUNARMS4A, RUNARMS3B, P50ARMS1A, P50ARMS1B, P50ARMS1C, P50ARMS2A, P50ARMS2B, P50ARMS2C, P50ARMS3A, P50ARMS3B, P50ARMS3C"
"846","0.262328148573992","5.68986110703572","0.001","0.331721025068574","0.36503966518683","0.0463611055141667",NA,"RUNARMS2B, RUNARMS6B, RUNARMS7B, RUNARMS1B, RUNARMS8C, RUNARMS4C, RUNARMS9A, RUNARMS1A, RUNARMS3B, P50ARMS1A, P50ARMS1B, P50ARMS1C, P50ARMS2A, P50ARMS2B, P50ARMS2C, P50ARMS3A, P50ARMS3B, P50ARMS3C"
"847","0.288747451667864","6.49552572784376","0.001","0.326824634449673","0.363674233991002","0.0592618685862505",NA,"RUNARMS1C, RUNARMS3B, RUNARMS6B, RUNARMS9A, RUNARMS6C, RUNARMS4A, RUNARMS9C, RUNARMS2A, RUNARMS5B, P50ARMS1A, P50ARMS1B, P50ARMS1C, P50ARMS2A, P50ARMS2B, P50ARMS2C, P50ARMS3A, P50ARMS3B, P50ARMS3C"
"848","0.263493559463045","5.72418205648695","0.001","0.306840358582881","0.363674223564323","0.0522050588510287",NA,"RUNARMS8A, RUNARMS3C, RUNARMS3A, RUNARMS1C, RUNARMS7A, RUNARMS8B, RUNARMS5B, RUNARMS1B, RUNARMS7C, P50ARMS1A, P50ARMS1B, P50ARMS1C, P50ARMS2A, P50ARMS2B, P50ARMS2C, P50ARMS3A, P50ARMS3B, P50ARMS3C"
"849","0.278333986676331","6.17092076473324","0.001","0.328714345076128","0.363674223863599","0.0932323409400589",NA,"RUNARMS5B, RUNARMS7B, RUNARMS3A, RUNARMS9A, RUNARMS4C, RUNARMS6B, RUNARMS1B, RUNARMS2A, RUNARMS3B, P50ARMS1A, P50ARMS1B, P50ARMS1C, P50ARMS2A, P50ARMS2B, P50ARMS2C, P50ARMS3A, P50ARMS3B, P50ARMS3C"
"850","0.273008270284073","6.0085034615896","0.001","0.318749916784518","0.363674223945593","0.0588894041100347",NA,"RUNARMS5A, RUNARMS7C, RUNARMS1B, RUNARMS8A, RUNARMS5C, RUNARMS3A, RUNARMS1A, RUNARMS8C, RUNARMS9A, P50ARMS1A, P50ARMS1B, P50ARMS1C, P50ARMS2A, P50ARMS2B, P50ARMS2C, P50ARMS3A, P50ARMS3B, P50ARMS3C"
"851","0.312522160684262","7.2734774635429","0.001","0.289439815623616","0.363674225305087","0.00614160107472668",NA,"RUNARMS8B, RUNARMS4C, RUNARMS3B, RUNARMS3A, RUNARMS6A, RUNARMS9B, RUNARMS5C, RUNARMS1C, RUNARMS5A, P50ARMS1A, P50ARMS1B, P50ARMS1C, P50ARMS2A, P50ARMS2B, P50ARMS2C, P50ARMS3A, P50ARMS3B, P50ARMS3C"
"852","0.299219769597602","6.83169431137144","0.001","0.310122757324832","0.363674223825962","0.0258314757339404",NA,"RUNARMS9B, RUNARMS5C, RUNARMS1C, RUNARMS6B, RUNARMS9A, RUNARMS4C, RUNARMS1B, RUNARMS2A, RUNARMS4A, P50ARMS1A, P50ARMS1B, P50ARMS1C, P50ARMS2A, P50ARMS2B, P50ARMS2C, P50ARMS3A, P50ARMS3B, P50ARMS3C"
"853","0.298639066307613","6.81279043554128","0.001","0.311155974357651","0.363674225062632","0.0254816817979638",NA,"RUNARMS9B, RUNARMS7C, RUNARMS1A, RUNARMS4A, RUNARMS5A, RUNARMS8A, RUNARMS8C, RUNARMS2A, RUNARMS5C, P50ARMS1A, P50ARMS1B, P50ARMS1C, P50ARMS2A, P50ARMS2B, P50ARMS2C, P50ARMS3A, P50ARMS3B, P50ARMS3C"
"854","0.304641566730016","7.00971590257215","0.001","0.303095529716169","0.363674224020199","0.0146887256281658",NA,"RUNARMS9C, RUNARMS7C, RUNARMS5C, RUNARMS1B, RUNARMS2A, RUNARMS9B, RUNARMS7A, RUNARMS6C, RUNARMS9A, P50ARMS1A, P50ARMS1B, P50ARMS1C, P50ARMS2A, P50ARMS2B, P50ARMS2C, P50ARMS3A, P50ARMS3B, P50ARMS3C"
"855","0.274506562474574","6.05395551829406","0.001","0.307326219353099","0.363674399841158","0.0380102298287475",NA,"RUNARMS9A, RUNARMS8C, RUNARMS7B, RUNARMS7C, RUNARMS7A, RUNARMS5A, RUNARMS3A, RUNARMS4B, RUNARMS1B, P50ARMS1A, P50ARMS1B, P50ARMS1C, P50ARMS2A, P50ARMS2B, P50ARMS2C, P50ARMS3A, P50ARMS3B, P50ARMS3C"
"856","0.269532119996166","5.90376940313381","0.001","0.322083667668423","0.363674224249368","0.0292705223505439",NA,"RUNARMS3C, RUNARMS2C, RUNARMS4C, RUNARMS5B, RUNARMS1A, RUNARMS6B, RUNARMS8C, RUNARMS8A, RUNARMS9C, P50ARMS1A, P50ARMS1B, P50ARMS1C, P50ARMS2A, P50ARMS2B, P50ARMS2C, P50ARMS3A, P50ARMS3B, P50ARMS3C"
"857","0.281154681975691","6.25791780069567","0.001","0.311778772454894","0.363674227853579","0.00589024099382506",NA,"RUNARMS1A, RUNARMS8C, RUNARMS1C, RUNARMS9A, RUNARMS5B, RUNARMS2C, RUNARMS3B, RUNARMS7C, RUNARMS4B, P50ARMS1A, P50ARMS1B, P50ARMS1C, P50ARMS2A, P50ARMS2B, P50ARMS2C, P50ARMS3A, P50ARMS3B, P50ARMS3C"
"858","0.304165620991779","6.99397742147339","0.001","0.300037354620309","0.363674223579268","0.0054482555308735",NA,"RUNARMS5B, RUNARMS4C, RUNARMS2C, RUNARMS2A, RUNARMS7C, RUNARMS1C, RUNARMS5C, RUNARMS4A, RUNARMS9C, P50ARMS1A, P50ARMS1B, P50ARMS1C, P50ARMS2A, P50ARMS2B, P50ARMS2C, P50ARMS3A, P50ARMS3B, P50ARMS3C"
"859","0.298902090853268","6.82134890328333","0.001","0.285601657329559","0.363674223690407","0.0135483528410276",NA,"RUNARMS7A, RUNARMS7B, RUNARMS9B, RUNARMS3B, RUNARMS7C, RUNARMS1B, RUNARMS8C, RUNARMS4C, RUNARMS8B, P50ARMS1A, P50ARMS1B, P50ARMS1C, P50ARMS2A, P50ARMS2B, P50ARMS2C, P50ARMS3A, P50ARMS3B, P50ARMS3C"
"860","0.32219668690587","7.60566803216261","0.001","0.279348533334732","0.363674224038037","0.00254362881442926",NA,"RUNARMS9C, RUNARMS7A, RUNARMS6A, RUNARMS7B, RUNARMS2C, RUNARMS9B, RUNARMS8B, RUNARMS5C, RUNARMS1A, P50ARMS1A, P50ARMS1B, P50ARMS1C, P50ARMS2A, P50ARMS2B, P50ARMS2C, P50ARMS3A, P50ARMS3B, P50ARMS3C"
"861","0.273017831284001","6.00879290926669","0.001","0.312559737088592","0.363674223677835","0.0230218930930149",NA,"RUNARMS5A, RUNARMS1B, RUNARMS3C, RUNARMS9B, RUNARMS6B, RUNARMS6A, RUNARMS2C, RUNARMS7A, RUNARMS1C, P50ARMS1A, P50ARMS1B, P50ARMS1C, P50ARMS2A, P50ARMS2B, P50ARMS2C, P50ARMS3A, P50ARMS3B, P50ARMS3C"
"862","0.292699384860332","6.6212160113003","0.001","0.304885560473161","0.36367422355766","0.00905777803992999",NA,"RUNARMS5A, RUNARMS7C, RUNARMS8C, RUNARMS6A, RUNARMS5B, RUNARMS2A, RUNARMS4B, RUNARMS8A, RUNARMS1C, P50ARMS1A, P50ARMS1B, P50ARMS1C, P50ARMS2A, P50ARMS2B, P50ARMS2C, P50ARMS3A, P50ARMS3B, P50ARMS3C"
"863","0.291160765179473","6.57211397736904","0.001","0.293762168976219","0.363674223768238","0.00192052968658492",NA,"RUNARMS8B, RUNARMS5A, RUNARMS5B, RUNARMS1C, RUNARMS4B, RUNARMS9C, RUNARMS8A, RUNARMS4C, RUNARMS3C, P50ARMS1A, P50ARMS1B, P50ARMS1C, P50ARMS2A, P50ARMS2B, P50ARMS2C, P50ARMS3A, P50ARMS3B, P50ARMS3C"
"864","0.29146094311366","6.58167682429768","0.001","0.307173519881202","0.363674223557466","0.0460537098774285",NA,"RUNARMS6A, RUNARMS2A, RUNARMS6B, RUNARMS2B, RUNARMS7C, RUNARMS9B, RUNARMS1A, RUNARMS8B, RUNARMS4C, P50ARMS1A, P50ARMS1B, P50ARMS1C, P50ARMS2A, P50ARMS2B, P50ARMS2C, P50ARMS3A, P50ARMS3B, P50ARMS3C"
"865","0.291094131375437","6.56999230524584","0.001","0.304659962829001","0.363674223828864","0.0192165775384513",NA,"RUNARMS3C, RUNARMS3B, RUNARMS8C, RUNARMS1B, RUNARMS5C, RUNARMS6B, RUNARMS9C, RUNARMS2A, RUNARMS6A, P50ARMS1A, P50ARMS1B, P50ARMS1C, P50ARMS2A, P50ARMS2B, P50ARMS2C, P50ARMS3A, P50ARMS3B, P50ARMS3C"
"866","0.260981408380507","5.6503348920322","0.001","0.331256537592666","0.363674223631315","0.136687465362787",NA,"RUNARMS1B, RUNARMS3A, RUNARMS8A, RUNARMS3B, RUNARMS6C, RUNARMS5B, RUNARMS7C, RUNARMS7B, RUNARMS6B, P50ARMS1A, P50ARMS1B, P50ARMS1C, P50ARMS2A, P50ARMS2B, P50ARMS2C, P50ARMS3A, P50ARMS3B, P50ARMS3C"
"867","0.306516237561324","7.07191727710403","0.001","0.29459156718258","0.363674223878001","0.0116828938329273",NA,"RUNARMS2A, RUNARMS6A, RUNARMS3C, RUNARMS8B, RUNARMS7A, RUNARMS5C, RUNARMS1C, RUNARMS4A, RUNARMS8A, P50ARMS1A, P50ARMS1B, P50ARMS1C, P50ARMS2A, P50ARMS2B, P50ARMS2C, P50ARMS3A, P50ARMS3B, P50ARMS3C"
"868","0.28662230159365","6.42851162258533","0.001","0.321118477028919","0.363674224133907","0.0408058835829043",NA,"RUNARMS9B, RUNARMS5A, RUNARMS2A, RUNARMS6C, RUNARMS1C, RUNARMS3B, RUNARMS3A, RUNARMS7C, RUNARMS7A, P50ARMS1A, P50ARMS1B, P50ARMS1C, P50ARMS2A, P50ARMS2B, P50ARMS2C, P50ARMS3A, P50ARMS3B, P50ARMS3C"
"869","0.293167319479226","6.63619162064161","0.001","0.305001410930976","0.363674223865984","0.00761641288088934",NA,"RUNARMS2A, RUNARMS8B, RUNARMS2C, RUNARMS1C, RUNARMS5B, RUNARMS3A, RUNARMS4A, RUNARMS7C, RUNARMS8C, P50ARMS1A, P50ARMS1B, P50ARMS1C, P50ARMS2A, P50ARMS2B, P50ARMS2C, P50ARMS3A, P50ARMS3B, P50ARMS3C"
"870","0.278096313674729","6.16362141249797","0.001","0.33171458175988","0.373425508870051","0.0165515905637964",NA,"RUNARMS2B, RUNARMS6A, RUNARMS9A, RUNARMS2C, RUNARMS4A, RUNARMS5A, RUNARMS8C, RUNARMS6C, RUNARMS1B, P50ARMS1A, P50ARMS1B, P50ARMS1C, P50ARMS2A, P50ARMS2B, P50ARMS2C, P50ARMS3A, P50ARMS3B, P50ARMS3C"
"871","0.282439072185861","6.29775811336299","0.001","0.313779185011845","0.363674513084327","0.0542278845020799",NA,"RUNARMS6A, RUNARMS9A, RUNARMS8B, RUNARMS3C, RUNARMS3A, RUNARMS1B, RUNARMS3B, RUNARMS4C, RUNARMS8A, P50ARMS1A, P50ARMS1B, P50ARMS1C, P50ARMS2A, P50ARMS2B, P50ARMS2C, P50ARMS3A, P50ARMS3B, P50ARMS3C"
"872","0.287778757631141","6.46492950250087","0.001","0.305063874501235","0.363674223557369","0.0222881034050317",NA,"RUNARMS8C, RUNARMS6A, RUNARMS2C, RUNARMS8B, RUNARMS1B, RUNARMS6B, RUNARMS5A, RUNARMS8A, RUNARMS4C, P50ARMS1A, P50ARMS1B, P50ARMS1C, P50ARMS2A, P50ARMS2B, P50ARMS2C, P50ARMS3A, P50ARMS3B, P50ARMS3C"
"873","0.29273927985802","6.62249202357522","0.001","0.298972852813573","0.363674223560908","0.00888820185257324",NA,"RUNARMS5C, RUNARMS7A, RUNARMS5A, RUNARMS7C, RUNARMS9C, RUNARMS6B, RUNARMS1C, RUNARMS8A, RUNARMS3C, P50ARMS1A, P50ARMS1B, P50ARMS1C, P50ARMS2A, P50ARMS2B, P50ARMS2C, P50ARMS3A, P50ARMS3B, P50ARMS3C"
"874","0.2797409947073","6.21423110634749","0.001","0.315879118529349","0.363674223734248","0.00798248154954841",NA,"RUNARMS1A, RUNARMS2C, RUNARMS8C, RUNARMS5B, RUNARMS4B, RUNARMS9C, RUNARMS6B, RUNARMS9B, RUNARMS5A, P50ARMS1A, P50ARMS1B, P50ARMS1C, P50ARMS2A, P50ARMS2B, P50ARMS2C, P50ARMS3A, P50ARMS3B, P50ARMS3C"
"875","0.293385215909812","6.64317186711713","0.001","0.312057851978308","0.363674224113681","0.0134800071271145",NA,"RUNARMS3B, RUNARMS4A, RUNARMS2B, RUNARMS6A, RUNARMS1A, RUNARMS3C, RUNARMS7C, RUNARMS9B, RUNARMS2A, P50ARMS1A, P50ARMS1B, P50ARMS1C, P50ARMS2A, P50ARMS2B, P50ARMS2C, P50ARMS3A, P50ARMS3B, P50ARMS3C"
"876","0.290640112007169","6.55554658619449","0.001","0.316355667527431","0.363674224120042","0.0347872836125467",NA,"RUNARMS1B, RUNARMS8B, RUNARMS3B, RUNARMS8A, RUNARMS9A, RUNARMS2B, RUNARMS8C, RUNARMS6A, RUNARMS2C, P50ARMS1A, P50ARMS1B, P50ARMS1C, P50ARMS2A, P50ARMS2B, P50ARMS2C, P50ARMS3A, P50ARMS3B, P50ARMS3C"
"877","0.274081675673714","6.04104713136889","0.001","0.309136867989905","0.363674223576967","0.00758616278162175",NA,"RUNARMS4B, RUNARMS3C, RUNARMS2C, RUNARMS6A, RUNARMS9B, RUNARMS6C, RUNARMS1B, RUNARMS1A, RUNARMS9C, P50ARMS1A, P50ARMS1B, P50ARMS1C, P50ARMS2A, P50ARMS2B, P50ARMS2C, P50ARMS3A, P50ARMS3B, P50ARMS3C"
"878","0.27503602186151","6.0700620754753","0.001","0.306853838985298","0.36367422545981","0.00821770477396004",NA,"RUNARMS4B, RUNARMS7B, RUNARMS1C, RUNARMS9C, RUNARMS1B, RUNARMS8B, RUNARMS6B, RUNARMS2C, RUNARMS5A, P50ARMS1A, P50ARMS1B, P50ARMS1C, P50ARMS2A, P50ARMS2B, P50ARMS2C, P50ARMS3A, P50ARMS3B, P50ARMS3C"
"879","0.291150308136809","6.57178099061377","0.001","0.310159629682513","0.363674223697021","0.0101837623380266",NA,"RUNARMS9A, RUNARMS4C, RUNARMS3A, RUNARMS9B, RUNARMS4A, RUNARMS7B, RUNARMS2B, RUNARMS1B, RUNARMS4B, P50ARMS1A, P50ARMS1B, P50ARMS1C, P50ARMS2A, P50ARMS2B, P50ARMS2C, P50ARMS3A, P50ARMS3B, P50ARMS3C"
"880","0.286367105359796","6.42049115192035","0.001","0.328775642782498","0.363674223609765","0.0607018314892369",NA,"RUNARMS4A, RUNARMS2A, RUNARMS9A, RUNARMS9C, RUNARMS1A, RUNARMS3A, RUNARMS6A, RUNARMS2B, RUNARMS7A, P50ARMS1A, P50ARMS1B, P50ARMS1C, P50ARMS2A, P50ARMS2B, P50ARMS2C, P50ARMS3A, P50ARMS3B, P50ARMS3C"
"881","0.278893506679659","6.18812359645781","0.001","0.303237902284475","0.363674225977335","0.0034896534071852",NA,"RUNARMS7C, RUNARMS1C, RUNARMS3C, RUNARMS6C, RUNARMS9A, RUNARMS8C, RUNARMS2C, RUNARMS4B, RUNARMS5B, P50ARMS1A, P50ARMS1B, P50ARMS1C, P50ARMS2A, P50ARMS2B, P50ARMS2C, P50ARMS3A, P50ARMS3B, P50ARMS3C"
"882","0.274879529710602","6.0652990166094","0.001","0.326666111199951","0.363674224508578","0.0767870323586528",NA,"RUNARMS5B, RUNARMS4C, RUNARMS1B, RUNARMS2A, RUNARMS2B, RUNARMS8A, RUNARMS3B, RUNARMS6C, RUNARMS4B, P50ARMS1A, P50ARMS1B, P50ARMS1C, P50ARMS2A, P50ARMS2B, P50ARMS2C, P50ARMS3A, P50ARMS3B, P50ARMS3C"
"883","0.291109022562999","6.57046641762613","0.002","0.314401087751504","0.363674223843908","0.0199553247256277",NA,"RUNARMS5B, RUNARMS9A, RUNARMS7A, RUNARMS2C, RUNARMS9B, RUNARMS3C, RUNARMS1C, RUNARMS8A, RUNARMS6C, P50ARMS1A, P50ARMS1B, P50ARMS1C, P50ARMS2A, P50ARMS2B, P50ARMS2C, P50ARMS3A, P50ARMS3B, P50ARMS3C"
"884","0.298661450030573","6.81351852211385","0.001","0.309234907398799","0.363674223632548","0.00557844075818337",NA,"RUNARMS8C, RUNARMS2A, RUNARMS2B, RUNARMS6A, RUNARMS1C, RUNARMS9C, RUNARMS9A, RUNARMS4C, RUNARMS5B, P50ARMS1A, P50ARMS1B, P50ARMS1C, P50ARMS2A, P50ARMS2B, P50ARMS2C, P50ARMS3A, P50ARMS3B, P50ARMS3C"
"885","0.279627523706713","6.21073198455444","0.001","0.298684264331141","0.363674225336468","0.0151064327424066",NA,"RUNARMS4C, RUNARMS5B, RUNARMS6C, RUNARMS1B, RUNARMS8B, RUNARMS6A, RUNARMS3C, RUNARMS9B, RUNARMS3A, P50ARMS1A, P50ARMS1B, P50ARMS1C, P50ARMS2A, P50ARMS2B, P50ARMS2C, P50ARMS3A, P50ARMS3B, P50ARMS3C"
"886","0.273755277800431","6.03114117172651","0.001","0.309777295449091","0.363674223557253","0.0370568266006373",NA,"RUNARMS3A, RUNARMS7A, RUNARMS2B, RUNARMS7B, RUNARMS6A, RUNARMS5A, RUNARMS1A, RUNARMS8B, RUNARMS4B, P50ARMS1A, P50ARMS1B, P50ARMS1C, P50ARMS2A, P50ARMS2B, P50ARMS2C, P50ARMS3A, P50ARMS3B, P50ARMS3C"
"887","0.283324712252553","6.32531283489479","0.001","0.31563451530284","0.363674223590724","0.0312025847543948",NA,"RUNARMS3C, RUNARMS5A, RUNARMS8B, RUNARMS9A, RUNARMS1A, RUNARMS9C, RUNARMS8A, RUNARMS4C, RUNARMS2C, P50ARMS1A, P50ARMS1B, P50ARMS1C, P50ARMS2A, P50ARMS2B, P50ARMS2C, P50ARMS3A, P50ARMS3B, P50ARMS3C"
"888","0.263221171684421","5.71615060733916","0.001","0.334407602092666","0.363674223729106","0.0951691748770836",NA,"RUNARMS1A, RUNARMS2A, RUNARMS4C, RUNARMS6C, RUNARMS1B, RUNARMS7A, RUNARMS6B, RUNARMS9C, RUNARMS3B, P50ARMS1A, P50ARMS1B, P50ARMS1C, P50ARMS2A, P50ARMS2B, P50ARMS2C, P50ARMS3A, P50ARMS3B, P50ARMS3C"
"889","0.278687558215497","6.18178846384033","0.001","0.323395005193001","0.363674228221143","0.0755367983539849",NA,"RUNARMS1A, RUNARMS8A, RUNARMS8B, RUNARMS4A, RUNARMS3A, RUNARMS1C, RUNARMS2B, RUNARMS9B, RUNARMS9C, P50ARMS1A, P50ARMS1B, P50ARMS1C, P50ARMS2A, P50ARMS2B, P50ARMS2C, P50ARMS3A, P50ARMS3B, P50ARMS3C"
"890","0.279192684094621","6.19733297227012","0.001","0.312637621913671","0.363674223643824","0.00285747494173295",NA,"RUNARMS1C, RUNARMS9C, RUNARMS5B, RUNARMS4B, RUNARMS8C, RUNARMS6C, RUNARMS9B, RUNARMS3A, RUNARMS7A, P50ARMS1A, P50ARMS1B, P50ARMS1C, P50ARMS2A, P50ARMS2B, P50ARMS2C, P50ARMS3A, P50ARMS3B, P50ARMS3C"
"891","0.284804570310526","6.3715076128869","0.001","0.333862658364439","0.363674226440473","0.0931338289238266",NA,"RUNARMS2A, RUNARMS1B, RUNARMS8A, RUNARMS9C, RUNARMS2B, RUNARMS4A, RUNARMS2C, RUNARMS4C, RUNARMS9A, P50ARMS1A, P50ARMS1B, P50ARMS1C, P50ARMS2A, P50ARMS2B, P50ARMS2C, P50ARMS3A, P50ARMS3B, P50ARMS3C"
"892","0.29731433629612","6.76978288650923","0.001","0.2970611483968","0.36375805272552","0.0222292667242439",NA,"RUNARMS1C, RUNARMS2B, RUNARMS6A, RUNARMS5B, RUNARMS9A, RUNARMS8B, RUNARMS7C, RUNARMS8A, RUNARMS8C, P50ARMS1A, P50ARMS1B, P50ARMS1C, P50ARMS2A, P50ARMS2B, P50ARMS2C, P50ARMS3A, P50ARMS3B, P50ARMS3C"
"893","0.293924164218708","6.66045542019655","0.001","0.311188341319553","0.363674223567562","0.00730020893359208",NA,"RUNARMS2C, RUNARMS1A, RUNARMS7A, RUNARMS9B, RUNARMS9A, RUNARMS9C, RUNARMS1C, RUNARMS5B, RUNARMS6C, P50ARMS1A, P50ARMS1B, P50ARMS1C, P50ARMS2A, P50ARMS2B, P50ARMS2C, P50ARMS3A, P50ARMS3B, P50ARMS3C"
"894","0.285733115974215","6.4005905325192","0.001","0.304028310405137","0.363674224163362","0.0127145713147473",NA,"RUNARMS8B, RUNARMS1C, RUNARMS2A, RUNARMS5B, RUNARMS7B, RUNARMS8C, RUNARMS4A, RUNARMS1A, RUNARMS5A, P50ARMS1A, P50ARMS1B, P50ARMS1C, P50ARMS2A, P50ARMS2B, P50ARMS2C, P50ARMS3A, P50ARMS3B, P50ARMS3C"
"895","0.282508496678646","6.29991564490185","0.001","0.31082442556307","0.36367422805759","0.0469783662835172",NA,"RUNARMS1A, RUNARMS2A, RUNARMS7A, RUNARMS9C, RUNARMS5C, RUNARMS4C, RUNARMS6A, RUNARMS1B, RUNARMS2B, P50ARMS1A, P50ARMS1B, P50ARMS1C, P50ARMS2A, P50ARMS2B, P50ARMS2C, P50ARMS3A, P50ARMS3B, P50ARMS3C"
"896","0.271997516025861","5.97794698811545","0.001","0.317482680493477","0.363674224149128","0.0151848176054221",NA,"RUNARMS7C, RUNARMS3B, RUNARMS1B, RUNARMS4B, RUNARMS2B, RUNARMS3C, RUNARMS3A, RUNARMS9A, RUNARMS9C, P50ARMS1A, P50ARMS1B, P50ARMS1C, P50ARMS2A, P50ARMS2B, P50ARMS2C, P50ARMS3A, P50ARMS3B, P50ARMS3C"
"897","0.278796502365752","6.18513921865955","0.001","0.329613466959913","0.363674224582713","0.0452137167013439",NA,"RUNARMS8C, RUNARMS3C, RUNARMS8A, RUNARMS9B, RUNARMS2A, RUNARMS1A, RUNARMS3A, RUNARMS4A, RUNARMS2B, P50ARMS1A, P50ARMS1B, P50ARMS1C, P50ARMS2A, P50ARMS2B, P50ARMS2C, P50ARMS3A, P50ARMS3B, P50ARMS3C"
"898","0.27558800226889","6.08687880669108","0.001","0.308709551103332","0.363674327051756","0.0204236419196679",NA,"RUNARMS6A, RUNARMS3B, RUNARMS7C, RUNARMS1B, RUNARMS8C, RUNARMS8A, RUNARMS3C, RUNARMS6B, RUNARMS1A, P50ARMS1A, P50ARMS1B, P50ARMS1C, P50ARMS2A, P50ARMS2B, P50ARMS2C, P50ARMS3A, P50ARMS3B, P50ARMS3C"
"899","0.282597057263801","6.30266848219978","0.001","0.307112499443033","0.363674223721519","0.0154681148028914",NA,"RUNARMS6A, RUNARMS2B, RUNARMS1A, RUNARMS8C, RUNARMS7A, RUNARMS9B, RUNARMS7B, RUNARMS4B, RUNARMS5A, P50ARMS1A, P50ARMS1B, P50ARMS1C, P50ARMS2A, P50ARMS2B, P50ARMS2C, P50ARMS3A, P50ARMS3B, P50ARMS3C"
"900","0.274035019022556","6.03963058721855","0.001","0.33269699966165","0.363674223557253","0.103484887089638",NA,"RUNARMS4A, RUNARMS6B, RUNARMS9B, RUNARMS8A, RUNARMS5A, RUNARMS2C, RUNARMS3A, RUNARMS7B, RUNARMS1B, P50ARMS1A, P50ARMS1B, P50ARMS1C, P50ARMS2A, P50ARMS2B, P50ARMS2C, P50ARMS3A, P50ARMS3B, P50ARMS3C"
"901","0.297612087881058","6.7794353005474","0.001","0.306218843093311","0.363674224200344","0.0033702317678451",NA,"RUNARMS3B, RUNARMS7C, RUNARMS9B, RUNARMS2B, RUNARMS8B, RUNARMS1C, RUNARMS2A, RUNARMS5A, RUNARMS4B, P50ARMS1A, P50ARMS1B, P50ARMS1C, P50ARMS2A, P50ARMS2B, P50ARMS2C, P50ARMS3A, P50ARMS3B, P50ARMS3C"
"902","0.273891129769873","6.0352631072102","0.001","0.323589412294838","0.363674224954896","0.0263410546651098",NA,"RUNARMS7A, RUNARMS1A, RUNARMS6A, RUNARMS9C, RUNARMS7B, RUNARMS4C, RUNARMS2B, RUNARMS3A, RUNARMS2C, P50ARMS1A, P50ARMS1B, P50ARMS1C, P50ARMS2A, P50ARMS2B, P50ARMS2C, P50ARMS3A, P50ARMS3B, P50ARMS3C"
"903","0.28758183386129","6.4587198368616","0.001","0.326463088738831","0.363674223924032","0.0300240323230978",NA,"RUNARMS1C, RUNARMS7B, RUNARMS8A, RUNARMS4A, RUNARMS3A, RUNARMS2C, RUNARMS8C, RUNARMS2B, RUNARMS2A, P50ARMS1A, P50ARMS1B, P50ARMS1C, P50ARMS2A, P50ARMS2B, P50ARMS2C, P50ARMS3A, P50ARMS3B, P50ARMS3C"
"904","0.280280177440774","6.23087304043701","0.003","0.321751240821334","0.363674223735213","0.0848755996353083",NA,"RUNARMS8A, RUNARMS4A, RUNARMS4B, RUNARMS6C, RUNARMS5C, RUNARMS1A, RUNARMS2A, RUNARMS6B, RUNARMS1C, P50ARMS1A, P50ARMS1B, P50ARMS1C, P50ARMS2A, P50ARMS2B, P50ARMS2C, P50ARMS3A, P50ARMS3B, P50ARMS3C"
"905","0.285904975000226","6.40598161288836","0.001","0.328463272640351","0.363674224022566","0.0730785218913817",NA,"RUNARMS7A, RUNARMS2C, RUNARMS1C, RUNARMS8C, RUNARMS6B, RUNARMS3B, RUNARMS2A, RUNARMS9A, RUNARMS5C, P50ARMS1A, P50ARMS1B, P50ARMS1C, P50ARMS2A, P50ARMS2B, P50ARMS2C, P50ARMS3A, P50ARMS3B, P50ARMS3C"
"906","0.289138181772212","6.50789054881124","0.001","0.317305762910961","0.363674223680578","0.0454219111708343",NA,"RUNARMS2B, RUNARMS1C, RUNARMS6A, RUNARMS9C, RUNARMS6C, RUNARMS3A, RUNARMS2A, RUNARMS4A, RUNARMS5C, P50ARMS1A, P50ARMS1B, P50ARMS1C, P50ARMS2A, P50ARMS2B, P50ARMS2C, P50ARMS3A, P50ARMS3B, P50ARMS3C"
"907","0.29439344914157","6.67552643967753","0.001","0.30402817639956","0.363674223575201","0.0242738640606049",NA,"RUNARMS8A, RUNARMS7B, RUNARMS6C, RUNARMS6A, RUNARMS7C, RUNARMS4B, RUNARMS9B, RUNARMS1C, RUNARMS2C, P50ARMS1A, P50ARMS1B, P50ARMS1C, P50ARMS2A, P50ARMS2B, P50ARMS2C, P50ARMS3A, P50ARMS3B, P50ARMS3C"
"908","0.283126288196628","6.31913339345405","0.001","0.316562033086883","0.363674223582095","0.00420453831759614",NA,"RUNARMS7A, RUNARMS8C, RUNARMS5B, RUNARMS3B, RUNARMS9C, RUNARMS1C, RUNARMS4B, RUNARMS2A, RUNARMS6C, P50ARMS1A, P50ARMS1B, P50ARMS1C, P50ARMS2A, P50ARMS2B, P50ARMS2C, P50ARMS3A, P50ARMS3B, P50ARMS3C"
"909","0.274533780679739","6.05478294356902","0.001","0.324106476282281","0.363674224006338","0.0471181133550585",NA,"RUNARMS3B, RUNARMS2A, RUNARMS4A, RUNARMS5B, RUNARMS7A, RUNARMS1B, RUNARMS8A, RUNARMS8C, RUNARMS3C, P50ARMS1A, P50ARMS1B, P50ARMS1C, P50ARMS2A, P50ARMS2B, P50ARMS2C, P50ARMS3A, P50ARMS3B, P50ARMS3C"
"910","0.282288927420516","6.29309343451442","0.001","0.319538050754361","0.363674227749029","0.0180837076021841",NA,"RUNARMS7A, RUNARMS1B, RUNARMS9A, RUNARMS9C, RUNARMS4C, RUNARMS2A, RUNARMS1C, RUNARMS5B, RUNARMS4A, P50ARMS1A, P50ARMS1B, P50ARMS1C, P50ARMS2A, P50ARMS2B, P50ARMS2C, P50ARMS3A, P50ARMS3B, P50ARMS3C"
"911","0.312386760425921","7.26889460405201","0.001","0.295273484925062","0.363674223557371","0.00168910874817933",NA,"RUNARMS9B, RUNARMS9A, RUNARMS4C, RUNARMS3C, RUNARMS1C, RUNARMS2A, RUNARMS6A, RUNARMS5B, RUNARMS7A, P50ARMS1A, P50ARMS1B, P50ARMS1C, P50ARMS2A, P50ARMS2B, P50ARMS2C, P50ARMS3A, P50ARMS3B, P50ARMS3C"
"912","0.269638992446635","5.90697454344991","0.001","0.329466394758794","0.363674234665091","0.0837764302057693",NA,"RUNARMS8A, RUNARMS8C, RUNARMS1C, RUNARMS5B, RUNARMS2B, RUNARMS2C, RUNARMS6B, RUNARMS9C, RUNARMS5A, P50ARMS1A, P50ARMS1B, P50ARMS1C, P50ARMS2A, P50ARMS2B, P50ARMS2C, P50ARMS3A, P50ARMS3B, P50ARMS3C"
"913","0.286572358379682","6.42694152368589","0.001","0.317729093710166","0.363674224673345","0.0264915451176521",NA,"RUNARMS2C, RUNARMS7A, RUNARMS4A, RUNARMS1A, RUNARMS3C, RUNARMS3B, RUNARMS2A, RUNARMS7B, RUNARMS6A, P50ARMS1A, P50ARMS1B, P50ARMS1C, P50ARMS2A, P50ARMS2B, P50ARMS2C, P50ARMS3A, P50ARMS3B, P50ARMS3C"
"914","0.277773368527077","6.1537109028634","0.001","0.30788259943026","0.363674226389903","0.0412324767162949",NA,"RUNARMS2B, RUNARMS1A, RUNARMS6A, RUNARMS4C, RUNARMS8C, RUNARMS5C, RUNARMS6C, RUNARMS7B, RUNARMS6B, P50ARMS1A, P50ARMS1B, P50ARMS1C, P50ARMS2A, P50ARMS2B, P50ARMS2C, P50ARMS3A, P50ARMS3B, P50ARMS3C"
"915","0.304133341813862","6.99291079947123","0.001","0.296013265014065","0.363674223911035","0.00273897867070925",NA,"RUNARMS5A, RUNARMS4C, RUNARMS3B, RUNARMS6A, RUNARMS8B, RUNARMS2A, RUNARMS8C, RUNARMS5B, RUNARMS1C, P50ARMS1A, P50ARMS1B, P50ARMS1C, P50ARMS2A, P50ARMS2B, P50ARMS2C, P50ARMS3A, P50ARMS3B, P50ARMS3C"
"916","0.289422418753806","6.51689389347126","0.001","0.311922495059339","0.363674240673742","0.018014085193156",NA,"RUNARMS3A, RUNARMS9A, RUNARMS7B, RUNARMS7C, RUNARMS4A, RUNARMS1C, RUNARMS6C, RUNARMS5A, RUNARMS2C, P50ARMS1A, P50ARMS1B, P50ARMS1C, P50ARMS2A, P50ARMS2B, P50ARMS2C, P50ARMS3A, P50ARMS3B, P50ARMS3C"
"917","0.247544485086545","5.26371550594626","0.002","0.32818990997192","0.363674223650459","0.0493221670614218",NA,"RUNARMS6B, RUNARMS2B, RUNARMS3C, RUNARMS7C, RUNARMS6C, RUNARMS3A, RUNARMS1C, RUNARMS2C, RUNARMS1B, P50ARMS1A, P50ARMS1B, P50ARMS1C, P50ARMS2A, P50ARMS2B, P50ARMS2C, P50ARMS3A, P50ARMS3B, P50ARMS3C"
"918","0.282263752602209","6.29231149744666","0.001","0.314244116509678","0.363674224329474","0.00668319613044529",NA,"RUNARMS4B, RUNARMS6C, RUNARMS9A, RUNARMS5C, RUNARMS2C, RUNARMS9C, RUNARMS1B, RUNARMS4A, RUNARMS8C, P50ARMS1A, P50ARMS1B, P50ARMS1C, P50ARMS2A, P50ARMS2B, P50ARMS2C, P50ARMS3A, P50ARMS3B, P50ARMS3C"
"919","0.293644064831533","6.65146961097448","0.001","0.291465874619576","0.363674223958001","0.019134547034542",NA,"RUNARMS3C, RUNARMS6C, RUNARMS5B, RUNARMS1A, RUNARMS8B, RUNARMS7C, RUNARMS2A, RUNARMS9B, RUNARMS7B, P50ARMS1A, P50ARMS1B, P50ARMS1C, P50ARMS2A, P50ARMS2B, P50ARMS2C, P50ARMS3A, P50ARMS3B, P50ARMS3C"
"920","0.319270335499181","7.50419092097719","0.001","0.277903995765073","0.363674223668708","0.000244551451133598",NA,"RUNARMS1C, RUNARMS4B, RUNARMS9B, RUNARMS9A, RUNARMS3C, RUNARMS6A, RUNARMS4A, RUNARMS7B, RUNARMS8B, P50ARMS1A, P50ARMS1B, P50ARMS1C, P50ARMS2A, P50ARMS2B, P50ARMS2C, P50ARMS3A, P50ARMS3B, P50ARMS3C"
"921","0.287690277434996","6.4621390009735","0.001","0.290481696114784","0.36367422446584","0.0052180197849296",NA,"RUNARMS1C, RUNARMS7C, RUNARMS2A, RUNARMS1B, RUNARMS6B, RUNARMS3C, RUNARMS7B, RUNARMS4C, RUNARMS4B, P50ARMS1A, P50ARMS1B, P50ARMS1C, P50ARMS2A, P50ARMS2B, P50ARMS2C, P50ARMS3A, P50ARMS3B, P50ARMS3C"
"922","0.297169100147384","6.76507763582279","0.001","0.287999789230167","0.366463730608312","0.000956339660359774",NA,"RUNARMS1C, RUNARMS4B, RUNARMS5B, RUNARMS5A, RUNARMS3C, RUNARMS2A, RUNARMS8B, RUNARMS7C, RUNARMS4C, P50ARMS1A, P50ARMS1B, P50ARMS1C, P50ARMS2A, P50ARMS2B, P50ARMS2C, P50ARMS3A, P50ARMS3B, P50ARMS3C"
"923","0.29277484267176","6.62362959548119","0.001","0.300486347092651","0.363674234477081","0.0186183787026632",NA,"RUNARMS3C, RUNARMS8B, RUNARMS4B, RUNARMS1C, RUNARMS7C, RUNARMS8A, RUNARMS9A, RUNARMS2C, RUNARMS4A, P50ARMS1A, P50ARMS1B, P50ARMS1C, P50ARMS2A, P50ARMS2B, P50ARMS2C, P50ARMS3A, P50ARMS3B, P50ARMS3C"
"924","0.280414692085027","6.23502873670479","0.001","0.31297441194164","0.363674236415825","0.0180353478670219",NA,"RUNARMS8C, RUNARMS4B, RUNARMS1B, RUNARMS9A, RUNARMS2C, RUNARMS5C, RUNARMS2B, RUNARMS7A, RUNARMS6A, P50ARMS1A, P50ARMS1B, P50ARMS1C, P50ARMS2A, P50ARMS2B, P50ARMS2C, P50ARMS3A, P50ARMS3B, P50ARMS3C"
"925","0.283573474875801","6.33306478598939","0.001","0.303515812091236","0.363674223569067","0.00777584258923809",NA,"RUNARMS1B, RUNARMS8B, RUNARMS6C, RUNARMS8C, RUNARMS2A, RUNARMS4C, RUNARMS3C, RUNARMS3B, RUNARMS5C, P50ARMS1A, P50ARMS1B, P50ARMS1C, P50ARMS2A, P50ARMS2B, P50ARMS2C, P50ARMS3A, P50ARMS3B, P50ARMS3C"
"926","0.273681815346658","6.0289128622554","0.001","0.331115615356148","0.363674223907881","0.142499654690775",NA,"RUNARMS8A, RUNARMS6B, RUNARMS4A, RUNARMS8B, RUNARMS3A, RUNARMS2C, RUNARMS8C, RUNARMS1B, RUNARMS2A, P50ARMS1A, P50ARMS1B, P50ARMS1C, P50ARMS2A, P50ARMS2B, P50ARMS2C, P50ARMS3A, P50ARMS3B, P50ARMS3C"
"927","0.300530055284931","6.87446390068647","0.001","0.29577974627459","0.363674223695733","0.0058053471586797",NA,"RUNARMS1A, RUNARMS2C, RUNARMS7A, RUNARMS8B, RUNARMS3C, RUNARMS5B, RUNARMS5A, RUNARMS9B, RUNARMS9A, P50ARMS1A, P50ARMS1B, P50ARMS1C, P50ARMS2A, P50ARMS2B, P50ARMS2C, P50ARMS3A, P50ARMS3B, P50ARMS3C"
"928","0.266888982251881","5.82479817196971","0.002","0.3181568444796","0.363674223560294","0.0267676910830921",NA,"RUNARMS6C, RUNARMS1A, RUNARMS8C, RUNARMS6A, RUNARMS4A, RUNARMS3A, RUNARMS6B, RUNARMS7A, RUNARMS3C, P50ARMS1A, P50ARMS1B, P50ARMS1C, P50ARMS2A, P50ARMS2B, P50ARMS2C, P50ARMS3A, P50ARMS3B, P50ARMS3C"
"929","0.282454332219047","6.29823231945754","0.001","0.318949504385115","0.363674224392563","0.0167027717470089",NA,"RUNARMS1A, RUNARMS6C, RUNARMS2C, RUNARMS7B, RUNARMS4B, RUNARMS9A, RUNARMS8C, RUNARMS9B, RUNARMS6B, P50ARMS1A, P50ARMS1B, P50ARMS1C, P50ARMS2A, P50ARMS2B, P50ARMS2C, P50ARMS3A, P50ARMS3B, P50ARMS3C"
"930","0.284415933683555","6.35935755579624","0.001","0.306247901979734","0.363674223606074","0.0142646710492351",NA,"RUNARMS4B, RUNARMS2A, RUNARMS8B, RUNARMS3A, RUNARMS1C, RUNARMS5C, RUNARMS1B, RUNARMS2B, RUNARMS9C, P50ARMS1A, P50ARMS1B, P50ARMS1C, P50ARMS2A, P50ARMS2B, P50ARMS2C, P50ARMS3A, P50ARMS3B, P50ARMS3C"
"931","0.296764203796982","6.75197037236844","0.001","0.303068665264692","0.363674223557316","0.00696614737543655",NA,"RUNARMS3C, RUNARMS2C, RUNARMS4A, RUNARMS8B, RUNARMS1C, RUNARMS2A, RUNARMS6A, RUNARMS3B, RUNARMS4B, P50ARMS1A, P50ARMS1B, P50ARMS1C, P50ARMS2A, P50ARMS2B, P50ARMS2C, P50ARMS3A, P50ARMS3B, P50ARMS3C"
"932","0.297159248663889","6.76475854535151","0.001","0.30625117081068","0.366986480059876","0.0047916446057565",NA,"RUNARMS5B, RUNARMS8C, RUNARMS8B, RUNARMS4B, RUNARMS9B, RUNARMS1A, RUNARMS8A, RUNARMS3B, RUNARMS4C, P50ARMS1A, P50ARMS1B, P50ARMS1C, P50ARMS2A, P50ARMS2B, P50ARMS2C, P50ARMS3A, P50ARMS3B, P50ARMS3C"
"933","0.293425667699819","6.64446820182898","0.001","0.290469583979477","0.363674223984161","0.0121375887250679",NA,"RUNARMS7B, RUNARMS8B, RUNARMS1B, RUNARMS4B, RUNARMS2C, RUNARMS1C, RUNARMS7C, RUNARMS2A, RUNARMS5C, P50ARMS1A, P50ARMS1B, P50ARMS1C, P50ARMS2A, P50ARMS2B, P50ARMS2C, P50ARMS3A, P50ARMS3B, P50ARMS3C"
"934","0.267490588265219","5.84272276052762","0.001","0.313604229344842","0.363674223591431","0.0434565424669401",NA,"RUNARMS1B, RUNARMS9A, RUNARMS5A, RUNARMS7C, RUNARMS3A, RUNARMS3C, RUNARMS2B, RUNARMS9C, RUNARMS8B, P50ARMS1A, P50ARMS1B, P50ARMS1C, P50ARMS2A, P50ARMS2B, P50ARMS2C, P50ARMS3A, P50ARMS3B, P50ARMS3C"
"935","0.292317976657788","6.60902421180044","0.001","0.327197193439845","0.363674223631881","0.0640303512594147",NA,"RUNARMS8A, RUNARMS8B, RUNARMS4A, RUNARMS2A, RUNARMS2B, RUNARMS9A, RUNARMS6C, RUNARMS3B, RUNARMS1C, P50ARMS1A, P50ARMS1B, P50ARMS1C, P50ARMS2A, P50ARMS2B, P50ARMS2C, P50ARMS3A, P50ARMS3B, P50ARMS3C"
"936","0.281992101577103","6.28387742689736","0.001","0.295432675250317","0.363674223630816","0.0284591430789649",NA,"RUNARMS6C, RUNARMS8B, RUNARMS3C, RUNARMS7B, RUNARMS6A, RUNARMS1A, RUNARMS3A, RUNARMS2C, RUNARMS7C, P50ARMS1A, P50ARMS1B, P50ARMS1C, P50ARMS2A, P50ARMS2B, P50ARMS2C, P50ARMS3A, P50ARMS3B, P50ARMS3C"
"937","0.284469826693541","6.36104164002495","0.001","0.32774882486907","0.363674223589555","0.0987785594292927",NA,"RUNARMS2A, RUNARMS9C, RUNARMS1B, RUNARMS9A, RUNARMS8A, RUNARMS4C, RUNARMS2B, RUNARMS7A, RUNARMS6A, P50ARMS1A, P50ARMS1B, P50ARMS1C, P50ARMS2A, P50ARMS2B, P50ARMS2C, P50ARMS3A, P50ARMS3B, P50ARMS3C"
"938","0.263137040647854","5.71367117444375","0.001","0.314975385392713","0.363674223665163","0.0178338059328627",NA,"RUNARMS8C, RUNARMS5A, RUNARMS3A, RUNARMS7A, RUNARMS1B, RUNARMS9A, RUNARMS5B, RUNARMS4B, RUNARMS3C, P50ARMS1A, P50ARMS1B, P50ARMS1C, P50ARMS2A, P50ARMS2B, P50ARMS2C, P50ARMS3A, P50ARMS3B, P50ARMS3C"
"939","0.289589192622211","6.52217989061555","0.001","0.294053545784231","0.363674223557325","0.00698956278385772",NA,"RUNARMS1B, RUNARMS2A, RUNARMS7C, RUNARMS5C, RUNARMS4C, RUNARMS8B, RUNARMS1A, RUNARMS4B, RUNARMS6B, P50ARMS1A, P50ARMS1B, P50ARMS1C, P50ARMS2A, P50ARMS2B, P50ARMS2C, P50ARMS3A, P50ARMS3B, P50ARMS3C"
"940","0.304872721331586","7.01736745341027","0.001","0.286217885498591","0.363674223614055","0.00331804825672539",NA,"RUNARMS2A, RUNARMS5C, RUNARMS4C, RUNARMS4A, RUNARMS6C, RUNARMS1C, RUNARMS7C, RUNARMS3C, RUNARMS7B, P50ARMS1A, P50ARMS1B, P50ARMS1C, P50ARMS2A, P50ARMS2B, P50ARMS2C, P50ARMS3A, P50ARMS3B, P50ARMS3C"
"941","0.291186640600944","6.57293797843352","0.001","0.313475687190039","0.363674223822311","0.0213722680551671",NA,"RUNARMS1C, RUNARMS9C, RUNARMS1A, RUNARMS4B, RUNARMS6C, RUNARMS4A, RUNARMS5C, RUNARMS9A, RUNARMS2A, P50ARMS1A, P50ARMS1B, P50ARMS1C, P50ARMS2A, P50ARMS2B, P50ARMS2C, P50ARMS3A, P50ARMS3B, P50ARMS3C"
"942","0.26865490959453","5.87749697086136","0.001","0.326309781712533","0.363674223914512","0.0876418326263886",NA,"RUNARMS8C, RUNARMS1B, RUNARMS7C, RUNARMS3B, RUNARMS6C, RUNARMS3A, RUNARMS5A, RUNARMS2A, RUNARMS9C, P50ARMS1A, P50ARMS1B, P50ARMS1C, P50ARMS2A, P50ARMS2B, P50ARMS2C, P50ARMS3A, P50ARMS3B, P50ARMS3C"
"943","0.29509264509786","6.69801824130666","0.001","0.310341658501724","0.363674225002754","0.0157428157320932",NA,"RUNARMS1A, RUNARMS8B, RUNARMS9A, RUNARMS2C, RUNARMS9B, RUNARMS5A, RUNARMS3A, RUNARMS8C, RUNARMS2B, P50ARMS1A, P50ARMS1B, P50ARMS1C, P50ARMS2A, P50ARMS2B, P50ARMS2C, P50ARMS3A, P50ARMS3B, P50ARMS3C"
"944","0.277817313380069","6.15505895729187","0.001","0.313136250068644","0.363674224423129","0.012735879150528",NA,"RUNARMS9B, RUNARMS6B, RUNARMS5A, RUNARMS2C, RUNARMS9C, RUNARMS4C, RUNARMS1C, RUNARMS7C, RUNARMS1B, P50ARMS1A, P50ARMS1B, P50ARMS1C, P50ARMS2A, P50ARMS2B, P50ARMS2C, P50ARMS3A, P50ARMS3B, P50ARMS3C"
"945","0.278512761998659","6.17641443571905","0.001","0.309286233572296","0.363674223778869","0.0126362629276487",NA,"RUNARMS6B, RUNARMS1B, RUNARMS9B, RUNARMS2C, RUNARMS4B, RUNARMS6A, RUNARMS1A, RUNARMS8C, RUNARMS4C, P50ARMS1A, P50ARMS1B, P50ARMS1C, P50ARMS2A, P50ARMS2B, P50ARMS2C, P50ARMS3A, P50ARMS3B, P50ARMS3C"
"946","0.307720692442976","7.11205871003456","0.001","0.284104094002109","0.363674223685434","0.0066075665662648",NA,"RUNARMS1A, RUNARMS8B, RUNARMS4C, RUNARMS7C, RUNARMS8C, RUNARMS2C, RUNARMS4A, RUNARMS9B, RUNARMS7B, P50ARMS1A, P50ARMS1B, P50ARMS1C, P50ARMS2A, P50ARMS2B, P50ARMS2C, P50ARMS3A, P50ARMS3B, P50ARMS3C"
"947","0.275857657421643","6.09510348895073","0.001","0.313983941086911","0.363674224136245","0.0177984258916117",NA,"RUNARMS1B, RUNARMS7A, RUNARMS4C, RUNARMS1C, RUNARMS6C, RUNARMS4A, RUNARMS6A, RUNARMS2C, RUNARMS6B, P50ARMS1A, P50ARMS1B, P50ARMS1C, P50ARMS2A, P50ARMS2B, P50ARMS2C, P50ARMS3A, P50ARMS3B, P50ARMS3C"
"948","0.251188133524875","5.36718275488428","0.001","0.338552870096704","0.366036726095386","0.132182479018577",NA,"RUNARMS7A, RUNARMS5A, RUNARMS6B, RUNARMS7B, RUNARMS1B, RUNARMS2B, RUNARMS2A, RUNARMS8C, RUNARMS1A, P50ARMS1A, P50ARMS1B, P50ARMS1C, P50ARMS2A, P50ARMS2B, P50ARMS2C, P50ARMS3A, P50ARMS3B, P50ARMS3C"
"949","0.274622995203538","6.05749547366687","0.001","0.32603430545137","0.363674224196848","0.0532512987611108",NA,"RUNARMS9A, RUNARMS6C, RUNARMS4A, RUNARMS6A, RUNARMS1A, RUNARMS2B, RUNARMS9B, RUNARMS1B, RUNARMS3A, P50ARMS1A, P50ARMS1B, P50ARMS1C, P50ARMS2A, P50ARMS2B, P50ARMS2C, P50ARMS3A, P50ARMS3B, P50ARMS3C"
"950","0.298638563902685","6.81277409409772","0.001","0.320935036227957","0.363674223557331","0.0422630269818683",NA,"RUNARMS6B, RUNARMS4A, RUNARMS3B, RUNARMS6A, RUNARMS1C, RUNARMS9C, RUNARMS9A, RUNARMS7A, RUNARMS2A, P50ARMS1A, P50ARMS1B, P50ARMS1C, P50ARMS2A, P50ARMS2B, P50ARMS2C, P50ARMS3A, P50ARMS3B, P50ARMS3C"
"951","0.267830802280898","5.85287232765893","0.001","0.313350565057552","0.363674223557363","0.01950775892033",NA,"RUNARMS3C, RUNARMS9C, RUNARMS4B, RUNARMS3B, RUNARMS3A, RUNARMS1B, RUNARMS4A, RUNARMS1C, RUNARMS7B, P50ARMS1A, P50ARMS1B, P50ARMS1C, P50ARMS2A, P50ARMS2B, P50ARMS2C, P50ARMS3A, P50ARMS3B, P50ARMS3C"
"952","0.306341897317502","7.06611850726629","0.001","0.300133802121515","0.363674224087917","0.00867439295452112",NA,"RUNARMS9B, RUNARMS9A, RUNARMS5C, RUNARMS6B, RUNARMS1C, RUNARMS3A, RUNARMS8C, RUNARMS6A, RUNARMS4C, P50ARMS1A, P50ARMS1B, P50ARMS1C, P50ARMS2A, P50ARMS2B, P50ARMS2C, P50ARMS3A, P50ARMS3B, P50ARMS3C"
"953","0.293374793560687","6.64283789227398","0.001","0.304371400199895","0.363674223612226","0.0246385658327756",NA,"RUNARMS1C, RUNARMS6C, RUNARMS5A, RUNARMS3C, RUNARMS6B, RUNARMS6A, RUNARMS3B, RUNARMS8A, RUNARMS5C, P50ARMS1A, P50ARMS1B, P50ARMS1C, P50ARMS2A, P50ARMS2B, P50ARMS2C, P50ARMS3A, P50ARMS3B, P50ARMS3C"
"954","0.31414712500097","7.32861840088173","0.001","0.293296243699439","0.363674223557283","0.010291213709582",NA,"RUNARMS4C, RUNARMS2A, RUNARMS5C, RUNARMS9A, RUNARMS6A, RUNARMS9C, RUNARMS8B, RUNARMS1A, RUNARMS7A, P50ARMS1A, P50ARMS1B, P50ARMS1C, P50ARMS2A, P50ARMS2B, P50ARMS2C, P50ARMS3A, P50ARMS3B, P50ARMS3C"
"955","0.284967507058096","6.3766054800813","0.001","0.315803282338251","0.363674232228334","0.0288213367415022",NA,"RUNARMS3B, RUNARMS5B, RUNARMS4A, RUNARMS8B, RUNARMS2A, RUNARMS8C, RUNARMS7A, RUNARMS1A, RUNARMS2B, P50ARMS1A, P50ARMS1B, P50ARMS1C, P50ARMS2A, P50ARMS2B, P50ARMS2C, P50ARMS3A, P50ARMS3B, P50ARMS3C"
"956","0.282800063789633","6.3089813484129","0.001","0.315183114774499","0.36367422383982","0.00611175886266161",NA,"RUNARMS9A, RUNARMS3A, RUNARMS3B, RUNARMS4B, RUNARMS1B, RUNARMS1C, RUNARMS5B, RUNARMS2B, RUNARMS4A, P50ARMS1A, P50ARMS1B, P50ARMS1C, P50ARMS2A, P50ARMS2B, P50ARMS2C, P50ARMS3A, P50ARMS3B, P50ARMS3C"
"957","0.287480262154836","6.45551828274673","0.002","0.312441282708909","0.363674223853543","0.0118863559963103",NA,"RUNARMS2B, RUNARMS2A, RUNARMS2C, RUNARMS8B, RUNARMS8C, RUNARMS5C, RUNARMS1B, RUNARMS1C, RUNARMS9A, P50ARMS1A, P50ARMS1B, P50ARMS1C, P50ARMS2A, P50ARMS2B, P50ARMS2C, P50ARMS3A, P50ARMS3B, P50ARMS3C"
"958","0.276700015037424","6.12083552141628","0.001","0.308249135109205","0.363674223557257","0.0149196074149358",NA,"RUNARMS8C, RUNARMS4B, RUNARMS2C, RUNARMS5A, RUNARMS1C, RUNARMS9A, RUNARMS6B, RUNARMS8B, RUNARMS3C, P50ARMS1A, P50ARMS1B, P50ARMS1C, P50ARMS2A, P50ARMS2B, P50ARMS2C, P50ARMS3A, P50ARMS3B, P50ARMS3C"
"959","0.304790278392554","7.01463788942022","0.001","0.304372444376853","0.363674223602111","0.0170359870633387",NA,"RUNARMS1C, RUNARMS5C, RUNARMS4C, RUNARMS4A, RUNARMS8C, RUNARMS9A, RUNARMS6B, RUNARMS2A, RUNARMS5A, P50ARMS1A, P50ARMS1B, P50ARMS1C, P50ARMS2A, P50ARMS2B, P50ARMS2C, P50ARMS3A, P50ARMS3B, P50ARMS3C"
"960","0.281230732895172","6.26027284728981","0.001","0.316272647640657","0.363674223557258","0.0162709646609864",NA,"RUNARMS1B, RUNARMS6B, RUNARMS7B, RUNARMS2C, RUNARMS7A, RUNARMS4C, RUNARMS9C, RUNARMS9B, RUNARMS5A, P50ARMS1A, P50ARMS1B, P50ARMS1C, P50ARMS2A, P50ARMS2B, P50ARMS2C, P50ARMS3A, P50ARMS3B, P50ARMS3C"
"961","0.264075522538127","5.74136136248971","0.001","0.324917158281636","0.36367422460058","0.101597736276305",NA,"RUNARMS1C, RUNARMS6B, RUNARMS8A, RUNARMS5C, RUNARMS7B, RUNARMS2B, RUNARMS1A, RUNARMS6C, RUNARMS8C, P50ARMS1A, P50ARMS1B, P50ARMS1C, P50ARMS2A, P50ARMS2B, P50ARMS2C, P50ARMS3A, P50ARMS3B, P50ARMS3C"
"962","0.285284983728071","6.38654517636783","0.001","0.316504807179162","0.363674223646396","0.0323260154317035",NA,"RUNARMS4B, RUNARMS6A, RUNARMS8A, RUNARMS3B, RUNARMS6B, RUNARMS6C, RUNARMS1B, RUNARMS9A, RUNARMS7C, P50ARMS1A, P50ARMS1B, P50ARMS1C, P50ARMS2A, P50ARMS2B, P50ARMS2C, P50ARMS3A, P50ARMS3B, P50ARMS3C"
"963","0.270455481462451","5.93149231259216","0.001","0.31344545594252","0.363674225798252","0.103351302679163",NA,"RUNARMS1A, RUNARMS7B, RUNARMS2A, RUNARMS8C, RUNARMS5B, RUNARMS6B, RUNARMS7C, RUNARMS2B, RUNARMS8B, P50ARMS1A, P50ARMS1B, P50ARMS1C, P50ARMS2A, P50ARMS2B, P50ARMS2C, P50ARMS3A, P50ARMS3B, P50ARMS3C"
"964","0.276631568604605","6.11874240784274","0.001","0.321670328107093","0.363674224106563","0.0511785842733979",NA,"RUNARMS7A, RUNARMS9A, RUNARMS1B, RUNARMS1C, RUNARMS9B, RUNARMS7C, RUNARMS3A, RUNARMS2A, RUNARMS4B, P50ARMS1A, P50ARMS1B, P50ARMS1C, P50ARMS2A, P50ARMS2B, P50ARMS2C, P50ARMS3A, P50ARMS3B, P50ARMS3C"
"965","0.279219481799273","6.19815824093103","0.001","0.316459219634333","0.363674223886316","0.0486017362221155",NA,"RUNARMS9C, RUNARMS8C, RUNARMS4B, RUNARMS3B, RUNARMS2B, RUNARMS8A, RUNARMS7C, RUNARMS1A, RUNARMS6A, P50ARMS1A, P50ARMS1B, P50ARMS1C, P50ARMS2A, P50ARMS2B, P50ARMS2C, P50ARMS3A, P50ARMS3B, P50ARMS3C"
"966","0.291804051046623","6.59261723206121","0.001","0.301608257605758","0.363674225460669","0.0319895235804701",NA,"RUNARMS1B, RUNARMS3A, RUNARMS6A, RUNARMS9A, RUNARMS6B, RUNARMS5A, RUNARMS8C, RUNARMS5C, RUNARMS4C, P50ARMS1A, P50ARMS1B, P50ARMS1C, P50ARMS2A, P50ARMS2B, P50ARMS2C, P50ARMS3A, P50ARMS3B, P50ARMS3C"
"967","0.290133429105289","6.53944706796617","0.001","0.295185732824386","0.366170694365204","0.0105069940918262",NA,"RUNARMS6A, RUNARMS1B, RUNARMS7C, RUNARMS5B, RUNARMS3A, RUNARMS8B, RUNARMS9A, RUNARMS3C, RUNARMS4A, P50ARMS1A, P50ARMS1B, P50ARMS1C, P50ARMS2A, P50ARMS2B, P50ARMS2C, P50ARMS3A, P50ARMS3B, P50ARMS3C"
"968","0.289303460258019","6.51312494895334","0.001","0.31138800886404","0.363674224888506","0.0228775220671561",NA,"RUNARMS4A, RUNARMS5A, RUNARMS8C, RUNARMS4C, RUNARMS2C, RUNARMS5C, RUNARMS1B, RUNARMS9C, RUNARMS2A, P50ARMS1A, P50ARMS1B, P50ARMS1C, P50ARMS2A, P50ARMS2B, P50ARMS2C, P50ARMS3A, P50ARMS3B, P50ARMS3C"
"969","0.266670717419206","5.81830233710489","0.001","0.325993049492369","0.363674223602377","0.0495118253233755",NA,"RUNARMS2B, RUNARMS1B, RUNARMS6B, RUNARMS7C, RUNARMS9C, RUNARMS5B, RUNARMS4A, RUNARMS9A, RUNARMS6C, P50ARMS1A, P50ARMS1B, P50ARMS1C, P50ARMS2A, P50ARMS2B, P50ARMS2C, P50ARMS3A, P50ARMS3B, P50ARMS3C"
"970","0.281712272743209","6.27519612663509","0.001","0.304604728131003","0.363674441754093","0.00247629216151256",NA,"RUNARMS9B, RUNARMS8C, RUNARMS7A, RUNARMS1B, RUNARMS4C, RUNARMS9C, RUNARMS6B, RUNARMS3C, RUNARMS5C, P50ARMS1A, P50ARMS1B, P50ARMS1C, P50ARMS2A, P50ARMS2B, P50ARMS2C, P50ARMS3A, P50ARMS3B, P50ARMS3C"
"971","0.294432920236574","6.67679496237941","0.001","0.308921370515175","0.363674225304427","0.0212166691290189",NA,"RUNARMS1A, RUNARMS2C, RUNARMS7A, RUNARMS4C, RUNARMS5C, RUNARMS3B, RUNARMS9A, RUNARMS7C, RUNARMS5A, P50ARMS1A, P50ARMS1B, P50ARMS1C, P50ARMS2A, P50ARMS2B, P50ARMS2C, P50ARMS3A, P50ARMS3B, P50ARMS3C"
"972","0.286803784979584","6.434218890999","0.001","0.309037705385914","0.363674223819603","0.00264473546996747",NA,"RUNARMS6C, RUNARMS7A, RUNARMS5A, RUNARMS3A, RUNARMS4C, RUNARMS9A, RUNARMS1C, RUNARMS8C, RUNARMS5B, P50ARMS1A, P50ARMS1B, P50ARMS1C, P50ARMS2A, P50ARMS2B, P50ARMS2C, P50ARMS3A, P50ARMS3B, P50ARMS3C"
"973","0.268737013835505","5.87995331737035","0.001","0.31454749972186","0.363674223557254","0.0342520728802208",NA,"RUNARMS9A, RUNARMS1B, RUNARMS1C, RUNARMS6B, RUNARMS8C, RUNARMS1A, RUNARMS8B, RUNARMS7B, RUNARMS2C, P50ARMS1A, P50ARMS1B, P50ARMS1C, P50ARMS2A, P50ARMS2B, P50ARMS2C, P50ARMS3A, P50ARMS3B, P50ARMS3C"
"974","0.272181170240488","5.98349279488518","0.001","0.315408046458608","0.363674224455184","0.0296654605093369",NA,"RUNARMS1B, RUNARMS8B, RUNARMS5A, RUNARMS6B, RUNARMS1A, RUNARMS8A, RUNARMS6C, RUNARMS9A, RUNARMS3C, P50ARMS1A, P50ARMS1B, P50ARMS1C, P50ARMS2A, P50ARMS2B, P50ARMS2C, P50ARMS3A, P50ARMS3B, P50ARMS3C"
"975","0.27182671653068","5.97279186592695","0.001","0.30613430352812","0.363674223761257","0.0122257488313764",NA,"RUNARMS5A, RUNARMS5B, RUNARMS9C, RUNARMS3B, RUNARMS8B, RUNARMS4B, RUNARMS3C, RUNARMS1B, RUNARMS3A, P50ARMS1A, P50ARMS1B, P50ARMS1C, P50ARMS2A, P50ARMS2B, P50ARMS2C, P50ARMS3A, P50ARMS3B, P50ARMS3C"
"976","0.302210985337746","6.92956705221903","0.001","0.301977556757491","0.363674223773548","0.00321533320076891",NA,"RUNARMS7B, RUNARMS1C, RUNARMS7C, RUNARMS9B, RUNARMS4B, RUNARMS3A, RUNARMS4A, RUNARMS9A, RUNARMS2B, P50ARMS1A, P50ARMS1B, P50ARMS1C, P50ARMS2A, P50ARMS2B, P50ARMS2C, P50ARMS3A, P50ARMS3B, P50ARMS3C"
"977","0.313623455143186","7.31081986978122","0.001","0.299462791048441","0.363674223898006","0.00963726187143575",NA,"RUNARMS1A, RUNARMS7C, RUNARMS2C, RUNARMS9A, RUNARMS3B, RUNARMS9C, RUNARMS6A, RUNARMS9B, RUNARMS4C, P50ARMS1A, P50ARMS1B, P50ARMS1C, P50ARMS2A, P50ARMS2B, P50ARMS2C, P50ARMS3A, P50ARMS3B, P50ARMS3C"
"978","0.280613837978075","6.24118400474926","0.001","0.316632094574702","0.363674224439326","0.0660410524567234",NA,"RUNARMS3A, RUNARMS2A, RUNARMS9C, RUNARMS5A, RUNARMS9B, RUNARMS5C, RUNARMS5B, RUNARMS1A, RUNARMS1B, P50ARMS1A, P50ARMS1B, P50ARMS1C, P50ARMS2A, P50ARMS2B, P50ARMS2C, P50ARMS3A, P50ARMS3B, P50ARMS3C"
"979","0.303694251029003","6.97841145738758","0.002","0.301123766126493","0.363674223849507","0.0189901953137658",NA,"RUNARMS9A, RUNARMS5C, RUNARMS1C, RUNARMS2C, RUNARMS6B, RUNARMS9B, RUNARMS4C, RUNARMS5A, RUNARMS4B, P50ARMS1A, P50ARMS1B, P50ARMS1C, P50ARMS2A, P50ARMS2B, P50ARMS2C, P50ARMS3A, P50ARMS3B, P50ARMS3C"
"980","0.280311022779006","6.23182583924293","0.001","0.310979029810816","0.363674224246875","0.0311689896278167",NA,"RUNARMS4A, RUNARMS2B, RUNARMS9B, RUNARMS8C, RUNARMS7C, RUNARMS1B, RUNARMS9A, RUNARMS7B, RUNARMS1A, P50ARMS1A, P50ARMS1B, P50ARMS1C, P50ARMS2A, P50ARMS2B, P50ARMS2C, P50ARMS3A, P50ARMS3B, P50ARMS3C"
"981","0.278507789116776","6.17626158488029","0.001","0.325797058746669","0.363674230891509","0.059320556275347",NA,"RUNARMS8A, RUNARMS8C, RUNARMS5B, RUNARMS1B, RUNARMS9B, RUNARMS3B, RUNARMS2C, RUNARMS3A, RUNARMS4C, P50ARMS1A, P50ARMS1B, P50ARMS1C, P50ARMS2A, P50ARMS2B, P50ARMS2C, P50ARMS3A, P50ARMS3B, P50ARMS3C"
"982","0.290889012270623","6.56346365642016","0.001","0.305234183029547","0.36367422359013","0.0122269325336156",NA,"RUNARMS3B, RUNARMS9C, RUNARMS9B, RUNARMS8B, RUNARMS1C, RUNARMS5C, RUNARMS6C, RUNARMS2C, RUNARMS1B, P50ARMS1A, P50ARMS1B, P50ARMS1C, P50ARMS2A, P50ARMS2B, P50ARMS2C, P50ARMS3A, P50ARMS3B, P50ARMS3C"
"983","0.288955148757014","6.502096699006","0.001","0.294385471982668","0.363674223986331","0.00302820886462656",NA,"RUNARMS8C, RUNARMS4A, RUNARMS3C, RUNARMS6C, RUNARMS4B, RUNARMS9A, RUNARMS7C, RUNARMS1A, RUNARMS7B, P50ARMS1A, P50ARMS1B, P50ARMS1C, P50ARMS2A, P50ARMS2B, P50ARMS2C, P50ARMS3A, P50ARMS3B, P50ARMS3C"
"984","0.269851351920846","5.91334605917872","0.001","0.325801926492095","0.363674392756803","0.0839667013957417",NA,"RUNARMS7B, RUNARMS9A, RUNARMS1C, RUNARMS1B, RUNARMS3A, RUNARMS8A, RUNARMS5B, RUNARMS6B, RUNARMS4C, P50ARMS1A, P50ARMS1B, P50ARMS1C, P50ARMS2A, P50ARMS2B, P50ARMS2C, P50ARMS3A, P50ARMS3B, P50ARMS3C"
"985","0.264223316113065","5.74572849397154","0.001","0.321167312739033","0.363674223798941","0.00750574174680872",NA,"RUNARMS7A, RUNARMS1A, RUNARMS9A, RUNARMS8C, RUNARMS1C, RUNARMS6C, RUNARMS3B, RUNARMS1B, RUNARMS4B, P50ARMS1A, P50ARMS1B, P50ARMS1C, P50ARMS2A, P50ARMS2B, P50ARMS2C, P50ARMS3A, P50ARMS3B, P50ARMS3C"
"986","0.260858587167426","5.64673731199016","0.001","0.317089542016775","0.363674224071298","0.0187418658087684",NA,"RUNARMS8C, RUNARMS5B, RUNARMS1B, RUNARMS4B, RUNARMS7A, RUNARMS5A, RUNARMS2C, RUNARMS7C, RUNARMS3A, P50ARMS1A, P50ARMS1B, P50ARMS1C, P50ARMS2A, P50ARMS2B, P50ARMS2C, P50ARMS3A, P50ARMS3B, P50ARMS3C"
"987","0.276420679213257","6.11229583316907","0.001","0.321002227828451","0.363674223557324","0.0991265079231747",NA,"RUNARMS8A, RUNARMS2B, RUNARMS8B, RUNARMS5A, RUNARMS7B, RUNARMS2C, RUNARMS1B, RUNARMS7C, RUNARMS2A, P50ARMS1A, P50ARMS1B, P50ARMS1C, P50ARMS2A, P50ARMS2B, P50ARMS2C, P50ARMS3A, P50ARMS3B, P50ARMS3C"
"988","0.299755001644135","6.84914570981168","0.001","0.286147853785721","0.363674223952056","0.00782965173467388",NA,"RUNARMS8B, RUNARMS6B, RUNARMS7C, RUNARMS1A, RUNARMS3B, RUNARMS6A, RUNARMS9C, RUNARMS5C, RUNARMS3C, P50ARMS1A, P50ARMS1B, P50ARMS1C, P50ARMS2A, P50ARMS2B, P50ARMS2C, P50ARMS3A, P50ARMS3B, P50ARMS3C"
"989","0.264113136580798","5.74247264811618","0.001","0.309936852262953","0.363674223813275","0.0289670938608996",NA,"RUNARMS2C, RUNARMS7B, RUNARMS1A, RUNARMS5A, RUNARMS5C, RUNARMS1B, RUNARMS3C, RUNARMS3A, RUNARMS4B, P50ARMS1A, P50ARMS1B, P50ARMS1C, P50ARMS2A, P50ARMS2B, P50ARMS2C, P50ARMS3A, P50ARMS3B, P50ARMS3C"
"990","0.269444194193265","5.90113318219623","0.001","0.315120857185208","0.363674223599491","0.0337263353577827",NA,"RUNARMS5B, RUNARMS9C, RUNARMS1B, RUNARMS7B, RUNARMS6A, RUNARMS6B, RUNARMS2B, RUNARMS3B, RUNARMS3C, P50ARMS1A, P50ARMS1B, P50ARMS1C, P50ARMS2A, P50ARMS2B, P50ARMS2C, P50ARMS3A, P50ARMS3B, P50ARMS3C"
"991","0.267951980091064","5.85648969037623","0.001","0.342784261877099","0.363674223595171","0.194004913420263",NA,"RUNARMS2A, RUNARMS2B, RUNARMS6B, RUNARMS1C, RUNARMS3B, RUNARMS1A, RUNARMS9A, RUNARMS3A, RUNARMS6C, P50ARMS1A, P50ARMS1B, P50ARMS1C, P50ARMS2A, P50ARMS2B, P50ARMS2C, P50ARMS3A, P50ARMS3B, P50ARMS3C"
"992","0.287487921249778","6.45575966664973","0.001","0.306983250858857","0.363674224070262","0.0178116227994828",NA,"RUNARMS1A, RUNARMS7C, RUNARMS1B, RUNARMS9A, RUNARMS4A, RUNARMS7B, RUNARMS9B, RUNARMS4B, RUNARMS2C, P50ARMS1A, P50ARMS1B, P50ARMS1C, P50ARMS2A, P50ARMS2B, P50ARMS2C, P50ARMS3A, P50ARMS3B, P50ARMS3C"
"993","0.266102543512981","5.80141089000082","0.001","0.318237399186908","0.363674223723105","0.0285300975412623",NA,"RUNARMS8C, RUNARMS5B, RUNARMS7C, RUNARMS6C, RUNARMS9B, RUNARMS5A, RUNARMS6B, RUNARMS3A, RUNARMS1B, P50ARMS1A, P50ARMS1B, P50ARMS1C, P50ARMS2A, P50ARMS2B, P50ARMS2C, P50ARMS3A, P50ARMS3B, P50ARMS3C"
"994","0.273857330995179","6.03423746180348","0.001","0.318053025775354","0.36367422358013","0.0051887357380952",NA,"RUNARMS2C, RUNARMS3A, RUNARMS3C, RUNARMS2B, RUNARMS4A, RUNARMS1C, RUNARMS7A, RUNARMS7B, RUNARMS5A, P50ARMS1A, P50ARMS1B, P50ARMS1C, P50ARMS2A, P50ARMS2B, P50ARMS2C, P50ARMS3A, P50ARMS3B, P50ARMS3C"
"995","0.28093170240147","6.25101572887463","0.001","0.296464234573879","0.363674742177688","0.00233352485108205",NA,"RUNARMS7C, RUNARMS7B, RUNARMS6C, RUNARMS5A, RUNARMS3C, RUNARMS3B, RUNARMS1B, RUNARMS6A, RUNARMS1C, P50ARMS1A, P50ARMS1B, P50ARMS1C, P50ARMS2A, P50ARMS2B, P50ARMS2C, P50ARMS3A, P50ARMS3B, P50ARMS3C"
"996","0.30135228593682","6.90138460046988","0.001","0.280851829262532","0.363674224503947","0.000584763871864538",NA,"RUNARMS3C, RUNARMS6B, RUNARMS8B, RUNARMS9C, RUNARMS6A, RUNARMS6C, RUNARMS4C, RUNARMS7C, RUNARMS1C, P50ARMS1A, P50ARMS1B, P50ARMS1C, P50ARMS2A, P50ARMS2B, P50ARMS2C, P50ARMS3A, P50ARMS3B, P50ARMS3C"
"997","0.274818923028097","6.06345491916347","0.001","0.314246338463588","0.36367422393944","0.0455256348403583",NA,"RUNARMS4A, RUNARMS5C, RUNARMS8A, RUNARMS5B, RUNARMS8B, RUNARMS1A, RUNARMS1B, RUNARMS2C, RUNARMS6C, P50ARMS1A, P50ARMS1B, P50ARMS1C, P50ARMS2A, P50ARMS2B, P50ARMS2C, P50ARMS3A, P50ARMS3B, P50ARMS3C"
"998","0.265885198161317","5.79495626559495","0.001","0.321491503134583","0.363674223643769","0.0678044709528609",NA,"RUNARMS1A, RUNARMS7B, RUNARMS1B, RUNARMS9A, RUNARMS4C, RUNARMS3A, RUNARMS7C, RUNARMS6C, RUNARMS2C, P50ARMS1A, P50ARMS1B, P50ARMS1C, P50ARMS2A, P50ARMS2B, P50ARMS2C, P50ARMS3A, P50ARMS3B, P50ARMS3C"
"999","0.283391600302014","6.3273966740317","0.001","0.311605704167758","0.363674223821846","0.0163472819958969",NA,"RUNARMS6A, RUNARMS1B, RUNARMS8C, RUNARMS2A, RUNARMS9B, RUNARMS4B, RUNARMS5A, RUNARMS4A, RUNARMS1A, P50ARMS1A, P50ARMS1B, P50ARMS1C, P50ARMS2A, P50ARMS2B, P50ARMS2C, P50ARMS3A, P50ARMS3B, P50ARMS3C"
"1000","0.290960648455859","6.56574330487483","0.001","0.296525635331803","0.363674223564478","0.00634135057202409",NA,"RUNARMS8C, RUNARMS1B, RUNARMS9B, RUNARMS3C, RUNARMS5B, RUNARMS6B, RUNARMS8B, RUNARMS8A, RUNARMS5C, P50ARMS1A, P50ARMS1B, P50ARMS1C, P50ARMS2A, P50ARMS2B, P50ARMS2C, P50ARMS3A, P50ARMS3B, P50ARMS3C"
