"","R2","F","p_value","mean_permdisp_Reunion.Reunion","mean_permdisp_Rodrigues.Rodrigues","p_disp1","p_disp2","samples"
"1","0.328072303300982","7.32383048606355","0.001","0.280782882593674","0.355490283113915","0.0214764443340283",NA,"RUNARMS7C, RUNARMS1B, RUNARMS2B, RUNARMS4C, RUNARMS3C, RUNARMS6A, RUNARMS5C, RUNARMS5A, RUNARMS7B, RODARMS1A, RODARMS1B, RODARMS1C, RODARMS2A, RODARMS2B, RODARMS2C, RODARMS3A, RODARMS3B"
"2","0.285046443650703","5.98038378407844","0.001","0.315379214433981","0.355387798659706","0.0682525422455127",NA,"RUNARMS1A, RUNARMS9B, RUNARMS9C, RUNARMS5A, RUNARMS3B, RUNARMS2B, RUNARMS8C, RUNARMS4A, RUNARMS3C, RODARMS1A, RODARMS1B, RODARMS1C, RODARMS2A, RODARMS2B, RODARMS2C, RODARMS3A, RODARMS3B"
"3","0.299908619357705","6.42577442710168","0.001","0.305200740325859","0.355387798659706","0.0384042680178732",NA,"RUNARMS9B, RUNARMS8B, RUNARMS3C, RUNARMS2A, RUNARMS2B, RUNARMS9C, RUNARMS1B, RUNARMS1C, RUNARMS4B, RODARMS1A, RODARMS1B, RODARMS1C, RODARMS2A, RODARMS2B, RODARMS2C, RODARMS3A, RODARMS3B"
"4","0.279478893904547","5.81826593711586","0.001","0.322415122951329","0.355387798659706","0.196909525325042",NA,"RUNARMS6C, RUNARMS4B, RUNARMS3C, RUNARMS5A, RUNARMS3A, RUNARMS5B, RUNARMS2A, RUNARMS9C, RUNARMS1B, RODARMS1A, RODARMS1B, RODARMS1C, RODARMS2A, RODARMS2B, RODARMS2C, RODARMS3A, RODARMS3B"
"5","0.273157267074565","5.63720158503505","0.001","0.324930145685579","0.355387803629673","0.229120762186711",NA,"RUNARMS1A, RUNARMS3B, RUNARMS4A, RUNARMS7B, RUNARMS6B, RUNARMS6C, RUNARMS7A, RUNARMS3A, RUNARMS6A, RODARMS1A, RODARMS1B, RODARMS1C, RODARMS2A, RODARMS2B, RODARMS2C, RODARMS3A, RODARMS3B"
"6","0.27736154628726","5.75726792967308","0.002","0.32154272090276","0.35538779865971","0.133861469099473",NA,"RUNARMS1C, RUNARMS3A, RUNARMS7B, RUNARMS4A, RUNARMS3B, RUNARMS7C, RUNARMS1A, RUNARMS5A, RUNARMS2B, RODARMS1A, RODARMS1B, RODARMS1C, RODARMS2A, RODARMS2B, RODARMS2C, RODARMS3A, RODARMS3B"
"7","0.302326811864156","6.50003791901396","0.001","0.304563308729379","0.355387799226882","0.0626232258054246",NA,"RUNARMS1A, RUNARMS2B, RUNARMS7C, RUNARMS9C, RUNARMS4A, RUNARMS7A, RUNARMS9A, RUNARMS5B, RUNARMS9B, RODARMS1A, RODARMS1B, RODARMS1C, RODARMS2A, RODARMS2B, RODARMS2C, RODARMS3A, RODARMS3B"
"8","0.317731556120903","6.98548113220097","0.001","0.303311275959668","0.355387798660497","0.0417615410893665",NA,"RUNARMS1B, RUNARMS3C, RUNARMS9C, RUNARMS6A, RUNARMS4C, RUNARMS3B, RUNARMS4B, RUNARMS2A, RUNARMS8C, RODARMS1A, RODARMS1B, RODARMS1C, RODARMS2A, RODARMS2B, RODARMS2C, RODARMS3A, RODARMS3B"
"9","0.292481420383827","6.20085667310316","0.001","0.316058539299153","0.355387798829674","0.145621265229843",NA,"RUNARMS2A, RUNARMS3C, RUNARMS1B, RUNARMS1C, RUNARMS8A, RUNARMS4B, RUNARMS7A, RUNARMS5B, RUNARMS7B, RODARMS1A, RODARMS1B, RODARMS1C, RODARMS2A, RODARMS2B, RODARMS2C, RODARMS3A, RODARMS3B"
"10","0.294330831882189","6.25641969027583","0.001","0.310516530640182","0.355387798659706","0.0806567365505505",NA,"RUNARMS8C, RUNARMS1A, RUNARMS3B, RUNARMS6A, RUNARMS6C, RUNARMS7B, RUNARMS5C, RUNARMS7A, RUNARMS2C, RODARMS1A, RODARMS1B, RODARMS1C, RODARMS2A, RODARMS2B, RODARMS2C, RODARMS3A, RODARMS3B"
"11","0.273289896080255","5.64096799960901","0.001","0.321327187733348","0.355387798659724","0.228758889186298",NA,"RUNARMS1B, RUNARMS6A, RUNARMS3C, RUNARMS1A, RUNARMS9B, RUNARMS3A, RUNARMS9C, RUNARMS7A, RUNARMS6B, RODARMS1A, RODARMS1B, RODARMS1C, RODARMS2A, RODARMS2B, RODARMS2C, RODARMS3A, RODARMS3B"
"12","0.304237841174202","6.55909143623838","0.002","0.305831760131296","0.355387798664241","0.0888438468689934",NA,"RUNARMS4A, RUNARMS7B, RUNARMS5C, RUNARMS1B, RUNARMS8B, RUNARMS9A, RUNARMS3B, RUNARMS6C, RUNARMS8A, RODARMS1A, RODARMS1B, RODARMS1C, RODARMS2A, RODARMS2B, RODARMS2C, RODARMS3A, RODARMS3B"
"13","0.2988657247457","6.39390489012896","0.001","0.313374578732392","0.355387798659829","0.166901009182961",NA,"RUNARMS4B, RUNARMS5C, RUNARMS6B, RUNARMS1B, RUNARMS2A, RUNARMS6C, RUNARMS8A, RUNARMS4A, RUNARMS4C, RODARMS1A, RODARMS1B, RODARMS1C, RODARMS2A, RODARMS2B, RODARMS2C, RODARMS3A, RODARMS3B"
"14","0.288913235073127","6.09447220768141","0.001","0.328585960052462","0.355387798669696","0.311992486394944",NA,"RUNARMS8A, RUNARMS6A, RUNARMS1B, RUNARMS4C, RUNARMS5A, RUNARMS9C, RUNARMS2C, RUNARMS1A, RUNARMS2A, RODARMS1A, RODARMS1B, RODARMS1C, RODARMS2A, RODARMS2B, RODARMS2C, RODARMS3A, RODARMS3B"
"15","0.305799816432568","6.60760016356717","0.001","0.305697888612629","0.355387799295988","0.0244061347218974",NA,"RUNARMS9C, RUNARMS3C, RUNARMS5A, RUNARMS9B, RUNARMS5B, RUNARMS4C, RUNARMS3B, RUNARMS1B, RUNARMS4A, RODARMS1A, RODARMS1B, RODARMS1C, RODARMS2A, RODARMS2B, RODARMS2C, RODARMS3A, RODARMS3B"
"16","0.305471832761295","6.59739620012357","0.001","0.309751080027164","0.355387798669588","0.0469031188010832",NA,"RUNARMS9C, RUNARMS7C, RUNARMS4A, RUNARMS2B, RUNARMS7A, RUNARMS2C, RUNARMS9A, RUNARMS1C, RUNARMS4C, RODARMS1A, RODARMS1B, RODARMS1C, RODARMS2A, RODARMS2B, RODARMS2C, RODARMS3A, RODARMS3B"
"17","0.308783945973331","6.70088485737234","0.001","0.301540218826148","0.355387798659706","0.0725156277233586",NA,"RUNARMS1C, RUNARMS9C, RUNARMS8B, RUNARMS8A, RUNARMS7B, RUNARMS5C, RUNARMS6B, RUNARMS8C, RUNARMS2A, RODARMS1A, RODARMS1B, RODARMS1C, RODARMS2A, RODARMS2B, RODARMS2C, RODARMS3A, RODARMS3B"
"18","0.294954603069767","6.27522577313458","0.001","0.315029224049155","0.355387798659761","0.130810313544646",NA,"RUNARMS9A, RUNARMS4A, RUNARMS8A, RUNARMS4B, RUNARMS7C, RUNARMS1C, RUNARMS6C, RUNARMS7A, RUNARMS2C, RODARMS1A, RODARMS1B, RODARMS1C, RODARMS2A, RODARMS2B, RODARMS2C, RODARMS3A, RODARMS3B"
"19","0.303244129558606","6.52834390975064","0.002","0.307898681696491","0.362402422956447","0.0651974732630499",NA,"RUNARMS6C, RUNARMS6A, RUNARMS3A, RUNARMS4C, RUNARMS1C, RUNARMS8B, RUNARMS8A, RUNARMS7B, RUNARMS4B, RODARMS1A, RODARMS1B, RODARMS1C, RODARMS2A, RODARMS2B, RODARMS2C, RODARMS3A, RODARMS3B"
"20","0.253240525518301","5.08678900312715","0.001","0.338500965358249","0.355387799236875","0.449217755231366",NA,"RUNARMS2A, RUNARMS2B, RUNARMS3A, RUNARMS6B, RUNARMS3C, RUNARMS8C, RUNARMS5A, RUNARMS7A, RUNARMS1A, RODARMS1A, RODARMS1B, RODARMS1C, RODARMS2A, RODARMS2B, RODARMS2C, RODARMS3A, RODARMS3B"
"21","0.285866916942589","6.00448831719244","0.001","0.324644856996105","0.355387800018428","0.157236950810767",NA,"RUNARMS4C, RUNARMS1B, RUNARMS6C, RUNARMS1C, RUNARMS2C, RUNARMS9C, RUNARMS2A, RUNARMS9B, RUNARMS4A, RODARMS1A, RODARMS1B, RODARMS1C, RODARMS2A, RODARMS2B, RODARMS2C, RODARMS3A, RODARMS3B"
"22","0.317036817486585","6.96311658382165","0.001","0.298997210865585","0.355387798701301","0.0628996407573887",NA,"RUNARMS9C, RUNARMS8C, RUNARMS7B, RUNARMS7C, RUNARMS1B, RUNARMS2A, RUNARMS6B, RUNARMS4C, RUNARMS6A, RODARMS1A, RODARMS1B, RODARMS1C, RODARMS2A, RODARMS2B, RODARMS2C, RODARMS3A, RODARMS3B"
"23","0.28324320040733","5.9276005592475","0.001","0.323206150536041","0.355387798659708","0.190787780307972",NA,"RUNARMS2A, RUNARMS1B, RUNARMS8B, RUNARMS5B, RUNARMS2C, RUNARMS6B, RUNARMS8C, RUNARMS4B, RUNARMS3B, RODARMS1A, RODARMS1B, RODARMS1C, RODARMS2A, RODARMS2B, RODARMS2C, RODARMS3A, RODARMS3B"
"24","0.283865406594246","5.94578329007094","0.001","0.319834947854161","0.355387798659706","0.114883309134244",NA,"RUNARMS6C, RUNARMS7C, RUNARMS2B, RUNARMS9B, RUNARMS1C, RUNARMS2A, RUNARMS1B, RUNARMS3C, RUNARMS4A, RODARMS1A, RODARMS1B, RODARMS1C, RODARMS2A, RODARMS2B, RODARMS2C, RODARMS3A, RODARMS3B"
"25","0.272999109664222","5.63271200819575","0.001","0.32806152601908","0.355387874231314","0.189937003294152",NA,"RUNARMS6C, RUNARMS3C, RUNARMS2C, RUNARMS2B, RUNARMS5B, RUNARMS1B, RUNARMS3A, RUNARMS2A, RUNARMS8C, RODARMS1A, RODARMS1B, RODARMS1C, RODARMS2A, RODARMS2B, RODARMS2C, RODARMS3A, RODARMS3B"
"26","0.304504559865347","6.56735922969659","0.001","0.311886059014874","0.355387798659706","0.073944601962586",NA,"RUNARMS9A, RUNARMS7C, RUNARMS3B, RUNARMS1B, RUNARMS9C, RUNARMS8A, RUNARMS4B, RUNARMS6C, RUNARMS8C, RODARMS1A, RODARMS1B, RODARMS1C, RODARMS2A, RODARMS2B, RODARMS2C, RODARMS3A, RODARMS3B"
"27","0.295146640046368","6.28102219869784","0.001","0.30941282571481","0.355387798659706","0.117282950951804",NA,"RUNARMS7A, RUNARMS1B, RUNARMS7C, RUNARMS7B, RUNARMS1C, RUNARMS9B, RUNARMS4C, RUNARMS2C, RUNARMS3B, RODARMS1A, RODARMS1B, RODARMS1C, RODARMS2A, RODARMS2B, RODARMS2C, RODARMS3A, RODARMS3B"
"28","0.300723087135758","6.45072963807701","0.001","0.321024201588576","0.355387799796012","0.18578112361455",NA,"RUNARMS4A, RUNARMS7C, RUNARMS2C, RUNARMS2A, RUNARMS1A, RUNARMS9A, RUNARMS4B, RUNARMS6A, RUNARMS8A, RODARMS1A, RODARMS1B, RODARMS1C, RODARMS2A, RODARMS2B, RODARMS2C, RODARMS3A, RODARMS3B"
"29","0.289049062428559","6.09850231190207","0.001","0.315606620958791","0.355387799022499","0.201569081672209",NA,"RUNARMS1A, RUNARMS2B, RUNARMS6A, RUNARMS1C, RUNARMS5A, RUNARMS5C, RUNARMS3C, RUNARMS8A, RUNARMS2C, RODARMS1A, RODARMS1B, RODARMS1C, RODARMS2A, RODARMS2B, RODARMS2C, RODARMS3A, RODARMS3B"
"30","0.304152950342925","6.55646130481151","0.001","0.304434480970276","0.355387798825359","0.0565649957566615",NA,"RUNARMS5B, RUNARMS9A, RUNARMS1A, RUNARMS4A, RUNARMS7B, RUNARMS3B, RUNARMS3A, RUNARMS7A, RUNARMS5C, RODARMS1A, RODARMS1B, RODARMS1C, RODARMS2A, RODARMS2B, RODARMS2C, RODARMS3A, RODARMS3B"
"31","0.309970068244092","6.73818744620215","0.001","0.294684678233571","0.355387798660147","0.0371361490585877",NA,"RUNARMS6C, RUNARMS7B, RUNARMS2A, RUNARMS1A, RUNARMS8B, RUNARMS1C, RUNARMS4B, RUNARMS6A, RUNARMS3C, RODARMS1A, RODARMS1B, RODARMS1C, RODARMS2A, RODARMS2B, RODARMS2C, RODARMS3A, RODARMS3B"
"32","0.287509360900028","6.05290817427188","0.001","0.315968487782414","0.355387798659709","0.0708749680153247",NA,"RUNARMS2A, RUNARMS3A, RUNARMS2C, RUNARMS1C, RUNARMS8C, RUNARMS3C, RUNARMS1A, RUNARMS5B, RUNARMS9B, RODARMS1A, RODARMS1B, RODARMS1C, RODARMS2A, RODARMS2B, RODARMS2C, RODARMS3A, RODARMS3B"
"33","0.287609123100854","6.05585639346077","0.001","0.318456300731456","0.355387798659715","0.0846950230839663",NA,"RUNARMS4C, RUNARMS8C, RUNARMS1A, RUNARMS3B, RUNARMS2C, RUNARMS4B, RUNARMS9B, RUNARMS1B, RUNARMS9C, RODARMS1A, RODARMS1B, RODARMS1C, RODARMS2A, RODARMS2B, RODARMS2C, RODARMS3A, RODARMS3B"
"34","0.298520933584766","6.38338935280628","0.001","0.318276129381291","0.355387798659711","0.164114990069134",NA,"RUNARMS7C, RUNARMS3B, RUNARMS2B, RUNARMS8A, RUNARMS7A, RUNARMS1C, RUNARMS9A, RUNARMS5B, RUNARMS9C, RODARMS1A, RODARMS1B, RODARMS1C, RODARMS2A, RODARMS2B, RODARMS2C, RODARMS3A, RODARMS3B"
"35","0.308873124918506","6.7036850118602","0.001","0.306440027710615","0.355387799529252","0.0654915522999324",NA,"RUNARMS2A, RUNARMS5C, RUNARMS4A, RUNARMS8C, RUNARMS3B, RUNARMS5B, RUNARMS5A, RUNARMS9C, RUNARMS1A, RODARMS1A, RODARMS1B, RODARMS1C, RODARMS2A, RODARMS2B, RODARMS2C, RODARMS3A, RODARMS3B"
"36","0.276827174568714","5.74192982991902","0.001","0.323327172662414","0.355387798659706","0.184899840859973",NA,"RUNARMS7A, RUNARMS7B, RUNARMS2B, RUNARMS3C, RUNARMS3B, RUNARMS8A, RUNARMS5A, RUNARMS1B, RUNARMS8C, RODARMS1A, RODARMS1B, RODARMS1C, RODARMS2A, RODARMS2B, RODARMS2C, RODARMS3A, RODARMS3B"
"37","0.317553142929553","6.97973343212508","0.001","0.30017552710632","0.355387798659706","0.0495001019518535",NA,"RUNARMS4C, RUNARMS6B, RUNARMS1B, RUNARMS4B, RUNARMS6A, RUNARMS9C, RUNARMS4A, RUNARMS7B, RUNARMS2A, RODARMS1A, RODARMS1B, RODARMS1C, RODARMS2A, RODARMS2B, RODARMS2C, RODARMS3A, RODARMS3B"
"38","0.30166916190792","6.47979035407017","0.001","0.302554427668608","0.355387798760981","0.0607646896343364",NA,"RUNARMS3B, RUNARMS7A, RUNARMS7C, RUNARMS5C, RUNARMS1A, RUNARMS1C, RUNARMS5A, RUNARMS6B, RUNARMS3C, RODARMS1A, RODARMS1B, RODARMS1C, RODARMS2A, RODARMS2B, RODARMS2C, RODARMS3A, RODARMS3B"
"39","0.281076651745878","5.86453310554862","0.001","0.333458094926483","0.355387798748196","0.361018342617131",NA,"RUNARMS9A, RUNARMS9B, RUNARMS8A, RUNARMS1B, RUNARMS9C, RUNARMS2B, RUNARMS1A, RUNARMS2A, RUNARMS4C, RODARMS1A, RODARMS1B, RODARMS1C, RODARMS2A, RODARMS2B, RODARMS2C, RODARMS3A, RODARMS3B"
"40","0.315657934583522","6.91886303360774","0.001","0.298721187472695","0.355387798814736","0.0220269330485381",NA,"RUNARMS1A, RUNARMS9C, RUNARMS4B, RUNARMS7B, RUNARMS5C, RUNARMS9A, RUNARMS3B, RUNARMS4A, RUNARMS3C, RODARMS1A, RODARMS1B, RODARMS1C, RODARMS2A, RODARMS2B, RODARMS2C, RODARMS3A, RODARMS3B"
"41","0.290407002986761","6.13887829098761","0.001","0.309648085789326","0.355387798660702","0.0779232639288809",NA,"RUNARMS9B, RUNARMS4C, RUNARMS2C, RUNARMS4B, RUNARMS7B, RUNARMS1B, RUNARMS5B, RUNARMS1C, RUNARMS6C, RODARMS1A, RODARMS1B, RODARMS1C, RODARMS2A, RODARMS2B, RODARMS2C, RODARMS3A, RODARMS3B"
"42","0.269968219821522","5.54705070008432","0.001","0.323884819446296","0.355387798659876","0.362899985617189",NA,"RUNARMS6A, RUNARMS8A, RUNARMS3A, RUNARMS1B, RUNARMS7C, RUNARMS6B, RUNARMS8B, RUNARMS7A, RUNARMS2B, RODARMS1A, RODARMS1B, RODARMS1C, RODARMS2A, RODARMS2B, RODARMS2C, RODARMS3A, RODARMS3B"
"43","0.281869384673135","5.88756513071454","0.002","0.324589499217947","0.360329402325045","0.122053991168714",NA,"RUNARMS4C, RUNARMS7C, RUNARMS6B, RUNARMS1B, RUNARMS8C, RUNARMS5C, RUNARMS2B, RUNARMS2C, RUNARMS3A, RODARMS1A, RODARMS1B, RODARMS1C, RODARMS2A, RODARMS2B, RODARMS2C, RODARMS3A, RODARMS3B"
"44","0.310627432836093","6.75891631677529","0.001","0.305913458699178","0.356585977122107","0.0864644499999553",NA,"RUNARMS6B, RUNARMS7B, RUNARMS9A, RUNARMS1B, RUNARMS5C, RUNARMS2A, RUNARMS8C, RUNARMS1C, RUNARMS6A, RODARMS1A, RODARMS1B, RODARMS1C, RODARMS2A, RODARMS2B, RODARMS2C, RODARMS3A, RODARMS3B"
"45","0.283079030499952","5.92280828451762","0.001","0.320634585976136","0.35538780023376","0.107212895391501",NA,"RUNARMS5B, RUNARMS2A, RUNARMS9B, RUNARMS1A, RUNARMS1B, RUNARMS2B, RUNARMS3C, RUNARMS7B, RUNARMS2C, RODARMS1A, RODARMS1B, RODARMS1C, RODARMS2A, RODARMS2B, RODARMS2C, RODARMS3A, RODARMS3B"
"46","0.294737504941928","6.26867670563552","0.001","0.313960722133916","0.355387798668839","0.0713015437589583",NA,"RUNARMS6C, RUNARMS7B, RUNARMS5B, RUNARMS8A, RUNARMS7A, RUNARMS9C, RUNARMS1A, RUNARMS3C, RUNARMS3B, RODARMS1A, RODARMS1B, RODARMS1C, RODARMS2A, RODARMS2B, RODARMS2C, RODARMS3A, RODARMS3B"
"47","0.30524966392139","6.59048973572972","0.001","0.302051115450823","0.355387798901992","0.0596110090938142",NA,"RUNARMS4C, RUNARMS9B, RUNARMS1A, RUNARMS7C, RUNARMS3B, RUNARMS1C, RUNARMS9C, RUNARMS8B, RUNARMS2C, RODARMS1A, RODARMS1B, RODARMS1C, RODARMS2A, RODARMS2B, RODARMS2C, RODARMS3A, RODARMS3B"
"48","0.276845180690963","5.74244629155933","0.002","0.315034323548984","0.355387798808179","0.0704802258393947",NA,"RUNARMS8C, RUNARMS6C, RUNARMS3C, RUNARMS1C, RUNARMS4C, RUNARMS9B, RUNARMS7A, RUNARMS3A, RUNARMS2B, RODARMS1A, RODARMS1B, RODARMS1C, RODARMS2A, RODARMS2B, RODARMS2C, RODARMS3A, RODARMS3B"
"49","0.281805751994632","5.88571447301244","0.001","0.310857436634212","0.355387800088506","0.125779097277543",NA,"RUNARMS1C, RUNARMS2A, RUNARMS6C, RUNARMS5A, RUNARMS3A, RUNARMS7A, RUNARMS8B, RUNARMS3C, RUNARMS9B, RODARMS1A, RODARMS1B, RODARMS1C, RODARMS2A, RODARMS2B, RODARMS2C, RODARMS3A, RODARMS3B"
"50","0.288564648589241","6.0841364155652","0.001","0.3202914771923","0.355387798659706","0.179809181315671",NA,"RUNARMS8A, RUNARMS1A, RUNARMS2B, RUNARMS5B, RUNARMS1C, RUNARMS5C, RUNARMS4A, RUNARMS9C, RUNARMS2C, RODARMS1A, RODARMS1B, RODARMS1C, RODARMS2A, RODARMS2B, RODARMS2C, RODARMS3A, RODARMS3B"
"51","0.27652389788675","5.73323494194971","0.001","0.323341550207068","0.355387800047044","0.302544078693462",NA,"RUNARMS6C, RUNARMS3B, RUNARMS9B, RUNARMS2A, RUNARMS6B, RUNARMS2C, RUNARMS1A, RUNARMS7C, RUNARMS8B, RODARMS1A, RODARMS1B, RODARMS1C, RODARMS2A, RODARMS2B, RODARMS2C, RODARMS3A, RODARMS3B"
"52","0.302902244743823","6.51778554284347","0.001","0.303827836747766","0.355387798659711","0.0657291163526219",NA,"RUNARMS6C, RUNARMS2A, RUNARMS4C, RUNARMS4B, RUNARMS3C, RUNARMS6B, RUNARMS8C, RUNARMS1C, RUNARMS1B, RODARMS1A, RODARMS1B, RODARMS1C, RODARMS2A, RODARMS2B, RODARMS2C, RODARMS3A, RODARMS3B"
"53","0.290607780283979","6.14486116862785","0.001","0.307308140530397","0.355387799104763","0.118306589842872",NA,"RUNARMS2B, RUNARMS1A, RUNARMS5C, RUNARMS6B, RUNARMS5A, RUNARMS7C, RUNARMS4C, RUNARMS1C, RUNARMS3A, RODARMS1A, RODARMS1B, RODARMS1C, RODARMS2A, RODARMS2B, RODARMS2C, RODARMS3A, RODARMS3B"
"54","0.276928299009999","5.74483067095917","0.001","0.331396261639315","0.355387798659707","0.308908874565198",NA,"RUNARMS1B, RUNARMS5A, RUNARMS8A, RUNARMS3B, RUNARMS6C, RUNARMS2A, RUNARMS2B, RUNARMS3C, RUNARMS7A, RODARMS1A, RODARMS1B, RODARMS1C, RODARMS2A, RODARMS2B, RODARMS2C, RODARMS3A, RODARMS3B"
"55","0.278487553392605","5.78966214724517","0.001","0.330016612739136","0.355387806357536","0.358359720757555",NA,"RUNARMS9C, RUNARMS6B, RUNARMS6C, RUNARMS3A, RUNARMS1B, RUNARMS8A, RUNARMS6A, RUNARMS3B, RUNARMS7C, RODARMS1A, RODARMS1B, RODARMS1C, RODARMS2A, RODARMS2B, RODARMS2C, RODARMS3A, RODARMS3B"
"56","0.288812325774881","6.09147914626528","0.001","0.318918921805224","0.355387798659733","0.207359650867329",NA,"RUNARMS2A, RUNARMS7C, RUNARMS3A, RUNARMS8B, RUNARMS5B, RUNARMS8A, RUNARMS9C, RUNARMS4B, RUNARMS1B, RODARMS1A, RODARMS1B, RODARMS1C, RODARMS2A, RODARMS2B, RODARMS2C, RODARMS3A, RODARMS3B"
"57","0.302065161494492","6.4919777211861","0.001","0.303819305627301","0.355387798659846","0.0578797257693545",NA,"RUNARMS2B, RUNARMS6A, RUNARMS1A, RUNARMS5A, RUNARMS8B, RUNARMS1B, RUNARMS4C, RUNARMS9A, RUNARMS4B, RODARMS1A, RODARMS1B, RODARMS1C, RODARMS2A, RODARMS2B, RODARMS2C, RODARMS3A, RODARMS3B"
"58","0.27604432957002","5.71950067203842","0.001","0.324108004642871","0.355387798659707","0.170576211658002",NA,"RUNARMS6C, RUNARMS1B, RUNARMS1A, RUNARMS9A, RUNARMS3A, RUNARMS7C, RUNARMS2C, RUNARMS8C, RUNARMS4A, RODARMS1A, RODARMS1B, RODARMS1C, RODARMS2A, RODARMS2B, RODARMS2C, RODARMS3A, RODARMS3B"
"59","0.286828456991958","6.03280781049176","0.001","0.319931142350614","0.35538779866355","0.182869727260421",NA,"RUNARMS8A, RUNARMS3C, RUNARMS5B, RUNARMS2B, RUNARMS7C, RUNARMS7A, RUNARMS1C, RUNARMS4C, RUNARMS2C, RODARMS1A, RODARMS1B, RODARMS1C, RODARMS2A, RODARMS2B, RODARMS2C, RODARMS3A, RODARMS3B"
"60","0.312959429613982","6.83277181371133","0.001","0.29854817022851","0.355387798659706","0.0457417874587952",NA,"RUNARMS4A, RUNARMS5B, RUNARMS8B, RUNARMS9B, RUNARMS8A, RUNARMS5C, RUNARMS4B, RUNARMS2A, RUNARMS1C, RODARMS1A, RODARMS1B, RODARMS1C, RODARMS2A, RODARMS2B, RODARMS2C, RODARMS3A, RODARMS3B"
"61","0.277986465678369","5.77523382452003","0.001","0.314957119870908","0.355387798661535","0.123428613973407",NA,"RUNARMS3A, RUNARMS8C, RUNARMS4B, RUNARMS7C, RUNARMS1B, RUNARMS2B, RUNARMS1C, RUNARMS6B, RUNARMS7B, RODARMS1A, RODARMS1B, RODARMS1C, RODARMS2A, RODARMS2B, RODARMS2C, RODARMS3A, RODARMS3B"
"62","0.267341790114996","5.47339372932756","0.001","0.33029991951372","0.355387798659706","0.265156508022745",NA,"RUNARMS2B, RUNARMS8C, RUNARMS6B, RUNARMS2A, RUNARMS5A, RUNARMS1B, RUNARMS6C, RUNARMS7B, RUNARMS4A, RODARMS1A, RODARMS1B, RODARMS1C, RODARMS2A, RODARMS2B, RODARMS2C, RODARMS3A, RODARMS3B"
"63","0.276210691902651","5.7242630309517","0.001","0.323966982972801","0.355387798723459","0.171539410248641",NA,"RUNARMS3A, RUNARMS4A, RUNARMS9B, RUNARMS4B, RUNARMS1B, RUNARMS2A, RUNARMS2C, RUNARMS7B, RUNARMS1A, RODARMS1A, RODARMS1B, RODARMS1C, RODARMS2A, RODARMS2B, RODARMS2C, RODARMS3A, RODARMS3B"
"64","0.2964644679155","6.320884754117","0.001","0.311078335558333","0.355387799024977","0.0517054814084485",NA,"RUNARMS6C, RUNARMS1B, RUNARMS1A, RUNARMS1C, RUNARMS6A, RUNARMS3C, RUNARMS3B, RUNARMS4A, RUNARMS7A, RODARMS1A, RODARMS1B, RODARMS1C, RODARMS2A, RODARMS2B, RODARMS2C, RODARMS3A, RODARMS3B"
"65","0.309043975654485","6.70905162048228","0.001","0.305834519297517","0.355387798659709","0.0634895305611466",NA,"RUNARMS7A, RUNARMS1C, RUNARMS7C, RUNARMS8A, RUNARMS6C, RUNARMS5A, RUNARMS3B, RUNARMS6A, RUNARMS5B, RODARMS1A, RODARMS1B, RODARMS1C, RODARMS2A, RODARMS2B, RODARMS2C, RODARMS3A, RODARMS3B"
"66","0.280774187792483","5.8557587136098","0.001","0.309124082421232","0.355387799590798","0.0779908068963126",NA,"RUNARMS8B, RUNARMS7A, RUNARMS1C, RUNARMS4B, RUNARMS9B, RUNARMS1A, RUNARMS2B, RUNARMS8C, RUNARMS2C, RODARMS1A, RODARMS1B, RODARMS1C, RODARMS2A, RODARMS2B, RODARMS2C, RODARMS3A, RODARMS3B"
"67","0.319245072389661","7.03436125340239","0.001","0.286127530024839","0.355387798659706","0.020780363127197",NA,"RUNARMS6A, RUNARMS5A, RUNARMS5C, RUNARMS4B, RUNARMS3C, RUNARMS1B, RUNARMS4A, RUNARMS7B, RUNARMS2B, RODARMS1A, RODARMS1B, RODARMS1C, RODARMS2A, RODARMS2B, RODARMS2C, RODARMS3A, RODARMS3B"
"68","0.302380076412617","6.50167948596599","0.001","0.311460902787686","0.355387798659707","0.117145876672754",NA,"RUNARMS1C, RUNARMS7B, RUNARMS1B, RUNARMS8B, RUNARMS2A, RUNARMS6A, RUNARMS5B, RUNARMS2C, RUNARMS3B, RODARMS1A, RODARMS1B, RODARMS1C, RODARMS2A, RODARMS2B, RODARMS2C, RODARMS3A, RODARMS3B"
"69","0.27475146519277","5.68256505197488","0.001","0.327043073137977","0.355387798659706","0.234423196311189",NA,"RUNARMS1C, RUNARMS5A, RUNARMS9A, RUNARMS2C, RUNARMS2B, RUNARMS8A, RUNARMS7B, RUNARMS9B, RUNARMS6C, RODARMS1A, RODARMS1B, RODARMS1C, RODARMS2A, RODARMS2B, RODARMS2C, RODARMS3A, RODARMS3B"
"70","0.277317910534834","5.75601459986511","0.001","0.327223166202083","0.355387798659747","0.268270484732912",NA,"RUNARMS6A, RUNARMS6B, RUNARMS6C, RUNARMS9B, RUNARMS2A, RUNARMS9A, RUNARMS4B, RUNARMS3A, RUNARMS1A, RODARMS1A, RODARMS1B, RODARMS1C, RODARMS2A, RODARMS2B, RODARMS2C, RODARMS3A, RODARMS3B"
"71","0.273643295226933","5.65101058671496","0.001","0.329204995228365","0.355387799715333","0.304376696447356",NA,"RUNARMS1A, RUNARMS7A, RUNARMS1C, RUNARMS6A, RUNARMS7B, RUNARMS8A, RUNARMS4A, RUNARMS2B, RUNARMS2C, RODARMS1A, RODARMS1B, RODARMS1C, RODARMS2A, RODARMS2B, RODARMS2C, RODARMS3A, RODARMS3B"
"72","0.28364678649915","5.9393909558866","0.001","0.327978832130254","0.355387798659706","0.249851434485635",NA,"RUNARMS8A, RUNARMS1B, RUNARMS1A, RUNARMS9A, RUNARMS5B, RUNARMS2C, RUNARMS1C, RUNARMS4A, RUNARMS7C, RODARMS1A, RODARMS1B, RODARMS1C, RODARMS2A, RODARMS2B, RODARMS2C, RODARMS3A, RODARMS3B"
"73","0.276039227106781","5.71935464134938","0.001","0.322688430065114","0.355387799693516","0.119131625305181",NA,"RUNARMS3A, RUNARMS4A, RUNARMS4C, RUNARMS8C, RUNARMS2C, RUNARMS6C, RUNARMS9C, RUNARMS7A, RUNARMS1A, RODARMS1A, RODARMS1B, RODARMS1C, RODARMS2A, RODARMS2B, RODARMS2C, RODARMS3A, RODARMS3B"
"74","0.266695279944871","5.4553435833228","0.001","0.329869374884466","0.355387798659707","0.268364199208594",NA,"RUNARMS2C, RUNARMS2A, RUNARMS5A, RUNARMS6B, RUNARMS1C, RUNARMS8B, RUNARMS1B, RUNARMS9B, RUNARMS3A, RODARMS1A, RODARMS1B, RODARMS1C, RODARMS2A, RODARMS2B, RODARMS2C, RODARMS3A, RODARMS3B"
"75","0.269823841726775","5.54298792153542","0.001","0.331399194218203","0.35538779965717","0.327376589546471",NA,"RUNARMS9B, RUNARMS9A, RUNARMS3B, RUNARMS2B, RUNARMS7B, RUNARMS6B, RUNARMS1A, RUNARMS2C, RUNARMS1C, RODARMS1A, RODARMS1B, RODARMS1C, RODARMS2A, RODARMS2B, RODARMS2C, RODARMS3A, RODARMS3B"
"76","0.292642133486112","6.20567354955045","0.001","0.300408510291405","0.355387799154123","0.0617981288669309",NA,"RUNARMS7A, RUNARMS6B, RUNARMS3A, RUNARMS4B, RUNARMS4C, RUNARMS1C, RUNARMS1A, RUNARMS8B, RUNARMS3C, RODARMS1A, RODARMS1B, RODARMS1C, RODARMS2A, RODARMS2B, RODARMS2C, RODARMS3A, RODARMS3B"
"77","0.301047864158443","6.46069699313474","0.001","0.307412084677035","0.355387798659706","0.10774581099777",NA,"RUNARMS9A, RUNARMS2B, RUNARMS6B, RUNARMS9C, RUNARMS5C, RUNARMS1C, RUNARMS1B, RUNARMS4C, RUNARMS7B, RODARMS1A, RODARMS1B, RODARMS1C, RODARMS2A, RODARMS2B, RODARMS2C, RODARMS3A, RODARMS3B"
"78","0.284065224716605","5.95162927944436","0.001","0.327249555183372","0.355387798659706","0.273033638397704",NA,"RUNARMS9A, RUNARMS4B, RUNARMS8A, RUNARMS9B, RUNARMS3B, RUNARMS1B, RUNARMS2C, RUNARMS4C, RUNARMS7A, RODARMS1A, RODARMS1B, RODARMS1C, RODARMS2A, RODARMS2B, RODARMS2C, RODARMS3A, RODARMS3B"
"79","0.279267122951249","5.81214896345763","0.001","0.31913176437415","0.355387798659706","0.116052084911056",NA,"RUNARMS8C, RUNARMS3C, RUNARMS1B, RUNARMS7A, RUNARMS6C, RUNARMS3B, RUNARMS1A, RUNARMS4B, RUNARMS2C, RODARMS1A, RODARMS1B, RODARMS1C, RODARMS2A, RODARMS2B, RODARMS2C, RODARMS3A, RODARMS3B"
"80","0.285791325412398","6.00226521144019","0.001","0.326347624721065","0.355387798659706","0.317760226216336",NA,"RUNARMS7C, RUNARMS1C, RUNARMS8A, RUNARMS8B, RUNARMS2A, RUNARMS6B, RUNARMS9A, RUNARMS9C, RUNARMS2B, RODARMS1A, RODARMS1B, RODARMS1C, RODARMS2A, RODARMS2B, RODARMS2C, RODARMS3A, RODARMS3B"
"81","0.296557753762044","6.32371218848562","0.001","0.315638509478187","0.3553877986618","0.0772686954786831",NA,"RUNARMS1C, RUNARMS5A, RUNARMS7A, RUNARMS2C, RUNARMS8B, RUNARMS9A, RUNARMS2A, RUNARMS2B, RUNARMS9C, RODARMS1A, RODARMS1B, RODARMS1C, RODARMS2A, RODARMS2B, RODARMS2C, RODARMS3A, RODARMS3B"
"82","0.300282418515871","6.43722038280701","0.001","0.299854831408214","0.355387798659722","0.0656818017570702",NA,"RUNARMS9C, RUNARMS7B, RUNARMS1B, RUNARMS4B, RUNARMS3A, RUNARMS4C, RUNARMS2C, RUNARMS5C, RUNARMS8B, RODARMS1A, RODARMS1B, RODARMS1C, RODARMS2A, RODARMS2B, RODARMS2C, RODARMS3A, RODARMS3B"
"83","0.278238123887958","5.78247756836564","0.001","0.336038150793687","0.355387798749295","0.415517765847529",NA,"RUNARMS1A, RUNARMS3B, RUNARMS2C, RUNARMS1C, RUNARMS8A, RUNARMS2A, RUNARMS2B, RUNARMS5B, RUNARMS1B, RODARMS1A, RODARMS1B, RODARMS1C, RODARMS2A, RODARMS2B, RODARMS2C, RODARMS3A, RODARMS3B"
"84","0.269403360005601","5.53116477529241","0.001","0.327010531451475","0.355387798659738","0.215015588070817",NA,"RUNARMS6C, RUNARMS4B, RUNARMS7A, RUNARMS3A, RUNARMS1A, RUNARMS8A, RUNARMS3B, RUNARMS7B, RUNARMS8C, RODARMS1A, RODARMS1B, RODARMS1C, RODARMS2A, RODARMS2B, RODARMS2C, RODARMS3A, RODARMS3B"
"85","0.287819367566267","6.06207234074947","0.001","0.320197244199621","0.355387798659792","0.139676425205141",NA,"RUNARMS7C, RUNARMS2B, RUNARMS1B, RUNARMS3B, RUNARMS4C, RUNARMS9C, RUNARMS2C, RUNARMS7B, RUNARMS6C, RODARMS1A, RODARMS1B, RODARMS1C, RODARMS2A, RODARMS2B, RODARMS2C, RODARMS3A, RODARMS3B"
"86","0.314437308225568","6.87983707394538","0.001","0.297638103098262","0.355387798659707","0.0395023498998486",NA,"RUNARMS6A, RUNARMS5A, RUNARMS6C, RUNARMS4B, RUNARMS7B, RUNARMS3B, RUNARMS5C, RUNARMS1A, RUNARMS9A, RODARMS1A, RODARMS1B, RODARMS1C, RODARMS2A, RODARMS2B, RODARMS2C, RODARMS3A, RODARMS3B"
"87","0.308294181430364","6.68551947563227","0.001","0.298931007095737","0.355387798659707","0.0593501723061749",NA,"RUNARMS1C, RUNARMS2B, RUNARMS9C, RUNARMS8B, RUNARMS6A, RUNARMS9A, RUNARMS1A, RUNARMS5B, RUNARMS7B, RODARMS1A, RODARMS1B, RODARMS1C, RODARMS2A, RODARMS2B, RODARMS2C, RODARMS3A, RODARMS3B"
"88","0.284110826394208","5.95296388468619","0.001","0.319173243967656","0.355387798717711","0.115507171195473",NA,"RUNARMS1B, RUNARMS3B, RUNARMS9B, RUNARMS5A, RUNARMS4A, RUNARMS9A, RUNARMS1A, RUNARMS6C, RUNARMS7A, RODARMS1A, RODARMS1B, RODARMS1C, RODARMS2A, RODARMS2B, RODARMS2C, RODARMS3A, RODARMS3B"
"89","0.286993647891679","6.03768073825123","0.001","0.316581833540667","0.35538779865971","0.164714267126317",NA,"RUNARMS2C, RUNARMS1A, RUNARMS4A, RUNARMS5C, RUNARMS7A, RUNARMS6B, RUNARMS3B, RUNARMS7C, RUNARMS5A, RODARMS1A, RODARMS1B, RODARMS1C, RODARMS2A, RODARMS2B, RODARMS2C, RODARMS3A, RODARMS3B"
"90","0.311127252312003","6.77470374658191","0.001","0.295691110596234","0.355387798659706","0.0287116103561206",NA,"RUNARMS8B, RUNARMS3C, RUNARMS5A, RUNARMS9A, RUNARMS7C, RUNARMS1C, RUNARMS2B, RUNARMS4A, RUNARMS4C, RODARMS1A, RODARMS1B, RODARMS1C, RODARMS2A, RODARMS2B, RODARMS2C, RODARMS3A, RODARMS3B"
"91","0.270864955871701","5.57232075291745","0.001","0.328233664456011","0.35538779865971","0.225098195148801",NA,"RUNARMS6B, RUNARMS5B, RUNARMS2B, RUNARMS2C, RUNARMS9B, RUNARMS1B, RUNARMS3B, RUNARMS6C, RUNARMS5A, RODARMS1A, RODARMS1B, RODARMS1C, RODARMS2A, RODARMS2B, RODARMS2C, RODARMS3A, RODARMS3B"
"92","0.290450126805463","6.14016303387805","0.001","0.326612115648892","0.355387798659706","0.249483721935754",NA,"RUNARMS6A, RUNARMS2A, RUNARMS4B, RUNARMS9C, RUNARMS8A, RUNARMS1A, RUNARMS2C, RUNARMS6B, RUNARMS4A, RODARMS1A, RODARMS1B, RODARMS1C, RODARMS2A, RODARMS2B, RODARMS2C, RODARMS3A, RODARMS3B"
"93","0.275993255567368","5.71803904500193","0.001","0.320986626178801","0.355387799425787","0.171419237876259",NA,"RUNARMS3C, RUNARMS7A, RUNARMS8A, RUNARMS1B, RUNARMS3A, RUNARMS4B, RUNARMS4A, RUNARMS1C, RUNARMS8C, RODARMS1A, RODARMS1B, RODARMS1C, RODARMS2A, RODARMS2B, RODARMS2C, RODARMS3A, RODARMS3B"
"94","0.287184555591931","6.04331509323034","0.001","0.315931061474889","0.355387798659706","0.186881686175249",NA,"RUNARMS7A, RUNARMS6B, RUNARMS5B, RUNARMS2A, RUNARMS8C, RUNARMS1B, RUNARMS4A, RUNARMS7B, RUNARMS7C, RODARMS1A, RODARMS1B, RODARMS1C, RODARMS2A, RODARMS2B, RODARMS2C, RODARMS3A, RODARMS3B"
"95","0.287056566422723","6.03953735114123","0.001","0.3114749842372","0.35538779886083","0.0995739433376131",NA,"RUNARMS3B, RUNARMS3A, RUNARMS9C, RUNARMS9B, RUNARMS4C, RUNARMS8B, RUNARMS3C, RUNARMS1B, RUNARMS5A, RODARMS1A, RODARMS1B, RODARMS1C, RODARMS2A, RODARMS2B, RODARMS2C, RODARMS3A, RODARMS3B"
"96","0.294958390247103","6.27534005440786","0.001","0.30795520805766","0.355387798735351","0.0862378825404417",NA,"RUNARMS5B, RUNARMS1B, RUNARMS4C, RUNARMS8B, RUNARMS9B, RUNARMS7A, RUNARMS2A, RUNARMS6C, RUNARMS1C, RODARMS1A, RODARMS1B, RODARMS1C, RODARMS2A, RODARMS2B, RODARMS2C, RODARMS3A, RODARMS3B"
"97","0.307692501880088","6.66667274402667","0.002","0.301859075435844","0.355875383760401","0.0303856904896578",NA,"RUNARMS9A, RUNARMS6A, RUNARMS7B, RUNARMS1A, RUNARMS7A, RUNARMS6B, RUNARMS4C, RUNARMS3C, RUNARMS6C, RODARMS1A, RODARMS1B, RODARMS1C, RODARMS2A, RODARMS2B, RODARMS2C, RODARMS3A, RODARMS3B"
"98","0.298108152871769","6.37081383887281","0.002","0.308609692956573","0.355387798659713","0.0675538509565543",NA,"RUNARMS4B, RUNARMS8B, RUNARMS9C, RUNARMS2C, RUNARMS2A, RUNARMS2B, RUNARMS1A, RUNARMS5C, RUNARMS7A, RODARMS1A, RODARMS1B, RODARMS1C, RODARMS2A, RODARMS2B, RODARMS2C, RODARMS3A, RODARMS3B"
"99","0.29781788616403","6.36197961246276","0.001","0.300619356187173","0.355387798709219","0.032642820063102",NA,"RUNARMS4B, RUNARMS4A, RUNARMS6A, RUNARMS1C, RUNARMS8C, RUNARMS5A, RUNARMS6B, RUNARMS3A, RUNARMS8B, RODARMS1A, RODARMS1B, RODARMS1C, RODARMS2A, RODARMS2B, RODARMS2C, RODARMS3A, RODARMS3B"
"100","0.27877834426989","5.79804437488102","0.001","0.328710454989953","0.355387799063705","0.289529223277627",NA,"RUNARMS1A, RUNARMS6B, RUNARMS3B, RUNARMS3A, RUNARMS3C, RUNARMS1B, RUNARMS2A, RUNARMS7C, RUNARMS4C, RODARMS1A, RODARMS1B, RODARMS1C, RODARMS2A, RODARMS2B, RODARMS2C, RODARMS3A, RODARMS3B"
"101","0.304249191387678","6.55944314303791","0.001","0.291360273955245","0.355387798922826","0.0694830002136442",NA,"RUNARMS5C, RUNARMS2C, RUNARMS4A, RUNARMS8B, RUNARMS3A, RUNARMS1B, RUNARMS7A, RUNARMS7C, RUNARMS7B, RODARMS1A, RODARMS1B, RODARMS1C, RODARMS2A, RODARMS2B, RODARMS2C, RODARMS3A, RODARMS3B"
"102","0.29043753520237","6.1397878892566","0.001","0.305705564688601","0.355387798659761","0.0445997404375026",NA,"RUNARMS1A, RUNARMS5B, RUNARMS3A, RUNARMS2B, RUNARMS4B, RUNARMS8C, RUNARMS3B, RUNARMS8B, RUNARMS3C, RODARMS1A, RODARMS1B, RODARMS1C, RODARMS2A, RODARMS2B, RODARMS2C, RODARMS3A, RODARMS3B"
"103","0.272762476978151","5.62599841888156","0.001","0.325055370575746","0.355387798659813","0.26974426718066",NA,"RUNARMS7A, RUNARMS8A, RUNARMS1C, RUNARMS3A, RUNARMS9C, RUNARMS6C, RUNARMS5A, RUNARMS7C, RUNARMS1A, RODARMS1A, RODARMS1B, RODARMS1C, RODARMS2A, RODARMS2B, RODARMS2C, RODARMS3A, RODARMS3B"
"104","0.302745708387903","6.51295471458345","0.001","0.301906223810615","0.355387801816425","0.0463137749039189",NA,"RUNARMS1A, RUNARMS5B, RUNARMS1C, RUNARMS6C, RUNARMS2C, RUNARMS7B, RUNARMS5C, RUNARMS6A, RUNARMS8C, RODARMS1A, RODARMS1B, RODARMS1C, RODARMS2A, RODARMS2B, RODARMS2C, RODARMS3A, RODARMS3B"
"105","0.292459889439353","6.20021151608517","0.001","0.316705988382391","0.355387799083214","0.113433584855013",NA,"RUNARMS1A, RUNARMS4C, RUNARMS9B, RUNARMS3C, RUNARMS2C, RUNARMS4B, RUNARMS1B, RUNARMS2A, RUNARMS9C, RODARMS1A, RODARMS1B, RODARMS1C, RODARMS2A, RODARMS2B, RODARMS2C, RODARMS3A, RODARMS3B"
"106","0.284525721688385","5.96511426713645","0.001","0.308409795329135","0.355387798659708","0.0774779088385889",NA,"RUNARMS4A, RUNARMS9B, RUNARMS3B, RUNARMS3C, RUNARMS1B, RUNARMS3A, RUNARMS5A, RUNARMS8C, RUNARMS8B, RODARMS1A, RODARMS1B, RODARMS1C, RODARMS2A, RODARMS2B, RODARMS2C, RODARMS3A, RODARMS3B"
"107","0.296928038174645","6.33494267223538","0.001","0.309951100451595","0.355387798659708","0.100805458870064",NA,"RUNARMS9A, RUNARMS7A, RUNARMS4A, RUNARMS4C, RUNARMS1C, RUNARMS1B, RUNARMS7B, RUNARMS4B, RUNARMS2C, RODARMS1A, RODARMS1B, RODARMS1C, RODARMS2A, RODARMS2B, RODARMS2C, RODARMS3A, RODARMS3B"
"108","0.338931017817379","7.69052157079762","0.001","0.290024125173162","0.356162632276173","0.00929015091910541",NA,"RUNARMS9A, RUNARMS1C, RUNARMS5C, RUNARMS4C, RUNARMS3B, RUNARMS4B, RUNARMS5B, RUNARMS2A, RUNARMS3C, RODARMS1A, RODARMS1B, RODARMS1C, RODARMS2A, RODARMS2B, RODARMS2C, RODARMS3A, RODARMS3B"
"109","0.297997411329259","6.36744257368462","0.001","0.300879647885007","0.355387798659706","0.0366311925950131",NA,"RUNARMS4B, RUNARMS8B, RUNARMS9C, RUNARMS1A, RUNARMS2C, RUNARMS5A, RUNARMS7A, RUNARMS4A, RUNARMS3C, RODARMS1A, RODARMS1B, RODARMS1C, RODARMS2A, RODARMS2B, RODARMS2C, RODARMS3A, RODARMS3B"
"110","0.287277908290747","6.04607135724801","0.001","0.320011844572082","0.355387798659711","0.127289446117327",NA,"RUNARMS7B, RUNARMS1C, RUNARMS2C, RUNARMS8C, RUNARMS6C, RUNARMS1B, RUNARMS2A, RUNARMS6A, RUNARMS4B, RODARMS1A, RODARMS1B, RODARMS1C, RODARMS2A, RODARMS2B, RODARMS2C, RODARMS3A, RODARMS3B"
"111","0.297754002760576","6.36003631058917","0.001","0.304472499365408","0.35538779865971","0.0226154238255733",NA,"RUNARMS4A, RUNARMS5B, RUNARMS1A, RUNARMS6C, RUNARMS4B, RUNARMS7B, RUNARMS3B, RUNARMS3C, RUNARMS8C, RODARMS1A, RODARMS1B, RODARMS1C, RODARMS2A, RODARMS2B, RODARMS2C, RODARMS3A, RODARMS3B"
"112","0.292455442845339","6.20007828244967","0.001","0.314402096614321","0.355387798659714","0.0635385631372221",NA,"RUNARMS1C, RUNARMS4A, RUNARMS6C, RUNARMS3C, RUNARMS5B, RUNARMS5A, RUNARMS2B, RUNARMS9A, RUNARMS9C, RODARMS1A, RODARMS1B, RODARMS1C, RODARMS2A, RODARMS2B, RODARMS2C, RODARMS3A, RODARMS3B"
"113","0.297152646544161","6.34176066288976","0.001","0.312507776014821","0.355387798666685","0.0650641077338668",NA,"RUNARMS9B, RUNARMS1C, RUNARMS1A, RUNARMS3C, RUNARMS3B, RUNARMS9A, RUNARMS4C, RUNARMS2C, RUNARMS7B, RODARMS1A, RODARMS1B, RODARMS1C, RODARMS2A, RODARMS2B, RODARMS2C, RODARMS3A, RODARMS3B"
"114","0.293864725655301","6.24238873907008","0.001","0.303948140317299","0.355387798659706","0.0623339743343665",NA,"RUNARMS2C, RUNARMS6B, RUNARMS6C, RUNARMS5A, RUNARMS1C, RUNARMS3C, RUNARMS7B, RUNARMS5C, RUNARMS7A, RODARMS1A, RODARMS1B, RODARMS1C, RODARMS2A, RODARMS2B, RODARMS2C, RODARMS3A, RODARMS3B"
"115","0.282251534280894","5.898686261867","0.001","0.316886137861433","0.355387798659952","0.164335450905364",NA,"RUNARMS8B, RUNARMS7B, RUNARMS1A, RUNARMS4C, RUNARMS5A, RUNARMS8C, RUNARMS2B, RUNARMS3B, RUNARMS8A, RODARMS1A, RODARMS1B, RODARMS1C, RODARMS2A, RODARMS2B, RODARMS2C, RODARMS3A, RODARMS3B"
"116","0.285115058285215","5.9823974806627","0.001","0.311308433943998","0.355387798667642","0.183818186245638",NA,"RUNARMS8A, RUNARMS7C, RUNARMS5B, RUNARMS1A, RUNARMS8B, RUNARMS3A, RUNARMS7B, RUNARMS2B, RUNARMS9C, RODARMS1A, RODARMS1B, RODARMS1C, RODARMS2A, RODARMS2B, RODARMS2C, RODARMS3A, RODARMS3B"
"117","0.284531750800899","5.96529093609825","0.002","0.323030016804737","0.355387798787123","0.254097688326317",NA,"RUNARMS2A, RUNARMS7A, RUNARMS1A, RUNARMS1B, RUNARMS5C, RUNARMS1C, RUNARMS6C, RUNARMS7C, RUNARMS8A, RODARMS1A, RODARMS1B, RODARMS1C, RODARMS2A, RODARMS2B, RODARMS2C, RODARMS3A, RODARMS3B"
"118","0.308022714917934","6.67701212651952","0.001","0.299934821212428","0.355387798659707","0.114288291017921",NA,"RUNARMS8A, RUNARMS8B, RUNARMS1B, RUNARMS2A, RUNARMS6A, RUNARMS7B, RUNARMS7C, RUNARMS5A, RUNARMS6C, RODARMS1A, RODARMS1B, RODARMS1C, RODARMS2A, RODARMS2B, RODARMS2C, RODARMS3A, RODARMS3B"
"119","0.27883976543213","5.79981574273603","0.001","0.312866107485879","0.357215492592965","0.0896068960249166",NA,"RUNARMS3A, RUNARMS5A, RUNARMS6C, RUNARMS8B, RUNARMS1B, RUNARMS2B, RUNARMS8C, RUNARMS5C, RUNARMS4A, RODARMS1A, RODARMS1B, RODARMS1C, RODARMS2A, RODARMS2B, RODARMS2C, RODARMS3A, RODARMS3B"
"120","0.293359238473207","6.22719324539172","0.001","0.31308156541224","0.355387798957164","0.0987784616653164",NA,"RUNARMS3A, RUNARMS8A, RUNARMS5C, RUNARMS9A, RUNARMS4B, RUNARMS8C, RUNARMS1A, RUNARMS7B, RUNARMS9C, RODARMS1A, RODARMS1B, RODARMS1C, RODARMS2A, RODARMS2B, RODARMS2C, RODARMS3A, RODARMS3B"
"121","0.285796658271694","6.00242203250043","0.001","0.315049734495024","0.355387799650093","0.130892019123181",NA,"RUNARMS6B, RUNARMS3B, RUNARMS2C, RUNARMS1B, RUNARMS9C, RUNARMS5A, RUNARMS8B, RUNARMS7A, RUNARMS3C, RODARMS1A, RODARMS1B, RODARMS1C, RODARMS2A, RODARMS2B, RODARMS2C, RODARMS3A, RODARMS3B"
"122","0.292389030193576","6.19808855436969","0.001","0.319197004909481","0.355387798765425","0.193268991099116",NA,"RUNARMS2A, RUNARMS1B, RUNARMS7A, RUNARMS9A, RUNARMS4B, RUNARMS9C, RUNARMS3C, RUNARMS6A, RUNARMS3A, RODARMS1A, RODARMS1B, RODARMS1C, RODARMS2A, RODARMS2B, RODARMS2C, RODARMS3A, RODARMS3B"
"123","0.308334980745202","6.68679864157513","0.001","0.307842816902387","0.355677066291192","0.0560430038375675",NA,"RUNARMS3B, RUNARMS2C, RUNARMS4B, RUNARMS4C, RUNARMS1C, RUNARMS9C, RUNARMS3C, RUNARMS7B, RUNARMS9A, RODARMS1A, RODARMS1B, RODARMS1C, RODARMS2A, RODARMS2B, RODARMS2C, RODARMS3A, RODARMS3B"
"124","0.282957742173032","5.91926917314225","0.001","0.322734960370415","0.355387798659708","0.197646843628313",NA,"RUNARMS6A, RUNARMS3A, RUNARMS7C, RUNARMS2A, RUNARMS4B, RUNARMS7A, RUNARMS6B, RUNARMS1C, RUNARMS2B, RODARMS1A, RODARMS1B, RODARMS1C, RODARMS2A, RODARMS2B, RODARMS2C, RODARMS3A, RODARMS3B"
"125","0.27124996408919","5.5831893802278","0.001","0.326641221354594","0.355387799004268","0.263469319065166",NA,"RUNARMS8B, RUNARMS9A, RUNARMS1B, RUNARMS2C, RUNARMS6C, RUNARMS3B, RUNARMS3A, RUNARMS8C, RUNARMS6B, RODARMS1A, RODARMS1B, RODARMS1C, RODARMS2A, RODARMS2B, RODARMS2C, RODARMS3A, RODARMS3B"
"126","0.317998240123888","6.99407814244467","0.001","0.293324948835351","0.355387798821466","0.0274461545555392",NA,"RUNARMS9A, RUNARMS4B, RUNARMS9C, RUNARMS7C, RUNARMS4C, RUNARMS1C, RUNARMS2C, RUNARMS8B, RUNARMS6C, RODARMS1A, RODARMS1B, RODARMS1C, RODARMS2A, RODARMS2B, RODARMS2C, RODARMS3A, RODARMS3B"
"127","0.292609786876997","6.20470388440583","0.001","0.309860293814616","0.355387799095069","0.0513144725617357",NA,"RUNARMS2B, RUNARMS9B, RUNARMS7A, RUNARMS4B, RUNARMS5B, RUNARMS1A, RUNARMS9C, RUNARMS4A, RUNARMS4C, RODARMS1A, RODARMS1B, RODARMS1C, RODARMS2A, RODARMS2B, RODARMS2C, RODARMS3A, RODARMS3B"
"128","0.292784023554288","6.20992808361909","0.001","0.311101233567912","0.355387801324741","0.148800334119237",NA,"RUNARMS1A, RUNARMS5A, RUNARMS2B, RUNARMS2A, RUNARMS8B, RUNARMS4B, RUNARMS8A, RUNARMS5C, RUNARMS1C, RODARMS1A, RODARMS1B, RODARMS1C, RODARMS2A, RODARMS2B, RODARMS2C, RODARMS3A, RODARMS3B"
"129","0.305236411144134","6.59007789210994","0.001","0.307708968882318","0.355387799057391","0.060063980598403",NA,"RUNARMS7C, RUNARMS1C, RUNARMS6A, RUNARMS5B, RUNARMS1B, RUNARMS2C, RUNARMS8C, RUNARMS9A, RUNARMS1A, RODARMS1A, RODARMS1B, RODARMS1C, RODARMS2A, RODARMS2B, RODARMS2C, RODARMS3A, RODARMS3B"
"130","0.277545715170746","5.76255939646773","0.001","0.325950939581333","0.355387798659706","0.248708189394551",NA,"RUNARMS2C, RUNARMS5A, RUNARMS1C, RUNARMS9A, RUNARMS3A, RUNARMS1A, RUNARMS9B, RUNARMS5B, RUNARMS8A, RODARMS1A, RODARMS1B, RODARMS1C, RODARMS2A, RODARMS2B, RODARMS2C, RODARMS3A, RODARMS3B"
"131","0.296292568916721","6.3156765687541","0.001","0.307653554588554","0.35538779865971","0.0713430728928284",NA,"RUNARMS1C, RUNARMS1B, RUNARMS2A, RUNARMS3C, RUNARMS5C, RUNARMS6B, RUNARMS7B, RUNARMS8C, RUNARMS6C, RODARMS1A, RODARMS1B, RODARMS1C, RODARMS2A, RODARMS2B, RODARMS2C, RODARMS3A, RODARMS3B"
"132","0.266548250480051","5.45124305698043","0.001","0.337724062405669","0.355387798659706","0.415935899214315",NA,"RUNARMS4A, RUNARMS1B, RUNARMS9A, RUNARMS1C, RUNARMS6B, RUNARMS8A, RUNARMS8C, RUNARMS3A, RUNARMS2C, RODARMS1A, RODARMS1B, RODARMS1C, RODARMS2A, RODARMS2B, RODARMS2C, RODARMS3A, RODARMS3B"
"133","0.298283620291673","6.37615770952197","0.001","0.312149277848122","0.355387801525054","0.0970057502760718",NA,"RUNARMS6C, RUNARMS1A, RUNARMS9B, RUNARMS6A, RUNARMS5B, RUNARMS2C, RUNARMS2A, RUNARMS9C, RUNARMS8C, RODARMS1A, RODARMS1B, RODARMS1C, RODARMS2A, RODARMS2B, RODARMS2C, RODARMS3A, RODARMS3B"
"134","0.268824339550723","5.51490607712943","0.001","0.341486063474685","0.355387798659787","0.514920543898688",NA,"RUNARMS3A, RUNARMS2B, RUNARMS8C, RUNARMS9C, RUNARMS8A, RUNARMS6B, RUNARMS1C, RUNARMS9A, RUNARMS2A, RODARMS1A, RODARMS1B, RODARMS1C, RODARMS2A, RODARMS2B, RODARMS2C, RODARMS3A, RODARMS3B"
"135","0.291426126856843","6.1692818046785","0.001","0.31215473568949","0.356708586580678","0.102472698008926",NA,"RUNARMS9B, RUNARMS5C, RUNARMS2B, RUNARMS2C, RUNARMS6B, RUNARMS5A, RUNARMS1B, RUNARMS4C, RUNARMS5B, RODARMS1A, RODARMS1B, RODARMS1C, RODARMS2A, RODARMS2B, RODARMS2C, RODARMS3A, RODARMS3B"
"136","0.279572246321173","5.82096355033974","0.001","0.31939628272923","0.355387798716608","0.0826524952577631",NA,"RUNARMS4A, RUNARMS1B, RUNARMS1C, RUNARMS9B, RUNARMS1A, RUNARMS3C, RUNARMS2B, RUNARMS3B, RUNARMS8C, RODARMS1A, RODARMS1B, RODARMS1C, RODARMS2A, RODARMS2B, RODARMS2C, RODARMS3A, RODARMS3B"
"137","0.274118016234779","5.66451618236001","0.001","0.325804135014514","0.355387798659706","0.183542270270698",NA,"RUNARMS4A, RUNARMS1B, RUNARMS4B, RUNARMS2B, RUNARMS6C, RUNARMS8C, RUNARMS7C, RUNARMS3A, RUNARMS2A, RODARMS1A, RODARMS1B, RODARMS1C, RODARMS2A, RODARMS2B, RODARMS2C, RODARMS3A, RODARMS3B"
"138","0.275078460574014","5.69189447988736","0.001","0.315447575376018","0.357727816932632","0.136595948487871",NA,"RUNARMS2B, RUNARMS5A, RUNARMS6B, RUNARMS3C, RUNARMS1B, RUNARMS6C, RUNARMS8B, RUNARMS5C, RUNARMS3A, RODARMS1A, RODARMS1B, RODARMS1C, RODARMS2A, RODARMS2B, RODARMS2C, RODARMS3A, RODARMS3B"
"139","0.314628470711734","6.88593975529881","0.001","0.299401391207459","0.355387798659706","0.0414405188037934",NA,"RUNARMS1C, RUNARMS3C, RUNARMS4A, RUNARMS2A, RUNARMS1B, RUNARMS7C, RUNARMS4C, RUNARMS5B, RUNARMS7B, RODARMS1A, RODARMS1B, RODARMS1C, RODARMS2A, RODARMS2B, RODARMS2C, RODARMS3A, RODARMS3B"
"140","0.289926802902065","6.12458273499819","0.001","0.315539891310541","0.355387798669633","0.140993806885283",NA,"RUNARMS4C, RUNARMS2C, RUNARMS6C, RUNARMS7A, RUNARMS1B, RUNARMS1C, RUNARMS8B, RUNARMS5B, RUNARMS2A, RODARMS1A, RODARMS1B, RODARMS1C, RODARMS2A, RODARMS2B, RODARMS2C, RODARMS3A, RODARMS3B"
"141","0.299092774478878","6.40083516594876","0.001","0.309666744704245","0.355387798684951","0.072179463987477",NA,"RUNARMS2A, RUNARMS4C, RUNARMS5C, RUNARMS9C, RUNARMS7A, RUNARMS4A, RUNARMS9B, RUNARMS8C, RUNARMS1A, RODARMS1A, RODARMS1B, RODARMS1C, RODARMS2A, RODARMS2B, RODARMS2C, RODARMS3A, RODARMS3B"
"142","0.292492872079927","6.20119982974158","0.001","0.308572789159688","0.355387799375418","0.0485562123984313",NA,"RUNARMS9B, RUNARMS6C, RUNARMS5A, RUNARMS5B, RUNARMS7C, RUNARMS1A, RUNARMS4C, RUNARMS2C, RUNARMS3C, RODARMS1A, RODARMS1B, RODARMS1C, RODARMS2A, RODARMS2B, RODARMS2C, RODARMS3A, RODARMS3B"
"143","0.274984982566958","5.68922662196485","0.001","0.326781779707304","0.355387800316699","0.255573346803573",NA,"RUNARMS6B, RUNARMS6C, RUNARMS1A, RUNARMS3B, RUNARMS1C, RUNARMS5C, RUNARMS9C, RUNARMS4A, RUNARMS2B, RODARMS1A, RODARMS1B, RODARMS1C, RODARMS2A, RODARMS2B, RODARMS2C, RODARMS3A, RODARMS3B"
"144","0.300517768356484","6.44443321277187","0.001","0.295533999448002","0.355387798686047","0.0506866106335263",NA,"RUNARMS3A, RUNARMS8C, RUNARMS5A, RUNARMS5C, RUNARMS6B, RUNARMS1C, RUNARMS7B, RUNARMS7A, RUNARMS7C, RODARMS1A, RODARMS1B, RODARMS1C, RODARMS2A, RODARMS2B, RODARMS2C, RODARMS3A, RODARMS3B"
"145","0.289435981889585","6.10999096167171","0.001","0.315446276529005","0.355387798983356","0.119984180637786",NA,"RUNARMS6B, RUNARMS4A, RUNARMS5A, RUNARMS6C, RUNARMS1B, RUNARMS4C, RUNARMS7A, RUNARMS7B, RUNARMS2A, RODARMS1A, RODARMS1B, RODARMS1C, RODARMS2A, RODARMS2B, RODARMS2C, RODARMS3A, RODARMS3B"
"146","0.290538827626477","6.14280609581079","0.001","0.32312038148534","0.355387824226922","0.211239194400495",NA,"RUNARMS9A, RUNARMS3B, RUNARMS1A, RUNARMS5B, RUNARMS9C, RUNARMS2B, RUNARMS2A, RUNARMS3A, RUNARMS7A, RODARMS1A, RODARMS1B, RODARMS1C, RODARMS2A, RODARMS2B, RODARMS2C, RODARMS3A, RODARMS3B"
"147","0.303311497149351","6.53042563301148","0.001","0.303434452018428","0.355387798659723","0.0416829248559409",NA,"RUNARMS2A, RUNARMS6C, RUNARMS9B, RUNARMS3C, RUNARMS8B, RUNARMS3B, RUNARMS2B, RUNARMS5C, RUNARMS1C, RODARMS1A, RODARMS1B, RODARMS1C, RODARMS2A, RODARMS2B, RODARMS2C, RODARMS3A, RODARMS3B"
"148","0.293091931278269","6.21916648528825","0.001","0.318585526250382","0.35538779867309","0.132411605739906",NA,"RUNARMS3B, RUNARMS6C, RUNARMS8A, RUNARMS7A, RUNARMS9B, RUNARMS1B, RUNARMS4B, RUNARMS9C, RUNARMS9A, RODARMS1A, RODARMS1B, RODARMS1C, RODARMS2A, RODARMS2B, RODARMS2C, RODARMS3A, RODARMS3B"
"149","0.312878801353771","6.83020990991562","0.001","0.297187643374784","0.355387798977833","0.0575434997291434",NA,"RUNARMS6A, RUNARMS1B, RUNARMS7C, RUNARMS7B, RUNARMS4C, RUNARMS3A, RUNARMS4B, RUNARMS3B, RUNARMS4A, RODARMS1A, RODARMS1B, RODARMS1C, RODARMS2A, RODARMS2B, RODARMS2C, RODARMS3A, RODARMS3B"
"150","0.315389961782663","6.91028346452332","0.002","0.287099375656332","0.355387855501851","0.0331360048578336",NA,"RUNARMS7C, RUNARMS3B, RUNARMS8B, RUNARMS8C, RUNARMS1C, RUNARMS7B, RUNARMS2C, RUNARMS5B, RUNARMS9B, RODARMS1A, RODARMS1B, RODARMS1C, RODARMS2A, RODARMS2B, RODARMS2C, RODARMS3A, RODARMS3B"
"151","0.303854389458257","6.54721623300467","0.001","0.306934861266186","0.355387802384656","0.0413232328403705",NA,"RUNARMS6A, RUNARMS1C, RUNARMS7A, RUNARMS4A, RUNARMS4C, RUNARMS2C, RUNARMS5A, RUNARMS5B, RUNARMS2B, RODARMS1A, RODARMS1B, RODARMS1C, RODARMS2A, RODARMS2B, RODARMS2C, RODARMS3A, RODARMS3B"
"152","0.278079933188712","5.77792360898737","0.001","0.323740777012629","0.355387798659706","0.227666113045907",NA,"RUNARMS3A, RUNARMS8A, RUNARMS8B, RUNARMS5C, RUNARMS4B, RUNARMS9A, RUNARMS1B, RUNARMS1A, RUNARMS2C, RODARMS1A, RODARMS1B, RODARMS1C, RODARMS2A, RODARMS2B, RODARMS2C, RODARMS3A, RODARMS3B"
"153","0.301179076311149","6.46472650077479","0.001","0.310082830554941","0.355387798663239","0.049610554260621",NA,"RUNARMS9A, RUNARMS3B, RUNARMS3C, RUNARMS2B, RUNARMS3A, RUNARMS1C, RUNARMS5B, RUNARMS4C, RUNARMS7A, RODARMS1A, RODARMS1B, RODARMS1C, RODARMS2A, RODARMS2B, RODARMS2C, RODARMS3A, RODARMS3B"
"154","0.293709760695252","6.23772801216335","0.001","0.318722817272892","0.355387798659706","0.0865612028646426",NA,"RUNARMS2A, RUNARMS8C, RUNARMS5B, RUNARMS2B, RUNARMS9C, RUNARMS9A, RUNARMS7B, RUNARMS1B, RUNARMS4B, RODARMS1A, RODARMS1B, RODARMS1C, RODARMS2A, RODARMS2B, RODARMS2C, RODARMS3A, RODARMS3B"
"155","0.285192769853897","5.98467862018419","0.001","0.319938534987028","0.355387798659706","0.166529505991019",NA,"RUNARMS8B, RUNARMS5A, RUNARMS1A, RUNARMS6B, RUNARMS4C, RUNARMS8A, RUNARMS1C, RUNARMS3B, RUNARMS1B, RODARMS1A, RODARMS1B, RODARMS1C, RODARMS2A, RODARMS2B, RODARMS2C, RODARMS3A, RODARMS3B"
"156","0.298854457827388","6.39356110504545","0.001","0.310184390296291","0.355387799093356","0.0558788545070132",NA,"RUNARMS4B, RUNARMS6B, RUNARMS4A, RUNARMS7A, RUNARMS1C, RUNARMS5B, RUNARMS8C, RUNARMS3B, RUNARMS6A, RODARMS1A, RODARMS1B, RODARMS1C, RODARMS2A, RODARMS2B, RODARMS2C, RODARMS3A, RODARMS3B"
"157","0.300164372151879","6.4336044109708","0.001","0.305572609432302","0.3553877991434","0.0663311539872827",NA,"RUNARMS8C, RUNARMS6C, RUNARMS1B, RUNARMS2A, RUNARMS5A, RUNARMS4A, RUNARMS5C, RUNARMS1C, RUNARMS4B, RODARMS1A, RODARMS1B, RODARMS1C, RODARMS2A, RODARMS2B, RODARMS2C, RODARMS3A, RODARMS3B"
"158","0.263827358218465","5.37565531327007","0.001","0.325233544817628","0.355387798659706","0.182063257774446",NA,"RUNARMS1B, RUNARMS2B, RUNARMS6B, RUNARMS6C, RUNARMS7B, RUNARMS3C, RUNARMS4A, RUNARMS9B, RUNARMS1A, RODARMS1A, RODARMS1B, RODARMS1C, RODARMS2A, RODARMS2B, RODARMS2C, RODARMS3A, RODARMS3B"
"159","0.309024747045742","6.70844749629981","0.001","0.291730175910607","0.355387798659706","0.0548266583752973",NA,"RUNARMS4A, RUNARMS7A, RUNARMS3A, RUNARMS4C, RUNARMS8B, RUNARMS5A, RUNARMS1B, RUNARMS6A, RUNARMS5C, RODARMS1A, RODARMS1B, RODARMS1C, RODARMS2A, RODARMS2B, RODARMS2C, RODARMS3A, RODARMS3B"
"160","0.324329721740148","7.20017733891091","0.001","0.293957079784823","0.355387799252216","0.0218320023645493",NA,"RUNARMS5C, RUNARMS5A, RUNARMS7B, RUNARMS5B, RUNARMS3B, RUNARMS9C, RUNARMS4C, RUNARMS1A, RUNARMS9A, RODARMS1A, RODARMS1B, RODARMS1C, RODARMS2A, RODARMS2B, RODARMS2C, RODARMS3A, RODARMS3B"
"161","0.279544312058532","5.82015625813013","0.001","0.328963580924479","0.355387798659706","0.300463542412267",NA,"RUNARMS9C, RUNARMS4C, RUNARMS2A, RUNARMS1A, RUNARMS2C, RUNARMS6B, RUNARMS8B, RUNARMS3B, RUNARMS7A, RODARMS1A, RODARMS1B, RODARMS1C, RODARMS2A, RODARMS2B, RODARMS2C, RODARMS3A, RODARMS3B"
"162","0.286478065842117","6.02247917256165","0.001","0.314298158316506","0.355387798659763","0.101578964948622",NA,"RUNARMS2B, RUNARMS3A, RUNARMS6A, RUNARMS4B, RUNARMS2C, RUNARMS7B, RUNARMS5A, RUNARMS7C, RUNARMS1B, RODARMS1A, RODARMS1B, RODARMS1C, RODARMS2A, RODARMS2B, RODARMS2C, RODARMS3A, RODARMS3B"
"163","0.280044998529529","5.83463545549828","0.001","0.318986323409004","0.355387798659706","0.0951202782890607",NA,"RUNARMS1C, RUNARMS9B, RUNARMS2B, RUNARMS5B, RUNARMS9C, RUNARMS1B, RUNARMS3C, RUNARMS6B, RUNARMS5A, RODARMS1A, RODARMS1B, RODARMS1C, RODARMS2A, RODARMS2B, RODARMS2C, RODARMS3A, RODARMS3B"
"164","0.269429547698773","5.53190072600314","0.001","0.329135708533067","0.355387798659707","0.260096501407382",NA,"RUNARMS9B, RUNARMS5B, RUNARMS8C, RUNARMS1A, RUNARMS2C, RUNARMS6C, RUNARMS2A, RUNARMS5A, RUNARMS6B, RODARMS1A, RODARMS1B, RODARMS1C, RODARMS2A, RODARMS2B, RODARMS2C, RODARMS3A, RODARMS3B"
"165","0.292700319729381","6.20741804133273","0.001","0.316287331219659","0.355387798890273","0.168069412721223",NA,"RUNARMS8A, RUNARMS9B, RUNARMS6A, RUNARMS7C, RUNARMS7B, RUNARMS3B, RUNARMS2C, RUNARMS3A, RUNARMS1C, RODARMS1A, RODARMS1B, RODARMS1C, RODARMS2A, RODARMS2B, RODARMS2C, RODARMS3A, RODARMS3B"
"166","0.290634672640482","6.14566277976221","0.001","0.320943052114039","0.355387798659708","0.105918911448511",NA,"RUNARMS9C, RUNARMS9A, RUNARMS3B, RUNARMS4C, RUNARMS7B, RUNARMS2B, RUNARMS1C, RUNARMS6C, RUNARMS1B, RODARMS1A, RODARMS1B, RODARMS1C, RODARMS2A, RODARMS2B, RODARMS2C, RODARMS3A, RODARMS3B"
"167","0.28367452133847","5.94020169159393","0.001","0.32017361366574","0.355387798659706","0.200498966396622",NA,"RUNARMS7B, RUNARMS4B, RUNARMS4C, RUNARMS3A, RUNARMS2A, RUNARMS1B, RUNARMS7A, RUNARMS1C, RUNARMS2C, RODARMS1A, RODARMS1B, RODARMS1C, RODARMS2A, RODARMS2B, RODARMS2C, RODARMS3A, RODARMS3B"
"168","0.276297220517402","5.72674090145689","0.001","0.323984546593044","0.355387799688917","0.242266562357352",NA,"RUNARMS3B, RUNARMS7C, RUNARMS7B, RUNARMS3C, RUNARMS1B, RUNARMS8A, RUNARMS5A, RUNARMS3A, RUNARMS1A, RODARMS1A, RODARMS1B, RODARMS1C, RODARMS2A, RODARMS2B, RODARMS2C, RODARMS3A, RODARMS3B"
"169","0.281427328697029","5.87471538932987","0.002","0.324572983324276","0.355387798659834","0.253135239250819",NA,"RUNARMS1C, RUNARMS8A, RUNARMS6C, RUNARMS3C, RUNARMS2A, RUNARMS4B, RUNARMS1B, RUNARMS4A, RUNARMS2B, RODARMS1A, RODARMS1B, RODARMS1C, RODARMS2A, RODARMS2B, RODARMS2C, RODARMS3A, RODARMS3B"
"170","0.299236248441491","6.40521676048422","0.001","0.306612071342045","0.355387798659725","0.0415915580688202",NA,"RUNARMS7A, RUNARMS2C, RUNARMS2B, RUNARMS1C, RUNARMS4B, RUNARMS4A, RUNARMS9C, RUNARMS3C, RUNARMS7C, RODARMS1A, RODARMS1B, RODARMS1C, RODARMS2A, RODARMS2B, RODARMS2C, RODARMS3A, RODARMS3B"
"171","0.2853185641469","5.9883722278232","0.001","0.323178505168616","0.355387799139535","0.228191798981246",NA,"RUNARMS8A, RUNARMS5C, RUNARMS1B, RUNARMS2C, RUNARMS3B, RUNARMS1C, RUNARMS3C, RUNARMS7A, RUNARMS4A, RODARMS1A, RODARMS1B, RODARMS1C, RODARMS2A, RODARMS2B, RODARMS2C, RODARMS3A, RODARMS3B"
"172","0.314146837602578","6.87057058622726","0.001","0.289987916478542","0.35538779866018","0.0267427504691055",NA,"RUNARMS7C, RUNARMS3C, RUNARMS9B, RUNARMS7A, RUNARMS6A, RUNARMS4A, RUNARMS7B, RUNARMS6B, RUNARMS1B, RODARMS1A, RODARMS1B, RODARMS1C, RODARMS2A, RODARMS2B, RODARMS2C, RODARMS3A, RODARMS3B"
"173","0.291969740414101","6.1855352181882","0.001","0.320164056144095","0.355387801066009","0.146052190185115",NA,"RUNARMS4A, RUNARMS6C, RUNARMS3B, RUNARMS1A, RUNARMS9C, RUNARMS5A, RUNARMS7A, RUNARMS2A, RUNARMS4C, RODARMS1A, RODARMS1B, RODARMS1C, RODARMS2A, RODARMS2B, RODARMS2C, RODARMS3A, RODARMS3B"
"174","0.268986971908478","5.5194701374351","0.001","0.337697902290573","0.356327036768703","0.37731925460986",NA,"RUNARMS6A, RUNARMS1A, RUNARMS9A, RUNARMS2B, RUNARMS3A, RUNARMS2A, RUNARMS5A, RUNARMS6C, RUNARMS1B, RODARMS1A, RODARMS1B, RODARMS1C, RODARMS2A, RODARMS2B, RODARMS2C, RODARMS3A, RODARMS3B"
"175","0.302543692607655","6.50672356248682","0.001","0.296562118713282","0.355387798659706","0.0522238477134998",NA,"RUNARMS7B, RUNARMS5C, RUNARMS3C, RUNARMS8C, RUNARMS5A, RUNARMS1A, RUNARMS1B, RUNARMS6A, RUNARMS2B, RODARMS1A, RODARMS1B, RODARMS1C, RODARMS2A, RODARMS2B, RODARMS2C, RODARMS3A, RODARMS3B"
"176","0.284324399178305","5.95921669367787","0.001","0.316669395830545","0.355387799647719","0.156843590519082",NA,"RUNARMS2B, RUNARMS8C, RUNARMS7C, RUNARMS1B, RUNARMS6C, RUNARMS7B, RUNARMS1A, RUNARMS3B, RUNARMS6A, RODARMS1A, RODARMS1B, RODARMS1C, RODARMS2A, RODARMS2B, RODARMS2C, RODARMS3A, RODARMS3B"
"177","0.307199639995592","6.65125895706026","0.001","0.30417145486365","0.355387798865553","0.0622609644297414",NA,"RUNARMS9A, RUNARMS3C, RUNARMS1A, RUNARMS2C, RUNARMS2B, RUNARMS8B, RUNARMS2A, RUNARMS6A, RUNARMS9B, RODARMS1A, RODARMS1B, RODARMS1C, RODARMS2A, RODARMS2B, RODARMS2C, RODARMS3A, RODARMS3B"
"178","0.273200380213291","5.63842576637833","0.001","0.330814628669665","0.355387817336515","0.313577560247122",NA,"RUNARMS8A, RUNARMS1A, RUNARMS1C, RUNARMS2A, RUNARMS1B, RUNARMS9B, RUNARMS7A, RUNARMS7B, RUNARMS5B, RODARMS1A, RODARMS1B, RODARMS1C, RODARMS2A, RODARMS2B, RODARMS2C, RODARMS3A, RODARMS3B"
"179","0.297320793190751","6.3468676099191","0.001","0.314203870971549","0.355387798659707","0.110161343184064",NA,"RUNARMS7C, RUNARMS4B, RUNARMS1B, RUNARMS4A, RUNARMS9A, RUNARMS2A, RUNARMS6C, RUNARMS1C, RUNARMS7A, RODARMS1A, RODARMS1B, RODARMS1C, RODARMS2A, RODARMS2B, RODARMS2C, RODARMS3A, RODARMS3B"
"180","0.274587629130919","5.67789384681878","0.001","0.32812119814782","0.355387798659706","0.193038625294543",NA,"RUNARMS1B, RUNARMS1C, RUNARMS3A, RUNARMS8C, RUNARMS2A, RUNARMS9B, RUNARMS2C, RUNARMS4C, RUNARMS1A, RODARMS1A, RODARMS1B, RODARMS1C, RODARMS2A, RODARMS2B, RODARMS2C, RODARMS3A, RODARMS3B"
"181","0.261283028832906","5.30547636708766","0.001","0.339970010348693","0.355387798659707","0.523032637974842",NA,"RUNARMS9B, RUNARMS8A, RUNARMS6B, RUNARMS3A, RUNARMS2A, RUNARMS1A, RUNARMS1B, RUNARMS9C, RUNARMS8C, RODARMS1A, RODARMS1B, RODARMS1C, RODARMS2A, RODARMS2B, RODARMS2C, RODARMS3A, RODARMS3B"
"182","0.299446633931203","6.41164503166051","0.001","0.306832348368814","0.355387798659706","0.0714384411130887",NA,"RUNARMS5B, RUNARMS6B, RUNARMS4A, RUNARMS3B, RUNARMS1B, RUNARMS2B, RUNARMS6A, RUNARMS8B, RUNARMS5A, RODARMS1A, RODARMS1B, RODARMS1C, RODARMS2A, RODARMS2B, RODARMS2C, RODARMS3A, RODARMS3B"
"183","0.284829007126889","5.97400502744016","0.001","0.308448926749578","0.355387798659706","0.0898040233336277",NA,"RUNARMS8C, RUNARMS2B, RUNARMS6A, RUNARMS4B, RUNARMS3C, RUNARMS6B, RUNARMS9B, RUNARMS1A, RUNARMS7B, RODARMS1A, RODARMS1B, RODARMS1C, RODARMS2A, RODARMS2B, RODARMS2C, RODARMS3A, RODARMS3B"
"184","0.272385162199942","5.61530252097727","0.001","0.327871828333346","0.355387798659706","0.264469022019708",NA,"RUNARMS2B, RUNARMS4B, RUNARMS3B, RUNARMS2A, RUNARMS6B, RUNARMS1A, RUNARMS6C, RUNARMS3C, RUNARMS9B, RODARMS1A, RODARMS1B, RODARMS1C, RODARMS2A, RODARMS2B, RODARMS2C, RODARMS3A, RODARMS3B"
"185","0.297683758885888","6.35789993437275","0.001","0.305071290350657","0.355387798715164","0.0541006325533786",NA,"RUNARMS2C, RUNARMS5A, RUNARMS3B, RUNARMS4B, RUNARMS1B, RUNARMS3C, RUNARMS1C, RUNARMS4A, RUNARMS8B, RODARMS1A, RODARMS1B, RODARMS1C, RODARMS2A, RODARMS2B, RODARMS2C, RODARMS3A, RODARMS3B"
"186","0.294234511329336","6.25351868402217","0.001","0.314874958201661","0.355387798659706","0.103535290941015",NA,"RUNARMS9A, RUNARMS8B, RUNARMS9C, RUNARMS1C, RUNARMS4B, RUNARMS2C, RUNARMS3B, RUNARMS7A, RUNARMS1B, RODARMS1A, RODARMS1B, RODARMS1C, RODARMS2A, RODARMS2B, RODARMS2C, RODARMS3A, RODARMS3B"
"187","0.297843456291747","6.36275754233023","0.001","0.312534966479534","0.355387798742966","0.12056293294171",NA,"RUNARMS4C, RUNARMS1A, RUNARMS1C, RUNARMS4A, RUNARMS7A, RUNARMS3C, RUNARMS8A, RUNARMS7C, RUNARMS3B, RODARMS1A, RODARMS1B, RODARMS1C, RODARMS2A, RODARMS2B, RODARMS2C, RODARMS3A, RODARMS3B"
"188","0.295434471861734","6.28971600361401","0.001","0.321268552263642","0.355387798660174","0.210711452807712",NA,"RUNARMS8A, RUNARMS2B, RUNARMS2A, RUNARMS5C, RUNARMS8C, RUNARMS6A, RUNARMS1A, RUNARMS1C, RUNARMS9A, RODARMS1A, RODARMS1B, RODARMS1C, RODARMS2A, RODARMS2B, RODARMS2C, RODARMS3A, RODARMS3B"
"189","0.303772129619092","6.54467041342867","0.002","0.30536548910367","0.355387798659721","0.0455416850948176",NA,"RUNARMS4C, RUNARMS5B, RUNARMS5C, RUNARMS9A, RUNARMS3A, RUNARMS6C, RUNARMS4A, RUNARMS7C, RUNARMS1A, RODARMS1A, RODARMS1B, RODARMS1C, RODARMS2A, RODARMS2B, RODARMS2C, RODARMS3A, RODARMS3B"
"190","0.289061774709244","6.09887957405212","0.001","0.305798581762399","0.355387798659707","0.0743885784902936",NA,"RUNARMS6B, RUNARMS7B, RUNARMS3C, RUNARMS3A, RUNARMS4A, RUNARMS6C, RUNARMS4B, RUNARMS1A, RUNARMS4C, RODARMS1A, RODARMS1B, RODARMS1C, RODARMS2A, RODARMS2B, RODARMS2C, RODARMS3A, RODARMS3B"
"191","0.319783474009918","7.0518017820383","0.001","0.292920753073437","0.355387799507859","0.0241031669036453",NA,"RUNARMS9A, RUNARMS4C, RUNARMS7B, RUNARMS1B, RUNARMS1A, RUNARMS3B, RUNARMS8B, RUNARMS5B, RUNARMS5C, RODARMS1A, RODARMS1B, RODARMS1C, RODARMS2A, RODARMS2B, RODARMS2C, RODARMS3A, RODARMS3B"
"192","0.268352852073578","5.50168587755975","0.001","0.326206106766776","0.35538779958451","0.21683051047011",NA,"RUNARMS4B, RUNARMS3A, RUNARMS5A, RUNARMS9A, RUNARMS7A, RUNARMS4A, RUNARMS6C, RUNARMS1A, RUNARMS6B, RODARMS1A, RODARMS1B, RODARMS1C, RODARMS2A, RODARMS2B, RODARMS2C, RODARMS3A, RODARMS3B"
"193","0.280209392502046","5.83939390671008","0.001","0.316896618207927","0.355387798659706","0.11344047321222",NA,"RUNARMS3C, RUNARMS3B, RUNARMS5C, RUNARMS7A, RUNARMS2B, RUNARMS4B, RUNARMS1B, RUNARMS8C, RUNARMS3A, RODARMS1A, RODARMS1B, RODARMS1C, RODARMS2A, RODARMS2B, RODARMS2C, RODARMS3A, RODARMS3B"
"194","0.319335883073132","7.03730096383445","0.001","0.295202185286","0.355387798659708","0.0557297256342824",NA,"RUNARMS6B, RUNARMS1B, RUNARMS3B, RUNARMS5C, RUNARMS8B, RUNARMS4C, RUNARMS8A, RUNARMS6A, RUNARMS4B, RODARMS1A, RODARMS1B, RODARMS1C, RODARMS2A, RODARMS2B, RODARMS2C, RODARMS3A, RODARMS3B"
"195","0.294018274191284","6.2470088837175","0.001","0.314757395730172","0.355387798762638","0.151879042982193",NA,"RUNARMS6A, RUNARMS8C, RUNARMS3A, RUNARMS1B, RUNARMS9A, RUNARMS3C, RUNARMS8A, RUNARMS5A, RUNARMS4C, RODARMS1A, RODARMS1B, RODARMS1C, RODARMS2A, RODARMS2B, RODARMS2C, RODARMS3A, RODARMS3B"
"196","0.330003587705385","7.38817958536187","0.001","0.290693758776979","0.363673212184674","0.00361280869090199",NA,"RUNARMS4A, RUNARMS1C, RUNARMS4B, RUNARMS4C, RUNARMS3C, RUNARMS8B, RUNARMS6A, RUNARMS7A, RUNARMS6B, RODARMS1A, RODARMS1B, RODARMS1C, RODARMS2A, RODARMS2B, RODARMS2C, RODARMS3A, RODARMS3B"
"197","0.315538557446256","6.91504015775469","0.001","0.290774301194441","0.355387798659707","0.00512452246453576",NA,"RUNARMS7B, RUNARMS3C, RUNARMS8C, RUNARMS5A, RUNARMS4B, RUNARMS1B, RUNARMS6B, RUNARMS6A, RUNARMS1C, RODARMS1A, RODARMS1B, RODARMS1C, RODARMS2A, RODARMS2B, RODARMS2C, RODARMS3A, RODARMS3B"
"198","0.330093839374988","7.3911957848025","0.001","0.297002026977934","0.359279358811337","0.0144667271800183",NA,"RUNARMS8B, RUNARMS5B, RUNARMS4A, RUNARMS3B, RUNARMS1C, RUNARMS2A, RUNARMS4C, RUNARMS6A, RUNARMS3C, RODARMS1A, RODARMS1B, RODARMS1C, RODARMS2A, RODARMS2B, RODARMS2C, RODARMS3A, RODARMS3B"
"199","0.287085299544771","6.04038532298719","0.001","0.322981168274186","0.35538779866074","0.227882309081886",NA,"RUNARMS9A, RUNARMS8A, RUNARMS1A, RUNARMS8B, RUNARMS6C, RUNARMS5A, RUNARMS3B, RUNARMS2A, RUNARMS7B, RODARMS1A, RODARMS1B, RODARMS1C, RODARMS2A, RODARMS2B, RODARMS2C, RODARMS3A, RODARMS3B"
"200","0.306149502947415","6.6184899538426","0.001","0.290528648872179","0.35538780231975","0.0274792918872947",NA,"RUNARMS7A, RUNARMS5C, RUNARMS1A, RUNARMS3A, RUNARMS8B, RUNARMS5B, RUNARMS7C, RUNARMS9B, RUNARMS1C, RODARMS1A, RODARMS1B, RODARMS1C, RODARMS2A, RODARMS2B, RODARMS2C, RODARMS3A, RODARMS3B"
"201","0.271429741958483","5.58826837142896","0.001","0.328717288623414","0.355387798659706","0.323744285900586",NA,"RUNARMS1A, RUNARMS2B, RUNARMS4A, RUNARMS6A, RUNARMS8A, RUNARMS3C, RUNARMS1B, RUNARMS6C, RUNARMS6B, RODARMS1A, RODARMS1B, RODARMS1C, RODARMS2A, RODARMS2B, RODARMS2C, RODARMS3A, RODARMS3B"
"202","0.280787381801202","5.85614131404719","0.001","0.313535013198885","0.355387798659795","0.0601140204936299",NA,"RUNARMS9B, RUNARMS5B, RUNARMS3A, RUNARMS7C, RUNARMS2B, RUNARMS5A, RUNARMS6C, RUNARMS1C, RUNARMS3C, RODARMS1A, RODARMS1B, RODARMS1C, RODARMS2A, RODARMS2B, RODARMS2C, RODARMS3A, RODARMS3B"
"203","0.292477426713314","6.2007370030893","0.001","0.303924136264793","0.355387798659707","0.0649321342674393",NA,"RUNARMS8C, RUNARMS2C, RUNARMS9B, RUNARMS6A, RUNARMS1C, RUNARMS1B, RUNARMS1A, RUNARMS8B, RUNARMS6C, RODARMS1A, RODARMS1B, RODARMS1C, RODARMS2A, RODARMS2B, RODARMS2C, RODARMS3A, RODARMS3B"
"204","0.269475527432653","5.53319301855031","0.001","0.340498159625773","0.355387798659708","0.529877022495836",NA,"RUNARMS6B, RUNARMS2B, RUNARMS3B, RUNARMS4B, RUNARMS2A, RUNARMS6A, RUNARMS3A, RUNARMS8A, RUNARMS1A, RODARMS1A, RODARMS1B, RODARMS1C, RODARMS2A, RODARMS2B, RODARMS2C, RODARMS3A, RODARMS3B"
"205","0.289834491982428","6.1218368544433","0.001","0.322578587852383","0.355387798659706","0.154617234229952",NA,"RUNARMS9C, RUNARMS1A, RUNARMS9B, RUNARMS5A, RUNARMS2A, RUNARMS2C, RUNARMS3B, RUNARMS4C, RUNARMS7A, RODARMS1A, RODARMS1B, RODARMS1C, RODARMS2A, RODARMS2B, RODARMS2C, RODARMS3A, RODARMS3B"
"206","0.281482447343523","5.87631672259439","0.001","0.315151470074763","0.355387798659707","0.166021792471399",NA,"RUNARMS6A, RUNARMS7A, RUNARMS2B, RUNARMS8B, RUNARMS3B, RUNARMS6B, RUNARMS1B, RUNARMS8C, RUNARMS6C, RODARMS1A, RODARMS1B, RODARMS1C, RODARMS2A, RODARMS2B, RODARMS2C, RODARMS3A, RODARMS3B"
"207","0.327134082940482","7.29270292891531","0.001","0.301562965224603","0.363595108066049","0.0304895485466375",NA,"RUNARMS2B, RUNARMS3B, RUNARMS4C, RUNARMS5C, RUNARMS6A, RUNARMS9A, RUNARMS1C, RUNARMS7B, RUNARMS4B, RODARMS1A, RODARMS1B, RODARMS1C, RODARMS2A, RODARMS2B, RODARMS2C, RODARMS3A, RODARMS3B"
"208","0.294147520898399","6.25089936510783","0.001","0.307043929596926","0.355387798660411","0.0634443758318207",NA,"RUNARMS3A, RUNARMS9C, RUNARMS2B, RUNARMS9B, RUNARMS8B, RUNARMS5C, RUNARMS3B, RUNARMS4A, RUNARMS1B, RODARMS1A, RODARMS1B, RODARMS1C, RODARMS2A, RODARMS2B, RODARMS2C, RODARMS3A, RODARMS3B"
"209","0.310478746790405","6.75422429718844","0.001","0.296461338600825","0.35702230155656","0.0415111308894324",NA,"RUNARMS6B, RUNARMS7B, RUNARMS5C, RUNARMS4A, RUNARMS3B, RUNARMS1C, RUNARMS8B, RUNARMS1A, RUNARMS4C, RODARMS1A, RODARMS1B, RODARMS1C, RODARMS2A, RODARMS2B, RODARMS2C, RODARMS3A, RODARMS3B"
"210","0.308046118315701","6.67774529060839","0.001","0.297961387925804","0.355387798659706","0.0384404228060103",NA,"RUNARMS5C, RUNARMS8C, RUNARMS7B, RUNARMS5B, RUNARMS1A, RUNARMS2C, RUNARMS6A, RUNARMS4B, RUNARMS1B, RODARMS1A, RODARMS1B, RODARMS1C, RODARMS2A, RODARMS2B, RODARMS2C, RODARMS3A, RODARMS3B"
"211","0.281274225217395","5.87026864249732","0.002","0.321891131146968","0.355387798659706","0.196145115073835",NA,"RUNARMS8A, RUNARMS5B, RUNARMS4B, RUNARMS1C, RUNARMS2B, RUNARMS1B, RUNARMS9C, RUNARMS3C, RUNARMS7A, RODARMS1A, RODARMS1B, RODARMS1C, RODARMS2A, RODARMS2B, RODARMS2C, RODARMS3A, RODARMS3B"
"212","0.315472547508694","6.9129268598479","0.001","0.301921238637335","0.35538779909905","0.0260722216932577",NA,"RUNARMS3C, RUNARMS8C, RUNARMS9C, RUNARMS2C, RUNARMS9A, RUNARMS4A, RUNARMS1C, RUNARMS6A, RUNARMS5B, RODARMS1A, RODARMS1B, RODARMS1C, RODARMS2A, RODARMS2B, RODARMS2C, RODARMS3A, RODARMS3B"
"213","0.283380994986296","5.93162460813213","0.001","0.314304350488322","0.355387798659717","0.112099840248195",NA,"RUNARMS8B, RUNARMS9A, RUNARMS3A, RUNARMS1A, RUNARMS7A, RUNARMS8C, RUNARMS6C, RUNARMS1C, RUNARMS3B, RODARMS1A, RODARMS1B, RODARMS1C, RODARMS2A, RODARMS2B, RODARMS2C, RODARMS3A, RODARMS3B"
"214","0.34919740969083","8.04846388652834","0.001","0.279233006519226","0.365374701574028","0.0012376147394997",NA,"RUNARMS4C, RUNARMS7C, RUNARMS6A, RUNARMS9B, RUNARMS1C, RUNARMS5C, RUNARMS7B, RUNARMS3C, RUNARMS7A, RODARMS1A, RODARMS1B, RODARMS1C, RODARMS2A, RODARMS2B, RODARMS2C, RODARMS3A, RODARMS3B"
"215","0.298958063921673","6.39672283217599","0.001","0.297360206716184","0.355387798659709","0.0605287898157019",NA,"RUNARMS7A, RUNARMS6C, RUNARMS6A, RUNARMS2B, RUNARMS5C, RUNARMS8B, RUNARMS5A, RUNARMS1C, RUNARMS1A, RODARMS1A, RODARMS1B, RODARMS1C, RODARMS2A, RODARMS2B, RODARMS2C, RODARMS3A, RODARMS3B"
"216","0.275580837145719","5.70624407683883","0.001","0.320795411902568","0.355387798659724","0.160602784337637",NA,"RUNARMS4A, RUNARMS7B, RUNARMS6C, RUNARMS3A, RUNARMS8C, RUNARMS9B, RUNARMS1B, RUNARMS4C, RUNARMS8A, RODARMS1A, RODARMS1B, RODARMS1C, RODARMS2A, RODARMS2B, RODARMS2C, RODARMS3A, RODARMS3B"
"217","0.287240815331355","6.04497609101082","0.001","0.323297010994082","0.355387799225879","0.290955052913637",NA,"RUNARMS8A, RUNARMS1B, RUNARMS5C, RUNARMS1C, RUNARMS5B, RUNARMS2B, RUNARMS2A, RUNARMS6B, RUNARMS7C, RODARMS1A, RODARMS1B, RODARMS1C, RODARMS2A, RODARMS2B, RODARMS2C, RODARMS3A, RODARMS3B"
"218","0.288171180369121","6.07248201580023","0.001","0.311507436752853","0.355387798975589","0.0453472188366824",NA,"RUNARMS4B, RUNARMS7A, RUNARMS1B, RUNARMS3C, RUNARMS6C, RUNARMS8C, RUNARMS5B, RUNARMS6B, RUNARMS9C, RODARMS1A, RODARMS1B, RODARMS1C, RODARMS2A, RODARMS2B, RODARMS2C, RODARMS3A, RODARMS3B"
"219","0.312524673999012","6.81896488889906","0.001","0.290329613915012","0.355387798665168","0.00826049388416367",NA,"RUNARMS9B, RUNARMS8B, RUNARMS7A, RUNARMS3C, RUNARMS5B, RUNARMS5A, RUNARMS4B, RUNARMS3B, RUNARMS1C, RODARMS1A, RODARMS1B, RODARMS1C, RODARMS2A, RODARMS2B, RODARMS2C, RODARMS3A, RODARMS3B"
"220","0.290512901142895","6.14203348329114","0.001","0.316638343449931","0.355387798659706","0.144161718357914",NA,"RUNARMS1B, RUNARMS8C, RUNARMS9B, RUNARMS5B, RUNARMS8A, RUNARMS7C, RUNARMS9C, RUNARMS3B, RUNARMS3A, RODARMS1A, RODARMS1B, RODARMS1C, RODARMS2A, RODARMS2B, RODARMS2C, RODARMS3A, RODARMS3B"
"221","0.274371740736161","5.6717417748004","0.001","0.330532239078548","0.355387798662765","0.283565393154579",NA,"RUNARMS5B, RUNARMS2A, RUNARMS1A, RUNARMS6C, RUNARMS9C, RUNARMS2B, RUNARMS6A, RUNARMS3A, RUNARMS7A, RODARMS1A, RODARMS1B, RODARMS1C, RODARMS2A, RODARMS2B, RODARMS2C, RODARMS3A, RODARMS3B"
"222","0.320628581994667","7.07923324775822","0.001","0.306544644191299","0.36634690388636","0.0184288521727933",NA,"RUNARMS9B, RUNARMS1C, RUNARMS4C, RUNARMS3C, RUNARMS4A, RUNARMS6A, RUNARMS3B, RUNARMS1B, RUNARMS4B, RODARMS1A, RODARMS1B, RODARMS1C, RODARMS2A, RODARMS2B, RODARMS2C, RODARMS3A, RODARMS3B"
"223","0.307195932518091","6.65114309233135","0.001","0.298450551422519","0.355387799532775","0.029445061628033",NA,"RUNARMS2B, RUNARMS5C, RUNARMS4B, RUNARMS1B, RUNARMS6C, RUNARMS7C, RUNARMS5A, RUNARMS3C, RUNARMS3B, RODARMS1A, RODARMS1B, RODARMS1C, RODARMS2A, RODARMS2B, RODARMS2C, RODARMS3A, RODARMS3B"
"224","0.289567164713391","6.11388896312566","0.001","0.306559738391266","0.35538779943783","0.0721024712328722",NA,"RUNARMS3A, RUNARMS1A, RUNARMS9A, RUNARMS8B, RUNARMS1C, RUNARMS6C, RUNARMS5A, RUNARMS5C, RUNARMS4B, RODARMS1A, RODARMS1B, RODARMS1C, RODARMS2A, RODARMS2B, RODARMS2C, RODARMS3A, RODARMS3B"
"225","0.288390047968128","6.07896321175701","0.001","0.320049794633678","0.355387798659708","0.10887780051351",NA,"RUNARMS3B, RUNARMS2C, RUNARMS1C, RUNARMS7B, RUNARMS1A, RUNARMS3A, RUNARMS9A, RUNARMS4C, RUNARMS3C, RODARMS1A, RODARMS1B, RODARMS1C, RODARMS2A, RODARMS2B, RODARMS2C, RODARMS3A, RODARMS3B"
"226","0.27902544838723","5.805172618709","0.002","0.329568736205914","0.355387799396609","0.264010046704478",NA,"RUNARMS3A, RUNARMS1B, RUNARMS5B, RUNARMS9C, RUNARMS8A, RUNARMS7C, RUNARMS3B, RUNARMS4A, RUNARMS6C, RODARMS1A, RODARMS1B, RODARMS1C, RODARMS2A, RODARMS2B, RODARMS2C, RODARMS3A, RODARMS3B"
"227","0.307401514379332","6.65756973401096","0.001","0.308467504587355","0.355387798659706","0.103688565904411",NA,"RUNARMS7A, RUNARMS8A, RUNARMS2A, RUNARMS6A, RUNARMS5B, RUNARMS6C, RUNARMS5C, RUNARMS1C, RUNARMS4B, RODARMS1A, RODARMS1B, RODARMS1C, RODARMS2A, RODARMS2B, RODARMS2C, RODARMS3A, RODARMS3B"
"228","0.296868561989336","6.3331380011094","0.001","0.310818968098417","0.355387798659706","0.129806230424323",NA,"RUNARMS5A, RUNARMS5C, RUNARMS7C, RUNARMS8A, RUNARMS2B, RUNARMS1A, RUNARMS9B, RUNARMS4C, RUNARMS9A, RODARMS1A, RODARMS1B, RODARMS1C, RODARMS2A, RODARMS2B, RODARMS2C, RODARMS3A, RODARMS3B"
"229","0.301540183656536","6.47582387563414","0.001","0.317185483145972","0.355387798659707","0.188218903638673",NA,"RUNARMS2A, RUNARMS6C, RUNARMS7A, RUNARMS1B, RUNARMS3B, RUNARMS6A, RUNARMS5B, RUNARMS8A, RUNARMS5C, RODARMS1A, RODARMS1B, RODARMS1C, RODARMS2A, RODARMS2B, RODARMS2C, RODARMS3A, RODARMS3B"
"230","0.321890402077469","7.12031808125747","0.001","0.2820329562955","0.355387798659706","0.0319315757052239",NA,"RUNARMS7B, RUNARMS9B, RUNARMS8B, RUNARMS9A, RUNARMS6A, RUNARMS7C, RUNARMS1B, RUNARMS2B, RUNARMS3C, RODARMS1A, RODARMS1B, RODARMS1C, RODARMS2A, RODARMS2B, RODARMS2C, RODARMS3A, RODARMS3B"
"231","0.291152561583772","6.16111195028704","0.001","0.30868592067812","0.355387798659708","0.0627425958638274",NA,"RUNARMS3A, RUNARMS1A, RUNARMS9A, RUNARMS3C, RUNARMS9C, RUNARMS8C, RUNARMS9B, RUNARMS5B, RUNARMS6C, RODARMS1A, RODARMS1B, RODARMS1C, RODARMS2A, RODARMS2B, RODARMS2C, RODARMS3A, RODARMS3B"
"232","0.298884205416128","6.39446881082295","0.001","0.313088613096918","0.355438992367023","0.158120894929488",NA,"RUNARMS6B, RUNARMS2A, RUNARMS9B, RUNARMS8A, RUNARMS6A, RUNARMS5C, RUNARMS4B, RUNARMS2B, RUNARMS1B, RODARMS1A, RODARMS1B, RODARMS1C, RODARMS2A, RODARMS2B, RODARMS2C, RODARMS3A, RODARMS3B"
"233","0.305735305115806","6.60559237784957","0.001","0.292102470093033","0.355387798692209","0.0786370684260113",NA,"RUNARMS9B, RUNARMS6B, RUNARMS9A, RUNARMS3A, RUNARMS1A, RUNARMS7C, RUNARMS7B, RUNARMS6A, RUNARMS8B, RODARMS1A, RODARMS1B, RODARMS1C, RODARMS2A, RODARMS2B, RODARMS2C, RODARMS3A, RODARMS3B"
"234","0.270913966075956","5.57370365369349","0.001","0.320319025763128","0.355387802464039","0.172523558497347",NA,"RUNARMS5A, RUNARMS9B, RUNARMS2B, RUNARMS8C, RUNARMS2C, RUNARMS5C, RUNARMS7A, RUNARMS6B, RUNARMS1A, RODARMS1A, RODARMS1B, RODARMS1C, RODARMS2A, RODARMS2B, RODARMS2C, RODARMS3A, RODARMS3B"
"235","0.292258695325983","6.19418479738009","0.001","0.321420509674355","0.355387798691086","0.226302645349225",NA,"RUNARMS1B, RUNARMS9C, RUNARMS7A, RUNARMS8A, RUNARMS4B, RUNARMS2C, RUNARMS2A, RUNARMS5C, RUNARMS1C, RODARMS1A, RODARMS1B, RODARMS1C, RODARMS2A, RODARMS2B, RODARMS2C, RODARMS3A, RODARMS3B"
"236","0.288188639213036","6.07299886786902","0.001","0.310064822115187","0.355387798659706","0.140353511572029",NA,"RUNARMS8B, RUNARMS4C, RUNARMS7A, RUNARMS1B, RUNARMS7C, RUNARMS3A, RUNARMS9B, RUNARMS2C, RUNARMS3B, RODARMS1A, RODARMS1B, RODARMS1C, RODARMS2A, RODARMS2B, RODARMS2C, RODARMS3A, RODARMS3B"
"237","0.283426172862138","5.93294428560555","0.001","0.316069329280346","0.355387798805624","0.100838427460141",NA,"RUNARMS9B, RUNARMS3C, RUNARMS5A, RUNARMS5B, RUNARMS1B, RUNARMS4C, RUNARMS3A, RUNARMS7C, RUNARMS2C, RODARMS1A, RODARMS1B, RODARMS1C, RODARMS2A, RODARMS2B, RODARMS2C, RODARMS3A, RODARMS3B"
"238","0.310211500903367","6.74579602246839","0.001","0.300971769265416","0.355387800245984","0.0879620688028131",NA,"RUNARMS2C, RUNARMS9B, RUNARMS7A, RUNARMS5A, RUNARMS1B, RUNARMS5B, RUNARMS5C, RUNARMS2A, RUNARMS6A, RODARMS1A, RODARMS1B, RODARMS1C, RODARMS2A, RODARMS2B, RODARMS2C, RODARMS3A, RODARMS3B"
"239","0.283074910623302","5.92268804965544","0.001","0.315114778489248","0.355387798659706","0.182171402892181",NA,"RUNARMS4A, RUNARMS7C, RUNARMS7A, RUNARMS8A, RUNARMS7B, RUNARMS5A, RUNARMS3A, RUNARMS1C, RUNARMS6B, RODARMS1A, RODARMS1B, RODARMS1C, RODARMS2A, RODARMS2B, RODARMS2C, RODARMS3A, RODARMS3B"
"240","0.290042075275507","6.12801262951029","0.001","0.313757337527056","0.355387798780062","0.115978947979142",NA,"RUNARMS5A, RUNARMS1C, RUNARMS3A, RUNARMS6B, RUNARMS8A, RUNARMS6A, RUNARMS7B, RUNARMS3C, RUNARMS4A, RODARMS1A, RODARMS1B, RODARMS1C, RODARMS2A, RODARMS2B, RODARMS2C, RODARMS3A, RODARMS3B"
"241","0.284998068484925","5.97896430603383","0.001","0.329013897116401","0.355387798659706","0.246516992381294",NA,"RUNARMS2A, RUNARMS9A, RUNARMS1B, RUNARMS7A, RUNARMS1A, RUNARMS4C, RUNARMS2C, RUNARMS4B, RUNARMS9C, RODARMS1A, RODARMS1B, RODARMS1C, RODARMS2A, RODARMS2B, RODARMS2C, RODARMS3A, RODARMS3B"
"242","0.286820277146428","6.0325665737972","0.001","0.313303799962347","0.355387799355235","0.0919726227693413",NA,"RUNARMS7B, RUNARMS9B, RUNARMS3A, RUNARMS4C, RUNARMS1B, RUNARMS3B, RUNARMS4B, RUNARMS7A, RUNARMS5B, RODARMS1A, RODARMS1B, RODARMS1C, RODARMS2A, RODARMS2B, RODARMS2C, RODARMS3A, RODARMS3B"
"243","0.30236124277305","6.50109902096556","0.001","0.303768884227327","0.355387798659707","0.0436150952650187",NA,"RUNARMS1B, RUNARMS6B, RUNARMS7B, RUNARMS3B, RUNARMS9C, RUNARMS5A, RUNARMS7C, RUNARMS4B, RUNARMS8C, RODARMS1A, RODARMS1B, RODARMS1C, RODARMS2A, RODARMS2B, RODARMS2C, RODARMS3A, RODARMS3B"
"244","0.311325820872467","6.78098214601743","0.001","0.306428543420857","0.355387798919885","0.10994496162916",NA,"RUNARMS9A, RUNARMS3B, RUNARMS1C, RUNARMS9B, RUNARMS5B, RUNARMS8A, RUNARMS2B, RUNARMS6A, RUNARMS7C, RODARMS1A, RODARMS1B, RODARMS1C, RODARMS2A, RODARMS2B, RODARMS2C, RODARMS3A, RODARMS3B"
"245","0.287738600344435","6.05968399699001","0.001","0.32451064998873","0.355387798659706","0.192493766524994",NA,"RUNARMS1B, RUNARMS6B, RUNARMS9C, RUNARMS4A, RUNARMS7C, RUNARMS2A, RUNARMS3C, RUNARMS6C, RUNARMS3B, RODARMS1A, RODARMS1B, RODARMS1C, RODARMS2A, RODARMS2B, RODARMS2C, RODARMS3A, RODARMS3B"
"246","0.284329597367184","5.95936892851491","0.001","0.316067288868493","0.3553877994582","0.11282350427141",NA,"RUNARMS1B, RUNARMS3A, RUNARMS4B, RUNARMS5A, RUNARMS6B, RUNARMS4A, RUNARMS8C, RUNARMS6A, RUNARMS2C, RODARMS1A, RODARMS1B, RODARMS1C, RODARMS2A, RODARMS2B, RODARMS2C, RODARMS3A, RODARMS3B"
"247","0.289850644651664","6.12231728020416","0.001","0.317308777648231","0.355387798659706","0.110457621682977",NA,"RUNARMS9C, RUNARMS2B, RUNARMS5A, RUNARMS1B, RUNARMS7C, RUNARMS5B, RUNARMS9A, RUNARMS3C, RUNARMS6B, RODARMS1A, RODARMS1B, RODARMS1C, RODARMS2A, RODARMS2B, RODARMS2C, RODARMS3A, RODARMS3B"
"248","0.30935142321","6.71871557271149","0.001","0.30086519135188","0.355387798659837","0.0860448836709035",NA,"RUNARMS8A, RUNARMS4B, RUNARMS6A, RUNARMS9C, RUNARMS2B, RUNARMS1C, RUNARMS5C, RUNARMS4A, RUNARMS7B, RODARMS1A, RODARMS1B, RODARMS1C, RODARMS2A, RODARMS2B, RODARMS2C, RODARMS3A, RODARMS3B"
"249","0.329096664340174","7.35791536980161","0.001","0.292790240965852","0.361081768187898","0.0260214234954096",NA,"RUNARMS6A, RUNARMS7B, RUNARMS6B, RUNARMS5C, RUNARMS4C, RUNARMS1C, RUNARMS7C, RUNARMS6C, RUNARMS3B, RODARMS1A, RODARMS1B, RODARMS1C, RODARMS2A, RODARMS2B, RODARMS2C, RODARMS3A, RODARMS3B"
"250","0.276899546603642","5.74400580105563","0.001","0.3236562616024","0.355387798659813","0.164703880275815",NA,"RUNARMS1A, RUNARMS2C, RUNARMS4C, RUNARMS3B, RUNARMS6C, RUNARMS1B, RUNARMS7A, RUNARMS8C, RUNARMS5A, RODARMS1A, RODARMS1B, RODARMS1C, RODARMS2A, RODARMS2B, RODARMS2C, RODARMS3A, RODARMS3B"
"251","0.304211546177588","6.55827668251087","0.001","0.306334771496922","0.355387798659745","0.0870764925943155",NA,"RUNARMS4B, RUNARMS7C, RUNARMS2A, RUNARMS7B, RUNARMS6A, RUNARMS1B, RUNARMS4A, RUNARMS5B, RUNARMS3A, RODARMS1A, RODARMS1B, RODARMS1C, RODARMS2A, RODARMS2B, RODARMS2C, RODARMS3A, RODARMS3B"
"252","0.304411412321779","6.56447110506504","0.001","0.31736491383086","0.35538779879141","0.168960864271308",NA,"RUNARMS2C, RUNARMS2A, RUNARMS4B, RUNARMS6A, RUNARMS4A, RUNARMS1A, RUNARMS9A, RUNARMS5C, RUNARMS8A, RODARMS1A, RODARMS1B, RODARMS1C, RODARMS2A, RODARMS2B, RODARMS2C, RODARMS3A, RODARMS3B"
"253","0.275117601918975","5.69301177640589","0.001","0.325312227925707","0.355387798797569","0.266262385749832",NA,"RUNARMS5A, RUNARMS1A, RUNARMS3B, RUNARMS6B, RUNARMS7B, RUNARMS6C, RUNARMS6A, RUNARMS9C, RUNARMS2B, RODARMS1A, RODARMS1B, RODARMS1C, RODARMS2A, RODARMS2B, RODARMS2C, RODARMS3A, RODARMS3B"
"254","0.286560390677229","6.02490498703691","0.001","0.318603633907902","0.355387799352421","0.176210809402412",NA,"RUNARMS8A, RUNARMS7C, RUNARMS5C, RUNARMS7A, RUNARMS1B, RUNARMS5B, RUNARMS2B, RUNARMS3C, RUNARMS2C, RODARMS1A, RODARMS1B, RODARMS1C, RODARMS2A, RODARMS2B, RODARMS2C, RODARMS3A, RODARMS3B"
"255","0.291898627647288","6.18340761035603","0.001","0.317750146002609","0.355387798659706","0.21483174818572",NA,"RUNARMS5C, RUNARMS6C, RUNARMS4C, RUNARMS8A, RUNARMS2C, RUNARMS2B, RUNARMS6A, RUNARMS7C, RUNARMS1B, RODARMS1A, RODARMS1B, RODARMS1C, RODARMS2A, RODARMS2B, RODARMS2C, RODARMS3A, RODARMS3B"
"256","0.304393330257985","6.56391054381805","0.001","0.301163680943258","0.355387799561082","0.0145625741666457",NA,"RUNARMS7B, RUNARMS4B, RUNARMS9B, RUNARMS1A, RUNARMS3C, RUNARMS9C, RUNARMS3B, RUNARMS5A, RUNARMS5B, RODARMS1A, RODARMS1B, RODARMS1C, RODARMS2A, RODARMS2B, RODARMS2C, RODARMS3A, RODARMS3B"
"257","0.279024557975571","5.80514692411915","0.001","0.321215825990473","0.355387798660511","0.159438863968233",NA,"RUNARMS1A, RUNARMS8A, RUNARMS3B, RUNARMS6C, RUNARMS9B, RUNARMS8C, RUNARMS5B, RUNARMS5A, RUNARMS2B, RODARMS1A, RODARMS1B, RODARMS1C, RODARMS2A, RODARMS2B, RODARMS2C, RODARMS3A, RODARMS3B"
"258","0.3038413745697","6.54681340151234","0.001","0.308614423164323","0.355387798659714","0.0337173841806621",NA,"RUNARMS3B, RUNARMS9C, RUNARMS9B, RUNARMS4A, RUNARMS1A, RUNARMS4B, RUNARMS5B, RUNARMS4C, RUNARMS2C, RODARMS1A, RODARMS1B, RODARMS1C, RODARMS2A, RODARMS2B, RODARMS2C, RODARMS3A, RODARMS3B"
"259","0.292263799763974","6.19433765716321","0.001","0.306500141199987","0.355387798659707","0.0542610235191516",NA,"RUNARMS1C, RUNARMS9B, RUNARMS2C, RUNARMS8B, RUNARMS8C, RUNARMS3A, RUNARMS2A, RUNARMS4B, RUNARMS7B, RODARMS1A, RODARMS1B, RODARMS1C, RODARMS2A, RODARMS2B, RODARMS2C, RODARMS3A, RODARMS3B"
"260","0.291279814306226","6.16491148804566","0.001","0.315364442862741","0.355387798864736","0.174059150369949",NA,"RUNARMS9C, RUNARMS9A, RUNARMS5B, RUNARMS3B, RUNARMS5C, RUNARMS7B, RUNARMS6B, RUNARMS3A, RUNARMS1A, RODARMS1A, RODARMS1B, RODARMS1C, RODARMS2A, RODARMS2B, RODARMS2C, RODARMS3A, RODARMS3B"
"261","0.305792177835415","6.60736240803083","0.001","0.292113714907399","0.355387799507892","0.0299368654857649",NA,"RUNARMS5A, RUNARMS5C, RUNARMS1C, RUNARMS3C, RUNARMS8B, RUNARMS9A, RUNARMS8C, RUNARMS3A, RUNARMS7B, RODARMS1A, RODARMS1B, RODARMS1C, RODARMS2A, RODARMS2B, RODARMS2C, RODARMS3A, RODARMS3B"
"262","0.304656186103546","6.57206219459326","0.001","0.311787531010837","0.357097727578225","0.121333242628015",NA,"RUNARMS6B, RUNARMS9A, RUNARMS6A, RUNARMS5B, RUNARMS2B, RUNARMS5C, RUNARMS1B, RUNARMS9C, RUNARMS2C, RODARMS1A, RODARMS1B, RODARMS1C, RODARMS2A, RODARMS2B, RODARMS2C, RODARMS3A, RODARMS3B"
"263","0.318566996158418","7.0124354344997","0.001","0.299771964136403","0.355387826640913","0.0323098426553533",NA,"RUNARMS1A, RUNARMS5A, RUNARMS4C, RUNARMS7C, RUNARMS3B, RUNARMS1B, RUNARMS6A, RUNARMS5B, RUNARMS9C, RODARMS1A, RODARMS1B, RODARMS1C, RODARMS2A, RODARMS2B, RODARMS2C, RODARMS3A, RODARMS3B"
"264","0.325622905017807","7.24274832524683","0.001","0.298676063282276","0.355387798659706","0.0410999691363552",NA,"RUNARMS7A, RUNARMS8C, RUNARMS9A, RUNARMS1C, RUNARMS5B, RUNARMS3B, RUNARMS2A, RUNARMS5C, RUNARMS6A, RODARMS1A, RODARMS1B, RODARMS1C, RODARMS2A, RODARMS2B, RODARMS2C, RODARMS3A, RODARMS3B"
"265","0.293049658386396","6.21789766133038","0.002","0.311748770476924","0.355387798737847","0.0727567841362589",NA,"RUNARMS9A, RUNARMS2B, RUNARMS1C, RUNARMS3A, RUNARMS4A, RUNARMS1B, RUNARMS5B, RUNARMS8C, RUNARMS5C, RODARMS1A, RODARMS1B, RODARMS1C, RODARMS2A, RODARMS2B, RODARMS2C, RODARMS3A, RODARMS3B"
"266","0.284310224558845","5.95880158516157","0.001","0.315372467050077","0.355387798698375","0.0800838849296678",NA,"RUNARMS3B, RUNARMS5B, RUNARMS4A, RUNARMS6C, RUNARMS2B, RUNARMS7B, RUNARMS1A, RUNARMS5A, RUNARMS4B, RODARMS1A, RODARMS1B, RODARMS1C, RODARMS2A, RODARMS2B, RODARMS2C, RODARMS3A, RODARMS3B"
"267","0.323041635839474","7.15793584085635","0.001","0.289673314147849","0.355387798659707","0.0339403618736442",NA,"RUNARMS9A, RUNARMS9B, RUNARMS2A, RUNARMS9C, RUNARMS3C, RUNARMS1A, RUNARMS6A, RUNARMS8B, RUNARMS7B, RODARMS1A, RODARMS1B, RODARMS1C, RODARMS2A, RODARMS2B, RODARMS2C, RODARMS3A, RODARMS3B"
"268","0.27800520961654","5.77577317702434","0.001","0.32974446963908","0.355387798659706","0.307159268179091",NA,"RUNARMS7B, RUNARMS3A, RUNARMS4A, RUNARMS1B, RUNARMS9C, RUNARMS2A, RUNARMS9B, RUNARMS8A, RUNARMS2C, RODARMS1A, RODARMS1B, RODARMS1C, RODARMS2A, RODARMS2B, RODARMS2C, RODARMS3A, RODARMS3B"
"269","0.287120028073612","6.04141032250643","0.001","0.318895087854307","0.355387798746655","0.128974322463987",NA,"RUNARMS3C, RUNARMS8C, RUNARMS2A, RUNARMS1C, RUNARMS7C, RUNARMS2C, RUNARMS3A, RUNARMS6C, RUNARMS9C, RODARMS1A, RODARMS1B, RODARMS1C, RODARMS2A, RODARMS2B, RODARMS2C, RODARMS3A, RODARMS3B"
"270","0.260177907024872","5.27514471712901","0.001","0.338394107994196","0.355387799378233","0.447060127844205",NA,"RUNARMS1A, RUNARMS8A, RUNARMS7B, RUNARMS3A, RUNARMS5A, RUNARMS2B, RUNARMS6C, RUNARMS9A, RUNARMS9C, RODARMS1A, RODARMS1B, RODARMS1C, RODARMS2A, RODARMS2B, RODARMS2C, RODARMS3A, RODARMS3B"
"271","0.291274948533977","6.16476617973637","0.002","0.327086990220406","0.355387798659706","0.242264800176911",NA,"RUNARMS9A, RUNARMS1C, RUNARMS3C, RUNARMS2A, RUNARMS5A, RUNARMS3A, RUNARMS8A, RUNARMS4C, RUNARMS3B, RODARMS1A, RODARMS1B, RODARMS1C, RODARMS2A, RODARMS2B, RODARMS2C, RODARMS3A, RODARMS3B"
"272","0.284666388879722","5.96923696414688","0.001","0.314969353746082","0.355387798659745","0.0869671197154428",NA,"RUNARMS2C, RUNARMS1A, RUNARMS2B, RUNARMS5C, RUNARMS9B, RUNARMS7C, RUNARMS5B, RUNARMS1B, RUNARMS6C, RODARMS1A, RODARMS1B, RODARMS1C, RODARMS2A, RODARMS2B, RODARMS2C, RODARMS3A, RODARMS3B"
"273","0.279173327788493","5.80944085209803","0.002","0.329395895102447","0.355387798659706","0.19767147305763",NA,"RUNARMS9C, RUNARMS2C, RUNARMS5B, RUNARMS1B, RUNARMS1C, RUNARMS6C, RUNARMS4A, RUNARMS6B, RUNARMS9A, RODARMS1A, RODARMS1B, RODARMS1C, RODARMS2A, RODARMS2B, RODARMS2C, RODARMS3A, RODARMS3B"
"274","0.283831395127211","5.94478855668967","0.001","0.325174008291879","0.355387798659708","0.238659931060149",NA,"RUNARMS6C, RUNARMS1B, RUNARMS7A, RUNARMS6B, RUNARMS3B, RUNARMS7C, RUNARMS4A, RUNARMS9C, RUNARMS8A, RODARMS1A, RODARMS1B, RODARMS1C, RODARMS2A, RODARMS2B, RODARMS2C, RODARMS3A, RODARMS3B"
"275","0.288183177230747","6.07283716847823","0.001","0.303524212436429","0.355387798659707","0.0823772278027407",NA,"RUNARMS9C, RUNARMS1C, RUNARMS9B, RUNARMS5C, RUNARMS8B, RUNARMS6B, RUNARMS3A, RUNARMS8C, RUNARMS7A, RODARMS1A, RODARMS1B, RODARMS1C, RODARMS2A, RODARMS2B, RODARMS2C, RODARMS3A, RODARMS3B"
"276","0.292043978105221","6.1877567759843","0.001","0.302681710973832","0.355387798659726","0.0632270350633824",NA,"RUNARMS9B, RUNARMS8B, RUNARMS4B, RUNARMS6C, RUNARMS2C, RUNARMS3C, RUNARMS1A, RUNARMS6A, RUNARMS2B, RODARMS1A, RODARMS1B, RODARMS1C, RODARMS2A, RODARMS2B, RODARMS2C, RODARMS3A, RODARMS3B"
"277","0.297235010056404","6.34426190070155","0.001","0.306835336272028","0.355387798660651","0.0972682475390427",NA,"RUNARMS9B, RUNARMS4C, RUNARMS7C, RUNARMS7A, RUNARMS3A, RUNARMS3B, RUNARMS5A, RUNARMS6A, RUNARMS1A, RODARMS1A, RODARMS1B, RODARMS1C, RODARMS2A, RODARMS2B, RODARMS2C, RODARMS3A, RODARMS3B"
"278","0.290862565693134","6.15245828851427","0.002","0.316103414584155","0.355387798659712","0.106714016793469",NA,"RUNARMS4A, RUNARMS6C, RUNARMS2C, RUNARMS4C, RUNARMS6A, RUNARMS9B, RUNARMS1A, RUNARMS8C, RUNARMS8A, RODARMS1A, RODARMS1B, RODARMS1C, RODARMS2A, RODARMS2B, RODARMS2C, RODARMS3A, RODARMS3B"
"279","0.288742987578924","6.08942300468983","0.001","0.319691561200706","0.355387798713609","0.203126811279181",NA,"RUNARMS9A, RUNARMS1A, RUNARMS4B, RUNARMS5C, RUNARMS6C, RUNARMS4A, RUNARMS2B, RUNARMS8A, RUNARMS6A, RODARMS1A, RODARMS1B, RODARMS1C, RODARMS2A, RODARMS2B, RODARMS2C, RODARMS3A, RODARMS3B"
"280","0.310592706325841","6.75782028655123","0.001","0.299187248525569","0.355387799066757","0.0382698430940957",NA,"RUNARMS1A, RUNARMS5B, RUNARMS6B, RUNARMS9C, RUNARMS9A, RUNARMS1C, RUNARMS5C, RUNARMS3C, RUNARMS7B, RODARMS1A, RODARMS1B, RODARMS1C, RODARMS2A, RODARMS2B, RODARMS2C, RODARMS3A, RODARMS3B"
"281","0.304017075069577","6.55225288249643","0.001","0.298915888870894","0.355387798659706","0.0554612728059348",NA,"RUNARMS7B, RUNARMS3C, RUNARMS7A, RUNARMS2C, RUNARMS1A, RUNARMS7C, RUNARMS9C, RUNARMS8C, RUNARMS4C, RODARMS1A, RODARMS1B, RODARMS1C, RODARMS2A, RODARMS2B, RODARMS2C, RODARMS3A, RODARMS3B"
"282","0.303593762709067","6.53915228897291","0.001","0.295221556276953","0.355387798659706","0.0501335608231052",NA,"RUNARMS7C, RUNARMS4B, RUNARMS2A, RUNARMS3C, RUNARMS8B, RUNARMS7A, RUNARMS1A, RUNARMS9B, RUNARMS5A, RODARMS1A, RODARMS1B, RODARMS1C, RODARMS2A, RODARMS2B, RODARMS2C, RODARMS3A, RODARMS3B"
"283","0.306480172931305","6.62879764144681","0.001","0.289810389058646","0.355387799291836","0.0241371814171429",NA,"RUNARMS1B, RUNARMS5A, RUNARMS9A, RUNARMS3C, RUNARMS7B, RUNARMS9B, RUNARMS8C, RUNARMS8B, RUNARMS7A, RODARMS1A, RODARMS1B, RODARMS1C, RODARMS2A, RODARMS2B, RODARMS2C, RODARMS3A, RODARMS3B"
"284","0.294387321313663","6.25812142140926","0.001","0.316829098037148","0.355387798659706","0.123058917610932",NA,"RUNARMS3B, RUNARMS5A, RUNARMS2A, RUNARMS6A, RUNARMS3A, RUNARMS5B, RUNARMS1A, RUNARMS8C, RUNARMS1C, RODARMS1A, RODARMS1B, RODARMS1C, RODARMS2A, RODARMS2B, RODARMS2C, RODARMS3A, RODARMS3B"
"285","0.264975271392211","5.40747666872586","0.001","0.32843944291258","0.355387799022436","0.308635302180657",NA,"RUNARMS1A, RUNARMS8A, RUNARMS6A, RUNARMS3A, RUNARMS2B, RUNARMS5A, RUNARMS6C, RUNARMS8C, RUNARMS7B, RODARMS1A, RODARMS1B, RODARMS1C, RODARMS2A, RODARMS2B, RODARMS2C, RODARMS3A, RODARMS3B"
"286","0.290974212553305","6.15578906377607","0.001","0.313683614653132","0.355387798659706","0.125214413724542",NA,"RUNARMS9B, RUNARMS5A, RUNARMS2C, RUNARMS8B, RUNARMS8A, RUNARMS3B, RUNARMS9C, RUNARMS1C, RUNARMS6C, RODARMS1A, RODARMS1B, RODARMS1C, RODARMS2A, RODARMS2B, RODARMS2C, RODARMS3A, RODARMS3B"
"287","0.285205063047167","5.98503951908909","0.001","0.316932302097727","0.355387798659706","0.198452488480847",NA,"RUNARMS8C, RUNARMS9B, RUNARMS9A, RUNARMS8A, RUNARMS3A, RUNARMS5A, RUNARMS6A, RUNARMS1B, RUNARMS7A, RODARMS1A, RODARMS1B, RODARMS1C, RODARMS2A, RODARMS2B, RODARMS2C, RODARMS3A, RODARMS3B"
"288","0.320866620177362","7.08697208185732","0.001","0.296081620182005","0.357826567437787","0.0405213955955111",NA,"RUNARMS1B, RUNARMS5B, RUNARMS9B, RUNARMS1C, RUNARMS5C, RUNARMS6A, RUNARMS3C, RUNARMS8A, RUNARMS4C, RODARMS1A, RODARMS1B, RODARMS1C, RODARMS2A, RODARMS2B, RODARMS2C, RODARMS3A, RODARMS3B"
"289","0.284578505573363","5.96666107582009","0.001","0.314450805805258","0.355387798659706","0.0892606717782931",NA,"RUNARMS6C, RUNARMS5B, RUNARMS1A, RUNARMS5C, RUNARMS1B, RUNARMS4B, RUNARMS3A, RUNARMS9B, RUNARMS3B, RODARMS1A, RODARMS1B, RODARMS1C, RODARMS2A, RODARMS2B, RODARMS2C, RODARMS3A, RODARMS3B"
"290","0.312585686999652","6.82090148011278","0.001","0.303406656765836","0.35538779928973","0.0698187966045041",NA,"RUNARMS3B, RUNARMS6A, RUNARMS9A, RUNARMS3A, RUNARMS5B, RUNARMS9C, RUNARMS1A, RUNARMS2B, RUNARMS5C, RODARMS1A, RODARMS1B, RODARMS1C, RODARMS2A, RODARMS2B, RODARMS2C, RODARMS3A, RODARMS3B"
"291","0.295105877804498","6.27979157108046","0.001","0.307473804292925","0.35538779941408","0.08087934792396",NA,"RUNARMS3C, RUNARMS3B, RUNARMS3A, RUNARMS9A, RUNARMS8B, RUNARMS9C, RUNARMS4B, RUNARMS1B, RUNARMS9B, RODARMS1A, RODARMS1B, RODARMS1C, RODARMS2A, RODARMS2B, RODARMS2C, RODARMS3A, RODARMS3B"
"292","0.323152995326623","7.16158141563836","0.002","0.286836892407221","0.355387798711037","0.0160481550572829",NA,"RUNARMS5C, RUNARMS1A, RUNARMS9C, RUNARMS7B, RUNARMS9B, RUNARMS6A, RUNARMS1B, RUNARMS3C, RUNARMS4C, RODARMS1A, RODARMS1B, RODARMS1C, RODARMS2A, RODARMS2B, RODARMS2C, RODARMS3A, RODARMS3B"
"293","0.283384162980895","5.93171714205376","0.001","0.317061437025143","0.355387798659706","0.103612810193264",NA,"RUNARMS8C, RUNARMS5A, RUNARMS3B, RUNARMS2C, RUNARMS1C, RUNARMS1A, RUNARMS8B, RUNARMS2B, RUNARMS9C, RODARMS1A, RODARMS1B, RODARMS1C, RODARMS2A, RODARMS2B, RODARMS2C, RODARMS3A, RODARMS3B"
"294","0.293604726381799","6.23457016235267","0.001","0.308778060639424","0.355387798659711","0.0382714466063818",NA,"RUNARMS5B, RUNARMS2C, RUNARMS4B, RUNARMS1A, RUNARMS3C, RUNARMS7C, RUNARMS8C, RUNARMS3A, RUNARMS9C, RODARMS1A, RODARMS1B, RODARMS1C, RODARMS2A, RODARMS2B, RODARMS2C, RODARMS3A, RODARMS3B"
"295","0.298052744245648","6.36912692091111","0.001","0.307929254247716","0.355387798659707","0.0965477869578465",NA,"RUNARMS1B, RUNARMS2B, RUNARMS5C, RUNARMS1C, RUNARMS7C, RUNARMS3A, RUNARMS9C, RUNARMS2A, RUNARMS8B, RODARMS1A, RODARMS1B, RODARMS1C, RODARMS2A, RODARMS2B, RODARMS2C, RODARMS3A, RODARMS3B"
"296","0.300729285929848","6.45091979140882","0.001","0.313519429538927","0.355387798665605","0.0883908439579346",NA,"RUNARMS9B, RUNARMS5C, RUNARMS2C, RUNARMS9C, RUNARMS2A, RUNARMS7A, RUNARMS1B, RUNARMS3B, RUNARMS3C, RODARMS1A, RODARMS1B, RODARMS1C, RODARMS2A, RODARMS2B, RODARMS2C, RODARMS3A, RODARMS3B"
"297","0.280440353717442","5.84608284732766","0.001","0.322294392655437","0.355387798659706","0.219546632677959",NA,"RUNARMS7A, RUNARMS6B, RUNARMS8A, RUNARMS1B, RUNARMS3B, RUNARMS5A, RUNARMS1A, RUNARMS8C, RUNARMS5C, RODARMS1A, RODARMS1B, RODARMS1C, RODARMS2A, RODARMS2B, RODARMS2C, RODARMS3A, RODARMS3B"
"298","0.315185964696805","6.90375667951796","0.001","0.288544127161141","0.355387798659706","0.0208455552151505",NA,"RUNARMS7A, RUNARMS8C, RUNARMS9C, RUNARMS1C, RUNARMS7C, RUNARMS5A, RUNARMS8B, RUNARMS2C, RUNARMS4A, RODARMS1A, RODARMS1B, RODARMS1C, RODARMS2A, RODARMS2B, RODARMS2C, RODARMS3A, RODARMS3B"
"299","0.287287635254274","6.04635859004852","0.001","0.312388960656157","0.355387798665565","0.114869427431573",NA,"RUNARMS1B, RUNARMS2C, RUNARMS8C, RUNARMS5C, RUNARMS7B, RUNARMS2A, RUNARMS6C, RUNARMS2B, RUNARMS8B, RODARMS1A, RODARMS1B, RODARMS1C, RODARMS2A, RODARMS2B, RODARMS2C, RODARMS3A, RODARMS3B"
"300","0.291878686261993","6.18281106498335","0.001","0.315632486473186","0.355387798659706","0.14329112562714",NA,"RUNARMS1A, RUNARMS3A, RUNARMS7A, RUNARMS7B, RUNARMS3B, RUNARMS6A, RUNARMS9B, RUNARMS5B, RUNARMS2A, RODARMS1A, RODARMS1B, RODARMS1C, RODARMS2A, RODARMS2B, RODARMS2C, RODARMS3A, RODARMS3B"
"301","0.271330204054512","5.5854559684839","0.001","0.3180551244952","0.355387798659706","0.174537395954389",NA,"RUNARMS8B, RUNARMS9B, RUNARMS9C, RUNARMS4A, RUNARMS6B, RUNARMS1A, RUNARMS3C, RUNARMS1B, RUNARMS3A, RODARMS1A, RODARMS1B, RODARMS1C, RODARMS2A, RODARMS2B, RODARMS2C, RODARMS3A, RODARMS3B"
"302","0.290601342211143","6.14466927066635","0.001","0.322431076067479","0.355387798659706","0.234610635775937",NA,"RUNARMS6A, RUNARMS5B, RUNARMS1B, RUNARMS7A, RUNARMS2A, RUNARMS8A, RUNARMS1C, RUNARMS3C, RUNARMS6B, RODARMS1A, RODARMS1B, RODARMS1C, RODARMS2A, RODARMS2B, RODARMS2C, RODARMS3A, RODARMS3B"
"303","0.308856135007941","6.70315148521552","0.001","0.310618942274288","0.355387798659706","0.0682908054725102",NA,"RUNARMS5A, RUNARMS2B, RUNARMS9A, RUNARMS1B, RUNARMS3B, RUNARMS9C, RUNARMS5C, RUNARMS2A, RUNARMS8C, RODARMS1A, RODARMS1B, RODARMS1C, RODARMS2A, RODARMS2B, RODARMS2C, RODARMS3A, RODARMS3B"
"304","0.288894636549736","6.0939204947357","0.001","0.309129041402625","0.355387798659706","0.0489992927445706",NA,"RUNARMS1C, RUNARMS1A, RUNARMS8C, RUNARMS7B, RUNARMS5B, RUNARMS2C, RUNARMS7C, RUNARMS3A, RUNARMS6C, RODARMS1A, RODARMS1B, RODARMS1C, RODARMS2A, RODARMS2B, RODARMS2C, RODARMS3A, RODARMS3B"
"305","0.282824255267641","5.915375499206","0.001","0.322222001103639","0.355387801109372","0.297168264134918",NA,"RUNARMS9C, RUNARMS5C, RUNARMS1B, RUNARMS2A, RUNARMS3B, RUNARMS3A, RUNARMS5A, RUNARMS7B, RUNARMS6B, RODARMS1A, RODARMS1B, RODARMS1C, RODARMS2A, RODARMS2B, RODARMS2C, RODARMS3A, RODARMS3B"
"306","0.295704362685051","6.29787436592092","0.001","0.311779014656893","0.355387798659761","0.0684062168334418",NA,"RUNARMS5B, RUNARMS4C, RUNARMS1B, RUNARMS3C, RUNARMS6C, RUNARMS9B, RUNARMS3B, RUNARMS2C, RUNARMS7C, RODARMS1A, RODARMS1B, RODARMS1C, RODARMS2A, RODARMS2B, RODARMS2C, RODARMS3A, RODARMS3B"
"307","0.316396354546458","6.94253951066649","0.001","0.289708328461669","0.355387798659706","0.0326560942682624",NA,"RUNARMS6C, RUNARMS3C, RUNARMS1C, RUNARMS8B, RUNARMS7A, RUNARMS2A, RUNARMS7C, RUNARMS5C, RUNARMS1B, RODARMS1A, RODARMS1B, RODARMS1C, RODARMS2A, RODARMS2B, RODARMS2C, RODARMS3A, RODARMS3B"
"308","0.309066110674243","6.70974709988193","0.001","0.299268880873264","0.355387798692199","0.0615924394868066",NA,"RUNARMS2C, RUNARMS7C, RUNARMS7B, RUNARMS5C, RUNARMS2B, RUNARMS2A, RUNARMS8B, RUNARMS1B, RUNARMS5B, RODARMS1A, RODARMS1B, RODARMS1C, RODARMS2A, RODARMS2B, RODARMS2C, RODARMS3A, RODARMS3B"
"309","0.302410520413498","6.5026178561226","0.001","0.304781827669552","0.355387799132234","0.0931222726473801",NA,"RUNARMS6A, RUNARMS8B, RUNARMS4C, RUNARMS2B, RUNARMS9B, RUNARMS8A, RUNARMS1A, RUNARMS9A, RUNARMS4B, RODARMS1A, RODARMS1B, RODARMS1C, RODARMS2A, RODARMS2B, RODARMS2C, RODARMS3A, RODARMS3B"
"310","0.296333829563392","6.31692644921791","0.001","0.30288421574451","0.355387798659706","0.0572891067105274",NA,"RUNARMS2B, RUNARMS8C, RUNARMS4B, RUNARMS3C, RUNARMS1A, RUNARMS1B, RUNARMS6C, RUNARMS6A, RUNARMS5C, RODARMS1A, RODARMS1B, RODARMS1C, RODARMS2A, RODARMS2B, RODARMS2C, RODARMS3A, RODARMS3B"
"311","0.296235973830646","6.31396241101759","0.001","0.308600376188671","0.355387798659706","0.0616681882707472",NA,"RUNARMS5C, RUNARMS4B, RUNARMS1B, RUNARMS9A, RUNARMS2B, RUNARMS1C, RUNARMS3A, RUNARMS1A, RUNARMS5B, RODARMS1A, RODARMS1B, RODARMS1C, RODARMS2A, RODARMS2B, RODARMS2C, RODARMS3A, RODARMS3B"
"312","0.309586694371832","6.72611662857851","0.001","0.29894376302851","0.355387798659706","0.0740111109848675",NA,"RUNARMS8B, RUNARMS9A, RUNARMS8A, RUNARMS4A, RUNARMS2B, RUNARMS5C, RUNARMS4C, RUNARMS7B, RUNARMS1C, RODARMS1A, RODARMS1B, RODARMS1C, RODARMS2A, RODARMS2B, RODARMS2C, RODARMS3A, RODARMS3B"
"313","0.289118552681681","6.10056473774211","0.001","0.325088263529565","0.358984544563503","0.135421175138509",NA,"RUNARMS5A, RUNARMS2B, RUNARMS2A, RUNARMS4C, RUNARMS1A, RUNARMS6A, RUNARMS1B, RUNARMS9B, RUNARMS2C, RODARMS1A, RODARMS1B, RODARMS1C, RODARMS2A, RODARMS2B, RODARMS2C, RODARMS3A, RODARMS3B"
"314","0.298984546560905","6.39753114772557","0.001","0.307434435960015","0.355387803901096","0.0360897384104513",NA,"RUNARMS4A, RUNARMS4C, RUNARMS9B, RUNARMS3B, RUNARMS6C, RUNARMS1B, RUNARMS7A, RUNARMS4B, RUNARMS5B, RODARMS1A, RODARMS1B, RODARMS1C, RODARMS2A, RODARMS2B, RODARMS2C, RODARMS3A, RODARMS3B"
"315","0.316975896397888","6.96115762371117","0.001","0.28929531665905","0.355387799058603","0.0233825298689925",NA,"RUNARMS8B, RUNARMS2C, RUNARMS9B, RUNARMS1C, RUNARMS3C, RUNARMS9A, RUNARMS6C, RUNARMS7C, RUNARMS4C, RODARMS1A, RODARMS1B, RODARMS1C, RODARMS2A, RODARMS2B, RODARMS2C, RODARMS3A, RODARMS3B"
"316","0.301770872676012","6.48291930685928","0.001","0.300109291632407","0.355387798659706","0.0620014568436696",NA,"RUNARMS1B, RUNARMS8B, RUNARMS9A, RUNARMS2C, RUNARMS9B, RUNARMS5A, RUNARMS1A, RUNARMS8C, RUNARMS6A, RODARMS1A, RODARMS1B, RODARMS1C, RODARMS2A, RODARMS2B, RODARMS2C, RODARMS3A, RODARMS3B"
"317","0.2820124281648","5.89172652621201","0.001","0.325180536353124","0.355387798659707","0.200770673807168",NA,"RUNARMS4A, RUNARMS1B, RUNARMS9A, RUNARMS1A, RUNARMS9B, RUNARMS2A, RUNARMS8C, RUNARMS2C, RUNARMS2B, RODARMS1A, RODARMS1B, RODARMS1C, RODARMS2A, RODARMS2B, RODARMS2C, RODARMS3A, RODARMS3B"
"318","0.320252212497033","7.0670081988822","0.001","0.286553183711738","0.355387798659714","0.0205979844730712",NA,"RUNARMS3C, RUNARMS8B, RUNARMS7B, RUNARMS4C, RUNARMS1A, RUNARMS6A, RUNARMS8A, RUNARMS4B, RUNARMS7A, RODARMS1A, RODARMS1B, RODARMS1C, RODARMS2A, RODARMS2B, RODARMS2C, RODARMS3A, RODARMS3B"
"319","0.291399825293313","6.16849605097685","0.001","0.307771909306075","0.355387798728791","0.0758089178738858",NA,"RUNARMS8C, RUNARMS4C, RUNARMS9C, RUNARMS4B, RUNARMS3A, RUNARMS1C, RUNARMS3C, RUNARMS1A, RUNARMS1B, RODARMS1A, RODARMS1B, RODARMS1C, RODARMS2A, RODARMS2B, RODARMS2C, RODARMS3A, RODARMS3B"
"320","0.322737228784013","7.14797658679562","0.001","0.28924061146105","0.360088102116051","0.0315920076552508",NA,"RUNARMS9B, RUNARMS1B, RUNARMS2B, RUNARMS3B, RUNARMS8B, RUNARMS7C, RUNARMS6A, RUNARMS7B, RUNARMS5C, RODARMS1A, RODARMS1B, RODARMS1C, RODARMS2A, RODARMS2B, RODARMS2C, RODARMS3A, RODARMS3B"
"321","0.290623005188981","6.14531498726719","0.001","0.302573703495002","0.355387798659707","0.0711027048359467",NA,"RUNARMS3A, RUNARMS6C, RUNARMS1C, RUNARMS6A, RUNARMS7B, RUNARMS8B, RUNARMS5B, RUNARMS2B, RUNARMS9B, RODARMS1A, RODARMS1B, RODARMS1C, RODARMS2A, RODARMS2B, RODARMS2C, RODARMS3A, RODARMS3B"
"322","0.312373237008546","6.8141596681664","0.001","0.293483357967243","0.355387799358794","0.0119315214950333",NA,"RUNARMS1B, RUNARMS4C, RUNARMS9B, RUNARMS7B, RUNARMS3C, RUNARMS8C, RUNARMS1A, RUNARMS5B, RUNARMS6A, RODARMS1A, RODARMS1B, RODARMS1C, RODARMS2A, RODARMS2B, RODARMS2C, RODARMS3A, RODARMS3B"
"323","0.312093957636929","6.80530345172215","0.001","0.297903300451734","0.359159444683319","0.0211262820581794",NA,"RUNARMS6B, RUNARMS1B, RUNARMS8B, RUNARMS3B, RUNARMS4B, RUNARMS6C, RUNARMS4C, RUNARMS1C, RUNARMS3C, RODARMS1A, RODARMS1B, RODARMS1C, RODARMS2A, RODARMS2B, RODARMS2C, RODARMS3A, RODARMS3B"
"324","0.306700011501099","6.63565591927566","0.001","0.308719371820324","0.35538779870459","0.0706561392245322",NA,"RUNARMS8C, RUNARMS8A, RUNARMS6A, RUNARMS4A, RUNARMS5C, RUNARMS3C, RUNARMS2C, RUNARMS1A, RUNARMS9A, RODARMS1A, RODARMS1B, RODARMS1C, RODARMS2A, RODARMS2B, RODARMS2C, RODARMS3A, RODARMS3B"
"325","0.274462358595227","5.67432362428127","0.001","0.320746010269176","0.355387798659706","0.143985808521285",NA,"RUNARMS7A, RUNARMS1C, RUNARMS6C, RUNARMS3A, RUNARMS1B, RUNARMS2C, RUNARMS2B, RUNARMS5C, RUNARMS5A, RODARMS1A, RODARMS1B, RODARMS1C, RODARMS2A, RODARMS2B, RODARMS2C, RODARMS3A, RODARMS3B"
"326","0.283986864050378","5.94933632761647","0.001","0.320322343420208","0.355387798871737","0.235020645814369",NA,"RUNARMS6B, RUNARMS1B, RUNARMS8A, RUNARMS9B, RUNARMS2A, RUNARMS6C, RUNARMS8C, RUNARMS8B, RUNARMS9A, RODARMS1A, RODARMS1B, RODARMS1C, RODARMS2A, RODARMS2B, RODARMS2C, RODARMS3A, RODARMS3B"
"327","0.280835822851336","5.85754613010879","0.001","0.321930865356477","0.355387798659706","0.130633899608412",NA,"RUNARMS2B, RUNARMS3A, RUNARMS1B, RUNARMS3B, RUNARMS6A, RUNARMS6C, RUNARMS5B, RUNARMS7A, RUNARMS4B, RODARMS1A, RODARMS1B, RODARMS1C, RODARMS2A, RODARMS2B, RODARMS2C, RODARMS3A, RODARMS3B"
"328","0.266592308185258","5.45247161627666","0.001","0.335685749093274","0.35538779865971","0.416872020658993",NA,"RUNARMS2B, RUNARMS2C, RUNARMS8A, RUNARMS1B, RUNARMS3B, RUNARMS9B, RUNARMS4C, RUNARMS3A, RUNARMS1A, RODARMS1A, RODARMS1B, RODARMS1C, RODARMS2A, RODARMS2B, RODARMS2C, RODARMS3A, RODARMS3B"
"329","0.279609223401097","5.82203227367478","0.001","0.322493222008929","0.355387809569676","0.163522725867848",NA,"RUNARMS8A, RUNARMS4B, RUNARMS7C, RUNARMS6C, RUNARMS2C, RUNARMS2B, RUNARMS1C, RUNARMS5B, RUNARMS9B, RODARMS1A, RODARMS1B, RODARMS1C, RODARMS2A, RODARMS2B, RODARMS2C, RODARMS3A, RODARMS3B"
"330","0.271859587311143","5.60042230674768","0.001","0.322397470924163","0.355387799851127","0.267427801706135",NA,"RUNARMS7B, RUNARMS6B, RUNARMS9C, RUNARMS5A, RUNARMS8B, RUNARMS1A, RUNARMS8A, RUNARMS4A, RUNARMS2B, RODARMS1A, RODARMS1B, RODARMS1C, RODARMS2A, RODARMS2B, RODARMS2C, RODARMS3A, RODARMS3B"
"331","0.284349882162016","5.95996301281384","0.001","0.319505744949922","0.355387798659707","0.17258026917577",NA,"RUNARMS2A, RUNARMS1A, RUNARMS3C, RUNARMS1C, RUNARMS6C, RUNARMS5C, RUNARMS4A, RUNARMS3A, RUNARMS9C, RODARMS1A, RODARMS1B, RODARMS1C, RODARMS2A, RODARMS2B, RODARMS2C, RODARMS3A, RODARMS3B"
"332","0.311785722566017","6.79553736654189","0.001","0.308894251601875","0.355387798659706","0.126891393740506",NA,"RUNARMS4A, RUNARMS2B, RUNARMS1C, RUNARMS9C, RUNARMS5B, RUNARMS5C, RUNARMS2A, RUNARMS8A, RUNARMS6A, RODARMS1A, RODARMS1B, RODARMS1C, RODARMS2A, RODARMS2B, RODARMS2C, RODARMS3A, RODARMS3B"
"333","0.289347285016816","6.10735621456809","0.001","0.308191396459732","0.355387798659706","0.0615865268288898",NA,"RUNARMS8B, RUNARMS8C, RUNARMS2B, RUNARMS6B, RUNARMS3C, RUNARMS1B, RUNARMS9C, RUNARMS4C, RUNARMS5A, RODARMS1A, RODARMS1B, RODARMS1C, RODARMS2A, RODARMS2B, RODARMS2C, RODARMS3A, RODARMS3B"
"334","0.325791770787251","7.24831936197964","0.001","0.288274196321532","0.355387798659742","0.00967122978626392",NA,"RUNARMS6A, RUNARMS3C, RUNARMS7C, RUNARMS4B, RUNARMS1B, RUNARMS4A, RUNARMS5B, RUNARMS9C, RUNARMS5A, RODARMS1A, RODARMS1B, RODARMS1C, RODARMS2A, RODARMS2B, RODARMS2C, RODARMS3A, RODARMS3B"
"335","0.2988409504299","6.39314897125969","0.001","0.310310104511298","0.355387799974688","0.0610349025139682",NA,"RUNARMS3C, RUNARMS5A, RUNARMS5B, RUNARMS4B, RUNARMS1A, RUNARMS2A, RUNARMS3B, RUNARMS9B, RUNARMS1B, RODARMS1A, RODARMS1B, RODARMS1C, RODARMS2A, RODARMS2B, RODARMS2C, RODARMS3A, RODARMS3B"
"336","0.293268191573293","6.22445858690343","0.001","0.309929378856701","0.355387798659709","0.146862839410288",NA,"RUNARMS6B, RUNARMS9C, RUNARMS4A, RUNARMS2A, RUNARMS1A, RUNARMS9B, RUNARMS8B, RUNARMS7C, RUNARMS5B, RODARMS1A, RODARMS1B, RODARMS1C, RODARMS2A, RODARMS2B, RODARMS2C, RODARMS3A, RODARMS3B"
"337","0.302660262760872","6.51031871407076","0.001","0.307082409273882","0.35538779865971","0.0636778006399602",NA,"RUNARMS9C, RUNARMS7B, RUNARMS8B, RUNARMS1B, RUNARMS8C, RUNARMS5B, RUNARMS2A, RUNARMS3B, RUNARMS4B, RODARMS1A, RODARMS1B, RODARMS1C, RODARMS2A, RODARMS2B, RODARMS2C, RODARMS3A, RODARMS3B"
"338","0.295416556552188","6.28917467404419","0.001","0.305488760401082","0.355387798718378","0.025575752737186",NA,"RUNARMS7B, RUNARMS9B, RUNARMS6B, RUNARMS3C, RUNARMS8C, RUNARMS4C, RUNARMS1A, RUNARMS1C, RUNARMS9C, RODARMS1A, RODARMS1B, RODARMS1C, RODARMS2A, RODARMS2B, RODARMS2C, RODARMS3A, RODARMS3B"
"339","0.286985293674553","6.0374342449445","0.001","0.315421315009323","0.355387798659706","0.0845117121204743",NA,"RUNARMS3C, RUNARMS6C, RUNARMS1A, RUNARMS9C, RUNARMS5C, RUNARMS8C, RUNARMS4C, RUNARMS2C, RUNARMS6B, RODARMS1A, RODARMS1B, RODARMS1C, RODARMS2A, RODARMS2B, RODARMS2C, RODARMS3A, RODARMS3B"
"340","0.305883804410148","6.61021468063165","0.001","0.308016865152161","0.355387798659706","0.0884288613902971",NA,"RUNARMS2A, RUNARMS9B, RUNARMS1B, RUNARMS4B, RUNARMS3B, RUNARMS6A, RUNARMS6B, RUNARMS7C, RUNARMS5A, RODARMS1A, RODARMS1B, RODARMS1C, RODARMS2A, RODARMS2B, RODARMS2C, RODARMS3A, RODARMS3B"
"341","0.259364807394304","5.25288583334412","0.001","0.338272421350127","0.355387800120144","0.444126585048387",NA,"RUNARMS5A, RUNARMS7A, RUNARMS6B, RUNARMS1C, RUNARMS3A, RUNARMS8A, RUNARMS4A, RUNARMS9C, RUNARMS1A, RODARMS1A, RODARMS1B, RODARMS1C, RODARMS2A, RODARMS2B, RODARMS2C, RODARMS3A, RODARMS3B"
"342","0.283035328880955","5.92153296282768","0.001","0.311759688206642","0.355387798660171","0.0803160863226461",NA,"RUNARMS1B, RUNARMS9B, RUNARMS1A, RUNARMS2B, RUNARMS6C, RUNARMS5C, RUNARMS5A, RUNARMS4C, RUNARMS8C, RODARMS1A, RODARMS1B, RODARMS1C, RODARMS2A, RODARMS2B, RODARMS2C, RODARMS3A, RODARMS3B"
"343","0.318788425912315","7.01959063905925","0.001","0.296810653320057","0.355387798659706","0.0234335025391906",NA,"RUNARMS9C, RUNARMS7B, RUNARMS9A, RUNARMS5B, RUNARMS4B, RUNARMS3C, RUNARMS8A, RUNARMS5C, RUNARMS1A, RODARMS1A, RODARMS1B, RODARMS1C, RODARMS2A, RODARMS2B, RODARMS2C, RODARMS3A, RODARMS3B"
"344","0.308642128647132","6.69643338354939","0.001","0.304780633405276","0.355387800084043","0.0389157721406907",NA,"RUNARMS9A, RUNARMS4B, RUNARMS4C, RUNARMS3B, RUNARMS5C, RUNARMS9B, RUNARMS1C, RUNARMS2C, RUNARMS8C, RODARMS1A, RODARMS1B, RODARMS1C, RODARMS2A, RODARMS2B, RODARMS2C, RODARMS3A, RODARMS3B"
"345","0.307355665713167","6.65613614012224","0.001","0.301342872790607","0.355387798684761","0.0493071266894126",NA,"RUNARMS9B, RUNARMS8A, RUNARMS5A, RUNARMS5C, RUNARMS3B, RUNARMS7B, RUNARMS3C, RUNARMS1B, RUNARMS5B, RODARMS1A, RODARMS1B, RODARMS1C, RODARMS2A, RODARMS2B, RODARMS2C, RODARMS3A, RODARMS3B"
"346","0.289254367256184","6.10459679096849","0.001","0.312092662963753","0.355387799524284","0.116819002436277",NA,"RUNARMS1B, RUNARMS4A, RUNARMS2C, RUNARMS3B, RUNARMS3A, RUNARMS6A, RUNARMS7A, RUNARMS8C, RUNARMS8B, RODARMS1A, RODARMS1B, RODARMS1C, RODARMS2A, RODARMS2B, RODARMS2C, RODARMS3A, RODARMS3B"
"347","0.284512980304768","5.96474092065202","0.001","0.317598403640947","0.355387798664816","0.194566150247445",NA,"RUNARMS8A, RUNARMS6A, RUNARMS7A, RUNARMS5A, RUNARMS1B, RUNARMS2B, RUNARMS1A, RUNARMS3C, RUNARMS5B, RODARMS1A, RODARMS1B, RODARMS1C, RODARMS2A, RODARMS2B, RODARMS2C, RODARMS3A, RODARMS3B"
"348","0.299824108105872","6.42318833546488","0.001","0.306728672977982","0.355387798797696","0.160446768810741",NA,"RUNARMS8A, RUNARMS1C, RUNARMS7A, RUNARMS8B, RUNARMS3A, RUNARMS3C, RUNARMS6A, RUNARMS2A, RUNARMS7C, RODARMS1A, RODARMS1B, RODARMS1C, RODARMS2A, RODARMS2B, RODARMS2C, RODARMS3A, RODARMS3B"
"349","0.273936392961304","5.65934699740509","0.001","0.322594340645032","0.355387799332524","0.177140181442981",NA,"RUNARMS1A, RUNARMS4A, RUNARMS7B, RUNARMS2C, RUNARMS6B, RUNARMS5A, RUNARMS3C, RUNARMS2B, RUNARMS4C, RODARMS1A, RODARMS1B, RODARMS1C, RODARMS2A, RODARMS2B, RODARMS2C, RODARMS3A, RODARMS3B"
"350","0.314049724727596","6.86747427726188","0.001","0.30531982687969","0.355387798659743","0.0524166957458741",NA,"RUNARMS8C, RUNARMS9C, RUNARMS5A, RUNARMS9A, RUNARMS2C, RUNARMS2A, RUNARMS5B, RUNARMS1C, RUNARMS5C, RODARMS1A, RODARMS1B, RODARMS1C, RODARMS2A, RODARMS2B, RODARMS2C, RODARMS3A, RODARMS3B"
"351","0.303114521805798","6.52434003771842","0.001","0.299726043619555","0.355387799758876","0.0488291029550699",NA,"RUNARMS7B, RUNARMS8B, RUNARMS1C, RUNARMS2B, RUNARMS6C, RUNARMS5C, RUNARMS3B, RUNARMS4C, RUNARMS1B, RODARMS1A, RODARMS1B, RODARMS1C, RODARMS2A, RODARMS2B, RODARMS2C, RODARMS3A, RODARMS3B"
"352","0.267356547716514","5.47380612390427","0.001","0.328419666984499","0.355387798659706","0.25808232273257",NA,"RUNARMS8A, RUNARMS1A, RUNARMS3C, RUNARMS5B, RUNARMS2B, RUNARMS3A, RUNARMS9B, RUNARMS6C, RUNARMS9C, RODARMS1A, RODARMS1B, RODARMS1C, RODARMS2A, RODARMS2B, RODARMS2C, RODARMS3A, RODARMS3B"
"353","0.286647368452971","6.02746851507353","0.001","0.313252459181565","0.355387798659708","0.139787569349541",NA,"RUNARMS7C, RUNARMS4B, RUNARMS3B, RUNARMS2C, RUNARMS8C, RUNARMS6C, RUNARMS6B, RUNARMS1C, RUNARMS7B, RODARMS1A, RODARMS1B, RODARMS1C, RODARMS2A, RODARMS2B, RODARMS2C, RODARMS3A, RODARMS3B"
"354","0.313324456646194","6.84437780722203","0.001","0.304251380384958","0.355387798698453","0.0964012926551521",NA,"RUNARMS4B, RUNARMS7B, RUNARMS1C, RUNARMS2A, RUNARMS6C, RUNARMS9A, RUNARMS5C, RUNARMS8A, RUNARMS4C, RODARMS1A, RODARMS1B, RODARMS1C, RODARMS2A, RODARMS2B, RODARMS2C, RODARMS3A, RODARMS3B"
"355","0.275676720023777","5.70898508258965","0.001","0.329780151963497","0.355387798659706","0.305125933971232",NA,"RUNARMS5A, RUNARMS2A, RUNARMS9A, RUNARMS5C, RUNARMS3A, RUNARMS6C, RUNARMS1B, RUNARMS2C, RUNARMS7A, RODARMS1A, RODARMS1B, RODARMS1C, RODARMS2A, RODARMS2B, RODARMS2C, RODARMS3A, RODARMS3B"
"356","0.308139006523503","6.68065571181758","0.001","0.302727543823429","0.355387799881197","0.0700015467863472",NA,"RUNARMS7C, RUNARMS1B, RUNARMS9C, RUNARMS1C, RUNARMS9B, RUNARMS9A, RUNARMS4C, RUNARMS2C, RUNARMS7B, RODARMS1A, RODARMS1B, RODARMS1C, RODARMS2A, RODARMS2B, RODARMS2C, RODARMS3A, RODARMS3B"
"357","0.294743576967654","6.26885982194313","0.001","0.30481549050126","0.355387798659707","0.0608324879210524",NA,"RUNARMS2C, RUNARMS6C, RUNARMS1B, RUNARMS8B, RUNARMS6B, RUNARMS4B, RUNARMS7A, RUNARMS5C, RUNARMS9C, RODARMS1A, RODARMS1B, RODARMS1C, RODARMS2A, RODARMS2B, RODARMS2C, RODARMS3A, RODARMS3B"
"358","0.291066446255057","6.15854147509661","0.001","0.307416402512949","0.355387798659712","0.0950879942186705",NA,"RUNARMS3A, RUNARMS9B, RUNARMS6C, RUNARMS9A, RUNARMS1B, RUNARMS8B, RUNARMS1C, RUNARMS9C, RUNARMS5C, RODARMS1A, RODARMS1B, RODARMS1C, RODARMS2A, RODARMS2B, RODARMS2C, RODARMS3A, RODARMS3B"
"359","0.289587954825544","6.1145068582226","0.001","0.307313893469254","0.355387798659707","0.093769994634266",NA,"RUNARMS6C, RUNARMS4B, RUNARMS3A, RUNARMS1B, RUNARMS3C, RUNARMS4A, RUNARMS5C, RUNARMS5A, RUNARMS9C, RODARMS1A, RODARMS1B, RODARMS1C, RODARMS2A, RODARMS2B, RODARMS2C, RODARMS3A, RODARMS3B"
"360","0.309373149481847","6.71939881680828","0.001","0.299979188272303","0.355387798660398","0.0339589014782149",NA,"RUNARMS6B, RUNARMS5A, RUNARMS6A, RUNARMS3C, RUNARMS3B, RUNARMS7A, RUNARMS4A, RUNARMS4B, RUNARMS1B, RODARMS1A, RODARMS1B, RODARMS1C, RODARMS2A, RODARMS2B, RODARMS2C, RODARMS3A, RODARMS3B"
"361","0.288084405300991","6.06991350054899","0.001","0.3146205035752","0.355387798865773","0.101780001554639",NA,"RUNARMS1B, RUNARMS5B, RUNARMS2A, RUNARMS7A, RUNARMS5C, RUNARMS1A, RUNARMS9B, RUNARMS6C, RUNARMS4B, RODARMS1A, RODARMS1B, RODARMS1C, RODARMS2A, RODARMS2B, RODARMS2C, RODARMS3A, RODARMS3B"
"362","0.292643099655561","6.20570251409994","0.001","0.320742679983909","0.355387799676665","0.182121624511087",NA,"RUNARMS5B, RUNARMS9A, RUNARMS2B, RUNARMS3A, RUNARMS1B, RUNARMS6A, RUNARMS7C, RUNARMS2A, RUNARMS7A, RODARMS1A, RODARMS1B, RODARMS1C, RODARMS2A, RODARMS2B, RODARMS2C, RODARMS3A, RODARMS3B"
"363","0.319226734655129","7.03376772206409","0.001","0.289928373473847","0.355387798659706","0.032341362205247",NA,"RUNARMS6A, RUNARMS2B, RUNARMS7C, RUNARMS9B, RUNARMS3C, RUNARMS9C, RUNARMS5C, RUNARMS1A, RUNARMS4C, RODARMS1A, RODARMS1B, RODARMS1C, RODARMS2A, RODARMS2B, RODARMS2C, RODARMS3A, RODARMS3B"
"364","0.299185756611389","6.40367457069833","0.001","0.310835656002768","0.355387798659707","0.100320722999751",NA,"RUNARMS2C, RUNARMS1C, RUNARMS9B, RUNARMS8A, RUNARMS9A, RUNARMS6A, RUNARMS7B, RUNARMS6C, RUNARMS7A, RODARMS1A, RODARMS1B, RODARMS1C, RODARMS2A, RODARMS2B, RODARMS2C, RODARMS3A, RODARMS3B"
"365","0.293300634454319","6.22543295113571","0.001","0.323379675228098","0.355387798659706","0.169577865922847",NA,"RUNARMS9A, RUNARMS2A, RUNARMS7B, RUNARMS5B, RUNARMS1B, RUNARMS8A, RUNARMS4B, RUNARMS9C, RUNARMS6C, RODARMS1A, RODARMS1B, RODARMS1C, RODARMS2A, RODARMS2B, RODARMS2C, RODARMS3A, RODARMS3B"
"366","0.296408192534517","6.31917944586908","0.001","0.304834735332113","0.355387799274685","0.0944600800326858",NA,"RUNARMS6A, RUNARMS8C, RUNARMS7C, RUNARMS5A, RUNARMS1B, RUNARMS3C, RUNARMS8A, RUNARMS9B, RUNARMS3A, RODARMS1A, RODARMS1B, RODARMS1C, RODARMS2A, RODARMS2B, RODARMS2C, RODARMS3A, RODARMS3B"
"367","0.282775687525891","5.9139591883836","0.001","0.325320140957874","0.355387799178797","0.251533884397022",NA,"RUNARMS9B, RUNARMS1B, RUNARMS5A, RUNARMS5B, RUNARMS6B, RUNARMS8A, RUNARMS2A, RUNARMS8B, RUNARMS3B, RODARMS1A, RODARMS1B, RODARMS1C, RODARMS2A, RODARMS2B, RODARMS2C, RODARMS3A, RODARMS3B"
"368","0.284554818969754","5.96596692202174","0.001","0.314917991161574","0.355387798659706","0.105595917291461",NA,"RUNARMS9A, RUNARMS7A, RUNARMS6B, RUNARMS1B, RUNARMS1A, RUNARMS4B, RUNARMS1C, RUNARMS8C, RUNARMS3C, RODARMS1A, RODARMS1B, RODARMS1C, RODARMS2A, RODARMS2B, RODARMS2C, RODARMS3A, RODARMS3B"
"369","0.292937952832014","6.21454554105949","0.001","0.313640250945521","0.355387798870714","0.102721612165248",NA,"RUNARMS4B, RUNARMS2A, RUNARMS2C, RUNARMS1B, RUNARMS7B, RUNARMS1C, RUNARMS5A, RUNARMS5B, RUNARMS3C, RODARMS1A, RODARMS1B, RODARMS1C, RODARMS2A, RODARMS2B, RODARMS2C, RODARMS3A, RODARMS3B"
"370","0.303511700836095","6.53661449590273","0.001","0.304752610005063","0.355387798679691","0.0544710211711774",NA,"RUNARMS9B, RUNARMS9A, RUNARMS5A, RUNARMS7C, RUNARMS5C, RUNARMS1A, RUNARMS3C, RUNARMS3B, RUNARMS6B, RODARMS1A, RODARMS1B, RODARMS1C, RODARMS2A, RODARMS2B, RODARMS2C, RODARMS3A, RODARMS3B"
"371","0.308344736622812","6.68710453638215","0.001","0.299684451927046","0.35538779873144","0.0469582280713251",NA,"RUNARMS5B, RUNARMS7C, RUNARMS2B, RUNARMS1C, RUNARMS8B, RUNARMS6C, RUNARMS4B, RUNARMS4C, RUNARMS2A, RODARMS1A, RODARMS1B, RODARMS1C, RODARMS2A, RODARMS2B, RODARMS2C, RODARMS3A, RODARMS3B"
"372","0.316124542397053","6.93381826067647","0.001","0.29502720087936","0.355387798660917","0.0179491461888766",NA,"RUNARMS9B, RUNARMS8B, RUNARMS3B, RUNARMS3C, RUNARMS9A, RUNARMS5C, RUNARMS2B, RUNARMS1B, RUNARMS9C, RODARMS1A, RODARMS1B, RODARMS1C, RODARMS2A, RODARMS2B, RODARMS2C, RODARMS3A, RODARMS3B"
"373","0.295642073434168","6.2959909078244","0.001","0.303696691948753","0.355387798659706","0.0633002715706405",NA,"RUNARMS5B, RUNARMS1A, RUNARMS8C, RUNARMS1B, RUNARMS4C, RUNARMS5C, RUNARMS2C, RUNARMS7A, RUNARMS8B, RODARMS1A, RODARMS1B, RODARMS1C, RODARMS2A, RODARMS2B, RODARMS2C, RODARMS3A, RODARMS3B"
"374","0.293514245097256","6.23185060124097","0.001","0.311515006386345","0.35538779865974","0.088533445935762",NA,"RUNARMS6A, RUNARMS3C, RUNARMS1A, RUNARMS3A, RUNARMS6C, RUNARMS9A, RUNARMS7B, RUNARMS2C, RUNARMS5B, RODARMS1A, RODARMS1B, RODARMS1C, RODARMS2A, RODARMS2B, RODARMS2C, RODARMS3A, RODARMS3B"
"375","0.288090632852336","6.07009781329187","0.001","0.319607991190773","0.355387799712068","0.14881742218998",NA,"RUNARMS5A, RUNARMS8C, RUNARMS3B, RUNARMS1B, RUNARMS9A, RUNARMS3C, RUNARMS2C, RUNARMS6B, RUNARMS5B, RODARMS1A, RODARMS1B, RODARMS1C, RODARMS2A, RODARMS2B, RODARMS2C, RODARMS3A, RODARMS3B"
"376","0.284898222861475","5.97603513170168","0.001","0.311157769957752","0.355387798659707","0.103045956640175",NA,"RUNARMS1B, RUNARMS9C, RUNARMS3A, RUNARMS7C, RUNARMS4C, RUNARMS6C, RUNARMS5A, RUNARMS9B, RUNARMS8C, RODARMS1A, RODARMS1B, RODARMS1C, RODARMS2A, RODARMS2B, RODARMS2C, RODARMS3A, RODARMS3B"
"377","0.291697233501907","6.17738445970107","0.002","0.304489210522642","0.355387798659706","0.0611391422845256",NA,"RUNARMS1B, RUNARMS6C, RUNARMS5C, RUNARMS1A, RUNARMS7C, RUNARMS7B, RUNARMS5B, RUNARMS8C, RUNARMS3A, RODARMS1A, RODARMS1B, RODARMS1C, RODARMS2A, RODARMS2B, RODARMS2C, RODARMS3A, RODARMS3B"
"378","0.293686701026598","6.23703464426042","0.001","0.307581881063822","0.355387798659706","0.079052593303178",NA,"RUNARMS6A, RUNARMS4B, RUNARMS7B, RUNARMS6C, RUNARMS3A, RUNARMS1A, RUNARMS5C, RUNARMS5B, RUNARMS2C, RODARMS1A, RODARMS1B, RODARMS1C, RODARMS2A, RODARMS2B, RODARMS2C, RODARMS3A, RODARMS3B"
"379","0.296170797679944","6.31198869065818","0.001","0.310324232590658","0.355387798659706","0.0398966022723509",NA,"RUNARMS7A, RUNARMS5B, RUNARMS4C, RUNARMS6C, RUNARMS4B, RUNARMS1B, RUNARMS4A, RUNARMS3B, RUNARMS8C, RODARMS1A, RODARMS1B, RODARMS1C, RODARMS2A, RODARMS2B, RODARMS2C, RODARMS3A, RODARMS3B"
"380","0.293137791559534","6.22054315662759","0.001","0.318066154330918","0.355387798659707","0.1971359597781",NA,"RUNARMS3B, RUNARMS6A, RUNARMS7A, RUNARMS1B, RUNARMS7C, RUNARMS6B, RUNARMS2A, RUNARMS1A, RUNARMS3C, RODARMS1A, RODARMS1B, RODARMS1C, RODARMS2A, RODARMS2B, RODARMS2C, RODARMS3A, RODARMS3B"
"381","0.286795333459679","6.03183097884564","0.001","0.321457774724116","0.355387798659706","0.153925921970886",NA,"RUNARMS9B, RUNARMS4C, RUNARMS8A, RUNARMS4A, RUNARMS9C, RUNARMS1A, RUNARMS3B, RUNARMS7A, RUNARMS6C, RODARMS1A, RODARMS1B, RODARMS1C, RODARMS2A, RODARMS2B, RODARMS2C, RODARMS3A, RODARMS3B"
"382","0.307820053990472","6.67066539051903","0.001","0.307922777292853","0.356861134179743","0.0777443365729458",NA,"RUNARMS9C, RUNARMS4B, RUNARMS7C, RUNARMS1C, RUNARMS5B, RUNARMS4C, RUNARMS8A, RUNARMS2C, RUNARMS3C, RODARMS1A, RODARMS1B, RODARMS1C, RODARMS2A, RODARMS2B, RODARMS2C, RODARMS3A, RODARMS3B"
"383","0.311999063780834","6.80229591318707","0.001","0.302970133501144","0.355387798659706","0.046997491148187",NA,"RUNARMS7C, RUNARMS8C, RUNARMS1C, RUNARMS5B, RUNARMS3C, RUNARMS1B, RUNARMS2A, RUNARMS6A, RUNARMS4A, RODARMS1A, RODARMS1B, RODARMS1C, RODARMS2A, RODARMS2B, RODARMS2C, RODARMS3A, RODARMS3B"
"384","0.301732338258771","6.48173375607195","0.001","0.305771452778683","0.355387799122377","0.0890942632400772",NA,"RUNARMS7A, RUNARMS3A, RUNARMS1A, RUNARMS6A, RUNARMS8C, RUNARMS7C, RUNARMS9A, RUNARMS9C, RUNARMS4A, RODARMS1A, RODARMS1B, RODARMS1C, RODARMS2A, RODARMS2B, RODARMS2C, RODARMS3A, RODARMS3B"
"385","0.295761701114381","6.29960841910454","0.001","0.308461411692618","0.355387798659707","0.0647228197571754",NA,"RUNARMS2C, RUNARMS9C, RUNARMS4B, RUNARMS1B, RUNARMS4C, RUNARMS1A, RUNARMS8C, RUNARMS3C, RUNARMS1C, RODARMS1A, RODARMS1B, RODARMS1C, RODARMS2A, RODARMS2B, RODARMS2C, RODARMS3A, RODARMS3B"
"386","0.298822877076384","6.39259754718787","0.001","0.304320719639716","0.35538779865971","0.0426204140736722",NA,"RUNARMS9C, RUNARMS1A, RUNARMS4A, RUNARMS5B, RUNARMS9B, RUNARMS5C, RUNARMS6C, RUNARMS7B, RUNARMS2C, RODARMS1A, RODARMS1B, RODARMS1C, RODARMS2A, RODARMS2B, RODARMS2C, RODARMS3A, RODARMS3B"
"387","0.288749520984815","6.08961672794846","0.001","0.319263467220685","0.355387798799209","0.153331798796072",NA,"RUNARMS7A, RUNARMS6B, RUNARMS2C, RUNARMS9A, RUNARMS9C, RUNARMS7C, RUNARMS4B, RUNARMS1B, RUNARMS1C, RODARMS1A, RODARMS1B, RODARMS1C, RODARMS2A, RODARMS2B, RODARMS2C, RODARMS3A, RODARMS3B"
"388","0.292936208259698","6.21449319739648","0.001","0.320974235630409","0.355387798723303","0.110683812250518",NA,"RUNARMS5B, RUNARMS8C, RUNARMS4A, RUNARMS1B, RUNARMS2A, RUNARMS5A, RUNARMS2B, RUNARMS9C, RUNARMS9A, RODARMS1A, RODARMS1B, RODARMS1C, RODARMS2A, RODARMS2B, RODARMS2C, RODARMS3A, RODARMS3B"
"389","0.261240596327129","5.30431007094446","0.001","0.332581574683002","0.355387798659708","0.354392451755717",NA,"RUNARMS2B, RUNARMS3C, RUNARMS9C, RUNARMS8C, RUNARMS3A, RUNARMS6C, RUNARMS7A, RUNARMS1B, RUNARMS8A, RODARMS1A, RODARMS1B, RODARMS1C, RODARMS2A, RODARMS2B, RODARMS2C, RODARMS3A, RODARMS3B"
"390","0.296488556140317","6.3216147809982","0.001","0.304405511246284","0.355387798896988","0.07529038455286",NA,"RUNARMS3A, RUNARMS1B, RUNARMS9A, RUNARMS7B, RUNARMS9B, RUNARMS1C, RUNARMS7A, RUNARMS5C, RUNARMS5B, RODARMS1A, RODARMS1B, RODARMS1C, RODARMS2A, RODARMS2B, RODARMS2C, RODARMS3A, RODARMS3B"
"391","0.299397438300997","6.41014152677961","0.001","0.298399138531354","0.355387798659706","0.104290951309666",NA,"RUNARMS6B, RUNARMS7C, RUNARMS1B, RUNARMS7B, RUNARMS8C, RUNARMS7A, RUNARMS8B, RUNARMS2A, RUNARMS4B, RODARMS1A, RODARMS1B, RODARMS1C, RODARMS2A, RODARMS2B, RODARMS2C, RODARMS3A, RODARMS3B"
"392","0.291617889410844","6.17501243435497","0.001","0.3070125982681","0.355387798659706","0.0616226405591948",NA,"RUNARMS1A, RUNARMS1B, RUNARMS9B, RUNARMS9C, RUNARMS3C, RUNARMS2B, RUNARMS4A, RUNARMS5C, RUNARMS7B, RODARMS1A, RODARMS1B, RODARMS1C, RODARMS2A, RODARMS2B, RODARMS2C, RODARMS3A, RODARMS3B"
"393","0.308913106233584","6.70494063090991","0.001","0.294852925943756","0.355387800085011","0.0445367857583866",NA,"RUNARMS4C, RUNARMS5B, RUNARMS5C, RUNARMS1A, RUNARMS6C, RUNARMS6A, RUNARMS2B, RUNARMS4A, RUNARMS8B, RODARMS1A, RODARMS1B, RODARMS1C, RODARMS2A, RODARMS2B, RODARMS2C, RODARMS3A, RODARMS3B"
"394","0.300609569117965","6.44724797146965","0.001","0.310675004066814","0.355387798659706","0.113978956566611",NA,"RUNARMS8A, RUNARMS4B, RUNARMS5C, RUNARMS9C, RUNARMS9B, RUNARMS5A, RUNARMS2A, RUNARMS1B, RUNARMS2B, RODARMS1A, RODARMS1B, RODARMS1C, RODARMS2A, RODARMS2B, RODARMS2C, RODARMS3A, RODARMS3B"
"395","0.292384874855817","6.1979640725509","0.001","0.306638879326337","0.355387798659762","0.0667796023228117",NA,"RUNARMS2B, RUNARMS9A, RUNARMS5C, RUNARMS3A, RUNARMS1C, RUNARMS1A, RUNARMS6C, RUNARMS8B, RUNARMS5B, RODARMS1A, RODARMS1B, RODARMS1C, RODARMS2A, RODARMS2B, RODARMS2C, RODARMS3A, RODARMS3B"
"396","0.329057501824847","7.35661035155382","0.001","0.282756020743598","0.355387798660064","0.00876684441164489",NA,"RUNARMS5C, RUNARMS8B, RUNARMS4C, RUNARMS5B, RUNARMS4B, RUNARMS1C, RUNARMS3A, RUNARMS9A, RUNARMS7C, RODARMS1A, RODARMS1B, RODARMS1C, RODARMS2A, RODARMS2B, RODARMS2C, RODARMS3A, RODARMS3B"
"397","0.282766890086303","5.91370266189318","0.001","0.318500127942538","0.355387799430275","0.216987318208834",NA,"RUNARMS6A, RUNARMS7C, RUNARMS9B, RUNARMS4B, RUNARMS7A, RUNARMS1B, RUNARMS6B, RUNARMS2B, RUNARMS8A, RODARMS1A, RODARMS1B, RODARMS1C, RODARMS2A, RODARMS2B, RODARMS2C, RODARMS3A, RODARMS3B"
"398","0.311498709882537","6.78645155107973","0.001","0.297777954605931","0.359518542053981","0.0253734132953956",NA,"RUNARMS8B, RUNARMS2C, RUNARMS7B, RUNARMS9C, RUNARMS5B, RUNARMS1C, RUNARMS2B, RUNARMS4B, RUNARMS5C, RODARMS1A, RODARMS1B, RODARMS1C, RODARMS2A, RODARMS2B, RODARMS2C, RODARMS3A, RODARMS3B"
"399","0.297289386140307","6.34591352991145","0.001","0.298767769381579","0.355387798711163","0.0464936445771292",NA,"RUNARMS8C, RUNARMS7B, RUNARMS1A, RUNARMS5C, RUNARMS9B, RUNARMS5A, RUNARMS2C, RUNARMS7C, RUNARMS6C, RODARMS1A, RODARMS1B, RODARMS1C, RODARMS2A, RODARMS2B, RODARMS2C, RODARMS3A, RODARMS3B"
"400","0.28083393908342","5.85749149630676","0.001","0.322016710606781","0.355387798659856","0.229075350463681",NA,"RUNARMS9B, RUNARMS7B, RUNARMS6C, RUNARMS1A, RUNARMS3A, RUNARMS5A, RUNARMS6A, RUNARMS2A, RUNARMS9A, RODARMS1A, RODARMS1B, RODARMS1C, RODARMS2A, RODARMS2B, RODARMS2C, RODARMS3A, RODARMS3B"
"401","0.299028467800418","6.3988718670663","0.001","0.300600473791523","0.355387798659706","0.0739272638620134",NA,"RUNARMS3A, RUNARMS3C, RUNARMS7A, RUNARMS5A, RUNARMS4C, RUNARMS6C, RUNARMS1A, RUNARMS6A, RUNARMS5C, RODARMS1A, RODARMS1B, RODARMS1C, RODARMS2A, RODARMS2B, RODARMS2C, RODARMS3A, RODARMS3B"
"402","0.289463143247901","6.11079792336993","0.001","0.316671806087522","0.355387798659706","0.196335798826678",NA,"RUNARMS2C, RUNARMS1A, RUNARMS1B, RUNARMS4C, RUNARMS6A, RUNARMS8A, RUNARMS3C, RUNARMS7A, RUNARMS4B, RODARMS1A, RODARMS1B, RODARMS1C, RODARMS2A, RODARMS2B, RODARMS2C, RODARMS3A, RODARMS3B"
"403","0.289552608531236","6.11345636583915","0.002","0.311684381365402","0.3553877986917","0.0925811458673442",NA,"RUNARMS9A, RUNARMS1B, RUNARMS7A, RUNARMS3C, RUNARMS3A, RUNARMS7C, RUNARMS5B, RUNARMS4B, RUNARMS1A, RODARMS1A, RODARMS1B, RODARMS1C, RODARMS2A, RODARMS2B, RODARMS2C, RODARMS3A, RODARMS3B"
"404","0.288421639058632","6.07989902918923","0.001","0.314987450004974","0.355387798659707","0.181117443678777",NA,"RUNARMS6B, RUNARMS9C, RUNARMS9B, RUNARMS4A, RUNARMS1A, RUNARMS2B, RUNARMS6A, RUNARMS2A, RUNARMS8B, RODARMS1A, RODARMS1B, RODARMS1C, RODARMS2A, RODARMS2B, RODARMS2C, RODARMS3A, RODARMS3B"
"405","0.27840026155932","5.78714722432387","0.001","0.317482010397995","0.355387798669701","0.128897449348153",NA,"RUNARMS1C, RUNARMS2A, RUNARMS3C, RUNARMS8C, RUNARMS7A, RUNARMS5A, RUNARMS3A, RUNARMS7B, RUNARMS6C, RODARMS1A, RODARMS1B, RODARMS1C, RODARMS2A, RODARMS2B, RODARMS2C, RODARMS3A, RODARMS3B"
"406","0.348843512630549","8.03593727614871","0.001","0.289786590031947","0.364880534336356","0.0101457698426635",NA,"RUNARMS7B, RUNARMS4C, RUNARMS7C, RUNARMS2A, RUNARMS5C, RUNARMS3C, RUNARMS6A, RUNARMS9A, RUNARMS1C, RODARMS1A, RODARMS1B, RODARMS1C, RODARMS2A, RODARMS2B, RODARMS2C, RODARMS3A, RODARMS3B"
"407","0.314621407780677","6.88571421734743","0.001","0.30780507354339","0.355387798659715","0.0331186613443759",NA,"RUNARMS2A, RUNARMS9C, RUNARMS1C, RUNARMS4B, RUNARMS7A, RUNARMS4C, RUNARMS9A, RUNARMS9B, RUNARMS3B, RODARMS1A, RODARMS1B, RODARMS1C, RODARMS2A, RODARMS2B, RODARMS2C, RODARMS3A, RODARMS3B"
"408","0.316198965274406","6.93620547242873","0.001","0.29222428670926","0.355387798659824","0.033920583120469",NA,"RUNARMS5C, RUNARMS6C, RUNARMS2A, RUNARMS8B, RUNARMS1C, RUNARMS3C, RUNARMS2B, RUNARMS7C, RUNARMS4C, RODARMS1A, RODARMS1B, RODARMS1C, RODARMS2A, RODARMS2B, RODARMS2C, RODARMS3A, RODARMS3B"
"409","0.302779761299367","6.51400542811924","0.001","0.304266834397162","0.355387799273191","0.0892891393102194",NA,"RUNARMS5A, RUNARMS6A, RUNARMS6C, RUNARMS3C, RUNARMS2B, RUNARMS1A, RUNARMS9C, RUNARMS9A, RUNARMS5C, RODARMS1A, RODARMS1B, RODARMS1C, RODARMS2A, RODARMS2B, RODARMS2C, RODARMS3A, RODARMS3B"
"410","0.301298625883435","6.46839916976824","0.001","0.311026703481116","0.355387798659706","0.0627201884874358",NA,"RUNARMS4B, RUNARMS9C, RUNARMS3C, RUNARMS2A, RUNARMS6A, RUNARMS1C, RUNARMS2B, RUNARMS8C, RUNARMS1B, RODARMS1A, RODARMS1B, RODARMS1C, RODARMS2A, RODARMS2B, RODARMS2C, RODARMS3A, RODARMS3B"
"411","0.276122320375956","5.72173299747335","0.001","0.323797249643076","0.355387798659709","0.176510324314165",NA,"RUNARMS5A, RUNARMS7B, RUNARMS4A, RUNARMS6B, RUNARMS5B, RUNARMS1C, RUNARMS3B, RUNARMS1A, RUNARMS2B, RODARMS1A, RODARMS1B, RODARMS1C, RODARMS2A, RODARMS2B, RODARMS2C, RODARMS3A, RODARMS3B"
"412","0.304029352366958","6.55263307585481","0.001","0.313638668348995","0.355387798802395","0.106335573708846",NA,"RUNARMS7A, RUNARMS5A, RUNARMS2A, RUNARMS1B, RUNARMS9C, RUNARMS8C, RUNARMS7C, RUNARMS9A, RUNARMS3B, RODARMS1A, RODARMS1B, RODARMS1C, RODARMS2A, RODARMS2B, RODARMS2C, RODARMS3A, RODARMS3B"
"413","0.298015597319548","6.36799613029023","0.001","0.30555289277453","0.355387798659715","0.0693570252096414",NA,"RUNARMS5A, RUNARMS2C, RUNARMS2B, RUNARMS4C, RUNARMS5C, RUNARMS1A, RUNARMS4B, RUNARMS9A, RUNARMS8B, RODARMS1A, RODARMS1B, RODARMS1C, RODARMS2A, RODARMS2B, RODARMS2C, RODARMS3A, RODARMS3B"
"414","0.305237127585989","6.59010015587228","0.001","0.306834255622527","0.360151752520923","0.0540327714877189",NA,"RUNARMS5B, RUNARMS1C, RUNARMS3C, RUNARMS6C, RUNARMS4B, RUNARMS6B, RUNARMS7B, RUNARMS8A, RUNARMS4C, RODARMS1A, RODARMS1B, RODARMS1C, RODARMS2A, RODARMS2B, RODARMS2C, RODARMS3A, RODARMS3B"
"415","0.309363766352657","6.71910373248588","0.001","0.297041583143644","0.356053046374446","0.0323631063543486",NA,"RUNARMS5A, RUNARMS7B, RUNARMS7A, RUNARMS1C, RUNARMS5B, RUNARMS9B, RUNARMS8C, RUNARMS5C, RUNARMS2A, RODARMS1A, RODARMS1B, RODARMS1C, RODARMS2A, RODARMS2B, RODARMS2C, RODARMS3A, RODARMS3B"
"416","0.289781796570617","6.1202696967925","0.001","0.313907247266105","0.355685038762021","0.091959254393057",NA,"RUNARMS2C, RUNARMS6C, RUNARMS8A, RUNARMS4C, RUNARMS3C, RUNARMS1C, RUNARMS8C, RUNARMS7A, RUNARMS5A, RODARMS1A, RODARMS1B, RODARMS1C, RODARMS2A, RODARMS2B, RODARMS2C, RODARMS3A, RODARMS3B"
"417","0.281307086195029","5.87122289906213","0.001","0.322399954932088","0.355387798659706","0.159101216478821",NA,"RUNARMS8C, RUNARMS6A, RUNARMS7A, RUNARMS5B, RUNARMS2B, RUNARMS2A, RUNARMS6C, RUNARMS1A, RUNARMS4B, RODARMS1A, RODARMS1B, RODARMS1C, RODARMS2A, RODARMS2B, RODARMS2C, RODARMS3A, RODARMS3B"
"418","0.262863618905115","5.34901598225305","0.001","0.339601095194938","0.357677052685668","0.426968893137098",NA,"RUNARMS8A, RUNARMS1B, RUNARMS6B, RUNARMS3A, RUNARMS5A, RUNARMS3B, RUNARMS4A, RUNARMS3C, RUNARMS2B, RODARMS1A, RODARMS1B, RODARMS1C, RODARMS2A, RODARMS2B, RODARMS2C, RODARMS3A, RODARMS3B"
"419","0.292243244479908","6.19372211287099","0.001","0.312733309195562","0.355387799741625","0.0612985007777649",NA,"RUNARMS2B, RUNARMS9C, RUNARMS4A, RUNARMS1C, RUNARMS1B, RUNARMS4B, RUNARMS9A, RUNARMS7B, RUNARMS9B, RODARMS1A, RODARMS1B, RODARMS1C, RODARMS2A, RODARMS2B, RODARMS2C, RODARMS3A, RODARMS3B"
"420","0.285056080092113","5.98066657022918","0.001","0.314592541523193","0.355387798659806","0.0948156725006747",NA,"RUNARMS9C, RUNARMS3A, RUNARMS8C, RUNARMS1B, RUNARMS4C, RUNARMS3C, RUNARMS5C, RUNARMS4A, RUNARMS6C, RODARMS1A, RODARMS1B, RODARMS1C, RODARMS2A, RODARMS2B, RODARMS2C, RODARMS3A, RODARMS3B"
"421","0.281427033243814","5.87470680634378","0.001","0.317763562082194","0.355387798659706","0.0993077829455117",NA,"RUNARMS2C, RUNARMS7B, RUNARMS9A, RUNARMS9B, RUNARMS2B, RUNARMS7A, RUNARMS5A, RUNARMS4B, RUNARMS1B, RODARMS1A, RODARMS1B, RODARMS1C, RODARMS2A, RODARMS2B, RODARMS2C, RODARMS3A, RODARMS3B"
"422","0.300691160529296","6.44975031540179","0.001","0.310930459026069","0.355387798672457","0.0950344187201502",NA,"RUNARMS6C, RUNARMS5C, RUNARMS2A, RUNARMS8C, RUNARMS1A, RUNARMS2C, RUNARMS6A, RUNARMS9C, RUNARMS3C, RODARMS1A, RODARMS1B, RODARMS1C, RODARMS2A, RODARMS2B, RODARMS2C, RODARMS3A, RODARMS3B"
"423","0.290791193725827","6.15032958883079","0.001","0.321281089784531","0.355387798671439","0.12576452261369",NA,"RUNARMS2B, RUNARMS1B, RUNARMS7B, RUNARMS5B, RUNARMS4C, RUNARMS6C, RUNARMS1C, RUNARMS3B, RUNARMS2A, RODARMS1A, RODARMS1B, RODARMS1C, RODARMS2A, RODARMS2B, RODARMS2C, RODARMS3A, RODARMS3B"
"424","0.279504138987544","5.81899537760243","0.001","0.324068322234785","0.355388311916585","0.151716221017324",NA,"RUNARMS1C, RUNARMS3A, RUNARMS5A, RUNARMS4A, RUNARMS1B, RUNARMS6C, RUNARMS3B, RUNARMS5B, RUNARMS9C, RODARMS1A, RODARMS1B, RODARMS1C, RODARMS2A, RODARMS2B, RODARMS2C, RODARMS3A, RODARMS3B"
"425","0.277124220804664","5.7504531645771","0.001","0.32126164814122","0.355387799805541","0.133722452292557",NA,"RUNARMS9A, RUNARMS4A, RUNARMS6B, RUNARMS3C, RUNARMS6C, RUNARMS9B, RUNARMS1A, RUNARMS3A, RUNARMS4C, RODARMS1A, RODARMS1B, RODARMS1C, RODARMS2A, RODARMS2B, RODARMS2C, RODARMS3A, RODARMS3B"
"426","0.298237288525977","6.37474641320445","0.001","0.316006986035844","0.355387799729266","0.113826763165633",NA,"RUNARMS3B, RUNARMS8C, RUNARMS5B, RUNARMS2C, RUNARMS3A, RUNARMS1C, RUNARMS7C, RUNARMS8A, RUNARMS6A, RODARMS1A, RODARMS1B, RODARMS1C, RODARMS2A, RODARMS2B, RODARMS2C, RODARMS3A, RODARMS3B"
"427","0.293201844296408","6.22246624295171","0.001","0.297591964137421","0.355387799163281","0.059054912211268",NA,"RUNARMS7C, RUNARMS1C, RUNARMS3A, RUNARMS6C, RUNARMS8C, RUNARMS4B, RUNARMS7A, RUNARMS8B, RUNARMS1B, RODARMS1A, RODARMS1B, RODARMS1C, RODARMS2A, RODARMS2B, RODARMS2C, RODARMS3A, RODARMS3B"
"428","0.292131557090995","6.19037817021067","0.001","0.311839299816815","0.355387798780166","0.112276725532729",NA,"RUNARMS9C, RUNARMS1C, RUNARMS2B, RUNARMS5C, RUNARMS4B, RUNARMS3B, RUNARMS8B, RUNARMS6B, RUNARMS2C, RODARMS1A, RODARMS1B, RODARMS1C, RODARMS2A, RODARMS2B, RODARMS2C, RODARMS3A, RODARMS3B"
"429","0.273896411994223","5.65820944529013","0.001","0.329590075825712","0.355387798659942","0.325732822191991",NA,"RUNARMS9C, RUNARMS3A, RUNARMS8A, RUNARMS5B, RUNARMS2B, RUNARMS6A, RUNARMS8C, RUNARMS1B, RUNARMS6B, RODARMS1A, RODARMS1B, RODARMS1C, RODARMS2A, RODARMS2B, RODARMS2C, RODARMS3A, RODARMS3B"
"430","0.302512307692705","6.50575582255778","0.001","0.305572857860762","0.35651065932442","0.104477213884506",NA,"RUNARMS6B, RUNARMS5B, RUNARMS7C, RUNARMS3B, RUNARMS8B, RUNARMS1C, RUNARMS9B, RUNARMS2C, RUNARMS9A, RODARMS1A, RODARMS1B, RODARMS1C, RODARMS2A, RODARMS2B, RODARMS2C, RODARMS3A, RODARMS3B"
"431","0.311199962065379","6.777002284985","0.002","0.301849853960293","0.355387798659706","0.0347164909760084",NA,"RUNARMS5C, RUNARMS5B, RUNARMS1B, RUNARMS4B, RUNARMS2C, RUNARMS9C, RUNARMS7C, RUNARMS3B, RUNARMS9B, RODARMS1A, RODARMS1B, RODARMS1C, RODARMS2A, RODARMS2B, RODARMS2C, RODARMS3A, RODARMS3B"
"432","0.278192227594702","5.7811561103244","0.001","0.320862538458358","0.355387799242696","0.113714770277213",NA,"RUNARMS3B, RUNARMS5B, RUNARMS1A, RUNARMS7A, RUNARMS7B, RUNARMS2C, RUNARMS5A, RUNARMS3A, RUNARMS4B, RODARMS1A, RODARMS1B, RODARMS1C, RODARMS2A, RODARMS2B, RODARMS2C, RODARMS3A, RODARMS3B"
"433","0.319401897264883","7.03943845820252","0.001","0.291138474852726","0.358014138726436","0.0262675173824431",NA,"RUNARMS5B, RUNARMS8C, RUNARMS2B, RUNARMS1C, RUNARMS5C, RUNARMS8B, RUNARMS7C, RUNARMS6A, RUNARMS2C, RODARMS1A, RODARMS1B, RODARMS1C, RODARMS2A, RODARMS2B, RODARMS2C, RODARMS3A, RODARMS3B"
"434","0.32035904943303","7.07047704745675","0.001","0.300083642245317","0.355387798661995","0.0239066124140365",NA,"RUNARMS7B, RUNARMS3B, RUNARMS3C, RUNARMS4A, RUNARMS6A, RUNARMS4C, RUNARMS9A, RUNARMS1A, RUNARMS9C, RODARMS1A, RODARMS1B, RODARMS1C, RODARMS2A, RODARMS2B, RODARMS2C, RODARMS3A, RODARMS3B"
"435","0.286155335936651","6.01297488814576","0.001","0.312093207366565","0.355387798659837","0.0827481412994513",NA,"RUNARMS6C, RUNARMS2B, RUNARMS8B, RUNARMS3A, RUNARMS4A, RUNARMS5B, RUNARMS1A, RUNARMS2C, RUNARMS6A, RODARMS1A, RODARMS1B, RODARMS1C, RODARMS2A, RODARMS2B, RODARMS2C, RODARMS3A, RODARMS3B"
"436","0.318675669985427","7.01594650183587","0.001","0.286436196637169","0.355387798659719","0.0168021590703254",NA,"RUNARMS8C, RUNARMS1A, RUNARMS3C, RUNARMS8B, RUNARMS7A, RUNARMS5C, RUNARMS6A, RUNARMS4B, RUNARMS3B, RODARMS1A, RODARMS1B, RODARMS1C, RODARMS2A, RODARMS2B, RODARMS2C, RODARMS3A, RODARMS3B"
"437","0.281737942346703","5.88374269553922","0.001","0.319534867955391","0.355387798710898","0.198453919719595",NA,"RUNARMS3A, RUNARMS8B, RUNARMS3B, RUNARMS1A, RUNARMS7C, RUNARMS4B, RUNARMS8A, RUNARMS4C, RUNARMS2B, RODARMS1A, RODARMS1B, RODARMS1C, RODARMS2A, RODARMS2B, RODARMS2C, RODARMS3A, RODARMS3B"
"438","0.285261563695786","5.98669840335206","0.001","0.317346684054375","0.355387800403245","0.173840978284958",NA,"RUNARMS7A, RUNARMS3A, RUNARMS1C, RUNARMS6C, RUNARMS3C, RUNARMS2C, RUNARMS8A, RUNARMS7C, RUNARMS4C, RODARMS1A, RODARMS1B, RODARMS1C, RODARMS2A, RODARMS2B, RODARMS2C, RODARMS3A, RODARMS3B"
"439","0.282735582096837","5.9127897963358","0.001","0.316077411014116","0.355387798659706","0.105437438863976",NA,"RUNARMS3C, RUNARMS4C, RUNARMS7C, RUNARMS2C, RUNARMS1B, RUNARMS9B, RUNARMS4A, RUNARMS3A, RUNARMS5A, RODARMS1A, RODARMS1B, RODARMS1C, RODARMS2A, RODARMS2B, RODARMS2C, RODARMS3A, RODARMS3B"
"440","0.27922639718321","5.81097301757426","0.001","0.313589075913925","0.355387798795723","0.132125730239848",NA,"RUNARMS5A, RUNARMS3B, RUNARMS8C, RUNARMS7A, RUNARMS6B, RUNARMS2B, RUNARMS8B, RUNARMS3C, RUNARMS1C, RODARMS1A, RODARMS1B, RODARMS1C, RODARMS2A, RODARMS2B, RODARMS2C, RODARMS3A, RODARMS3B"
"441","0.299012478468212","6.39838376469557","0.001","0.297762123817956","0.355387799805588","0.0461064165732108",NA,"RUNARMS7A, RUNARMS1C, RUNARMS6C, RUNARMS5C, RUNARMS4B, RUNARMS7B, RUNARMS3B, RUNARMS8B, RUNARMS3A, RODARMS1A, RODARMS1B, RODARMS1C, RODARMS2A, RODARMS2B, RODARMS2C, RODARMS3A, RODARMS3B"
"442","0.295754143177553","6.29937983260548","0.001","0.317763097114917","0.355387799249817","0.174715557630527",NA,"RUNARMS4A, RUNARMS6C, RUNARMS5B, RUNARMS9A, RUNARMS1A, RUNARMS9B, RUNARMS5C, RUNARMS2A, RUNARMS8A, RODARMS1A, RODARMS1B, RODARMS1C, RODARMS2A, RODARMS2B, RODARMS2C, RODARMS3A, RODARMS3B"
"443","0.270610142596101","5.56513378646253","0.001","0.335264301088904","0.355387799618961","0.399992996086043",NA,"RUNARMS3B, RUNARMS5B, RUNARMS1B, RUNARMS1A, RUNARMS8A, RUNARMS2C, RUNARMS4C, RUNARMS3A, RUNARMS5A, RODARMS1A, RODARMS1B, RODARMS1C, RODARMS2A, RODARMS2B, RODARMS2C, RODARMS3A, RODARMS3B"
"444","0.285717235038032","6.00008671047617","0.001","0.321732175305905","0.35538779870321","0.229247119101568",NA,"RUNARMS5A, RUNARMS3A, RUNARMS1C, RUNARMS7B, RUNARMS1B, RUNARMS2C, RUNARMS5C, RUNARMS3B, RUNARMS2A, RODARMS1A, RODARMS1B, RODARMS1C, RODARMS2A, RODARMS2B, RODARMS2C, RODARMS3A, RODARMS3B"
"445","0.297911902478357","6.36484018593921","0.001","0.308220959609215","0.355387798924051","0.0893237621193296",NA,"RUNARMS2C, RUNARMS4A, RUNARMS5A, RUNARMS5C, RUNARMS8A, RUNARMS3C, RUNARMS5B, RUNARMS1A, RUNARMS4B, RODARMS1A, RODARMS1B, RODARMS1C, RODARMS2A, RODARMS2B, RODARMS2C, RODARMS3A, RODARMS3B"
"446","0.28765978845947","6.05735399600777","0.001","0.318179381477383","0.355387798871299","0.168257725861913",NA,"RUNARMS1A, RUNARMS8B, RUNARMS4C, RUNARMS6A, RUNARMS3C, RUNARMS2A, RUNARMS2C, RUNARMS3A, RUNARMS1B, RODARMS1A, RODARMS1B, RODARMS1C, RODARMS2A, RODARMS2B, RODARMS2C, RODARMS3A, RODARMS3B"
"447","0.280819255773029","5.8570656547863","0.001","0.327412484579352","0.355387798659963","0.253707388896599",NA,"RUNARMS8C, RUNARMS1C, RUNARMS3C, RUNARMS3B, RUNARMS7B, RUNARMS6C, RUNARMS8A, RUNARMS6B, RUNARMS2A, RODARMS1A, RODARMS1B, RODARMS1C, RODARMS2A, RODARMS2B, RODARMS2C, RODARMS3A, RODARMS3B"
"448","0.278347139311018","5.78561704263056","0.001","0.306156180705272","0.355387799084267","0.0899216388825265",NA,"RUNARMS6B, RUNARMS8C, RUNARMS3C, RUNARMS7B, RUNARMS9B, RUNARMS1B, RUNARMS5A, RUNARMS8B, RUNARMS3A, RODARMS1A, RODARMS1B, RODARMS1C, RODARMS2A, RODARMS2B, RODARMS2C, RODARMS3A, RODARMS3B"
"449","0.307818498307974","6.67061668555539","0.001","0.309378901191983","0.355387798660362","0.117110724925644",NA,"RUNARMS1C, RUNARMS3B, RUNARMS4A, RUNARMS1A, RUNARMS9B, RUNARMS5B, RUNARMS8A, RUNARMS9A, RUNARMS6A, RODARMS1A, RODARMS1B, RODARMS1C, RODARMS2A, RODARMS2B, RODARMS2C, RODARMS3A, RODARMS3B"
"450","0.279385065382069","5.81555527010135","0.001","0.322133431675166","0.355387798674754","0.167345457033357",NA,"RUNARMS6C, RUNARMS3B, RUNARMS3A, RUNARMS4C, RUNARMS1A, RUNARMS9B, RUNARMS5C, RUNARMS1B, RUNARMS9C, RODARMS1A, RODARMS1B, RODARMS1C, RODARMS2A, RODARMS2B, RODARMS2C, RODARMS3A, RODARMS3B"
"451","0.284324473379945","5.95921886674119","0.001","0.322550939899419","0.355387798659712","0.251173603999042",NA,"RUNARMS9B, RUNARMS5C, RUNARMS8A, RUNARMS7A, RUNARMS2C, RUNARMS2A, RUNARMS1B, RUNARMS7B, RUNARMS1C, RODARMS1A, RODARMS1B, RODARMS1C, RODARMS2A, RODARMS2B, RODARMS2C, RODARMS3A, RODARMS3B"
"452","0.300800421290142","6.45310217102469","0.001","0.30545821987138","0.355387798659706","0.075577983927435",NA,"RUNARMS1B, RUNARMS3A, RUNARMS5B, RUNARMS8B, RUNARMS3C, RUNARMS3B, RUNARMS8C, RUNARMS5C, RUNARMS2A, RODARMS1A, RODARMS1B, RODARMS1C, RODARMS2A, RODARMS2B, RODARMS2C, RODARMS3A, RODARMS3B"
"453","0.293461839710988","6.23027579128097","0.001","0.307847896582167","0.355387798659971","0.0662497601938869",NA,"RUNARMS3C, RUNARMS1C, RUNARMS9B, RUNARMS6A, RUNARMS8C, RUNARMS3A, RUNARMS2C, RUNARMS7C, RUNARMS1B, RODARMS1A, RODARMS1B, RODARMS1C, RODARMS2A, RODARMS2B, RODARMS2C, RODARMS3A, RODARMS3B"
"454","0.296692508055016","6.32779782925073","0.001","0.311418560653749","0.357610331233084","0.0715389951373609",NA,"RUNARMS5B, RUNARMS3A, RUNARMS5A, RUNARMS9A, RUNARMS9B, RUNARMS4B, RUNARMS1C, RUNARMS6A, RUNARMS6B, RODARMS1A, RODARMS1B, RODARMS1C, RODARMS2A, RODARMS2B, RODARMS2C, RODARMS3A, RODARMS3B"
"455","0.308964424777622","6.70655251022777","0.001","0.296261443639915","0.355387798765092","0.0474286860005305",NA,"RUNARMS4A, RUNARMS1B, RUNARMS5C, RUNARMS1C, RUNARMS3C, RUNARMS6A, RUNARMS3A, RUNARMS7A, RUNARMS7C, RODARMS1A, RODARMS1B, RODARMS1C, RODARMS2A, RODARMS2B, RODARMS2C, RODARMS3A, RODARMS3B"
"456","0.301694250781359","6.48056208442224","0.001","0.306036752758406","0.355387799904102","0.0351057301732966",NA,"RUNARMS5B, RUNARMS4C, RUNARMS6C, RUNARMS7B, RUNARMS2C, RUNARMS8C, RUNARMS9A, RUNARMS3C, RUNARMS1C, RODARMS1A, RODARMS1B, RODARMS1C, RODARMS2A, RODARMS2B, RODARMS2C, RODARMS3A, RODARMS3B"
"457","0.262734829958322","5.34546132045278","0.001","0.328700682301095","0.355387798659706","0.245053820867165",NA,"RUNARMS2B, RUNARMS1C, RUNARMS5B, RUNARMS6C, RUNARMS7A, RUNARMS8C, RUNARMS1A, RUNARMS6B, RUNARMS4A, RODARMS1A, RODARMS1B, RODARMS1C, RODARMS2A, RODARMS2B, RODARMS2C, RODARMS3A, RODARMS3B"
"458","0.275729615772808","5.71049752504411","0.001","0.323185485946837","0.355387798686089","0.176489078873855",NA,"RUNARMS5A, RUNARMS8C, RUNARMS8A, RUNARMS6B, RUNARMS3A, RUNARMS1B, RUNARMS3C, RUNARMS4A, RUNARMS5B, RODARMS1A, RODARMS1B, RODARMS1C, RODARMS2A, RODARMS2B, RODARMS2C, RODARMS3A, RODARMS3B"
"459","0.303644638763081","6.54072594968733","0.001","0.305930123964286","0.355387798994052","0.0377942961794555",NA,"RUNARMS3B, RUNARMS4B, RUNARMS2C, RUNARMS5C, RUNARMS9C, RUNARMS1B, RUNARMS5B, RUNARMS9B, RUNARMS8C, RODARMS1A, RODARMS1B, RODARMS1C, RODARMS2A, RODARMS2B, RODARMS2C, RODARMS3A, RODARMS3B"
"460","0.296750443926311","6.32955487913346","0.001","0.306808021466698","0.355387798695791","0.0674360335755192",NA,"RUNARMS5A, RUNARMS1C, RUNARMS9A, RUNARMS6B, RUNARMS8B, RUNARMS8A, RUNARMS4B, RUNARMS6C, RUNARMS3C, RODARMS1A, RODARMS1B, RODARMS1C, RODARMS2A, RODARMS2B, RODARMS2C, RODARMS3A, RODARMS3B"
"461","0.316704018641703","6.95241946276649","0.001","0.290779299721598","0.355387798819928","0.0145577513707855",NA,"RUNARMS1C, RUNARMS7B, RUNARMS4B, RUNARMS9C, RUNARMS1B, RUNARMS5C, RUNARMS3C, RUNARMS4A, RUNARMS6B, RODARMS1A, RODARMS1B, RODARMS1C, RODARMS2A, RODARMS2B, RODARMS2C, RODARMS3A, RODARMS3B"
"462","0.292607108608389","6.20462360102519","0.001","0.313882158779387","0.355387798671435","0.111331817953439",NA,"RUNARMS5A, RUNARMS7B, RUNARMS1A, RUNARMS4A, RUNARMS2B, RUNARMS6A, RUNARMS8C, RUNARMS5B, RUNARMS2A, RODARMS1A, RODARMS1B, RODARMS1C, RODARMS2A, RODARMS2B, RODARMS2C, RODARMS3A, RODARMS3B"
"463","0.277296537704022","5.755400773017","0.001","0.327564083939956","0.355387798669559","0.285568573799735",NA,"RUNARMS7C, RUNARMS1B, RUNARMS1C, RUNARMS4B, RUNARMS7A, RUNARMS9B, RUNARMS1A, RUNARMS8A, RUNARMS2A, RODARMS1A, RODARMS1B, RODARMS1C, RODARMS2A, RODARMS2B, RODARMS2C, RODARMS3A, RODARMS3B"
"464","0.288834592588316","6.09213952713635","0.001","0.310886002709999","0.355387798660168","0.0826075660895232",NA,"RUNARMS4A, RUNARMS5C, RUNARMS8B, RUNARMS2C, RUNARMS1A, RUNARMS1B, RUNARMS6B, RUNARMS4C, RUNARMS6C, RODARMS1A, RODARMS1B, RODARMS1C, RODARMS2A, RODARMS2B, RODARMS2C, RODARMS3A, RODARMS3B"
"465","0.312051591361013","6.80396060465561","0.001","0.298368144994086","0.35538779972897","0.068478960326831",NA,"RUNARMS8B, RUNARMS3A, RUNARMS2A, RUNARMS3C, RUNARMS3B, RUNARMS1C, RUNARMS5C, RUNARMS6A, RUNARMS5A, RODARMS1A, RODARMS1B, RODARMS1C, RODARMS2A, RODARMS2B, RODARMS2C, RODARMS3A, RODARMS3B"
"466","0.292893347807088","6.2132073054062","0.001","0.32463079048757","0.355387798670631","0.17858819959707",NA,"RUNARMS6A, RUNARMS2B, RUNARMS2A, RUNARMS3C, RUNARMS5A, RUNARMS9C, RUNARMS2C, RUNARMS1C, RUNARMS8A, RODARMS1A, RODARMS1B, RODARMS1C, RODARMS2A, RODARMS2B, RODARMS2C, RODARMS3A, RODARMS3B"
"467","0.323871535531771","7.18513313412624","0.001","0.290196433107017","0.355387798659706","0.0146845397181956",NA,"RUNARMS1B, RUNARMS6A, RUNARMS3B, RUNARMS4B, RUNARMS9A, RUNARMS7B, RUNARMS8B, RUNARMS5A, RUNARMS5B, RODARMS1A, RODARMS1B, RODARMS1C, RODARMS2A, RODARMS2B, RODARMS2C, RODARMS3A, RODARMS3B"
"468","0.323100432302022","7.15986051078815","0.001","0.299087487566732","0.364267582198874","0.0168832145549675",NA,"RUNARMS7A, RUNARMS2A, RUNARMS4B, RUNARMS4C, RUNARMS1C, RUNARMS6C, RUNARMS7B, RUNARMS8B, RUNARMS6A, RODARMS1A, RODARMS1B, RODARMS1C, RODARMS2A, RODARMS2B, RODARMS2C, RODARMS3A, RODARMS3B"
"469","0.268484197851334","5.50536701454818","0.001","0.338767189830707","0.355387798661252","0.474820619880933",NA,"RUNARMS7A, RUNARMS4A, RUNARMS1A, RUNARMS6C, RUNARMS2B, RUNARMS2A, RUNARMS1C, RUNARMS8A, RUNARMS6A, RODARMS1A, RODARMS1B, RODARMS1C, RODARMS2A, RODARMS2B, RODARMS2C, RODARMS3A, RODARMS3B"
"470","0.29123750418877","6.16364803252099","0.001","0.308806278951159","0.355387798876765","0.0736311915621796",NA,"RUNARMS1C, RUNARMS3A, RUNARMS9A, RUNARMS9B, RUNARMS5B, RUNARMS5C, RUNARMS6C, RUNARMS1A, RUNARMS5A, RODARMS1A, RODARMS1B, RODARMS1C, RODARMS2A, RODARMS2B, RODARMS2C, RODARMS3A, RODARMS3B"
"471","0.301274363033166","6.46765369181953","0.001","0.320135872140027","0.355387798723423","0.159783023566774",NA,"RUNARMS4C, RUNARMS2A, RUNARMS9C, RUNARMS4B, RUNARMS4A, RUNARMS3B, RUNARMS6B, RUNARMS9A, RUNARMS1B, RODARMS1A, RODARMS1B, RODARMS1C, RODARMS2A, RODARMS2B, RODARMS2C, RODARMS3A, RODARMS3B"
"472","0.33247676441181","7.47112789531993","0.001","0.294626608511385","0.355387798659706","0.0198575183875432",NA,"RUNARMS2A, RUNARMS4B, RUNARMS3B, RUNARMS3C, RUNARMS9A, RUNARMS5C, RUNARMS4A, RUNARMS1C, RUNARMS6A, RODARMS1A, RODARMS1B, RODARMS1C, RODARMS2A, RODARMS2B, RODARMS2C, RODARMS3A, RODARMS3B"
"473","0.299491616565726","6.41301996481729","0.001","0.315027681728543","0.355387798659714","0.133344726165348",NA,"RUNARMS1C, RUNARMS5B, RUNARMS4B, RUNARMS2C, RUNARMS2B, RUNARMS5C, RUNARMS2A, RUNARMS6B, RUNARMS9A, RODARMS1A, RODARMS1B, RODARMS1C, RODARMS2A, RODARMS2B, RODARMS2C, RODARMS3A, RODARMS3B"
"474","0.298191272360936","6.37334491473353","0.001","0.300152727914797","0.355387798659707","0.0821221494975957",NA,"RUNARMS9C, RUNARMS6C, RUNARMS1B, RUNARMS1C, RUNARMS7A, RUNARMS7C, RUNARMS3A, RUNARMS7B, RUNARMS5C, RODARMS1A, RODARMS1B, RODARMS1C, RODARMS2A, RODARMS2B, RODARMS2C, RODARMS3A, RODARMS3B"
"475","0.309845951509673","6.73427806851479","0.001","0.305298834438425","0.358188413843635","0.0615315073235352",NA,"RUNARMS6B, RUNARMS6A, RUNARMS3B, RUNARMS5B, RUNARMS8B, RUNARMS4C, RUNARMS7A, RUNARMS1B, RUNARMS9C, RODARMS1A, RODARMS1B, RODARMS1C, RODARMS2A, RODARMS2B, RODARMS2C, RODARMS3A, RODARMS3B"
"476","0.282026930663225","5.89214852286339","0.001","0.31981577632917","0.355387798659804","0.15244014954139",NA,"RUNARMS6B, RUNARMS4B, RUNARMS6A, RUNARMS6C, RUNARMS7A, RUNARMS5B, RUNARMS9A, RUNARMS3A, RUNARMS1A, RODARMS1A, RODARMS1B, RODARMS1C, RODARMS2A, RODARMS2B, RODARMS2C, RODARMS3A, RODARMS3B"
"477","0.263525188023661","5.3672953318625","0.001","0.327376793408794","0.355387809097255","0.380076908318518",NA,"RUNARMS7C, RUNARMS8B, RUNARMS3A, RUNARMS2A, RUNARMS7A, RUNARMS6B, RUNARMS1B, RUNARMS1A, RUNARMS6C, RODARMS1A, RODARMS1B, RODARMS1C, RODARMS2A, RODARMS2B, RODARMS2C, RODARMS3A, RODARMS3B"
"478","0.28021131211565","5.83944948355466","0.001","0.31964979924875","0.355387798659706","0.195738984194904",NA,"RUNARMS5B, RUNARMS1B, RUNARMS8B, RUNARMS3A, RUNARMS6C, RUNARMS4A, RUNARMS4C, RUNARMS2A, RUNARMS7A, RODARMS1A, RODARMS1B, RODARMS1C, RODARMS2A, RODARMS2B, RODARMS2C, RODARMS3A, RODARMS3B"
"479","0.294203515860922","6.25258532322787","0.001","0.305908377160479","0.355387798729681","0.0760444503269866",NA,"RUNARMS9B, RUNARMS9C, RUNARMS1B, RUNARMS6A, RUNARMS8C, RUNARMS3A, RUNARMS2B, RUNARMS5C, RUNARMS3C, RODARMS1A, RODARMS1B, RODARMS1C, RODARMS2A, RODARMS2B, RODARMS2C, RODARMS3A, RODARMS3B"
"480","0.274384575991624","5.67210743280292","0.001","0.327937231096111","0.355387798659707","0.268147447689753",NA,"RUNARMS4A, RUNARMS7B, RUNARMS1B, RUNARMS2A, RUNARMS3A, RUNARMS9B, RUNARMS9A, RUNARMS6B, RUNARMS3C, RODARMS1A, RODARMS1B, RODARMS1C, RODARMS2A, RODARMS2B, RODARMS2C, RODARMS3A, RODARMS3B"
"481","0.281368839085914","5.87301638982685","0.001","0.318551090111007","0.355387798659706","0.153724928152215",NA,"RUNARMS7B, RUNARMS9B, RUNARMS3B, RUNARMS6B, RUNARMS3C, RUNARMS1B, RUNARMS1A, RUNARMS2B, RUNARMS6A, RODARMS1A, RODARMS1B, RODARMS1C, RODARMS2A, RODARMS2B, RODARMS2C, RODARMS3A, RODARMS3B"
"482","0.312019475838683","6.80294277702957","0.001","0.301413612311887","0.359771717730393","0.034943665617219",NA,"RUNARMS2B, RUNARMS5B, RUNARMS1B, RUNARMS9A, RUNARMS6C, RUNARMS8B, RUNARMS4C, RUNARMS7C, RUNARMS5C, RODARMS1A, RODARMS1B, RODARMS1C, RODARMS2A, RODARMS2B, RODARMS2C, RODARMS3A, RODARMS3B"
"483","0.286756096635167","6.03067398015643","0.001","0.322545469068954","0.355387799089808","0.168028863123682",NA,"RUNARMS7B, RUNARMS9A, RUNARMS9B, RUNARMS1C, RUNARMS6C, RUNARMS9C, RUNARMS2C, RUNARMS2A, RUNARMS1A, RODARMS1A, RODARMS1B, RODARMS1C, RODARMS2A, RODARMS2B, RODARMS2C, RODARMS3A, RODARMS3B"
"484","0.295601129663732","6.29475306063347","0.001","0.314697169435072","0.355387798997393","0.134944922624354",NA,"RUNARMS3C, RUNARMS6A, RUNARMS8A, RUNARMS2B, RUNARMS1C, RUNARMS5B, RUNARMS6C, RUNARMS9A, RUNARMS4B, RODARMS1A, RODARMS1B, RODARMS1C, RODARMS2A, RODARMS2B, RODARMS2C, RODARMS3A, RODARMS3B"
"485","0.313105823453331","6.83742490788299","0.001","0.293318285412257","0.355387798659805","0.0455948966945898",NA,"RUNARMS4A, RUNARMS1B, RUNARMS2A, RUNARMS9B, RUNARMS3C, RUNARMS6C, RUNARMS5C, RUNARMS8B, RUNARMS6A, RODARMS1A, RODARMS1B, RODARMS1C, RODARMS2A, RODARMS2B, RODARMS2C, RODARMS3A, RODARMS3B"
"486","0.284468474285827","5.96343691499614","0.001","0.317799101976671","0.355387799207945","0.185599521272275",NA,"RUNARMS3A, RUNARMS5A, RUNARMS7C, RUNARMS2C, RUNARMS9A, RUNARMS6B, RUNARMS4B, RUNARMS1B, RUNARMS5C, RODARMS1A, RODARMS1B, RODARMS1C, RODARMS2A, RODARMS2B, RODARMS2C, RODARMS3A, RODARMS3B"
"487","0.279503122266521","5.81896599911248","0.001","0.31594534898521","0.355387798659706","0.0769415047196288",NA,"RUNARMS5A, RUNARMS1B, RUNARMS3C, RUNARMS2B, RUNARMS5B, RUNARMS2C, RUNARMS7A, RUNARMS9B, RUNARMS7B, RODARMS1A, RODARMS1B, RODARMS1C, RODARMS2A, RODARMS2B, RODARMS2C, RODARMS3A, RODARMS3B"
"488","0.275954136851495","5.7169196917619","0.001","0.313948001793752","0.355387798775344","0.130948411720266",NA,"RUNARMS3B, RUNARMS8B, RUNARMS9B, RUNARMS1A, RUNARMS3C, RUNARMS6B, RUNARMS5A, RUNARMS8C, RUNARMS2B, RODARMS1A, RODARMS1B, RODARMS1C, RODARMS2A, RODARMS2B, RODARMS2C, RODARMS3A, RODARMS3B"
"489","0.292608778580764","6.20467365979685","0.001","0.327291855425347","0.355387798659706","0.284466871998445",NA,"RUNARMS4C, RUNARMS9A, RUNARMS9C, RUNARMS1A, RUNARMS8A, RUNARMS7C, RUNARMS2C, RUNARMS7A, RUNARMS2A, RODARMS1A, RODARMS1B, RODARMS1C, RODARMS2A, RODARMS2B, RODARMS2C, RODARMS3A, RODARMS3B"
"490","0.280673075660564","5.85282712554466","0.001","0.317656626812799","0.355387799333464","0.138274101231848",NA,"RUNARMS8C, RUNARMS1A, RUNARMS9C, RUNARMS5C, RUNARMS7A, RUNARMS7B, RUNARMS6C, RUNARMS3B, RUNARMS2B, RODARMS1A, RODARMS1B, RODARMS1C, RODARMS2A, RODARMS2B, RODARMS2C, RODARMS3A, RODARMS3B"
"491","0.282203589914298","5.89729035870917","0.001","0.331435344452671","0.355387798662017","0.323075541546248",NA,"RUNARMS7C, RUNARMS2C, RUNARMS2A, RUNARMS3C, RUNARMS9A, RUNARMS6B, RUNARMS6C, RUNARMS1B, RUNARMS3B, RODARMS1A, RODARMS1B, RODARMS1C, RODARMS2A, RODARMS2B, RODARMS2C, RODARMS3A, RODARMS3B"
"492","0.299369956090116","6.40930171405742","0.001","0.307978525664785","0.355387798685803","0.106939376502881",NA,"RUNARMS3B, RUNARMS1C, RUNARMS2C, RUNARMS9B, RUNARMS4A, RUNARMS9C, RUNARMS7A, RUNARMS8A, RUNARMS8B, RODARMS1A, RODARMS1B, RODARMS1C, RODARMS2A, RODARMS2B, RODARMS2C, RODARMS3A, RODARMS3B"
"493","0.300205347361092","6.4348594168809","0.001","0.304654262559276","0.355387798704027","0.0664043376789247",NA,"RUNARMS6A, RUNARMS8C, RUNARMS5C, RUNARMS2B, RUNARMS3C, RUNARMS4A, RUNARMS9C, RUNARMS1B, RUNARMS1A, RODARMS1A, RODARMS1B, RODARMS1C, RODARMS2A, RODARMS2B, RODARMS2C, RODARMS3A, RODARMS3B"
"494","0.300418529348894","6.44139121643598","0.001","0.306692530204058","0.355387799447475","0.0801534861018171",NA,"RUNARMS4C, RUNARMS2A, RUNARMS8B, RUNARMS2C, RUNARMS2B, RUNARMS1C, RUNARMS5C, RUNARMS5A, RUNARMS1A, RODARMS1A, RODARMS1B, RODARMS1C, RODARMS2A, RODARMS2B, RODARMS2C, RODARMS3A, RODARMS3B"
"495","0.289828990127627","6.12167321881487","0.001","0.310728565749552","0.355387799115279","0.0948165767644943",NA,"RUNARMS9C, RUNARMS6C, RUNARMS6B, RUNARMS7B, RUNARMS1A, RUNARMS1C, RUNARMS4B, RUNARMS2C, RUNARMS5C, RODARMS1A, RODARMS1B, RODARMS1C, RODARMS2A, RODARMS2B, RODARMS2C, RODARMS3A, RODARMS3B"
"496","0.272195498100564","5.60993022281773","0.001","0.331597113933732","0.355387798659711","0.283207170269714",NA,"RUNARMS1B, RUNARMS3B, RUNARMS2B, RUNARMS6B, RUNARMS3A, RUNARMS7C, RUNARMS4A, RUNARMS9C, RUNARMS5B, RODARMS1A, RODARMS1B, RODARMS1C, RODARMS2A, RODARMS2B, RODARMS2C, RODARMS3A, RODARMS3B"
"497","0.268464658846324","5.50481932471518","0.001","0.330799254743692","0.355387799247685","0.365802358427016",NA,"RUNARMS6B, RUNARMS3A, RUNARMS6C, RUNARMS9A, RUNARMS8A, RUNARMS7B, RUNARMS2B, RUNARMS1C, RUNARMS5C, RODARMS1A, RODARMS1B, RODARMS1C, RODARMS2A, RODARMS2B, RODARMS2C, RODARMS3A, RODARMS3B"
"498","0.29320195903928","6.22246968824526","0.001","0.327833141330419","0.355387798659707","0.298688525499194",NA,"RUNARMS5B, RUNARMS2A, RUNARMS1B, RUNARMS4C, RUNARMS6B, RUNARMS9C, RUNARMS2C, RUNARMS6A, RUNARMS8A, RODARMS1A, RODARMS1B, RODARMS1C, RODARMS2A, RODARMS2B, RODARMS2C, RODARMS3A, RODARMS3B"
"499","0.32311690036557","7.16039964375116","0.001","0.293912613243602","0.355387798757057","0.023489779320078",NA,"RUNARMS6C, RUNARMS9C, RUNARMS3B, RUNARMS4B, RUNARMS4A, RUNARMS1B, RUNARMS7C, RUNARMS5C, RUNARMS6A, RODARMS1A, RODARMS1B, RODARMS1C, RODARMS2A, RODARMS2B, RODARMS2C, RODARMS3A, RODARMS3B"
"500","0.29222274233793","6.19310819557555","0.001","0.306291871918661","0.355387799165694","0.0987332817999905",NA,"RUNARMS1B, RUNARMS8B, RUNARMS3A, RUNARMS5C, RUNARMS1C, RUNARMS6C, RUNARMS2A, RUNARMS4B, RUNARMS5A, RODARMS1A, RODARMS1B, RODARMS1C, RODARMS2A, RODARMS2B, RODARMS2C, RODARMS3A, RODARMS3B"
"501","0.289944981350907","6.12512355526771","0.001","0.321294558431251","0.355387798660202","0.121315842220389",NA,"RUNARMS4A, RUNARMS3B, RUNARMS4B, RUNARMS3A, RUNARMS1B, RUNARMS1C, RUNARMS2C, RUNARMS6A, RUNARMS9C, RODARMS1A, RODARMS1B, RODARMS1C, RODARMS2A, RODARMS2B, RODARMS2C, RODARMS3A, RODARMS3B"
"502","0.305937770479749","6.61189495986301","0.001","0.303823245371827","0.355387798659706","0.0889648331101675",NA,"RUNARMS1A, RUNARMS9C, RUNARMS7C, RUNARMS9A, RUNARMS7A, RUNARMS6A, RUNARMS4C, RUNARMS3C, RUNARMS3A, RODARMS1A, RODARMS1B, RODARMS1C, RODARMS2A, RODARMS2B, RODARMS2C, RODARMS3A, RODARMS3B"
"503","0.288517404475342","6.08273637943142","0.001","0.318775035014073","0.355387799855123","0.123988659686776",NA,"RUNARMS2C, RUNARMS8A, RUNARMS1C, RUNARMS8C, RUNARMS7A, RUNARMS7B, RUNARMS4C, RUNARMS6B, RUNARMS9C, RODARMS1A, RODARMS1B, RODARMS1C, RODARMS2A, RODARMS2B, RODARMS2C, RODARMS3A, RODARMS3B"
"504","0.311203147887377","6.77710300793797","0.001","0.292826418507483","0.355962944762442","0.0275499142779471",NA,"RUNARMS3C, RUNARMS7A, RUNARMS4C, RUNARMS5A, RUNARMS1C, RUNARMS4B, RUNARMS9B, RUNARMS5C, RUNARMS2C, RODARMS1A, RODARMS1B, RODARMS1C, RODARMS2A, RODARMS2B, RODARMS2C, RODARMS3A, RODARMS3B"
"505","0.282243857850053","5.89846274957594","0.001","0.324774472024366","0.355387800314327","0.244384484894119",NA,"RUNARMS3A, RUNARMS9B, RUNARMS2A, RUNARMS4A, RUNARMS1A, RUNARMS2C, RUNARMS8B, RUNARMS3B, RUNARMS8A, RODARMS1A, RODARMS1B, RODARMS1C, RODARMS2A, RODARMS2B, RODARMS2C, RODARMS3A, RODARMS3B"
"506","0.293264441573514","6.22434596809706","0.001","0.303819378730355","0.35538779865971","0.0443203255125018",NA,"RUNARMS1A, RUNARMS5A, RUNARMS3A, RUNARMS7B, RUNARMS7C, RUNARMS1C, RUNARMS4B, RUNARMS5B, RUNARMS7A, RODARMS1A, RODARMS1B, RODARMS1C, RODARMS2A, RODARMS2B, RODARMS2C, RODARMS3A, RODARMS3B"
"507","0.283531618067178","5.93602506161457","0.001","0.310864748397705","0.355387798659707","0.150552819857501",NA,"RUNARMS7C, RUNARMS8C, RUNARMS7B, RUNARMS6A, RUNARMS7A, RUNARMS3A, RUNARMS2B, RUNARMS1A, RUNARMS4A, RODARMS1A, RODARMS1B, RODARMS1C, RODARMS2A, RODARMS2B, RODARMS2C, RODARMS3A, RODARMS3B"
"508","0.269142124036634","5.52382616829303","0.001","0.338060011293968","0.35538779877612","0.459872160495358",NA,"RUNARMS2A, RUNARMS4A, RUNARMS5A, RUNARMS8A, RUNARMS9A, RUNARMS6C, RUNARMS4B, RUNARMS1B, RUNARMS3A, RODARMS1A, RODARMS1B, RODARMS1C, RODARMS2A, RODARMS2B, RODARMS2C, RODARMS3A, RODARMS3B"
"509","0.3014727481338","6.47375060876393","0.001","0.313028015243159","0.355387798659707","0.14761917600744",NA,"RUNARMS2A, RUNARMS1B, RUNARMS1A, RUNARMS5B, RUNARMS4C, RUNARMS8A, RUNARMS8B, RUNARMS4A, RUNARMS6A, RODARMS1A, RODARMS1B, RODARMS1C, RODARMS2A, RODARMS2B, RODARMS2C, RODARMS3A, RODARMS3B"
"510","0.308236687449228","6.68371714407602","0.001","0.302120692172778","0.355387798659732","0.0292814721630934",NA,"RUNARMS7B, RUNARMS6A, RUNARMS5B, RUNARMS3B, RUNARMS4B, RUNARMS2C, RUNARMS4A, RUNARMS9B, RUNARMS1A, RODARMS1A, RODARMS1B, RODARMS1C, RODARMS2A, RODARMS2B, RODARMS2C, RODARMS3A, RODARMS3B"
"511","0.331738844636162","7.44631440807476","0.001","0.291232388372383","0.355387798699386","0.0171386052029153",NA,"RUNARMS1B, RUNARMS9A, RUNARMS6A, RUNARMS4C, RUNARMS9C, RUNARMS3B, RUNARMS7C, RUNARMS9B, RUNARMS4B, RODARMS1A, RODARMS1B, RODARMS1C, RODARMS2A, RODARMS2B, RODARMS2C, RODARMS3A, RODARMS3B"
"512","0.281133302679394","5.86617735375517","0.001","0.326304855976293","0.355387798825519","0.214842903717214",NA,"RUNARMS7B, RUNARMS9A, RUNARMS3B, RUNARMS1C, RUNARMS9B, RUNARMS4B, RUNARMS1B, RUNARMS8A, RUNARMS2B, RODARMS1A, RODARMS1B, RODARMS1C, RODARMS2A, RODARMS2B, RODARMS2C, RODARMS3A, RODARMS3B"
"513","0.310861250532906","6.76629889350932","0.001","0.29753193053596","0.355387798659707","0.043837346651689",NA,"RUNARMS7B, RUNARMS8C, RUNARMS6A, RUNARMS9C, RUNARMS6B, RUNARMS1B, RUNARMS4B, RUNARMS7C, RUNARMS2C, RODARMS1A, RODARMS1B, RODARMS1C, RODARMS2A, RODARMS2B, RODARMS2C, RODARMS3A, RODARMS3B"
"514","0.272785860728313","5.62666165295229","0.001","0.330686772762315","0.355387798660315","0.280635110421121",NA,"RUNARMS8C, RUNARMS5A, RUNARMS9A, RUNARMS3A, RUNARMS1B, RUNARMS4C, RUNARMS2A, RUNARMS7B, RUNARMS1A, RODARMS1A, RODARMS1B, RODARMS1C, RODARMS2A, RODARMS2B, RODARMS2C, RODARMS3A, RODARMS3B"
"515","0.316381479302558","6.9420620504791","0.001","0.299105207686796","0.355387798659707","0.0560625717746127",NA,"RUNARMS4C, RUNARMS6A, RUNARMS2B, RUNARMS7A, RUNARMS1B, RUNARMS2A, RUNARMS5C, RUNARMS3C, RUNARMS5B, RODARMS1A, RODARMS1B, RODARMS1C, RODARMS2A, RODARMS2B, RODARMS2C, RODARMS3A, RODARMS3B"
"516","0.297935290815425","6.36555192671914","0.001","0.303796839941969","0.355387798659711","0.0343636471063057",NA,"RUNARMS1A, RUNARMS9C, RUNARMS9B, RUNARMS4B, RUNARMS5B, RUNARMS3A, RUNARMS5C, RUNARMS2C, RUNARMS7B, RODARMS1A, RODARMS1B, RODARMS1C, RODARMS2A, RODARMS2B, RODARMS2C, RODARMS3A, RODARMS3B"
"517","0.311538830789444","6.78772118288122","0.001","0.297500295534942","0.355387798659708","0.0611566973809776",NA,"RUNARMS7C, RUNARMS3A, RUNARMS4C, RUNARMS1C, RUNARMS6A, RUNARMS8A, RUNARMS4A, RUNARMS9B, RUNARMS7B, RODARMS1A, RODARMS1B, RODARMS1C, RODARMS2A, RODARMS2B, RODARMS2C, RODARMS3A, RODARMS3B"
"518","0.305729021867309","6.60539684424653","0.001","0.304203566664089","0.355387798659706","0.0937089177713961",NA,"RUNARMS1C, RUNARMS7C, RUNARMS5A, RUNARMS3A, RUNARMS5C, RUNARMS2A, RUNARMS9C, RUNARMS3B, RUNARMS8B, RODARMS1A, RODARMS1B, RODARMS1C, RODARMS2A, RODARMS2B, RODARMS2C, RODARMS3A, RODARMS3B"
"519","0.291018606000387","6.15711375072869","0.001","0.315081664917741","0.357893206729009","0.0857446705646809",NA,"RUNARMS3B, RUNARMS9B, RUNARMS3C, RUNARMS5A, RUNARMS6A, RUNARMS2B, RUNARMS7C, RUNARMS1B, RUNARMS3A, RODARMS1A, RODARMS1B, RODARMS1C, RODARMS2A, RODARMS2B, RODARMS2C, RODARMS3A, RODARMS3B"
"520","0.287665341029615","6.057518135761","0.001","0.312429211899867","0.355387798867652","0.0901690674800304",NA,"RUNARMS3B, RUNARMS8B, RUNARMS3A, RUNARMS8C, RUNARMS1C, RUNARMS1A, RUNARMS5B, RUNARMS1B, RUNARMS9C, RODARMS1A, RODARMS1B, RODARMS1C, RODARMS2A, RODARMS2B, RODARMS2C, RODARMS3A, RODARMS3B"
"521","0.295849083865144","6.30225162858024","0.001","0.315391974687858","0.355387816069691","0.0876716294033511",NA,"RUNARMS4A, RUNARMS1A, RUNARMS5C, RUNARMS3B, RUNARMS6C, RUNARMS7B, RUNARMS9A, RUNARMS8A, RUNARMS8C, RODARMS1A, RODARMS1B, RODARMS1C, RODARMS2A, RODARMS2B, RODARMS2C, RODARMS3A, RODARMS3B"
"522","0.30826493064128","6.68460247924962","0.001","0.306241702053812","0.355387798659706","0.0910634914852251",NA,"RUNARMS1C, RUNARMS7C, RUNARMS2A, RUNARMS6A, RUNARMS2B, RUNARMS5C, RUNARMS8C, RUNARMS9B, RUNARMS8A, RODARMS1A, RODARMS1B, RODARMS1C, RODARMS2A, RODARMS2B, RODARMS2C, RODARMS3A, RODARMS3B"
"523","0.309196666439875","6.71385005149873","0.001","0.304899058764358","0.355387798988697","0.075010515826773",NA,"RUNARMS6A, RUNARMS5A, RUNARMS4C, RUNARMS4B, RUNARMS3B, RUNARMS8A, RUNARMS1B, RUNARMS4A, RUNARMS9B, RODARMS1A, RODARMS1B, RODARMS1C, RODARMS2A, RODARMS2B, RODARMS2C, RODARMS3A, RODARMS3B"
"524","0.275911180399495","5.71569066385504","0.001","0.334284377280787","0.355387798659706","0.348607379517633",NA,"RUNARMS6B, RUNARMS2A, RUNARMS6C, RUNARMS9A, RUNARMS8A, RUNARMS5A, RUNARMS1B, RUNARMS1C, RUNARMS7B, RODARMS1A, RODARMS1B, RODARMS1C, RODARMS2A, RODARMS2B, RODARMS2C, RODARMS3A, RODARMS3B"
"525","0.310325889322129","6.74940275089739","0.001","0.304536258702299","0.35538779869584","0.145732672990208",NA,"RUNARMS1B, RUNARMS2A, RUNARMS3A, RUNARMS9C, RUNARMS7C, RUNARMS5C, RUNARMS9A, RUNARMS5A, RUNARMS6A, RODARMS1A, RODARMS1B, RODARMS1C, RODARMS2A, RODARMS2B, RODARMS2C, RODARMS3A, RODARMS3B"
"526","0.270390656160922","5.55894723205244","0.001","0.328878489015926","0.355387799864012","0.334938247392799",NA,"RUNARMS9A, RUNARMS3A, RUNARMS7B, RUNARMS6C, RUNARMS5C, RUNARMS8A, RUNARMS6B, RUNARMS1B, RUNARMS7A, RODARMS1A, RODARMS1B, RODARMS1C, RODARMS2A, RODARMS2B, RODARMS2C, RODARMS3A, RODARMS3B"
"527","0.288625316492638","6.08593452615434","0.001","0.320001750115428","0.355387798659706","0.144558140403094",NA,"RUNARMS1B, RUNARMS7A, RUNARMS2A, RUNARMS6B, RUNARMS3B, RUNARMS5A, RUNARMS3C, RUNARMS8C, RUNARMS4C, RODARMS1A, RODARMS1B, RODARMS1C, RODARMS2A, RODARMS2B, RODARMS2C, RODARMS3A, RODARMS3B"
"528","0.307463926875964","6.65952155002538","0.001","0.304373334357577","0.355387798659706","0.0498727549124298",NA,"RUNARMS4A, RUNARMS5C, RUNARMS9A, RUNARMS2B, RUNARMS1C, RUNARMS1B, RUNARMS5B, RUNARMS9C, RUNARMS3C, RODARMS1A, RODARMS1B, RODARMS1C, RODARMS2A, RODARMS2B, RODARMS2C, RODARMS3A, RODARMS3B"
"529","0.277804970515688","5.77001279101969","0.001","0.325481860100996","0.355387798659714","0.157735109374375",NA,"RUNARMS2B, RUNARMS9A, RUNARMS1C, RUNARMS9C, RUNARMS4C, RUNARMS1B, RUNARMS5A, RUNARMS3A, RUNARMS8C, RODARMS1A, RODARMS1B, RODARMS1C, RODARMS2A, RODARMS2B, RODARMS2C, RODARMS3A, RODARMS3B"
"530","0.283316375408376","5.92973731407245","0.001","0.324451667930252","0.355387798660174","0.235112372217523",NA,"RUNARMS5C, RUNARMS8C, RUNARMS2B, RUNARMS6B, RUNARMS3C, RUNARMS4C, RUNARMS1A, RUNARMS8A, RUNARMS2A, RODARMS1A, RODARMS1B, RODARMS1C, RODARMS2A, RODARMS2B, RODARMS2C, RODARMS3A, RODARMS3B"
"531","0.309150321964742","6.71239341481528","0.001","0.304674657690619","0.355387798659708","0.101618081269453",NA,"RUNARMS9C, RUNARMS2C, RUNARMS2A, RUNARMS1B, RUNARMS5A, RUNARMS5C, RUNARMS1A, RUNARMS6A, RUNARMS3C, RODARMS1A, RODARMS1B, RODARMS1C, RODARMS2A, RODARMS2B, RODARMS2C, RODARMS3A, RODARMS3B"
"532","0.316227038061456","6.93710607900311","0.001","0.307505057786938","0.355387800326579","0.0832496650256355",NA,"RUNARMS9A, RUNARMS3B, RUNARMS9C, RUNARMS5B, RUNARMS2A, RUNARMS7A, RUNARMS1B, RUNARMS6A, RUNARMS7B, RODARMS1A, RODARMS1B, RODARMS1C, RODARMS2A, RODARMS2B, RODARMS2C, RODARMS3A, RODARMS3B"
"533","0.310695514535339","6.76106541637906","0.001","0.300384396000227","0.355387798659709","0.0679398302487482",NA,"RUNARMS6B, RUNARMS4B, RUNARMS9A, RUNARMS5C, RUNARMS5B, RUNARMS2C, RUNARMS3C, RUNARMS6A, RUNARMS1A, RODARMS1A, RODARMS1B, RODARMS1C, RODARMS2A, RODARMS2B, RODARMS2C, RODARMS3A, RODARMS3B"
"534","0.277473122889831","5.76047338196506","0.001","0.321085774867575","0.355387798659706","0.221564742007551",NA,"RUNARMS2B, RUNARMS8B, RUNARMS4C, RUNARMS4A, RUNARMS1B, RUNARMS3A, RUNARMS5C, RUNARMS6B, RUNARMS8A, RODARMS1A, RODARMS1B, RODARMS1C, RODARMS2A, RODARMS2B, RODARMS2C, RODARMS3A, RODARMS3B"
"535","0.290656608323787","6.14631668669567","0.001","0.303832853447892","0.355387798661713","0.0723366779788145",NA,"RUNARMS2C, RUNARMS9B, RUNARMS7A, RUNARMS8B, RUNARMS3A, RUNARMS1C, RUNARMS5A, RUNARMS6A, RUNARMS6C, RODARMS1A, RODARMS1B, RODARMS1C, RODARMS2A, RODARMS2B, RODARMS2C, RODARMS3A, RODARMS3B"
"536","0.288565377972714","6.08415803163526","0.001","0.316587134900033","0.355387798659724","0.136440849023329",NA,"RUNARMS6B, RUNARMS3A, RUNARMS5B, RUNARMS9A, RUNARMS1C, RUNARMS8C, RUNARMS5C, RUNARMS9C, RUNARMS1B, RODARMS1A, RODARMS1B, RODARMS1C, RODARMS2A, RODARMS2B, RODARMS2C, RODARMS3A, RODARMS3B"
"537","0.300444415530277","6.44218462835988","0.001","0.300594299879216","0.355387798659724","0.0541796213347465",NA,"RUNARMS3C, RUNARMS2B, RUNARMS5C, RUNARMS9B, RUNARMS4C, RUNARMS2C, RUNARMS1A, RUNARMS7C, RUNARMS7B, RODARMS1A, RODARMS1B, RODARMS1C, RODARMS2A, RODARMS2B, RODARMS2C, RODARMS3A, RODARMS3B"
"538","0.296083761219453","6.30935354749842","0.001","0.302241058136904","0.355387799273352","0.0652564212106202",NA,"RUNARMS8B, RUNARMS9C, RUNARMS7C, RUNARMS6C, RUNARMS3A, RUNARMS6B, RUNARMS5A, RUNARMS1C, RUNARMS4C, RODARMS1A, RODARMS1B, RODARMS1C, RODARMS2A, RODARMS2B, RODARMS2C, RODARMS3A, RODARMS3B"
"539","0.285158104015865","5.98366098051549","0.001","0.317822301253844","0.355387798659706","0.195914407572043",NA,"RUNARMS4B, RUNARMS4A, RUNARMS8A, RUNARMS1A, RUNARMS6B, RUNARMS3C, RUNARMS6A, RUNARMS2B, RUNARMS1B, RODARMS1A, RODARMS1B, RODARMS1C, RODARMS2A, RODARMS2B, RODARMS2C, RODARMS3A, RODARMS3B"
"540","0.321996093369855","7.12376632835919","0.001","0.291372844356587","0.355387798888068","0.0265649314196749",NA,"RUNARMS6B, RUNARMS9C, RUNARMS8C, RUNARMS8B, RUNARMS4B, RUNARMS2A, RUNARMS1C, RUNARMS5C, RUNARMS6A, RODARMS1A, RODARMS1B, RODARMS1C, RODARMS2A, RODARMS2B, RODARMS2C, RODARMS3A, RODARMS3B"
"541","0.289806873780671","6.12101546216255","0.001","0.318752079512982","0.35538779865997","0.115169024178826",NA,"RUNARMS6C, RUNARMS7A, RUNARMS1A, RUNARMS8C, RUNARMS3C, RUNARMS2A, RUNARMS9A, RUNARMS4A, RUNARMS4C, RODARMS1A, RODARMS1B, RODARMS1C, RODARMS2A, RODARMS2B, RODARMS2C, RODARMS3A, RODARMS3B"
"542","0.290745130122601","6.14895594949229","0.001","0.31483371629687","0.360153321208934","0.094118732615627",NA,"RUNARMS1A, RUNARMS5C, RUNARMS4C, RUNARMS1B, RUNARMS2C, RUNARMS6B, RUNARMS2B, RUNARMS8B, RUNARMS1C, RODARMS1A, RODARMS1B, RODARMS1C, RODARMS2A, RODARMS2B, RODARMS2C, RODARMS3A, RODARMS3B"
"543","0.283098995532761","5.92339096546137","0.001","0.323623568111052","0.357896942410893","0.171440831261998",NA,"RUNARMS2B, RUNARMS6A, RUNARMS9B, RUNARMS3A, RUNARMS9A, RUNARMS6B, RUNARMS1B, RUNARMS5B, RUNARMS1C, RODARMS1A, RODARMS1B, RODARMS1C, RODARMS2A, RODARMS2B, RODARMS2C, RODARMS3A, RODARMS3B"
"544","0.317355197281556","6.97335999668737","0.001","0.30291323134094","0.355387799074142","0.0667118479559813",NA,"RUNARMS2C, RUNARMS8B, RUNARMS5B, RUNARMS4C, RUNARMS9A, RUNARMS9C, RUNARMS6A, RUNARMS8A, RUNARMS1C, RODARMS1A, RODARMS1B, RODARMS1C, RODARMS2A, RODARMS2B, RODARMS2C, RODARMS3A, RODARMS3B"
"545","0.281640768332238","5.8809177062785","0.001","0.320305316062641","0.355387798732964","0.13035425731653",NA,"RUNARMS1A, RUNARMS6A, RUNARMS6C, RUNARMS3A, RUNARMS7A, RUNARMS4A, RUNARMS1C, RUNARMS3B, RUNARMS5A, RODARMS1A, RODARMS1B, RODARMS1C, RODARMS2A, RODARMS2B, RODARMS2C, RODARMS3A, RODARMS3B"
"546","0.295893675144861","6.30360070701831","0.001","0.312084055134522","0.355387798659706","0.102131611355327",NA,"RUNARMS8B, RUNARMS1B, RUNARMS3C, RUNARMS6C, RUNARMS4B, RUNARMS2A, RUNARMS3B, RUNARMS5B, RUNARMS2C, RODARMS1A, RODARMS1B, RODARMS1C, RODARMS2A, RODARMS2B, RODARMS2C, RODARMS3A, RODARMS3B"
"547","0.282840999529353","5.91586383236635","0.001","0.328270509094279","0.355387798660272","0.244589742257518",NA,"RUNARMS1C, RUNARMS7A, RUNARMS7B, RUNARMS2A, RUNARMS4A, RUNARMS2B, RUNARMS8A, RUNARMS3B, RUNARMS3C, RODARMS1A, RODARMS1B, RODARMS1C, RODARMS2A, RODARMS2B, RODARMS2C, RODARMS3A, RODARMS3B"
"548","0.268332484433656","5.50111516620949","0.001","0.333888996576427","0.355387798659706","0.384352567241927",NA,"RUNARMS3B, RUNARMS7B, RUNARMS1C, RUNARMS9C, RUNARMS6C, RUNARMS4B, RUNARMS2B, RUNARMS8A, RUNARMS6B, RODARMS1A, RODARMS1B, RODARMS1C, RODARMS2A, RODARMS2B, RODARMS2C, RODARMS3A, RODARMS3B"
"549","0.294489828417085","6.26121012025287","0.001","0.319796786905762","0.355387798661844","0.158137688224091",NA,"RUNARMS1A, RUNARMS9C, RUNARMS9A, RUNARMS2B, RUNARMS2A, RUNARMS4A, RUNARMS4C, RUNARMS6C, RUNARMS5C, RODARMS1A, RODARMS1B, RODARMS1C, RODARMS2A, RODARMS2B, RODARMS2C, RODARMS3A, RODARMS3B"
"550","0.299619796008756","6.41693884909906","0.001","0.298468154925404","0.355387798659706","0.0404781157974434",NA,"RUNARMS2C, RUNARMS1B, RUNARMS1A, RUNARMS4A, RUNARMS4B, RUNARMS3C, RUNARMS5C, RUNARMS7A, RUNARMS8B, RODARMS1A, RODARMS1B, RODARMS1C, RODARMS2A, RODARMS2B, RODARMS2C, RODARMS3A, RODARMS3B"
"551","0.314394876264022","6.87848293528274","0.001","0.294722622584141","0.355387798659946","0.0670070231166597",NA,"RUNARMS5C, RUNARMS6A, RUNARMS8A, RUNARMS5A, RUNARMS2C, RUNARMS8B, RUNARMS4C, RUNARMS7A, RUNARMS1C, RODARMS1A, RODARMS1B, RODARMS1C, RODARMS2A, RODARMS2B, RODARMS2C, RODARMS3A, RODARMS3B"
"552","0.259160167231784","5.24729143403524","0.001","0.335596839535061","0.359267696407229","0.216301669955595",NA,"RUNARMS6B, RUNARMS5A, RUNARMS9B, RUNARMS4A, RUNARMS1A, RUNARMS2B, RUNARMS1C, RUNARMS1B, RUNARMS3A, RODARMS1A, RODARMS1B, RODARMS1C, RODARMS2A, RODARMS2B, RODARMS2C, RODARMS3A, RODARMS3B"
"553","0.28691404170959","6.03533217224162","0.001","0.311583480074614","0.355387798659706","0.105726691336502",NA,"RUNARMS7C, RUNARMS7B, RUNARMS2B, RUNARMS4B, RUNARMS1B, RUNARMS3B, RUNARMS9B, RUNARMS6B, RUNARMS3C, RODARMS1A, RODARMS1B, RODARMS1C, RODARMS2A, RODARMS2B, RODARMS2C, RODARMS3A, RODARMS3B"
"554","0.319270206388696","7.03517480911816","0.001","0.291483831353633","0.355387798739072","0.0477484881451518",NA,"RUNARMS6A, RUNARMS2A, RUNARMS1A, RUNARMS5B, RUNARMS5A, RUNARMS3C, RUNARMS6B, RUNARMS7B, RUNARMS5C, RODARMS1A, RODARMS1B, RODARMS1C, RODARMS2A, RODARMS2B, RODARMS2C, RODARMS3A, RODARMS3B"
"555","0.288221016483014","6.07395743252097","0.001","0.318706707102675","0.355387798659706","0.211091891461635",NA,"RUNARMS1B, RUNARMS9B, RUNARMS3A, RUNARMS9A, RUNARMS4C, RUNARMS5A, RUNARMS6B, RUNARMS5C, RUNARMS2A, RODARMS1A, RODARMS1B, RODARMS1C, RODARMS2A, RODARMS2B, RODARMS2C, RODARMS3A, RODARMS3B"
"556","0.27116279394909","5.5807275965989","0.001","0.318316522447641","0.355387799675123","0.0749141399543543",NA,"RUNARMS1B, RUNARMS7B, RUNARMS8C, RUNARMS4B, RUNARMS5A, RUNARMS1C, RUNARMS3A, RUNARMS2B, RUNARMS9B, RODARMS1A, RODARMS1B, RODARMS1C, RODARMS2A, RODARMS2B, RODARMS2C, RODARMS3A, RODARMS3B"
"557","0.280074541303878","5.83549042308761","0.001","0.314683113691941","0.355387798659707","0.0658716657111648",NA,"RUNARMS1A, RUNARMS6C, RUNARMS1B, RUNARMS3C, RUNARMS2C, RUNARMS5B, RUNARMS9B, RUNARMS8C, RUNARMS7A, RODARMS1A, RODARMS1B, RODARMS1C, RODARMS2A, RODARMS2B, RODARMS2C, RODARMS3A, RODARMS3B"
"558","0.26891374421157","5.51741484843462","0.001","0.324160336998686","0.360277023883596","0.14214082120613",NA,"RUNARMS6B, RUNARMS8C, RUNARMS5A, RUNARMS8B, RUNARMS1B, RUNARMS2B, RUNARMS4A, RUNARMS3C, RUNARMS3A, RODARMS1A, RODARMS1B, RODARMS1C, RODARMS2A, RODARMS2B, RODARMS2C, RODARMS3A, RODARMS3B"
"559","0.30093339026364","6.45718275066372","0.001","0.298408256791977","0.355387798659722","0.0207457844498842",NA,"RUNARMS5C, RUNARMS3C, RUNARMS1C, RUNARMS1B, RUNARMS8C, RUNARMS4B, RUNARMS4A, RUNARMS9B, RUNARMS7A, RODARMS1A, RODARMS1B, RODARMS1C, RODARMS2A, RODARMS2B, RODARMS2C, RODARMS3A, RODARMS3B"
"560","0.273530006924687","5.64779019502454","0.001","0.329873344101272","0.355387798661947","0.304165785703147",NA,"RUNARMS7A, RUNARMS9A, RUNARMS1B, RUNARMS1A, RUNARMS4B, RUNARMS2C, RUNARMS6B, RUNARMS3B, RUNARMS3C, RODARMS1A, RODARMS1B, RODARMS1C, RODARMS2A, RODARMS2B, RODARMS2C, RODARMS3A, RODARMS3B"
"561","0.304091310920213","6.55455196260702","0.001","0.287892835993946","0.355387798659707","0.0499538650971352",NA,"RUNARMS9C, RUNARMS8B, RUNARMS8C, RUNARMS7B, RUNARMS7C, RUNARMS3A, RUNARMS1A, RUNARMS4A, RUNARMS9B, RODARMS1A, RODARMS1B, RODARMS1C, RODARMS2A, RODARMS2B, RODARMS2C, RODARMS3A, RODARMS3B"
"562","0.287256975542603","6.04545324932408","0.001","0.317833734971957","0.355387798659873","0.0940352611755956",NA,"RUNARMS5B, RUNARMS7A, RUNARMS4B, RUNARMS1A, RUNARMS2B, RUNARMS3B, RUNARMS1B, RUNARMS6A, RUNARMS6C, RODARMS1A, RODARMS1B, RODARMS1C, RODARMS2A, RODARMS2B, RODARMS2C, RODARMS3A, RODARMS3B"
"563","0.294995295337884","6.27645376095607","0.001","0.321138685103512","0.355387798659708","0.158200016276462",NA,"RUNARMS3B, RUNARMS1B, RUNARMS2C, RUNARMS6A, RUNARMS4C, RUNARMS4A, RUNARMS2A, RUNARMS9B, RUNARMS6C, RODARMS1A, RODARMS1B, RODARMS1C, RODARMS2A, RODARMS2B, RODARMS2C, RODARMS3A, RODARMS3B"
"564","0.30271559802086","6.51202573501528","0.001","0.297783746417075","0.355387798669307","0.0418163574755345",NA,"RUNARMS7A, RUNARMS5A, RUNARMS3C, RUNARMS1B, RUNARMS4A, RUNARMS5C, RUNARMS7B, RUNARMS4B, RUNARMS2C, RODARMS1A, RODARMS1B, RODARMS1C, RODARMS2A, RODARMS2B, RODARMS2C, RODARMS3A, RODARMS3B"
"565","0.271074707125327","5.57824052289952","0.001","0.333175640363578","0.355387798659706","0.327292701241758",NA,"RUNARMS6C, RUNARMS1C, RUNARMS2A, RUNARMS2B, RUNARMS7B, RUNARMS6A, RUNARMS8A, RUNARMS3A, RUNARMS9B, RODARMS1A, RODARMS1B, RODARMS1C, RODARMS2A, RODARMS2B, RODARMS2C, RODARMS3A, RODARMS3B"
"566","0.30428169245009","6.56045031044971","0.001","0.304663241719685","0.355387798659706","0.0402011875836809",NA,"RUNARMS3B, RUNARMS6A, RUNARMS1C, RUNARMS1B, RUNARMS8C, RUNARMS5B, RUNARMS3C, RUNARMS6B, RUNARMS7B, RODARMS1A, RODARMS1B, RODARMS1C, RODARMS2A, RODARMS2B, RODARMS2C, RODARMS3A, RODARMS3B"
"567","0.287780826735108","6.06093259359801","0.001","0.308757291128089","0.355387798659709","0.113458345171759",NA,"RUNARMS8A, RUNARMS5C, RUNARMS1A, RUNARMS8C, RUNARMS1C, RUNARMS8B, RUNARMS5B, RUNARMS6C, RUNARMS2B, RODARMS1A, RODARMS1B, RODARMS1C, RODARMS2A, RODARMS2B, RODARMS2C, RODARMS3A, RODARMS3B"
"568","0.307438794068292","6.65873553344703","0.001","0.301963361523237","0.355387799426195","0.0406902048563811",NA,"RUNARMS4A, RUNARMS4C, RUNARMS1C, RUNARMS4B, RUNARMS9B, RUNARMS3B, RUNARMS1A, RUNARMS6C, RUNARMS6A, RODARMS1A, RODARMS1B, RODARMS1C, RODARMS2A, RODARMS2B, RODARMS2C, RODARMS3A, RODARMS3B"
"569","0.286644136356211","6.02737324311137","0.001","0.317874015865122","0.355387798663511","0.144499008983249",NA,"RUNARMS4A, RUNARMS1B, RUNARMS6C, RUNARMS8B, RUNARMS3A, RUNARMS3B, RUNARMS9A, RUNARMS6A, RUNARMS1A, RODARMS1A, RODARMS1B, RODARMS1C, RODARMS2A, RODARMS2B, RODARMS2C, RODARMS3A, RODARMS3B"
"570","0.309484613008461","6.72290477892535","0.001","0.304397617418257","0.355387799867581","0.0407201230130373",NA,"RUNARMS7C, RUNARMS8A, RUNARMS4A, RUNARMS6C, RUNARMS8C, RUNARMS9C, RUNARMS9A, RUNARMS3C, RUNARMS1C, RODARMS1A, RODARMS1B, RODARMS1C, RODARMS2A, RODARMS2B, RODARMS2C, RODARMS3A, RODARMS3B"
"571","0.289864527666267","6.12273021752482","0.001","0.314107377200711","0.355387798661349","0.161060452801173",NA,"RUNARMS2C, RUNARMS1B, RUNARMS3A, RUNARMS7B, RUNARMS4B, RUNARMS6A, RUNARMS3B, RUNARMS7A, RUNARMS7C, RODARMS1A, RODARMS1B, RODARMS1C, RODARMS2A, RODARMS2B, RODARMS2C, RODARMS3A, RODARMS3B"
"572","0.27469785733067","5.6810363813286","0.001","0.322149496124416","0.355387798661525","0.203570512855696",NA,"RUNARMS3A, RUNARMS1A, RUNARMS2A, RUNARMS5B, RUNARMS8B, RUNARMS6B, RUNARMS8C, RUNARMS4C, RUNARMS6C, RODARMS1A, RODARMS1B, RODARMS1C, RODARMS2A, RODARMS2B, RODARMS2C, RODARMS3A, RODARMS3B"
"573","0.3117358000003","6.79395644871044","0.001","0.294188268416068","0.355387798693711","0.0266095002205786",NA,"RUNARMS9C, RUNARMS6C, RUNARMS4A, RUNARMS6A, RUNARMS5A, RUNARMS8C, RUNARMS3C, RUNARMS5C, RUNARMS1A, RODARMS1A, RODARMS1B, RODARMS1C, RODARMS2A, RODARMS2B, RODARMS2C, RODARMS3A, RODARMS3B"
"574","0.296743167211205","6.32933417869096","0.001","0.310623050167267","0.35538779893616","0.0820755721703524",NA,"RUNARMS4A, RUNARMS9A, RUNARMS1A, RUNARMS6A, RUNARMS5A, RUNARMS5C, RUNARMS2C, RUNARMS8C, RUNARMS3A, RODARMS1A, RODARMS1B, RODARMS1C, RODARMS2A, RODARMS2B, RODARMS2C, RODARMS3A, RODARMS3B"
"575","0.296792615268285","6.33083401239131","0.001","0.303701384128294","0.355387799821251","0.0531071012715024",NA,"RUNARMS9A, RUNARMS7A, RUNARMS6C, RUNARMS4B, RUNARMS3A, RUNARMS1C, RUNARMS5C, RUNARMS3C, RUNARMS5A, RODARMS1A, RODARMS1B, RODARMS1C, RODARMS2A, RODARMS2B, RODARMS2C, RODARMS3A, RODARMS3B"
"576","0.313690191453421","6.85601868603042","0.001","0.296357370681433","0.355387798659706","0.0406738022493722",NA,"RUNARMS6A, RUNARMS2C, RUNARMS4B, RUNARMS5C, RUNARMS7B, RUNARMS5B, RUNARMS6C, RUNARMS9C, RUNARMS1C, RODARMS1A, RODARMS1B, RODARMS1C, RODARMS2A, RODARMS2B, RODARMS2C, RODARMS3A, RODARMS3B"
"577","0.296494717594557","6.32180152039743","0.001","0.307201290226836","0.355387799208103","0.0466583765473257",NA,"RUNARMS7B, RUNARMS1B, RUNARMS9A, RUNARMS8C, RUNARMS4A, RUNARMS5C, RUNARMS6B, RUNARMS1A, RUNARMS3C, RODARMS1A, RODARMS1B, RODARMS1C, RODARMS2A, RODARMS2B, RODARMS2C, RODARMS3A, RODARMS3B"
"578","0.28098798793412","5.86196022915069","0.001","0.318969981098173","0.35538779912738","0.201272165612126",NA,"RUNARMS7C, RUNARMS6B, RUNARMS5A, RUNARMS3B, RUNARMS7A, RUNARMS1A, RUNARMS7B, RUNARMS4A, RUNARMS2C, RODARMS1A, RODARMS1B, RODARMS1C, RODARMS2A, RODARMS2B, RODARMS2C, RODARMS3A, RODARMS3B"
"579","0.29615327641844","6.31145815906018","0.001","0.296090208841758","0.355387798659707","0.124921930985147",NA,"RUNARMS1B, RUNARMS3A, RUNARMS7B, RUNARMS8A, RUNARMS6C, RUNARMS7A, RUNARMS5C, RUNARMS7C, RUNARMS8B, RODARMS1A, RODARMS1B, RODARMS1C, RODARMS2A, RODARMS2B, RODARMS2C, RODARMS3A, RODARMS3B"
"580","0.278919919883152","5.80212782686954","0.001","0.318856096462101","0.355387798659718","0.11429265220108",NA,"RUNARMS4B, RUNARMS1B, RUNARMS8C, RUNARMS3A, RUNARMS9C, RUNARMS6C, RUNARMS7A, RUNARMS4C, RUNARMS5B, RODARMS1A, RODARMS1B, RODARMS1C, RODARMS2A, RODARMS2B, RODARMS2C, RODARMS3A, RODARMS3B"
"581","0.307683035428932","6.66637648305124","0.001","0.308280262502422","0.355387822974088","0.0372388776313999",NA,"RUNARMS4C, RUNARMS3B, RUNARMS8B, RUNARMS9C, RUNARMS5A, RUNARMS1C, RUNARMS4A, RUNARMS2C, RUNARMS9A, RODARMS1A, RODARMS1B, RODARMS1C, RODARMS2A, RODARMS2B, RODARMS2C, RODARMS3A, RODARMS3B"
"582","0.289523319309608","6.11258596893572","0.001","0.3163963637214","0.355387806307811","0.0960234834838176",NA,"RUNARMS4B, RUNARMS3A, RUNARMS1C, RUNARMS7A, RUNARMS7C, RUNARMS9C, RUNARMS2C, RUNARMS3B, RUNARMS5A, RODARMS1A, RODARMS1B, RODARMS1C, RODARMS2A, RODARMS2B, RODARMS2C, RODARMS3A, RODARMS3B"
"583","0.286161474525647","6.01315558729805","0.001","0.319099685365931","0.355387798659738","0.187629729931068",NA,"RUNARMS3C, RUNARMS1A, RUNARMS9C, RUNARMS2C, RUNARMS2A, RUNARMS6B, RUNARMS7B, RUNARMS7A, RUNARMS5C, RODARMS1A, RODARMS1B, RODARMS1C, RODARMS2A, RODARMS2B, RODARMS2C, RODARMS3A, RODARMS3B"
"584","0.31918748465836","7.03249743796618","0.001","0.297414144456492","0.355387798659943","0.0423010487744896",NA,"RUNARMS1B, RUNARMS9B, RUNARMS9A, RUNARMS1A, RUNARMS6A, RUNARMS4A, RUNARMS3B, RUNARMS7C, RUNARMS5C, RODARMS1A, RODARMS1B, RODARMS1C, RODARMS2A, RODARMS2B, RODARMS2C, RODARMS3A, RODARMS3B"
"585","0.292591212543525","6.20414711546529","0.001","0.308278118589025","0.355387798659712","0.0814798743352376",NA,"RUNARMS5A, RUNARMS2C, RUNARMS7A, RUNARMS9B, RUNARMS5C, RUNARMS4B, RUNARMS1B, RUNARMS9C, RUNARMS6B, RODARMS1A, RODARMS1B, RODARMS1C, RODARMS2A, RODARMS2B, RODARMS2C, RODARMS3A, RODARMS3B"
"586","0.297237749713637","6.34434510944174","0.001","0.307774475144548","0.355387798659718","0.078644338495644",NA,"RUNARMS6A, RUNARMS1C, RUNARMS8C, RUNARMS3A, RUNARMS4A, RUNARMS3B, RUNARMS7C, RUNARMS7B, RUNARMS1A, RODARMS1A, RODARMS1B, RODARMS1C, RODARMS2A, RODARMS2B, RODARMS2C, RODARMS3A, RODARMS3B"
"587","0.294196291103597","6.25236777723093","0.001","0.31369352736128","0.355387798659707","0.130588504060522",NA,"RUNARMS7A, RUNARMS8B, RUNARMS1A, RUNARMS6C, RUNARMS6A, RUNARMS2B, RUNARMS5B, RUNARMS3B, RUNARMS2A, RODARMS1A, RODARMS1B, RODARMS1C, RODARMS2A, RODARMS2B, RODARMS2C, RODARMS3A, RODARMS3B"
"588","0.270695444762634","5.56753916080776","0.001","0.329445329735422","0.355387798664625","0.256943799119792",NA,"RUNARMS2C, RUNARMS6B, RUNARMS4A, RUNARMS8B, RUNARMS3A, RUNARMS1A, RUNARMS2A, RUNARMS1B, RUNARMS1C, RODARMS1A, RODARMS1B, RODARMS1C, RODARMS2A, RODARMS2B, RODARMS2C, RODARMS3A, RODARMS3B"
"589","0.298050456343609","6.36905727136224","0.001","0.294493379179635","0.355387798786712","0.0644339207526943",NA,"RUNARMS7A, RUNARMS8B, RUNARMS9B, RUNARMS3C, RUNARMS3A, RUNARMS5C, RUNARMS6C, RUNARMS1B, RUNARMS6A, RODARMS1A, RODARMS1B, RODARMS1C, RODARMS2A, RODARMS2B, RODARMS2C, RODARMS3A, RODARMS3B"
"590","0.303940607753572","6.54988520676336","0.001","0.307103378305737","0.355387798659706","0.0628514220897348",NA,"RUNARMS7B, RUNARMS1A, RUNARMS6A, RUNARMS3C, RUNARMS9A, RUNARMS4B, RUNARMS2A, RUNARMS6C, RUNARMS7A, RODARMS1A, RODARMS1B, RODARMS1C, RODARMS2A, RODARMS2B, RODARMS2C, RODARMS3A, RODARMS3B"
"591","0.28750355414395","6.05273659572827","0.002","0.314956484527126","0.355387798779836","0.138270194947458",NA,"RUNARMS6B, RUNARMS8C, RUNARMS3A, RUNARMS5C, RUNARMS6C, RUNARMS5B, RUNARMS1A, RUNARMS6A, RUNARMS3B, RODARMS1A, RODARMS1B, RODARMS1C, RODARMS2A, RODARMS2B, RODARMS2C, RODARMS3A, RODARMS3B"
"592","0.284680025597416","5.96963671750897","0.001","0.311001505774884","0.355387799435143","0.0878256630321383",NA,"RUNARMS1A, RUNARMS7C, RUNARMS2B, RUNARMS2C, RUNARMS7A, RUNARMS5A, RUNARMS6C, RUNARMS9B, RUNARMS5C, RODARMS1A, RODARMS1B, RODARMS1C, RODARMS2A, RODARMS2B, RODARMS2C, RODARMS3A, RODARMS3B"
"593","0.275011098548669","5.68997190160015","0.001","0.326462888126628","0.355387798659792","0.190338575146256",NA,"RUNARMS7A, RUNARMS2B, RUNARMS6C, RUNARMS3B, RUNARMS7B, RUNARMS3A, RUNARMS9A, RUNARMS4C, RUNARMS1A, RODARMS1A, RODARMS1B, RODARMS1C, RODARMS2A, RODARMS2B, RODARMS2C, RODARMS3A, RODARMS3B"
"594","0.307759551314015","6.66877134740263","0.001","0.301029570522644","0.357762714099853","0.0678640374364946",NA,"RUNARMS4B, RUNARMS2C, RUNARMS7B, RUNARMS6C, RUNARMS5C, RUNARMS4C, RUNARMS3B, RUNARMS5A, RUNARMS1C, RODARMS1A, RODARMS1B, RODARMS1C, RODARMS2A, RODARMS2B, RODARMS2C, RODARMS3A, RODARMS3B"
"595","0.291549953104458","6.17298187180682","0.001","0.313418117602869","0.355387799384917","0.0993256021037596",NA,"RUNARMS8B, RUNARMS6C, RUNARMS1A, RUNARMS5A, RUNARMS4C, RUNARMS4A, RUNARMS3B, RUNARMS2A, RUNARMS9B, RODARMS1A, RODARMS1B, RODARMS1C, RODARMS2A, RODARMS2B, RODARMS2C, RODARMS3A, RODARMS3B"
"596","0.283450163427547","5.93364513451158","0.001","0.31399829419934","0.355387799092019","0.161329456199136",NA,"RUNARMS9B, RUNARMS9A, RUNARMS1A, RUNARMS2B, RUNARMS3A, RUNARMS8B, RUNARMS4B, RUNARMS8A, RUNARMS7C, RODARMS1A, RODARMS1B, RODARMS1C, RODARMS2A, RODARMS2B, RODARMS2C, RODARMS3A, RODARMS3B"
"597","0.294737343366776","6.26867183299743","0.001","0.311040247653489","0.355387798659708","0.142693778326227",NA,"RUNARMS8A, RUNARMS1C, RUNARMS5A, RUNARMS6C, RUNARMS5C, RUNARMS2A, RUNARMS2B, RUNARMS8B, RUNARMS5B, RODARMS1A, RODARMS1B, RODARMS1C, RODARMS2A, RODARMS2B, RODARMS2C, RODARMS3A, RODARMS3B"
"598","0.311632258883674","6.79067830179623","0.001","0.295770611958496","0.355387798659713","0.0433317210135816",NA,"RUNARMS6A, RUNARMS6B, RUNARMS9B, RUNARMS9A, RUNARMS3B, RUNARMS8B, RUNARMS3C, RUNARMS8C, RUNARMS1C, RODARMS1A, RODARMS1B, RODARMS1C, RODARMS2A, RODARMS2B, RODARMS2C, RODARMS3A, RODARMS3B"
"599","0.280328912618795","5.84285483050759","0.001","0.315346352783665","0.35538779866747","0.0800293107832648",NA,"RUNARMS5A, RUNARMS1B, RUNARMS2B, RUNARMS7B, RUNARMS9C, RUNARMS8C, RUNARMS4A, RUNARMS6C, RUNARMS4B, RODARMS1A, RODARMS1B, RODARMS1C, RODARMS2A, RODARMS2B, RODARMS2C, RODARMS3A, RODARMS3B"
"600","0.312913924827273","6.83132585859658","0.001","0.296468697384164","0.355387798659706","0.0183451172472475",NA,"RUNARMS1B, RUNARMS4B, RUNARMS3C, RUNARMS1A, RUNARMS7C, RUNARMS5B, RUNARMS8A, RUNARMS8C, RUNARMS5C, RODARMS1A, RODARMS1B, RODARMS1C, RODARMS2A, RODARMS2B, RODARMS2C, RODARMS3A, RODARMS3B"
"601","0.291550566629352","6.17300020783879","0.001","0.308834868212526","0.355387798659733","0.0400329539818545",NA,"RUNARMS5A, RUNARMS3A, RUNARMS6C, RUNARMS8C, RUNARMS4B, RUNARMS5B, RUNARMS3C, RUNARMS9A, RUNARMS1C, RODARMS1A, RODARMS1B, RODARMS1C, RODARMS2A, RODARMS2B, RODARMS2C, RODARMS3A, RODARMS3B"
"602","0.292602773486652","6.20449365335046","0.001","0.310938521587898","0.355387798695998","0.0486706735932514",NA,"RUNARMS9B, RUNARMS8A, RUNARMS5B, RUNARMS8C, RUNARMS5A, RUNARMS4C, RUNARMS3C, RUNARMS1A, RUNARMS6B, RODARMS1A, RODARMS1B, RODARMS1C, RODARMS2A, RODARMS2B, RODARMS2C, RODARMS3A, RODARMS3B"
"603","0.331515309342103","7.4388085615507","0.001","0.274453932899443","0.355387798659709","0.00863627014291685",NA,"RUNARMS1B, RUNARMS7B, RUNARMS3C, RUNARMS6A, RUNARMS8B, RUNARMS7C, RUNARMS4C, RUNARMS8C, RUNARMS1A, RODARMS1A, RODARMS1B, RODARMS1C, RODARMS2A, RODARMS2B, RODARMS2C, RODARMS3A, RODARMS3B"
"604","0.296911696050157","6.3344467767879","0.001","0.309472314562538","0.355387798684881","0.0788657828075576",NA,"RUNARMS3B, RUNARMS4C, RUNARMS1A, RUNARMS5B, RUNARMS3C, RUNARMS1B, RUNARMS4B, RUNARMS7B, RUNARMS2C, RODARMS1A, RODARMS1B, RODARMS1C, RODARMS2A, RODARMS2B, RODARMS2C, RODARMS3A, RODARMS3B"
"605","0.282628280933071","5.9096617573804","0.001","0.329137406589253","0.35538779869335","0.236216478763708",NA,"RUNARMS2C, RUNARMS2A, RUNARMS3B, RUNARMS1B, RUNARMS5B, RUNARMS7B, RUNARMS7A, RUNARMS9C, RUNARMS1A, RODARMS1A, RODARMS1B, RODARMS1C, RODARMS2A, RODARMS2B, RODARMS2C, RODARMS3A, RODARMS3B"
"606","0.294070121317137","6.24856937347271","0.001","0.312950116032643","0.355387798662769","0.157149555797991",NA,"RUNARMS1C, RUNARMS6A, RUNARMS8A, RUNARMS9A, RUNARMS8C, RUNARMS9C, RUNARMS8B, RUNARMS3A, RUNARMS6B, RODARMS1A, RODARMS1B, RODARMS1C, RODARMS2A, RODARMS2B, RODARMS2C, RODARMS3A, RODARMS3B"
"607","0.284018478902959","5.95026136570774","0.001","0.317525611477291","0.355387798659706","0.156511578419379",NA,"RUNARMS5C, RUNARMS2B, RUNARMS9B, RUNARMS8A, RUNARMS2C, RUNARMS6C, RUNARMS1C, RUNARMS7C, RUNARMS5A, RODARMS1A, RODARMS1B, RODARMS1C, RODARMS2A, RODARMS2B, RODARMS2C, RODARMS3A, RODARMS3B"
"608","0.286412110029763","6.02053609769868","0.001","0.307770052191534","0.355387798673712","0.100913621290488",NA,"RUNARMS4B, RUNARMS7B, RUNARMS7C, RUNARMS4A, RUNARMS7A, RUNARMS6B, RUNARMS3A, RUNARMS1B, RUNARMS5A, RODARMS1A, RODARMS1B, RODARMS1C, RODARMS2A, RODARMS2B, RODARMS2C, RODARMS3A, RODARMS3B"
"609","0.294143040245629","6.25076446822851","0.001","0.310369543485358","0.355387798659707","0.0806767948665609",NA,"RUNARMS3C, RUNARMS1C, RUNARMS9B, RUNARMS4B, RUNARMS8A, RUNARMS2C, RUNARMS6A, RUNARMS6C, RUNARMS7B, RODARMS1A, RODARMS1B, RODARMS1C, RODARMS2A, RODARMS2B, RODARMS2C, RODARMS3A, RODARMS3B"
"610","0.281450710558834","5.87539466035222","0.001","0.316197489945917","0.355387800116459","0.118942159416307",NA,"RUNARMS1C, RUNARMS1A, RUNARMS2C, RUNARMS6C, RUNARMS8B, RUNARMS9B, RUNARMS2A, RUNARMS4B, RUNARMS5A, RODARMS1A, RODARMS1B, RODARMS1C, RODARMS2A, RODARMS2B, RODARMS2C, RODARMS3A, RODARMS3B"
"611","0.306991821698323","6.64476620861793","0.001","0.305420259129837","0.355387798659706","0.111606373445003",NA,"RUNARMS1B, RUNARMS1C, RUNARMS9B, RUNARMS3A, RUNARMS4C, RUNARMS2A, RUNARMS6A, RUNARMS5C, RUNARMS9C, RODARMS1A, RODARMS1B, RODARMS1C, RODARMS2A, RODARMS2B, RODARMS2C, RODARMS3A, RODARMS3B"
"612","0.294868002546183","6.27261286420693","0.001","0.319410044283356","0.355387798659706","0.198927733631707",NA,"RUNARMS9A, RUNARMS7B, RUNARMS3B, RUNARMS8A, RUNARMS9C, RUNARMS2A, RUNARMS1A, RUNARMS6C, RUNARMS8B, RODARMS1A, RODARMS1B, RODARMS1C, RODARMS2A, RODARMS2B, RODARMS2C, RODARMS3A, RODARMS3B"
"613","0.313805619056446","6.8596951775883","0.001","0.297356226935264","0.355387798712092","0.0772555679108624",NA,"RUNARMS9B, RUNARMS5C, RUNARMS5A, RUNARMS6A, RUNARMS9C, RUNARMS1C, RUNARMS7C, RUNARMS3A, RUNARMS2A, RODARMS1A, RODARMS1B, RODARMS1C, RODARMS2A, RODARMS2B, RODARMS2C, RODARMS3A, RODARMS3B"
"614","0.311340837583544","6.7814570960852","0.001","0.298803852221488","0.355387798659996","0.0235538690347262",NA,"RUNARMS5A, RUNARMS1B, RUNARMS3C, RUNARMS7C, RUNARMS1A, RUNARMS8C, RUNARMS6A, RUNARMS3B, RUNARMS1C, RODARMS1A, RODARMS1B, RODARMS1C, RODARMS2A, RODARMS2B, RODARMS2C, RODARMS3A, RODARMS3B"
"615","0.300522925797759","6.44459132861161","0.001","0.301586080035556","0.355387798659708","0.0500367236550255",NA,"RUNARMS1A, RUNARMS5C, RUNARMS4C, RUNARMS3A, RUNARMS4B, RUNARMS9B, RUNARMS9C, RUNARMS8B, RUNARMS3B, RODARMS1A, RODARMS1B, RODARMS1C, RODARMS2A, RODARMS2B, RODARMS2C, RODARMS3A, RODARMS3B"
"616","0.276138987544103","5.72221012305717","0.001","0.323377489001917","0.355387798659709","0.150737118531907",NA,"RUNARMS5B, RUNARMS6C, RUNARMS1C, RUNARMS5A, RUNARMS7B, RUNARMS6B, RUNARMS3B, RUNARMS2C, RUNARMS9B, RODARMS1A, RODARMS1B, RODARMS1C, RODARMS2A, RODARMS2B, RODARMS2C, RODARMS3A, RODARMS3B"
"617","0.265900381885478","5.43319411952063","0.001","0.342223687666743","0.36223370758668","0.312690218314659",NA,"RUNARMS9C, RUNARMS6B, RUNARMS2C, RUNARMS1A, RUNARMS2B, RUNARMS7A, RUNARMS4A, RUNARMS1B, RUNARMS4C, RODARMS1A, RODARMS1B, RODARMS1C, RODARMS2A, RODARMS2B, RODARMS2C, RODARMS3A, RODARMS3B"
"618","0.293584266852267","6.23395515720066","0.001","0.302841095937539","0.355387798682344","0.0708067025819882",NA,"RUNARMS8B, RUNARMS1B, RUNARMS7B, RUNARMS6C, RUNARMS3C, RUNARMS5C, RUNARMS9A, RUNARMS1A, RUNARMS2B, RODARMS1A, RODARMS1B, RODARMS1C, RODARMS2A, RODARMS2B, RODARMS2C, RODARMS3A, RODARMS3B"
"619","0.272284954193729","5.61246374723607","0.001","0.325672258273823","0.355387800143395","0.204355999924115",NA,"RUNARMS8C, RUNARMS6C, RUNARMS3A, RUNARMS5B, RUNARMS1A, RUNARMS2A, RUNARMS1C, RUNARMS1B, RUNARMS7B, RODARMS1A, RODARMS1B, RODARMS1C, RODARMS2A, RODARMS2B, RODARMS2C, RODARMS3A, RODARMS3B"
"620","0.287171041525099","6.04291614652208","0.002","0.314591497772624","0.355387798659706","0.0447674663304605",NA,"RUNARMS7A, RUNARMS4B, RUNARMS6C, RUNARMS8C, RUNARMS5B, RUNARMS2C, RUNARMS4A, RUNARMS1A, RUNARMS9C, RODARMS1A, RODARMS1B, RODARMS1C, RODARMS2A, RODARMS2B, RODARMS2C, RODARMS3A, RODARMS3B"
"621","0.285380964996554","5.99020494175286","0.001","0.321123387593447","0.355387798659707","0.132180099209838",NA,"RUNARMS6C, RUNARMS6B, RUNARMS2A, RUNARMS8C, RUNARMS3C, RUNARMS1B, RUNARMS4C, RUNARMS5B, RUNARMS4A, RODARMS1A, RODARMS1B, RODARMS1C, RODARMS2A, RODARMS2B, RODARMS2C, RODARMS3A, RODARMS3B"
"622","0.311335489308679","6.78128793792806","0.001","0.286183230773852","0.355387798659717","0.0263561541562643",NA,"RUNARMS8B, RUNARMS4B, RUNARMS3C, RUNARMS6C, RUNARMS9C, RUNARMS1A, RUNARMS7C, RUNARMS7B, RUNARMS6B, RODARMS1A, RODARMS1B, RODARMS1C, RODARMS2A, RODARMS2B, RODARMS2C, RODARMS3A, RODARMS3B"
"623","0.269512459093545","5.53423112649757","0.001","0.325023662664184","0.355387801418389","0.24547466637678",NA,"RUNARMS8C, RUNARMS7B, RUNARMS6A, RUNARMS3B, RUNARMS9B, RUNARMS6B, RUNARMS1A, RUNARMS2B, RUNARMS6C, RODARMS1A, RODARMS1B, RODARMS1C, RODARMS2A, RODARMS2B, RODARMS2C, RODARMS3A, RODARMS3B"
"624","0.302167885259779","6.49514142894382","0.001","0.302005085820481","0.355387798659706","0.0652775823414244",NA,"RUNARMS6C, RUNARMS5C, RUNARMS4A, RUNARMS5B, RUNARMS1B, RUNARMS2C, RUNARMS4C, RUNARMS7B, RUNARMS4B, RODARMS1A, RODARMS1B, RODARMS1C, RODARMS2A, RODARMS2B, RODARMS2C, RODARMS3A, RODARMS3B"
"625","0.271262131599095","5.58353305134948","0.002","0.327214240672459","0.356223467337473","0.152436528148027",NA,"RUNARMS5A, RUNARMS7B, RUNARMS9B, RUNARMS2C, RUNARMS6B, RUNARMS2B, RUNARMS1C, RUNARMS1B, RUNARMS9C, RODARMS1A, RODARMS1B, RODARMS1C, RODARMS2A, RODARMS2B, RODARMS2C, RODARMS3A, RODARMS3B"
"626","0.301324147290209","6.46918337283736","0.001","0.30431087199541","0.355387798674224","0.117573574221711",NA,"RUNARMS2B, RUNARMS7C, RUNARMS9C, RUNARMS1A, RUNARMS7B, RUNARMS4C, RUNARMS3C, RUNARMS8A, RUNARMS5C, RODARMS1A, RODARMS1B, RODARMS1C, RODARMS2A, RODARMS2B, RODARMS2C, RODARMS3A, RODARMS3B"
"627","0.308827306456164","6.70224625497109","0.001","0.308525111380622","0.355387798659706","0.0816273711626796",NA,"RUNARMS1C, RUNARMS9A, RUNARMS4A, RUNARMS9C, RUNARMS8C, RUNARMS2A, RUNARMS7C, RUNARMS6B, RUNARMS5C, RODARMS1A, RODARMS1B, RODARMS1C, RODARMS2A, RODARMS2B, RODARMS2C, RODARMS3A, RODARMS3B"
"628","0.291491791966207","6.17124379070647","0.001","0.319512362720817","0.355387799337238","0.235743017635401",NA,"RUNARMS6C, RUNARMS8A, RUNARMS1A, RUNARMS5B, RUNARMS6A, RUNARMS7C, RUNARMS3A, RUNARMS2A, RUNARMS5C, RODARMS1A, RODARMS1B, RODARMS1C, RODARMS2A, RODARMS2B, RODARMS2C, RODARMS3A, RODARMS3B"
"629","0.329489738471764","7.37102228057152","0.001","0.278102771719743","0.355387798659724","0.0136979770572792",NA,"RUNARMS1B, RUNARMS6A, RUNARMS7B, RUNARMS7C, RUNARMS8B, RUNARMS9A, RUNARMS5A, RUNARMS6C, RUNARMS3C, RODARMS1A, RODARMS1B, RODARMS1C, RODARMS2A, RODARMS2B, RODARMS2C, RODARMS3A, RODARMS3B"
"630","0.300636447211147","6.44807223679943","0.001","0.30459332699467","0.355387798659706","0.0614797463025072",NA,"RUNARMS1C, RUNARMS8C, RUNARMS3A, RUNARMS7A, RUNARMS5C, RUNARMS7C, RUNARMS9A, RUNARMS1A, RUNARMS4C, RODARMS1A, RODARMS1B, RODARMS1C, RODARMS2A, RODARMS2B, RODARMS2C, RODARMS3A, RODARMS3B"
"631","0.282534926251849","5.90694104681308","0.001","0.328114949660959","0.355387805558677","0.294060197253599",NA,"RUNARMS7B, RUNARMS5B, RUNARMS2C, RUNARMS1B, RUNARMS4B, RUNARMS4C, RUNARMS7A, RUNARMS2A, RUNARMS8A, RODARMS1A, RODARMS1B, RODARMS1C, RODARMS2A, RODARMS2B, RODARMS2C, RODARMS3A, RODARMS3B"
"632","0.303760909662611","6.54432321909874","0.001","0.310074023649856","0.355387798659706","0.0859189916091353",NA,"RUNARMS2C, RUNARMS5B, RUNARMS2A, RUNARMS7C, RUNARMS7A, RUNARMS9B, RUNARMS4A, RUNARMS1A, RUNARMS9A, RODARMS1A, RODARMS1B, RODARMS1C, RODARMS2A, RODARMS2B, RODARMS2C, RODARMS3A, RODARMS3B"
"633","0.305623305167944","6.60210748954923","0.002","0.308522418918987","0.355387798659708","0.0863997915105845",NA,"RUNARMS6A, RUNARMS7A, RUNARMS3C, RUNARMS5B, RUNARMS5A, RUNARMS1A, RUNARMS1B, RUNARMS2A, RUNARMS3B, RODARMS1A, RODARMS1B, RODARMS1C, RODARMS2A, RODARMS2B, RODARMS2C, RODARMS3A, RODARMS3B"
"634","0.297313265586652","6.34663892939867","0.001","0.306047927439108","0.355387799482614","0.0449132747602182",NA,"RUNARMS2B, RUNARMS7A, RUNARMS1C, RUNARMS4A, RUNARMS8B, RUNARMS9B, RUNARMS2A, RUNARMS5A, RUNARMS5B, RODARMS1A, RODARMS1B, RODARMS1C, RODARMS2A, RODARMS2B, RODARMS2C, RODARMS3A, RODARMS3B"
"635","0.272758232056833","5.62587802461346","0.001","0.326210141065597","0.355387798659719","0.143400804932075",NA,"RUNARMS2C, RUNARMS2B, RUNARMS6C, RUNARMS5B, RUNARMS1A, RUNARMS1B, RUNARMS4A, RUNARMS5A, RUNARMS7C, RODARMS1A, RODARMS1B, RODARMS1C, RODARMS2A, RODARMS2B, RODARMS2C, RODARMS3A, RODARMS3B"
"636","0.301245139149427","6.46675585446512","0.001","0.307242639809149","0.355387801905438","0.135088548440353",NA,"RUNARMS2B, RUNARMS7B, RUNARMS7C, RUNARMS8A, RUNARMS3C, RUNARMS7A, RUNARMS2A, RUNARMS5C, RUNARMS1C, RODARMS1A, RODARMS1B, RODARMS1C, RODARMS2A, RODARMS2B, RODARMS2C, RODARMS3A, RODARMS3B"
"637","0.272223111660647","5.61071221185261","0.001","0.320198860206087","0.355387903031166","0.151949411067523",NA,"RUNARMS6C, RUNARMS5C, RUNARMS3A, RUNARMS1A, RUNARMS7B, RUNARMS7A, RUNARMS2C, RUNARMS1B, RUNARMS4B, RODARMS1A, RODARMS1B, RODARMS1C, RODARMS2A, RODARMS2B, RODARMS2C, RODARMS3A, RODARMS3B"
"638","0.29758949380002","6.35503365567459","0.001","0.30963929863587","0.355387798659707","0.121797875894575",NA,"RUNARMS8B, RUNARMS2B, RUNARMS9A, RUNARMS5B, RUNARMS1A, RUNARMS6C, RUNARMS8C, RUNARMS6A, RUNARMS2A, RODARMS1A, RODARMS1B, RODARMS1C, RODARMS2A, RODARMS2B, RODARMS2C, RODARMS3A, RODARMS3B"
"639","0.302156524586249","6.49479149476394","0.001","0.301357072343313","0.355387798997935","0.0459499679363588",NA,"RUNARMS3A, RUNARMS5B, RUNARMS9C, RUNARMS9A, RUNARMS5A, RUNARMS1C, RUNARMS8B, RUNARMS7B, RUNARMS4A, RODARMS1A, RODARMS1B, RODARMS1C, RODARMS2A, RODARMS2B, RODARMS2C, RODARMS3A, RODARMS3B"
"640","0.283777095886933","5.94320066261386","0.001","0.32179920300504","0.355387798765053","0.104636733509808",NA,"RUNARMS4C, RUNARMS2C, RUNARMS2A, RUNARMS8C, RUNARMS7B, RUNARMS9B, RUNARMS1B, RUNARMS2B, RUNARMS1C, RODARMS1A, RODARMS1B, RODARMS1C, RODARMS2A, RODARMS2B, RODARMS2C, RODARMS3A, RODARMS3B"
"641","0.282576554432531","5.90815416289507","0.002","0.327326238970184","0.355387798659706","0.256202768278375",NA,"RUNARMS7B, RUNARMS6A, RUNARMS2B, RUNARMS3B, RUNARMS2C, RUNARMS1C, RUNARMS7A, RUNARMS4A, RUNARMS8A, RODARMS1A, RODARMS1B, RODARMS1C, RODARMS2A, RODARMS2B, RODARMS2C, RODARMS3A, RODARMS3B"
"642","0.293347771903807","6.22684880002689","0.001","0.306741925178879","0.355387799235916","0.0637112298357364",NA,"RUNARMS5C, RUNARMS5A, RUNARMS3B, RUNARMS9C, RUNARMS8B, RUNARMS2B, RUNARMS3A, RUNARMS8C, RUNARMS1C, RODARMS1A, RODARMS1B, RODARMS1C, RODARMS2A, RODARMS2B, RODARMS2C, RODARMS3A, RODARMS3B"
"643","0.282644772094498","5.91014244615773","0.001","0.326957772507958","0.355387798659706","0.273899152795606",NA,"RUNARMS6B, RUNARMS3A, RUNARMS8A, RUNARMS3B, RUNARMS4C, RUNARMS3C, RUNARMS9A, RUNARMS1C, RUNARMS5A, RODARMS1A, RODARMS1B, RODARMS1C, RODARMS2A, RODARMS2B, RODARMS2C, RODARMS3A, RODARMS3B"
"644","0.295730087744899","6.29865231920726","0.001","0.303823047682902","0.355387798659706","0.0425023376780055",NA,"RUNARMS1A, RUNARMS3C, RUNARMS4B, RUNARMS9B, RUNARMS1B, RUNARMS2B, RUNARMS4A, RUNARMS6A, RUNARMS7B, RODARMS1A, RODARMS1B, RODARMS1C, RODARMS2A, RODARMS2B, RODARMS2C, RODARMS3A, RODARMS3B"
"645","0.313872568705418","6.86182816171343","0.001","0.305723308715502","0.355387798659727","0.0250780234469645",NA,"RUNARMS2B, RUNARMS5C, RUNARMS1C, RUNARMS5B, RUNARMS3A, RUNARMS9A, RUNARMS2C, RUNARMS4A, RUNARMS2A, RODARMS1A, RODARMS1B, RODARMS1C, RODARMS2A, RODARMS2B, RODARMS2C, RODARMS3A, RODARMS3B"
"646","0.289246464343741","6.10436212765382","0.001","0.325650195211085","0.355387798659706","0.151480619697115",NA,"RUNARMS6A, RUNARMS8C, RUNARMS3A, RUNARMS1C, RUNARMS4C, RUNARMS2A, RUNARMS3B, RUNARMS2C, RUNARMS1A, RODARMS1A, RODARMS1B, RODARMS1C, RODARMS2A, RODARMS2B, RODARMS2C, RODARMS3A, RODARMS3B"
"647","0.314183018783999","6.87172439708909","0.001","0.302077919697152","0.355387798764614","0.0488689490560545",NA,"RUNARMS8C, RUNARMS9C, RUNARMS2A, RUNARMS5A, RUNARMS9B, RUNARMS1C, RUNARMS7A, RUNARMS6A, RUNARMS9A, RODARMS1A, RODARMS1B, RODARMS1C, RODARMS2A, RODARMS2B, RODARMS2C, RODARMS3A, RODARMS3B"
"648","0.294516326394443","6.26200869162376","0.001","0.306567023306683","0.355387798659707","0.0584428908458476",NA,"RUNARMS5B, RUNARMS8B, RUNARMS8C, RUNARMS3C, RUNARMS1B, RUNARMS2B, RUNARMS1C, RUNARMS9B, RUNARMS2A, RODARMS1A, RODARMS1B, RODARMS1C, RODARMS2A, RODARMS2B, RODARMS2C, RODARMS3A, RODARMS3B"
"649","0.274315961958863","5.67015286775495","0.001","0.332518800077265","0.355387798863986","0.303517031530928",NA,"RUNARMS3A, RUNARMS8C, RUNARMS2B, RUNARMS4C, RUNARMS1A, RUNARMS6A, RUNARMS3B, RUNARMS1B, RUNARMS8A, RODARMS1A, RODARMS1B, RODARMS1C, RODARMS2A, RODARMS2B, RODARMS2C, RODARMS3A, RODARMS3B"
"650","0.286109359558366","6.01162159896165","0.001","0.320949910998819","0.355387799010336","0.189184034607571",NA,"RUNARMS1B, RUNARMS8A, RUNARMS8B, RUNARMS4C, RUNARMS6B, RUNARMS8C, RUNARMS2C, RUNARMS4A, RUNARMS9A, RODARMS1A, RODARMS1B, RODARMS1C, RODARMS2A, RODARMS2B, RODARMS2C, RODARMS3A, RODARMS3B"
"651","0.2909835215623","6.15606682802651","0.001","0.318178449631739","0.355387798666842","0.160813561552187",NA,"RUNARMS9B, RUNARMS6A, RUNARMS1B, RUNARMS7B, RUNARMS2B, RUNARMS8A, RUNARMS2C, RUNARMS4B, RUNARMS9A, RODARMS1A, RODARMS1B, RODARMS1C, RODARMS2A, RODARMS2B, RODARMS2C, RODARMS3A, RODARMS3B"
"652","0.276692090828737","5.7380561028102","0.001","0.331377557376733","0.355387798659706","0.433157630744586",NA,"RUNARMS6B, RUNARMS3B, RUNARMS5C, RUNARMS8A, RUNARMS7C, RUNARMS1A, RUNARMS7B, RUNARMS2B, RUNARMS2A, RODARMS1A, RODARMS1B, RODARMS1C, RODARMS2A, RODARMS2B, RODARMS2C, RODARMS3A, RODARMS3B"
"653","0.306196324587224","6.61994888694672","0.001","0.292130311470488","0.35538785939422","0.0286107345869231",NA,"RUNARMS3C, RUNARMS9C, RUNARMS2B, RUNARMS7C, RUNARMS5B, RUNARMS4B, RUNARMS9B, RUNARMS8B, RUNARMS1A, RODARMS1A, RODARMS1B, RODARMS1C, RODARMS2A, RODARMS2B, RODARMS2C, RODARMS3A, RODARMS3B"
"654","0.273197381418426","5.63834061202746","0.001","0.323176157514297","0.355387798659725","0.180009485899021",NA,"RUNARMS1A, RUNARMS9B, RUNARMS3A, RUNARMS4A, RUNARMS5B, RUNARMS1B, RUNARMS6C, RUNARMS6A, RUNARMS6B, RODARMS1A, RODARMS1B, RODARMS1C, RODARMS2A, RODARMS2B, RODARMS2C, RODARMS3A, RODARMS3B"
"655","0.289783097514639","6.12030838397174","0.001","0.309671991164113","0.355387798659706","0.0937480612136887",NA,"RUNARMS8C, RUNARMS1B, RUNARMS8B, RUNARMS9B, RUNARMS7C, RUNARMS5A, RUNARMS2B, RUNARMS1C, RUNARMS2A, RODARMS1A, RODARMS1B, RODARMS1C, RODARMS2A, RODARMS2B, RODARMS2C, RODARMS3A, RODARMS3B"
"656","0.29618115390744","6.31230228243608","0.001","0.312515236957431","0.357573410894445","0.11383568004885",NA,"RUNARMS9A, RUNARMS7B, RUNARMS7C, RUNARMS6B, RUNARMS1A, RUNARMS6A, RUNARMS3A, RUNARMS1B, RUNARMS5B, RODARMS1A, RODARMS1B, RODARMS1C, RODARMS2A, RODARMS2B, RODARMS2C, RODARMS3A, RODARMS3B"
"657","0.294291366226694","6.25523095813284","0.001","0.311705687707655","0.355387843295861","0.0548974730063849",NA,"RUNARMS3B, RUNARMS5B, RUNARMS1C, RUNARMS3A, RUNARMS9A, RUNARMS8B, RUNARMS2B, RUNARMS4B, RUNARMS1B, RODARMS1A, RODARMS1B, RODARMS1C, RODARMS2A, RODARMS2B, RODARMS2C, RODARMS3A, RODARMS3B"
"658","0.279198120090208","5.81015660208496","0.001","0.320453348307072","0.355387798659709","0.198272158029978",NA,"RUNARMS2B, RUNARMS7C, RUNARMS3A, RUNARMS9C, RUNARMS6B, RUNARMS1C, RUNARMS3B, RUNARMS5B, RUNARMS8B, RODARMS1A, RODARMS1B, RODARMS1C, RODARMS2A, RODARMS2B, RODARMS2C, RODARMS3A, RODARMS3B"
"659","0.294031478689712","6.24740628967391","0.001","0.304816535583549","0.355387798659706","0.0661720486919361",NA,"RUNARMS9B, RUNARMS5B, RUNARMS1B, RUNARMS3A, RUNARMS6A, RUNARMS1A, RUNARMS7C, RUNARMS5A, RUNARMS8C, RODARMS1A, RODARMS1B, RODARMS1C, RODARMS2A, RODARMS2B, RODARMS2C, RODARMS3A, RODARMS3B"
"660","0.292832101452479","6.21137007323024","0.001","0.297883125847494","0.35538779870085","0.0889069423172541",NA,"RUNARMS7B, RUNARMS8C, RUNARMS4B, RUNARMS6B, RUNARMS7C, RUNARMS9C, RUNARMS1A, RUNARMS8B, RUNARMS3A, RODARMS1A, RODARMS1B, RODARMS1C, RODARMS2A, RODARMS2B, RODARMS2C, RODARMS3A, RODARMS3B"
"661","0.293453937346309","6.23003834125414","0.001","0.308878175625668","0.355387798869772","0.134516127397141",NA,"RUNARMS6A, RUNARMS8C, RUNARMS9B, RUNARMS8A, RUNARMS7B, RUNARMS7C, RUNARMS2B, RUNARMS1C, RUNARMS1B, RODARMS1A, RODARMS1B, RODARMS1C, RODARMS2A, RODARMS2B, RODARMS2C, RODARMS3A, RODARMS3B"
"662","0.292547515717286","6.20283741064038","0.001","0.310115210543523","0.355387799218427","0.0714020287664098",NA,"RUNARMS8B, RUNARMS3A, RUNARMS9C, RUNARMS2C, RUNARMS1B, RUNARMS4C, RUNARMS4B, RUNARMS5B, RUNARMS1C, RODARMS1A, RODARMS1B, RODARMS1C, RODARMS2A, RODARMS2B, RODARMS2C, RODARMS3A, RODARMS3B"
"663","0.292446306643571","6.19980453899457","0.001","0.311746815777653","0.355387798690521","0.110680486853281",NA,"RUNARMS8C, RUNARMS1C, RUNARMS7A, RUNARMS3A, RUNARMS1B, RUNARMS5C, RUNARMS2C, RUNARMS6A, RUNARMS4C, RODARMS1A, RODARMS1B, RODARMS1C, RODARMS2A, RODARMS2B, RODARMS2C, RODARMS3A, RODARMS3B"
"664","0.301214064083431","6.4658012261296","0.001","0.303231347149497","0.355387798682316","0.0700117172533974",NA,"RUNARMS7B, RUNARMS7A, RUNARMS5C, RUNARMS1B, RUNARMS5B, RUNARMS3A, RUNARMS4C, RUNARMS9A, RUNARMS3C, RODARMS1A, RODARMS1B, RODARMS1C, RODARMS2A, RODARMS2B, RODARMS2C, RODARMS3A, RODARMS3B"
"665","0.297865952433033","6.36344199797454","0.001","0.314907821049437","0.355387798659707","0.141734507242944",NA,"RUNARMS8A, RUNARMS7C, RUNARMS9A, RUNARMS1C, RUNARMS5A, RUNARMS6C, RUNARMS2A, RUNARMS8C, RUNARMS7A, RODARMS1A, RODARMS1B, RODARMS1C, RODARMS2A, RODARMS2B, RODARMS2C, RODARMS3A, RODARMS3B"
"666","0.2915820177499","6.17394021020827","0.001","0.310133027639577","0.355387798659707","0.0947783585815742",NA,"RUNARMS1C, RUNARMS6B, RUNARMS7A, RUNARMS4C, RUNARMS4A, RUNARMS1B, RUNARMS7C, RUNARMS2B, RUNARMS3C, RODARMS1A, RODARMS1B, RODARMS1C, RODARMS2A, RODARMS2B, RODARMS2C, RODARMS3A, RODARMS3B"
"667","0.302783782444677","6.51412950862661","0.001","0.302080544430165","0.355388019202223","0.0331610392716467",NA,"RUNARMS6C, RUNARMS7A, RUNARMS1A, RUNARMS4A, RUNARMS7B, RUNARMS5B, RUNARMS3B, RUNARMS5A, RUNARMS7C, RODARMS1A, RODARMS1B, RODARMS1C, RODARMS2A, RODARMS2B, RODARMS2C, RODARMS3A, RODARMS3B"
"668","0.293561377918975","6.2332671673769","0.001","0.310407490790229","0.355387799424473","0.17259759552238",NA,"RUNARMS1C, RUNARMS1B, RUNARMS8A, RUNARMS4B, RUNARMS4C, RUNARMS2C, RUNARMS5A, RUNARMS6C, RUNARMS5C, RODARMS1A, RODARMS1B, RODARMS1C, RODARMS2A, RODARMS2B, RODARMS2C, RODARMS3A, RODARMS3B"
"669","0.298274357284512","6.37587553727417","0.001","0.302026437561192","0.355387798713013","0.0522923966767422",NA,"RUNARMS7B, RUNARMS5C, RUNARMS4B, RUNARMS1C, RUNARMS4A, RUNARMS5B, RUNARMS2B, RUNARMS1B, RUNARMS6C, RODARMS1A, RODARMS1B, RODARMS1C, RODARMS2A, RODARMS2B, RODARMS2C, RODARMS3A, RODARMS3B"
"670","0.303225326725141","6.52776295599208","0.001","0.309970718215876","0.355387799597951","0.048201247472683",NA,"RUNARMS9C, RUNARMS8C, RUNARMS1C, RUNARMS9A, RUNARMS3B, RUNARMS4A, RUNARMS1A, RUNARMS5C, RUNARMS4B, RODARMS1A, RODARMS1B, RODARMS1C, RODARMS2A, RODARMS2B, RODARMS2C, RODARMS3A, RODARMS3B"
"671","0.305642976366771","6.60271947925633","0.001","0.305715505452085","0.355387798858976","0.0821521382205646",NA,"RUNARMS5B, RUNARMS9A, RUNARMS5A, RUNARMS1A, RUNARMS2A, RUNARMS4A, RUNARMS7B, RUNARMS2B, RUNARMS5C, RODARMS1A, RODARMS1B, RODARMS1C, RODARMS2A, RODARMS2B, RODARMS2C, RODARMS3A, RODARMS3B"
"672","0.316198965274406","6.93620547242873","0.001","0.29222428670926","0.355387798659824","0.033920583120469",NA,"RUNARMS1C, RUNARMS7C, RUNARMS2A, RUNARMS4C, RUNARMS2B, RUNARMS3C, RUNARMS6C, RUNARMS8B, RUNARMS5C, RODARMS1A, RODARMS1B, RODARMS1C, RODARMS2A, RODARMS2B, RODARMS2C, RODARMS3A, RODARMS3B"
"673","0.308234665726383","6.68365377220099","0.001","0.299501026646203","0.355387799296424","0.0460928311764324",NA,"RUNARMS5C, RUNARMS9B, RUNARMS8C, RUNARMS6B, RUNARMS6A, RUNARMS7C, RUNARMS3B, RUNARMS1C, RUNARMS6C, RODARMS1A, RODARMS1B, RODARMS1C, RODARMS2A, RODARMS2B, RODARMS2C, RODARMS3A, RODARMS3B"
"674","0.258920834013057","5.24075252476372","0.001","0.344715319574056","0.355387799976074","0.640584068292898",NA,"RUNARMS2C, RUNARMS8A, RUNARMS3A, RUNARMS2A, RUNARMS9C, RUNARMS6B, RUNARMS7B, RUNARMS1A, RUNARMS7A, RODARMS1A, RODARMS1B, RODARMS1C, RODARMS2A, RODARMS2B, RODARMS2C, RODARMS3A, RODARMS3B"
"675","0.302917990223462","6.51827158013808","0.001","0.304593397222725","0.355387798659707","0.041138292508339",NA,"RUNARMS5B, RUNARMS7A, RUNARMS4C, RUNARMS8C, RUNARMS7C, RUNARMS9A, RUNARMS1A, RUNARMS6B, RUNARMS3C, RODARMS1A, RODARMS1B, RODARMS1C, RODARMS2A, RODARMS2B, RODARMS2C, RODARMS3A, RODARMS3B"
"676","0.302604326354736","6.50859342386726","0.001","0.307726219989164","0.355387798659729","0.0612635037108027",NA,"RUNARMS1C, RUNARMS4A, RUNARMS2A, RUNARMS9B, RUNARMS8C, RUNARMS5C, RUNARMS8A, RUNARMS5A, RUNARMS3C, RODARMS1A, RODARMS1B, RODARMS1C, RODARMS2A, RODARMS2B, RODARMS2C, RODARMS3A, RODARMS3B"
"677","0.290913180183688","6.15396814720902","0.001","0.306109759027152","0.355387799019082","0.110851671449535",NA,"RUNARMS3A, RUNARMS6B, RUNARMS6A, RUNARMS1B, RUNARMS5C, RUNARMS7B, RUNARMS2C, RUNARMS1A, RUNARMS8B, RODARMS1A, RODARMS1B, RODARMS1C, RODARMS2A, RODARMS2B, RODARMS2C, RODARMS3A, RODARMS3B"
"678","0.274120547982313","5.66458825677641","0.001","0.325736576434661","0.355387798659706","0.26907448420195",NA,"RUNARMS6C, RUNARMS2A, RUNARMS5A, RUNARMS1B, RUNARMS7A, RUNARMS6B, RUNARMS1A, RUNARMS8B, RUNARMS9A, RODARMS1A, RODARMS1B, RODARMS1C, RODARMS2A, RODARMS2B, RODARMS2C, RODARMS3A, RODARMS3B"
"679","0.282159393360191","5.89600373851036","0.001","0.322204507065426","0.355387798680916","0.236414312206575",NA,"RUNARMS8A, RUNARMS4A, RUNARMS9C, RUNARMS7C, RUNARMS5C, RUNARMS3A, RUNARMS1C, RUNARMS1B, RUNARMS2B, RODARMS1A, RODARMS1B, RODARMS1C, RODARMS2A, RODARMS2B, RODARMS2C, RODARMS3A, RODARMS3B"
"680","0.323282965376649","7.16583776164102","0.001","0.295745643336272","0.35717201298615","0.048139817343137",NA,"RUNARMS7B, RUNARMS4B, RUNARMS5A, RUNARMS7C, RUNARMS9C, RUNARMS1C, RUNARMS8A, RUNARMS5C, RUNARMS2A, RODARMS1A, RODARMS1B, RODARMS1C, RODARMS2A, RODARMS2B, RODARMS2C, RODARMS3A, RODARMS3B"
"681","0.310162137505785","6.74423993743282","0.001","0.299321097704894","0.355387799057587","0.0433741159613838",NA,"RUNARMS8B, RUNARMS3C, RUNARMS1A, RUNARMS5C, RUNARMS8A, RUNARMS5B, RUNARMS6C, RUNARMS4C, RUNARMS3B, RODARMS1A, RODARMS1B, RODARMS1C, RODARMS2A, RODARMS2B, RODARMS2C, RODARMS3A, RODARMS3B"
"682","0.280241977671685","5.84033735598685","0.001","0.32354845430916","0.355387799211149","0.197884336854067",NA,"RUNARMS6B, RUNARMS4C, RUNARMS4B, RUNARMS8C, RUNARMS4A, RUNARMS9C, RUNARMS3A, RUNARMS1B, RUNARMS8A, RODARMS1A, RODARMS1B, RODARMS1C, RODARMS2A, RODARMS2B, RODARMS2C, RODARMS3A, RODARMS3B"
"683","0.272189850427103","5.60977029353396","0.001","0.331224298545348","0.35538779920636","0.321531074248344",NA,"RUNARMS5A, RUNARMS7C, RUNARMS2B, RUNARMS2A, RUNARMS3C, RUNARMS9A, RUNARMS1A, RUNARMS6B, RUNARMS6C, RODARMS1A, RODARMS1B, RODARMS1C, RODARMS2A, RODARMS2B, RODARMS2C, RODARMS3A, RODARMS3B"
"684","0.287082147463983","6.04029229544674","0.001","0.317492263481723","0.355387798659707","0.150471763941825",NA,"RUNARMS9C, RUNARMS1C, RUNARMS6A, RUNARMS4C, RUNARMS7C, RUNARMS3A, RUNARMS1B, RUNARMS6C, RUNARMS2B, RODARMS1A, RODARMS1B, RODARMS1C, RODARMS2A, RODARMS2B, RODARMS2C, RODARMS3A, RODARMS3B"
"685","0.281464809519535","5.87580427337164","0.001","0.317973991091847","0.355387798659706","0.155167794824748",NA,"RUNARMS9C, RUNARMS9A, RUNARMS7A, RUNARMS8B, RUNARMS2B, RUNARMS8C, RUNARMS4C, RUNARMS1A, RUNARMS1B, RODARMS1A, RODARMS1B, RODARMS1C, RODARMS2A, RODARMS2B, RODARMS2C, RODARMS3A, RODARMS3B"
"686","0.285547657249635","5.99510226568201","0.001","0.314873288193973","0.355387798863442","0.0733971279412096",NA,"RUNARMS5A, RUNARMS1A, RUNARMS2C, RUNARMS1C, RUNARMS8B, RUNARMS2B, RUNARMS6A, RUNARMS4C, RUNARMS3A, RODARMS1A, RODARMS1B, RODARMS1C, RODARMS2A, RODARMS2B, RODARMS2C, RODARMS3A, RODARMS3B"
"687","0.29939140944276","6.40995728880445","0.001","0.306876656901307","0.355387798731489","0.107825703850496",NA,"RUNARMS6A, RUNARMS9A, RUNARMS9B, RUNARMS1C, RUNARMS8A, RUNARMS8B, RUNARMS2B, RUNARMS4A, RUNARMS5A, RODARMS1A, RODARMS1B, RODARMS1C, RODARMS2A, RODARMS2B, RODARMS2C, RODARMS3A, RODARMS3B"
"688","0.28798317013347","6.0669177620588","0.001","0.32920861348366","0.3553877989055","0.29437848433732",NA,"RUNARMS2C, RUNARMS9A, RUNARMS6A, RUNARMS3C, RUNARMS1C, RUNARMS1A, RUNARMS8A, RUNARMS2A, RUNARMS7A, RODARMS1A, RODARMS1B, RODARMS1C, RODARMS2A, RODARMS2B, RODARMS2C, RODARMS3A, RODARMS3B"
"689","0.310357798347585","6.75040907308064","0.001","0.298688146240293","0.355387798664236","0.0306998205687485",NA,"RUNARMS2C, RUNARMS1A, RUNARMS9B, RUNARMS5C, RUNARMS4A, RUNARMS7A, RUNARMS9C, RUNARMS9A, RUNARMS7B, RODARMS1A, RODARMS1B, RODARMS1C, RODARMS2A, RODARMS2B, RODARMS2C, RODARMS3A, RODARMS3B"
"690","0.283069651076808","5.92253455657101","0.001","0.307660862451268","0.355387798659758","0.151133157092762",NA,"RUNARMS7C, RUNARMS1C, RUNARMS6B, RUNARMS7A, RUNARMS3B, RUNARMS8B, RUNARMS9B, RUNARMS3A, RUNARMS8C, RODARMS1A, RODARMS1B, RODARMS1C, RODARMS2A, RODARMS2B, RODARMS2C, RODARMS3A, RODARMS3B"
"691","0.289820695899385","6.12142653748028","0.003","0.324196761291783","0.355387798659943","0.234719982974036",NA,"RUNARMS5C, RUNARMS3B, RUNARMS2C, RUNARMS8A, RUNARMS9A, RUNARMS7C, RUNARMS8C, RUNARMS1B, RUNARMS6B, RODARMS1A, RODARMS1B, RODARMS1C, RODARMS2A, RODARMS2B, RODARMS2C, RODARMS3A, RODARMS3B"
"692","0.264626196815218","5.39778944400452","0.001","0.322341755784057","0.355387799978603","0.134873134395784",NA,"RUNARMS5A, RUNARMS1A, RUNARMS6B, RUNARMS8C, RUNARMS6C, RUNARMS4A, RUNARMS3C, RUNARMS9B, RUNARMS3A, RODARMS1A, RODARMS1B, RODARMS1C, RODARMS2A, RODARMS2B, RODARMS2C, RODARMS3A, RODARMS3B"
"693","0.285581865590269","5.99610756996441","0.001","0.316829538031141","0.355387798659706","0.136288993798616",NA,"RUNARMS5C, RUNARMS4A, RUNARMS9A, RUNARMS4C, RUNARMS3A, RUNARMS1B, RUNARMS6C, RUNARMS5A, RUNARMS2B, RODARMS1A, RODARMS1B, RODARMS1C, RODARMS2A, RODARMS2B, RODARMS2C, RODARMS3A, RODARMS3B"
"694","0.317021549593154","6.96262560123911","0.001","0.294382565105583","0.356266683636304","0.0318780353383372",NA,"RUNARMS1A, RUNARMS2B, RUNARMS8B, RUNARMS7C, RUNARMS5B, RUNARMS9B, RUNARMS9A, RUNARMS3B, RUNARMS9C, RODARMS1A, RODARMS1B, RODARMS1C, RODARMS2A, RODARMS2B, RODARMS2C, RODARMS3A, RODARMS3B"
"695","0.304926584618718","6.58045419097457","0.001","0.298365629015571","0.355387799517705","0.0491459995325569",NA,"RUNARMS7B, RUNARMS3B, RUNARMS1A, RUNARMS7C, RUNARMS7A, RUNARMS8C, RUNARMS9C, RUNARMS4A, RUNARMS9B, RODARMS1A, RODARMS1B, RODARMS1C, RODARMS2A, RODARMS2B, RODARMS2C, RODARMS3A, RODARMS3B"
"696","0.276568350682585","5.73450893965319","0.001","0.324905437421888","0.355387798659708","0.246659136943811",NA,"RUNARMS6B, RUNARMS1A, RUNARMS3B, RUNARMS9B, RUNARMS7A, RUNARMS6C, RUNARMS4C, RUNARMS4B, RUNARMS8A, RODARMS1A, RODARMS1B, RODARMS1C, RODARMS2A, RODARMS2B, RODARMS2C, RODARMS3A, RODARMS3B"
"697","0.273691309023989","5.65237575478142","0.001","0.322353797231144","0.355387798659707","0.231633410930951",NA,"RUNARMS3A, RUNARMS3C, RUNARMS2A, RUNARMS7C, RUNARMS1A, RUNARMS8C, RUNARMS6B, RUNARMS7A, RUNARMS4B, RODARMS1A, RODARMS1B, RODARMS1C, RODARMS2A, RODARMS2B, RODARMS2C, RODARMS3A, RODARMS3B"
"698","0.281151859047156","5.86671599389165","0.001","0.323579390053583","0.357636760359519","0.159368979813788",NA,"RUNARMS4A, RUNARMS3B, RUNARMS1B, RUNARMS2B, RUNARMS6B, RUNARMS8C, RUNARMS4C, RUNARMS1C, RUNARMS7B, RODARMS1A, RODARMS1B, RODARMS1C, RODARMS2A, RODARMS2B, RODARMS2C, RODARMS3A, RODARMS3B"
"699","0.281113249346172","5.86559529210616","0.001","0.322093793752526","0.355387799357364","0.264042442176867",NA,"RUNARMS6B, RUNARMS4A, RUNARMS2B, RUNARMS5B, RUNARMS1C, RUNARMS3B, RUNARMS7C, RUNARMS8A, RUNARMS8B, RODARMS1A, RODARMS1B, RODARMS1C, RODARMS2A, RODARMS2B, RODARMS2C, RODARMS3A, RODARMS3B"
"700","0.286147012747941","6.01272988678208","0.001","0.312425438894464","0.355387798659706","0.0820414927176498",NA,"RUNARMS3B, RUNARMS8B, RUNARMS6C, RUNARMS2C, RUNARMS4B, RUNARMS3A, RUNARMS5C, RUNARMS1A, RUNARMS1C, RODARMS1A, RODARMS1B, RODARMS1C, RODARMS2A, RODARMS2B, RODARMS2C, RODARMS3A, RODARMS3B"
"701","0.26833642153271","5.50122548319602","0.001","0.330352875677276","0.355387798775148","0.335837791389363",NA,"RUNARMS2A, RUNARMS3C, RUNARMS3A, RUNARMS6B, RUNARMS1B, RUNARMS9C, RUNARMS6C, RUNARMS7C, RUNARMS9B, RODARMS1A, RODARMS1B, RODARMS1C, RODARMS2A, RODARMS2B, RODARMS2C, RODARMS3A, RODARMS3B"
"702","0.31995900788227","7.05749384796377","0.001","0.29130733581996","0.35538779879456","0.0240480209082034",NA,"RUNARMS7B, RUNARMS2C, RUNARMS6C, RUNARMS9C, RUNARMS9B, RUNARMS7C, RUNARMS5C, RUNARMS1C, RUNARMS9A, RODARMS1A, RODARMS1B, RODARMS1C, RODARMS2A, RODARMS2B, RODARMS2C, RODARMS3A, RODARMS3B"
"703","0.295600477043298","6.29473333121781","0.001","0.314450824105834","0.355387798673781","0.105791822248855",NA,"RUNARMS4C, RUNARMS5A, RUNARMS7B, RUNARMS3B, RUNARMS9C, RUNARMS6A, RUNARMS6C, RUNARMS2C, RUNARMS1A, RODARMS1A, RODARMS1B, RODARMS1C, RODARMS2A, RODARMS2B, RODARMS2C, RODARMS3A, RODARMS3B"
"704","0.285289551120192","5.98752022376343","0.001","0.313386374003961","0.355387798659706","0.137625873329672",NA,"RUNARMS4B, RUNARMS3C, RUNARMS6B, RUNARMS7C, RUNARMS9A, RUNARMS1C, RUNARMS2B, RUNARMS8C, RUNARMS7A, RODARMS1A, RODARMS1B, RODARMS1C, RODARMS2A, RODARMS2B, RODARMS2C, RODARMS3A, RODARMS3B"
"705","0.265466769003995","5.42113190666738","0.001","0.336294046150448","0.355387799565564","0.435306534917014",NA,"RUNARMS8C, RUNARMS4C, RUNARMS3C, RUNARMS8A, RUNARMS2A, RUNARMS1A, RUNARMS7A, RUNARMS3A, RUNARMS1B, RODARMS1A, RODARMS1B, RODARMS1C, RODARMS2A, RODARMS2B, RODARMS2C, RODARMS3A, RODARMS3B"
"706","0.281744091910749","5.88392149798521","0.001","0.323977841927333","0.355387798659706","0.185317088539505",NA,"RUNARMS4B, RUNARMS8C, RUNARMS6C, RUNARMS6A, RUNARMS6B, RUNARMS1B, RUNARMS5B, RUNARMS2B, RUNARMS2A, RODARMS1A, RODARMS1B, RODARMS1C, RODARMS2A, RODARMS2B, RODARMS2C, RODARMS3A, RODARMS3B"
"707","0.282367721602786","5.90206983652067","0.001","0.319329488039181","0.355387798659706","0.177397455906129",NA,"RUNARMS5B, RUNARMS9A, RUNARMS1A, RUNARMS8A, RUNARMS7A, RUNARMS8B, RUNARMS3A, RUNARMS2C, RUNARMS4B, RODARMS1A, RODARMS1B, RODARMS1C, RODARMS2A, RODARMS2B, RODARMS2C, RODARMS3A, RODARMS3B"
"708","0.302894796381268","6.51755563168046","0.001","0.302900992172345","0.355387798659706","0.0481171098209973",NA,"RUNARMS8C, RUNARMS1B, RUNARMS7C, RUNARMS2B, RUNARMS9A, RUNARMS6C, RUNARMS9B, RUNARMS5C, RUNARMS9C, RODARMS1A, RODARMS1B, RODARMS1C, RODARMS2A, RODARMS2B, RODARMS2C, RODARMS3A, RODARMS3B"
"709","0.269093116449564","5.52245003787126","0.001","0.332866912347161","0.355387802206497","0.279808209605125",NA,"RUNARMS4A, RUNARMS1A, RUNARMS1B, RUNARMS5A, RUNARMS9A, RUNARMS2C, RUNARMS9C, RUNARMS2B, RUNARMS3A, RODARMS1A, RODARMS1B, RODARMS1C, RODARMS2A, RODARMS2B, RODARMS2C, RODARMS3A, RODARMS3B"
"710","0.266992877466309","5.46364835876552","0.001","0.343693104755008","0.355387798659706","0.590053662836763",NA,"RUNARMS6B, RUNARMS2A, RUNARMS2C, RUNARMS7A, RUNARMS8A, RUNARMS3B, RUNARMS4A, RUNARMS1B, RUNARMS8C, RODARMS1A, RODARMS1B, RODARMS1C, RODARMS2A, RODARMS2B, RODARMS2C, RODARMS3A, RODARMS3B"
"711","0.32377539119486","7.18197889382399","0.001","0.283309740008314","0.355387798659711","0.02950344895157",NA,"RUNARMS1C, RUNARMS7B, RUNARMS2C, RUNARMS4A, RUNARMS7C, RUNARMS8B, RUNARMS6C, RUNARMS9C, RUNARMS6A, RODARMS1A, RODARMS1B, RODARMS1C, RODARMS2A, RODARMS2B, RODARMS2C, RODARMS3A, RODARMS3B"
"712","0.299807968315926","6.42269451984852","0.001","0.302767958081703","0.355387798659706","0.0187292529547394",NA,"RUNARMS6C, RUNARMS9C, RUNARMS4A, RUNARMS9B, RUNARMS4B, RUNARMS7A, RUNARMS1C, RUNARMS7B, RUNARMS2C, RODARMS1A, RODARMS1B, RODARMS1C, RODARMS2A, RODARMS2B, RODARMS2C, RODARMS3A, RODARMS3B"
"713","0.29258637075086","6.20400198667538","0.001","0.316064072091507","0.355387798659707","0.106204477246665",NA,"RUNARMS8C, RUNARMS6C, RUNARMS4C, RUNARMS7B, RUNARMS2A, RUNARMS1C, RUNARMS8A, RUNARMS4A, RUNARMS9B, RODARMS1A, RODARMS1B, RODARMS1C, RODARMS2A, RODARMS2B, RODARMS2C, RODARMS3A, RODARMS3B"
"714","0.298418160771648","6.3802569583301","0.001","0.302677691319648","0.355387798659706","0.0590899645594872",NA,"RUNARMS3C, RUNARMS3B, RUNARMS4B, RUNARMS8B, RUNARMS2C, RUNARMS2B, RUNARMS7C, RUNARMS1C, RUNARMS8C, RODARMS1A, RODARMS1B, RODARMS1C, RODARMS2A, RODARMS2B, RODARMS2C, RODARMS3A, RODARMS3B"
"715","0.291770290335065","6.17956899477788","0.001","0.313885827513173","0.359349425943524","0.0749943501474726",NA,"RUNARMS6A, RUNARMS4C, RUNARMS1B, RUNARMS7B, RUNARMS9B, RUNARMS8C, RUNARMS1C, RUNARMS6B, RUNARMS2B, RODARMS1A, RODARMS1B, RODARMS1C, RODARMS2A, RODARMS2B, RODARMS2C, RODARMS3A, RODARMS3B"
"716","0.295358752306903","6.28742824679654","0.001","0.310445588797929","0.355387798659706","0.108525564324346",NA,"RUNARMS8C, RUNARMS2C, RUNARMS7B, RUNARMS4B, RUNARMS3B, RUNARMS3C, RUNARMS7C, RUNARMS8A, RUNARMS1A, RODARMS1A, RODARMS1B, RODARMS1C, RODARMS2A, RODARMS2B, RODARMS2C, RODARMS3A, RODARMS3B"
"717","0.297514957187356","6.3527677969374","0.001","0.307120169073542","0.35538779918468","0.0818896303724871",NA,"RUNARMS8C, RUNARMS5B, RUNARMS5A, RUNARMS8A, RUNARMS7B, RUNARMS1C, RUNARMS3C, RUNARMS2B, RUNARMS6A, RODARMS1A, RODARMS1B, RODARMS1C, RODARMS2A, RODARMS2B, RODARMS2C, RODARMS3A, RODARMS3B"
"718","0.275333361657811","5.699172842171","0.001","0.326139870882964","0.355387798659712","0.209903401104216",NA,"RUNARMS7C, RUNARMS4A, RUNARMS1A, RUNARMS1B, RUNARMS4C, RUNARMS3B, RUNARMS6B, RUNARMS3A, RUNARMS6C, RODARMS1A, RODARMS1B, RODARMS1C, RODARMS2A, RODARMS2B, RODARMS2C, RODARMS3A, RODARMS3B"
"719","0.300106131576165","6.43182084703798","0.001","0.31958455187738","0.355387800138036","0.166080972788893",NA,"RUNARMS1A, RUNARMS6A, RUNARMS4C, RUNARMS4A, RUNARMS3B, RUNARMS6B, RUNARMS2A, RUNARMS9A, RUNARMS8C, RODARMS1A, RODARMS1B, RODARMS1C, RODARMS2A, RODARMS2B, RODARMS2C, RODARMS3A, RODARMS3B"
"720","0.280724887471094","5.85432922496286","0.001","0.322165073941609","0.355387798860108","0.126613035250068",NA,"RUNARMS4B, RUNARMS4A, RUNARMS5A, RUNARMS1B, RUNARMS9B, RUNARMS2A, RUNARMS2B, RUNARMS6C, RUNARMS2C, RODARMS1A, RODARMS1B, RODARMS1C, RODARMS2A, RODARMS2B, RODARMS2C, RODARMS3A, RODARMS3B"
"721","0.274591373409552","5.67800057810549","0.002","0.331763188800712","0.355387798659706","0.319450450060034",NA,"RUNARMS8A, RUNARMS4C, RUNARMS1A, RUNARMS3A, RUNARMS9A, RUNARMS7A, RUNARMS9C, RUNARMS4A, RUNARMS5A, RODARMS1A, RODARMS1B, RODARMS1C, RODARMS2A, RODARMS2B, RODARMS2C, RODARMS3A, RODARMS3B"
"722","0.298629828584487","6.38670934597466","0.001","0.297830704501321","0.355387799632793","0.0335643419761791",NA,"RUNARMS4A, RUNARMS1C, RUNARMS9C, RUNARMS6C, RUNARMS4B, RUNARMS5C, RUNARMS8B, RUNARMS3A, RUNARMS9B, RODARMS1A, RODARMS1B, RODARMS1C, RODARMS2A, RODARMS2B, RODARMS2C, RODARMS3A, RODARMS3B"
"723","0.328478608365569","7.33733755449124","0.001","0.280574360080448","0.355387798659706","0.00986359039291459",NA,"RUNARMS9B, RUNARMS5B, RUNARMS3B, RUNARMS8C, RUNARMS5C, RUNARMS7A, RUNARMS1C, RUNARMS8B, RUNARMS6A, RODARMS1A, RODARMS1B, RODARMS1C, RODARMS2A, RODARMS2B, RODARMS2C, RODARMS3A, RODARMS3B"
"724","0.290333528263649","6.13668969494824","0.001","0.314176566492171","0.355387798659707","0.0792121948166973",NA,"RUNARMS2C, RUNARMS4A, RUNARMS5A, RUNARMS1A, RUNARMS9A, RUNARMS8C, RUNARMS7B, RUNARMS6A, RUNARMS3A, RODARMS1A, RODARMS1B, RODARMS1C, RODARMS2A, RODARMS2B, RODARMS2C, RODARMS3A, RODARMS3B"
"725","0.302696533362953","6.51143758447374","0.001","0.306743789591528","0.355387798659706","0.036303549088652",NA,"RUNARMS4A, RUNARMS8B, RUNARMS1C, RUNARMS4B, RUNARMS2A, RUNARMS2B, RUNARMS2C, RUNARMS9C, RUNARMS7B, RODARMS1A, RODARMS1B, RODARMS1C, RODARMS2A, RODARMS2B, RODARMS2C, RODARMS3A, RODARMS3B"
"726","0.278128512371152","5.77932188355427","0.001","0.31953634861619","0.355387798659706","0.203505532774162",NA,"RUNARMS6C, RUNARMS8B, RUNARMS3A, RUNARMS6B, RUNARMS2A, RUNARMS4A, RUNARMS5B, RUNARMS5C, RUNARMS1A, RODARMS1A, RODARMS1B, RODARMS1C, RODARMS2A, RODARMS2B, RODARMS2C, RODARMS3A, RODARMS3B"
"727","0.282178345562572","5.89655544280816","0.001","0.316741599837797","0.355387798659706","0.13815446918681",NA,"RUNARMS5A, RUNARMS2C, RUNARMS7A, RUNARMS4C, RUNARMS9B, RUNARMS8B, RUNARMS3B, RUNARMS6B, RUNARMS1B, RODARMS1A, RODARMS1B, RODARMS1C, RODARMS2A, RODARMS2B, RODARMS2C, RODARMS3A, RODARMS3B"
"728","0.275685257578897","5.70922918103367","0.001","0.325291197911265","0.355521985589117","0.303952258922217",NA,"RUNARMS8A, RUNARMS1B, RUNARMS4C, RUNARMS6B, RUNARMS3A, RUNARMS7B, RUNARMS5A, RUNARMS2B, RUNARMS6A, RODARMS1A, RODARMS1B, RODARMS1C, RODARMS2A, RODARMS2B, RODARMS2C, RODARMS3A, RODARMS3B"
"729","0.318179178906151","6.99991483970145","0.001","0.293499442877334","0.355387798659709","0.0405192279857527",NA,"RUNARMS5A, RUNARMS7B, RUNARMS5C, RUNARMS8A, RUNARMS9C, RUNARMS1A, RUNARMS3C, RUNARMS1B, RUNARMS6A, RODARMS1A, RODARMS1B, RODARMS1C, RODARMS2A, RODARMS2B, RODARMS2C, RODARMS3A, RODARMS3B"
"730","0.293928405284383","6.2443045609865","0.001","0.306943023918802","0.355387798699318","0.0472689707722639",NA,"RUNARMS6C, RUNARMS8C, RUNARMS4B, RUNARMS1B, RUNARMS7C, RUNARMS1C, RUNARMS9B, RUNARMS7A, RUNARMS3B, RODARMS1A, RODARMS1B, RODARMS1C, RODARMS2A, RODARMS2B, RODARMS2C, RODARMS3A, RODARMS3B"
"731","0.282419631133263","5.90358188545384","0.001","0.319115812005144","0.355387798659706","0.154129689165254",NA,"RUNARMS8B, RUNARMS9C, RUNARMS3C, RUNARMS1B, RUNARMS3A, RUNARMS2C, RUNARMS1A, RUNARMS4B, RUNARMS2A, RODARMS1A, RODARMS1B, RODARMS1C, RODARMS2A, RODARMS2B, RODARMS2C, RODARMS3A, RODARMS3B"
"732","0.298795416979824","6.39175978484499","0.001","0.302018033395832","0.355387799302886","0.0496369471603047",NA,"RUNARMS9C, RUNARMS3A, RUNARMS4B, RUNARMS5B, RUNARMS1B, RUNARMS7B, RUNARMS5C, RUNARMS1C, RUNARMS8C, RODARMS1A, RODARMS1B, RODARMS1C, RODARMS2A, RODARMS2B, RODARMS2C, RODARMS3A, RODARMS3B"
"733","0.275115037438669","5.69293856917453","0.001","0.322509395155196","0.355387798689219","0.139037757336053",NA,"RUNARMS7A, RUNARMS1A, RUNARMS1B, RUNARMS2B, RUNARMS4A, RUNARMS6C, RUNARMS5B, RUNARMS3C, RUNARMS9C, RODARMS1A, RODARMS1B, RODARMS1C, RODARMS2A, RODARMS2B, RODARMS2C, RODARMS3A, RODARMS3B"
"734","0.293440675224313","6.2296398533302","0.001","0.309756122947045","0.355387798659706","0.107630031507804",NA,"RUNARMS4A, RUNARMS1C, RUNARMS9A, RUNARMS2C, RUNARMS1B, RUNARMS8B, RUNARMS7C, RUNARMS2B, RUNARMS7A, RODARMS1A, RODARMS1B, RODARMS1C, RODARMS2A, RODARMS2B, RODARMS2C, RODARMS3A, RODARMS3B"
"735","0.306347270777431","6.62465361710849","0.001","0.30209623650694","0.355387800107325","0.06185803246204",NA,"RUNARMS5B, RUNARMS8B, RUNARMS1B, RUNARMS5A, RUNARMS2A, RUNARMS9A, RUNARMS5C, RUNARMS1A, RUNARMS8C, RODARMS1A, RODARMS1B, RODARMS1C, RODARMS2A, RODARMS2B, RODARMS2C, RODARMS3A, RODARMS3B"
"736","0.30107008378194","6.46137924838825","0.001","0.306672629029026","0.355387798659711","0.132882327390311",NA,"RUNARMS5A, RUNARMS9A, RUNARMS1B, RUNARMS5C, RUNARMS2A, RUNARMS7B, RUNARMS7A, RUNARMS7C, RUNARMS1A, RODARMS1A, RODARMS1B, RODARMS1C, RODARMS2A, RODARMS2B, RODARMS2C, RODARMS3A, RODARMS3B"
"737","0.301620115702088","6.47828185956364","0.001","0.307496696957965","0.355387798659716","0.111422132814539",NA,"RUNARMS8C, RUNARMS4B, RUNARMS5C, RUNARMS3B, RUNARMS4C, RUNARMS6A, RUNARMS2C, RUNARMS6B, RUNARMS1A, RODARMS1A, RODARMS1B, RODARMS1C, RODARMS2A, RODARMS2B, RODARMS2C, RODARMS3A, RODARMS3B"
"738","0.301491020273316","6.47431233578311","0.001","0.304052029213726","0.357116355153977","0.0879925034120314",NA,"RUNARMS1C, RUNARMS8C, RUNARMS9B, RUNARMS7A, RUNARMS5B, RUNARMS2A, RUNARMS8B, RUNARMS6B, RUNARMS6A, RODARMS1A, RODARMS1B, RODARMS1C, RODARMS2A, RODARMS2B, RODARMS2C, RODARMS3A, RODARMS3B"
"739","0.286046574442368","6.00977383543511","0.001","0.320271896249567","0.355387799502718","0.152241173671644",NA,"RUNARMS4A, RUNARMS2B, RUNARMS1C, RUNARMS3A, RUNARMS9A, RUNARMS1B, RUNARMS7C, RUNARMS7A, RUNARMS6A, RODARMS1A, RODARMS1B, RODARMS1C, RODARMS2A, RODARMS2B, RODARMS2C, RODARMS3A, RODARMS3B"
"740","0.314778072126531","6.89071801387223","0.001","0.298038877936406","0.355387798659706","0.0478658386983912",NA,"RUNARMS4B, RUNARMS1A, RUNARMS6A, RUNARMS9B, RUNARMS6B, RUNARMS7C, RUNARMS4C, RUNARMS9C, RUNARMS3B, RODARMS1A, RODARMS1B, RODARMS1C, RODARMS2A, RODARMS2B, RODARMS2C, RODARMS3A, RODARMS3B"
"741","0.281483594337196","5.87635004821229","0.001","0.313341749617591","0.355387798883102","0.120994967871118",NA,"RUNARMS7B, RUNARMS6A, RUNARMS9B, RUNARMS4C, RUNARMS7A, RUNARMS3A, RUNARMS1A, RUNARMS6B, RUNARMS6C, RODARMS1A, RODARMS1B, RODARMS1C, RODARMS2A, RODARMS2B, RODARMS2C, RODARMS3A, RODARMS3B"
"742","0.295485246217171","6.29125035275534","0.001","0.314599079926134","0.355387798659707","0.115366693256818",NA,"RUNARMS2A, RUNARMS7B, RUNARMS6A, RUNARMS1B, RUNARMS5B, RUNARMS4A, RUNARMS9B, RUNARMS2C, RUNARMS1A, RODARMS1A, RODARMS1B, RODARMS1C, RODARMS2A, RODARMS2B, RODARMS2C, RODARMS3A, RODARMS3B"
"743","0.288843474787218","6.09240296362592","0.001","0.323619083126148","0.355387798659706","0.16088971450277",NA,"RUNARMS8A, RUNARMS4B, RUNARMS9C, RUNARMS3C, RUNARMS2B, RUNARMS2C, RUNARMS1B, RUNARMS5B, RUNARMS9A, RODARMS1A, RODARMS1B, RODARMS1C, RODARMS2A, RODARMS2B, RODARMS2C, RODARMS3A, RODARMS3B"
"744","0.286182777889233","6.01378270987187","0.001","0.325938220639316","0.355387798659748","0.164201830220504",NA,"RUNARMS1A, RUNARMS4A, RUNARMS2A, RUNARMS1B, RUNARMS2B, RUNARMS9C, RUNARMS3B, RUNARMS5B, RUNARMS8C, RODARMS1A, RODARMS1B, RODARMS1C, RODARMS2A, RODARMS2B, RODARMS2C, RODARMS3A, RODARMS3B"
"745","0.285341014408693","5.98903155550342","0.001","0.316014500127651","0.355387799279844","0.197078600642346",NA,"RUNARMS8A, RUNARMS1A, RUNARMS7A, RUNARMS8B, RUNARMS2A, RUNARMS1C, RUNARMS5A, RUNARMS4A, RUNARMS7B, RODARMS1A, RODARMS1B, RODARMS1C, RODARMS2A, RODARMS2B, RODARMS2C, RODARMS3A, RODARMS3B"
"746","0.29110319413591","6.15963829420301","0.001","0.323351778711638","0.355387798659739","0.219191350446083",NA,"RUNARMS6C, RUNARMS1C, RUNARMS9A, RUNARMS9C, RUNARMS2C, RUNARMS4C, RUNARMS8A, RUNARMS7C, RUNARMS1B, RODARMS1A, RODARMS1B, RODARMS1C, RODARMS2A, RODARMS2B, RODARMS2C, RODARMS3A, RODARMS3B"
"747","0.293672874219719","6.2366189156752","0.001","0.313375830101182","0.35657065690492","0.11109445238942",NA,"RUNARMS1B, RUNARMS4B, RUNARMS2B, RUNARMS6A, RUNARMS4C, RUNARMS3B, RUNARMS9B, RUNARMS6B, RUNARMS7A, RODARMS1A, RODARMS1B, RODARMS1C, RODARMS2A, RODARMS2B, RODARMS2C, RODARMS3A, RODARMS3B"
"748","0.281607435986544","5.87994886277669","0.001","0.328456904559544","0.355387808250712","0.223797530786827",NA,"RUNARMS2A, RUNARMS3B, RUNARMS2C, RUNARMS8A, RUNARMS8C, RUNARMS2B, RUNARMS4B, RUNARMS9B, RUNARMS1A, RODARMS1A, RODARMS1B, RODARMS1C, RODARMS2A, RODARMS2B, RODARMS2C, RODARMS3A, RODARMS3B"
"749","0.308875692780218","6.70376565156737","0.001","0.293339687002486","0.355387798839129","0.0351666512709341",NA,"RUNARMS7A, RUNARMS8C, RUNARMS8B, RUNARMS7C, RUNARMS1A, RUNARMS3B, RUNARMS4C, RUNARMS6C, RUNARMS1C, RODARMS1A, RODARMS1B, RODARMS1C, RODARMS2A, RODARMS2B, RODARMS2C, RODARMS3A, RODARMS3B"
"750","0.282947462645278","5.91896927850849","0.001","0.327002870010353","0.35538779958012","0.245053444544029",NA,"RUNARMS9A, RUNARMS2A, RUNARMS3A, RUNARMS8C, RUNARMS9C, RUNARMS6A, RUNARMS4A, RUNARMS1A, RUNARMS6C, RODARMS1A, RODARMS1B, RODARMS1C, RODARMS2A, RODARMS2B, RODARMS2C, RODARMS3A, RODARMS3B"
"751","0.292988276549713","6.21605555109966","0.001","0.308307064806599","0.355387800371249","0.0916993546674726",NA,"RUNARMS9C, RUNARMS1B, RUNARMS4C, RUNARMS4A, RUNARMS3A, RUNARMS6C, RUNARMS5C, RUNARMS9B, RUNARMS7C, RODARMS1A, RODARMS1B, RODARMS1C, RODARMS2A, RODARMS2B, RODARMS2C, RODARMS3A, RODARMS3B"
"752","0.281909797979495","5.888740659313","0.001","0.321166669469413","0.3553877989966","0.158528094262426",NA,"RUNARMS6B, RUNARMS1C, RUNARMS4C, RUNARMS3B, RUNARMS6C, RUNARMS1B, RUNARMS5B, RUNARMS7B, RUNARMS2B, RODARMS1A, RODARMS1B, RODARMS1C, RODARMS2A, RODARMS2B, RODARMS2C, RODARMS3A, RODARMS3B"
"753","0.290724379848046","6.14833722437327","0.001","0.312301032653419","0.355387798659746","0.117522571168687",NA,"RUNARMS2B, RUNARMS4A, RUNARMS6A, RUNARMS4C, RUNARMS7A, RUNARMS1A, RUNARMS6C, RUNARMS9C, RUNARMS5A, RODARMS1A, RODARMS1B, RODARMS1C, RODARMS2A, RODARMS2B, RODARMS2C, RODARMS3A, RODARMS3B"
"754","0.288778099019532","6.09046414251513","0.001","0.318822488173511","0.355387798659807","0.115175790351835",NA,"RUNARMS4C, RUNARMS1A, RUNARMS2A, RUNARMS7B, RUNARMS8B, RUNARMS2B, RUNARMS3C, RUNARMS3B, RUNARMS2C, RODARMS1A, RODARMS1B, RODARMS1C, RODARMS2A, RODARMS2B, RODARMS2C, RODARMS3A, RODARMS3B"
"755","0.299707193579778","6.41961171453048","0.001","0.311769297492358","0.355387798659706","0.113920213938727",NA,"RUNARMS3C, RUNARMS9A, RUNARMS4A, RUNARMS1B, RUNARMS5A, RUNARMS1A, RUNARMS4C, RUNARMS2A, RUNARMS4B, RODARMS1A, RODARMS1B, RODARMS1C, RODARMS2A, RODARMS2B, RODARMS2C, RODARMS3A, RODARMS3B"
"756","0.263157727680048","5.3571382417738","0.001","0.330743366053576","0.355387798663573","0.285553073484231",NA,"RUNARMS3A, RUNARMS4C, RUNARMS8A, RUNARMS1C, RUNARMS2B, RUNARMS1A, RUNARMS9B, RUNARMS8C, RUNARMS7A, RODARMS1A, RODARMS1B, RODARMS1C, RODARMS2A, RODARMS2B, RODARMS2C, RODARMS3A, RODARMS3B"
"757","0.270090936609704","5.55050519626062","0.001","0.321400120267196","0.355387798659707","0.202925372007897",NA,"RUNARMS2B, RUNARMS3A, RUNARMS8C, RUNARMS8B, RUNARMS6B, RUNARMS4B, RUNARMS1A, RUNARMS8A, RUNARMS5C, RODARMS1A, RODARMS1B, RODARMS1C, RODARMS2A, RODARMS2B, RODARMS2C, RODARMS3A, RODARMS3B"
"758","0.284481549162585","5.96381998597601","0.001","0.326885761952271","0.355387798659706","0.213844622828393",NA,"RUNARMS4A, RUNARMS2A, RUNARMS9B, RUNARMS2B, RUNARMS3A, RUNARMS9C, RUNARMS4C, RUNARMS1C, RUNARMS8A, RODARMS1A, RODARMS1B, RODARMS1C, RODARMS2A, RODARMS2B, RODARMS2C, RODARMS3A, RODARMS3B"
"759","0.274557269227126","5.67702847338379","0.001","0.328561667828428","0.355387798661838","0.250162367589553",NA,"RUNARMS7C, RUNARMS9A, RUNARMS4A, RUNARMS1A, RUNARMS4B, RUNARMS6B, RUNARMS3A, RUNARMS3B, RUNARMS2B, RODARMS1A, RODARMS1B, RODARMS1C, RODARMS2A, RODARMS2B, RODARMS2C, RODARMS3A, RODARMS3B"
"760","0.314596251724364","6.88491095611534","0.001","0.291950861391596","0.35594416413985","0.0134771341506566",NA,"RUNARMS8C, RUNARMS9C, RUNARMS7B, RUNARMS4C, RUNARMS1C, RUNARMS3C, RUNARMS7C, RUNARMS1A, RUNARMS5A, RODARMS1A, RODARMS1B, RODARMS1C, RODARMS2A, RODARMS2B, RODARMS2C, RODARMS3A, RODARMS3B"
"761","0.289262337383462","6.10483345539676","0.001","0.305739188588726","0.355387798714161","0.0662759132945964",NA,"RUNARMS5B, RUNARMS6C, RUNARMS1A, RUNARMS7A, RUNARMS3A, RUNARMS9B, RUNARMS8B, RUNARMS3B, RUNARMS4A, RODARMS1A, RODARMS1B, RODARMS1C, RODARMS2A, RODARMS2B, RODARMS2C, RODARMS3A, RODARMS3B"
"762","0.286315347706903","6.01768610520683","0.001","0.31483004111852","0.355802372352336","0.179303369236211",NA,"RUNARMS8A, RUNARMS1C, RUNARMS2B, RUNARMS7B, RUNARMS6A, RUNARMS5C, RUNARMS1A, RUNARMS3A, RUNARMS4B, RODARMS1A, RODARMS1B, RODARMS1C, RODARMS2A, RODARMS2B, RODARMS2C, RODARMS3A, RODARMS3B"
"763","0.296764698572362","6.3299872312276","0.001","0.305600211627309","0.3553877986781","0.0609503971144578",NA,"RUNARMS1C, RUNARMS3A, RUNARMS5C, RUNARMS3C, RUNARMS7C, RUNARMS9A, RUNARMS8C, RUNARMS6C, RUNARMS1B, RODARMS1A, RODARMS1B, RODARMS1C, RODARMS2A, RODARMS2B, RODARMS2C, RODARMS3A, RODARMS3B"
"764","0.280420835638156","5.84551741197606","0.001","0.328985674185945","0.355387798932757","0.219755510357847",NA,"RUNARMS9C, RUNARMS8A, RUNARMS4B, RUNARMS2B, RUNARMS2A, RUNARMS5A, RUNARMS2C, RUNARMS8C, RUNARMS1A, RODARMS1A, RODARMS1B, RODARMS1C, RODARMS2A, RODARMS2B, RODARMS2C, RODARMS3A, RODARMS3B"
"765","0.286955484706257","6.03655477080649","0.002","0.319793514264073","0.355387798856133","0.0885836458696217",NA,"RUNARMS5A, RUNARMS5B, RUNARMS7C, RUNARMS3B, RUNARMS1B, RUNARMS6C, RUNARMS1A, RUNARMS6B, RUNARMS9C, RODARMS1A, RODARMS1B, RODARMS1C, RODARMS2A, RODARMS2B, RODARMS2C, RODARMS3A, RODARMS3B"
"766","0.263827358218465","5.37565531327007","0.001","0.325233544817628","0.355387798659706","0.18206325777445",NA,"RUNARMS7B, RUNARMS9B, RUNARMS6C, RUNARMS1B, RUNARMS1A, RUNARMS6B, RUNARMS3C, RUNARMS2B, RUNARMS4A, RODARMS1A, RODARMS1B, RODARMS1C, RODARMS2A, RODARMS2B, RODARMS2C, RODARMS3A, RODARMS3B"
"767","0.309325267503422","6.7178930895294","0.001","0.307845421161374","0.359385209687063","0.0707194586750375",NA,"RUNARMS3C, RUNARMS1B, RUNARMS9A, RUNARMS1A, RUNARMS8B, RUNARMS1C, RUNARMS8A, RUNARMS6A, RUNARMS4C, RODARMS1A, RODARMS1B, RODARMS1C, RODARMS2A, RODARMS2B, RODARMS2C, RODARMS3A, RODARMS3B"
"768","0.296711052705626","6.32836021056005","0.001","0.313172548924455","0.355387798659712","0.0783235853578537",NA,"RUNARMS4B, RUNARMS3C, RUNARMS1A, RUNARMS8A, RUNARMS9B, RUNARMS3B, RUNARMS1B, RUNARMS9C, RUNARMS5B, RODARMS1A, RODARMS1B, RODARMS1C, RODARMS2A, RODARMS2B, RODARMS2C, RODARMS3A, RODARMS3B"
"769","0.265064979402333","5.40996765646252","0.001","0.324860091418281","0.355387798659706","0.204480482516965",NA,"RUNARMS7A, RUNARMS8C, RUNARMS6B, RUNARMS4A, RUNARMS1A, RUNARMS5A, RUNARMS3A, RUNARMS9B, RUNARMS9C, RODARMS1A, RODARMS1B, RODARMS1C, RODARMS2A, RODARMS2B, RODARMS2C, RODARMS3A, RODARMS3B"
"770","0.316618162885781","6.94966150013867","0.001","0.300598030084228","0.355387800580311","0.055143041575607",NA,"RUNARMS4C, RUNARMS7C, RUNARMS2A, RUNARMS9C, RUNARMS1A, RUNARMS3C, RUNARMS6A, RUNARMS4A, RUNARMS5A, RODARMS1A, RODARMS1B, RODARMS1C, RODARMS2A, RODARMS2B, RODARMS2C, RODARMS3A, RODARMS3B"
"771","0.315393889095542","6.91040915510227","0.001","0.300915537727292","0.355387798702319","0.0403379704691836",NA,"RUNARMS7B, RUNARMS1C, RUNARMS3A, RUNARMS7C, RUNARMS3C, RUNARMS9A, RUNARMS2A, RUNARMS5B, RUNARMS4C, RODARMS1A, RODARMS1B, RODARMS1C, RODARMS2A, RODARMS2B, RODARMS2C, RODARMS3A, RODARMS3B"
"772","0.303719136625439","6.54303067773792","0.002","0.303634243288032","0.35538779865971","0.0875524879515728",NA,"RUNARMS8A, RUNARMS2A, RUNARMS8C, RUNARMS7A, RUNARMS6C, RUNARMS1C, RUNARMS3C, RUNARMS7C, RUNARMS7B, RODARMS1A, RODARMS1B, RODARMS1C, RODARMS2A, RODARMS2B, RODARMS2C, RODARMS3A, RODARMS3B"
"773","0.281683220750193","5.88215176550053","0.001","0.323394684735998","0.35538779865974","0.224347476885019",NA,"RUNARMS2A, RUNARMS3A, RUNARMS3C, RUNARMS8A, RUNARMS7B, RUNARMS4C, RUNARMS1C, RUNARMS9B, RUNARMS6B, RODARMS1A, RODARMS1B, RODARMS1C, RODARMS2A, RODARMS2B, RODARMS2C, RODARMS3A, RODARMS3B"
"774","0.298661319423362","6.38766963154958","0.001","0.31261814613331","0.355387798659706","0.0917871074494904",NA,"RUNARMS7A, RUNARMS1C, RUNARMS4A, RUNARMS2A, RUNARMS1B, RUNARMS5C, RUNARMS3C, RUNARMS8C, RUNARMS9A, RODARMS1A, RODARMS1B, RODARMS1C, RODARMS2A, RODARMS2B, RODARMS2C, RODARMS3A, RODARMS3B"
"775","0.298678971496245","6.38820795378403","0.001","0.307031489105472","0.355387798659706","0.0307255712683074",NA,"RUNARMS1C, RUNARMS2C, RUNARMS4B, RUNARMS4A, RUNARMS6A, RUNARMS2B, RUNARMS8C, RUNARMS5C, RUNARMS3A, RODARMS1A, RODARMS1B, RODARMS1C, RODARMS2A, RODARMS2B, RODARMS2C, RODARMS3A, RODARMS3B"
"776","0.324696659108161","7.21224017667417","0.001","0.290556353268046","0.355387798764298","0.0402962658533136",NA,"RUNARMS1B, RUNARMS1C, RUNARMS6A, RUNARMS2B, RUNARMS7C, RUNARMS5A, RUNARMS9A, RUNARMS5C, RUNARMS4C, RODARMS1A, RODARMS1B, RODARMS1C, RODARMS2A, RODARMS2B, RODARMS2C, RODARMS3A, RODARMS3B"
"777","0.285634606750283","5.9976576997432","0.001","0.325459405223429","0.355387798809604","0.27410932524005",NA,"RUNARMS5C, RUNARMS4C, RUNARMS2A, RUNARMS1A, RUNARMS8A, RUNARMS2B, RUNARMS3B, RUNARMS7A, RUNARMS9B, RODARMS1A, RODARMS1B, RODARMS1C, RODARMS2A, RODARMS2B, RODARMS2C, RODARMS3A, RODARMS3B"
"778","0.304358490927324","6.56283057345979","0.001","0.312450733705818","0.355387798659716","0.139388950622608",NA,"RUNARMS6A, RUNARMS2C, RUNARMS6C, RUNARMS7C, RUNARMS9A, RUNARMS1B, RUNARMS9B, RUNARMS2A, RUNARMS4C, RODARMS1A, RODARMS1B, RODARMS1C, RODARMS2A, RODARMS2B, RODARMS2C, RODARMS3A, RODARMS3B"
"779","0.297180237939987","6.34259850069379","0.001","0.307886404205676","0.355387799374749","0.0900730308740545",NA,"RUNARMS3C, RUNARMS1C, RUNARMS5C, RUNARMS4B, RUNARMS1B, RUNARMS5A, RUNARMS2C, RUNARMS9A, RUNARMS2B, RODARMS1A, RODARMS1B, RODARMS1C, RODARMS2A, RODARMS2B, RODARMS2C, RODARMS3A, RODARMS3B"
"780","0.292411087912882","6.19874936388659","0.001","0.318715619054759","0.355387798659706","0.10415762544573",NA,"RUNARMS1A, RUNARMS3B, RUNARMS1C, RUNARMS4B, RUNARMS3A, RUNARMS6A, RUNARMS4A, RUNARMS2A, RUNARMS9B, RODARMS1A, RODARMS1B, RODARMS1C, RODARMS2A, RODARMS2B, RODARMS2C, RODARMS3A, RODARMS3B"
"781","0.279399247147263","5.8159649301191","0.001","0.329064452137688","0.355388193856762","0.255088628559515",NA,"RUNARMS3A, RUNARMS4C, RUNARMS7C, RUNARMS2C, RUNARMS5A, RUNARMS2B, RUNARMS8A, RUNARMS1C, RUNARMS3B, RODARMS1A, RODARMS1B, RODARMS1C, RODARMS2A, RODARMS2B, RODARMS2C, RODARMS3A, RODARMS3B"
"782","0.27465488918346","5.67981127371785","0.001","0.3292788293023","0.355387798659962","0.222858935606714",NA,"RUNARMS6B, RUNARMS2C, RUNARMS3B, RUNARMS1B, RUNARMS4B, RUNARMS9C, RUNARMS1A, RUNARMS4A, RUNARMS6C, RODARMS1A, RODARMS1B, RODARMS1C, RODARMS2A, RODARMS2B, RODARMS2C, RODARMS3A, RODARMS3B"
"783","0.290627884148419","6.14546042170396","0.001","0.313733313055188","0.355387798808342","0.0700974260257193",NA,"RUNARMS4B, RUNARMS1B, RUNARMS1C, RUNARMS8A, RUNARMS9A, RUNARMS3C, RUNARMS6C, RUNARMS8C, RUNARMS9B, RODARMS1A, RODARMS1B, RODARMS1C, RODARMS2A, RODARMS2B, RODARMS2C, RODARMS3A, RODARMS3B"
"784","0.286129596755352","6.01221724814862","0.001","0.322609457908189","0.355387798746315","0.171416406412368",NA,"RUNARMS4C, RUNARMS3C, RUNARMS6C, RUNARMS8A, RUNARMS9B, RUNARMS5B, RUNARMS2A, RUNARMS5A, RUNARMS1B, RODARMS1A, RODARMS1B, RODARMS1C, RODARMS2A, RODARMS2B, RODARMS2C, RODARMS3A, RODARMS3B"
"785","0.286580516778915","6.02549811546368","0.001","0.322051963572999","0.355387798659706","0.195221984557399",NA,"RUNARMS7A, RUNARMS1A, RUNARMS4C, RUNARMS2A, RUNARMS6B, RUNARMS3B, RUNARMS6C, RUNARMS4B, RUNARMS5B, RODARMS1A, RODARMS1B, RODARMS1C, RODARMS2A, RODARMS2B, RODARMS2C, RODARMS3A, RODARMS3B"
"786","0.297423695208026","6.3499941539323","0.001","0.306311496248119","0.355387798659706","0.102451544979619",NA,"RUNARMS6B, RUNARMS4C, RUNARMS8A, RUNARMS5C, RUNARMS3A, RUNARMS3C, RUNARMS7C, RUNARMS1C, RUNARMS9B, RODARMS1A, RODARMS1B, RODARMS1C, RODARMS2A, RODARMS2B, RODARMS2C, RODARMS3A, RODARMS3B"
"787","0.29331037157365","6.22572540565208","0.001","0.315259756757134","0.355387798659706","0.0933518973226819",NA,"RUNARMS7A, RUNARMS9A, RUNARMS2A, RUNARMS1C, RUNARMS8C, RUNARMS4B, RUNARMS9B, RUNARMS1A, RUNARMS4C, RODARMS1A, RODARMS1B, RODARMS1C, RODARMS2A, RODARMS2B, RODARMS2C, RODARMS3A, RODARMS3B"
"788","0.277751702490467","5.76848093892809","0.001","0.32344945144545","0.355387799235111","0.206687461099229",NA,"RUNARMS1A, RUNARMS4C, RUNARMS9A, RUNARMS8A, RUNARMS7A, RUNARMS9B, RUNARMS5A, RUNARMS2B, RUNARMS8C, RODARMS1A, RODARMS1B, RODARMS1C, RODARMS2A, RODARMS2B, RODARMS2C, RODARMS3A, RODARMS3B"
"789","0.270590986471189","5.56459369405299","0.001","0.333270131819111","0.355387798659706","0.461625199888253",NA,"RUNARMS8A, RUNARMS2A, RUNARMS2B, RUNARMS4C, RUNARMS7A, RUNARMS4A, RUNARMS6B, RUNARMS1A, RUNARMS4B, RODARMS1A, RODARMS1B, RODARMS1C, RODARMS2A, RODARMS2B, RODARMS2C, RODARMS3A, RODARMS3B"
"790","0.296093300551","6.30964233149311","0.001","0.319329837859502","0.355387799971401","0.160740943931981",NA,"RUNARMS2A, RUNARMS5B, RUNARMS8A, RUNARMS1A, RUNARMS5C, RUNARMS8C, RUNARMS2B, RUNARMS7C, RUNARMS3B, RODARMS1A, RODARMS1B, RODARMS1C, RODARMS2A, RODARMS2B, RODARMS2C, RODARMS3A, RODARMS3B"
"791","0.292730794053803","6.20833181183498","0.001","0.313963853470602","0.355387799000146","0.0931906619254067",NA,"RUNARMS1B, RUNARMS3B, RUNARMS8C, RUNARMS6A, RUNARMS1A, RUNARMS4B, RUNARMS5C, RUNARMS6C, RUNARMS2C, RODARMS1A, RODARMS1B, RODARMS1C, RODARMS2A, RODARMS2B, RODARMS2C, RODARMS3A, RODARMS3B"
"792","0.320621335777374","7.07899775181141","0.001","0.281653906920048","0.355387798925712","0.00896506294172889",NA,"RUNARMS3C, RUNARMS8C, RUNARMS6A, RUNARMS6C, RUNARMS5C, RUNARMS4C, RUNARMS1A, RUNARMS8B, RUNARMS9B, RODARMS1A, RODARMS1B, RODARMS1C, RODARMS2A, RODARMS2B, RODARMS2C, RODARMS3A, RODARMS3B"
"793","0.31594981719635","6.92821576119014","0.001","0.298695623304246","0.355387799098938","0.0211260492292152",NA,"RUNARMS3B, RUNARMS9A, RUNARMS7A, RUNARMS4A, RUNARMS8C, RUNARMS5C, RUNARMS1A, RUNARMS5B, RUNARMS7C, RODARMS1A, RODARMS1B, RODARMS1C, RODARMS2A, RODARMS2B, RODARMS2C, RODARMS3A, RODARMS3B"
"794","0.300104333400115","6.43176578427821","0.001","0.306469224018023","0.355387799733437","0.104905727806306",NA,"RUNARMS1B, RUNARMS5A, RUNARMS9A, RUNARMS6A, RUNARMS6B, RUNARMS2C, RUNARMS4C, RUNARMS8B, RUNARMS7A, RODARMS1A, RODARMS1B, RODARMS1C, RODARMS2A, RODARMS2B, RODARMS2C, RODARMS3A, RODARMS3B"
"795","0.289537570232323","6.11300945907166","0.001","0.314213777579312","0.355387799232617","0.0974602594381353",NA,"RUNARMS1C, RUNARMS4A, RUNARMS6B, RUNARMS5B, RUNARMS4B, RUNARMS8C, RUNARMS8A, RUNARMS3A, RUNARMS5C, RODARMS1A, RODARMS1B, RODARMS1C, RODARMS2A, RODARMS2B, RODARMS2C, RODARMS3A, RODARMS3B"
"796","0.308029150429581","6.67721372845708","0.001","0.303215053122405","0.355387799494917","0.0607464022006811",NA,"RUNARMS3C, RUNARMS6B, RUNARMS1C, RUNARMS9A, RUNARMS7C, RUNARMS5C, RUNARMS6C, RUNARMS4B, RUNARMS8A, RODARMS1A, RODARMS1B, RODARMS1C, RODARMS2A, RODARMS2B, RODARMS2C, RODARMS3A, RODARMS3B"
"797","0.292532403785107","6.20238450531628","0.001","0.30999837267951","0.355387798665666","0.130652598944999",NA,"RUNARMS9C, RUNARMS6B, RUNARMS4B, RUNARMS7B, RUNARMS4C, RUNARMS1C, RUNARMS3B, RUNARMS5A, RUNARMS3A, RODARMS1A, RODARMS1B, RODARMS1C, RODARMS2A, RODARMS2B, RODARMS2C, RODARMS3A, RODARMS3B"
"798","0.297904003175968","6.36459980950368","0.001","0.30776626214281","0.355387799046287","0.102387936227211",NA,"RUNARMS4C, RUNARMS7B, RUNARMS2A, RUNARMS1A, RUNARMS9C, RUNARMS1C, RUNARMS4B, RUNARMS3C, RUNARMS3A, RODARMS1A, RODARMS1B, RODARMS1C, RODARMS2A, RODARMS2B, RODARMS2C, RODARMS3A, RODARMS3B"
"799","0.292823355923696","6.21110775595907","0.001","0.313133269618984","0.355387798659899","0.141335415446683",NA,"RUNARMS2A, RUNARMS4B, RUNARMS1C, RUNARMS4A, RUNARMS7B, RUNARMS8B, RUNARMS6C, RUNARMS2C, RUNARMS8A, RODARMS1A, RODARMS1B, RODARMS1C, RODARMS2A, RODARMS2B, RODARMS2C, RODARMS3A, RODARMS3B"
"800","0.307157554254729","6.64994378175681","0.001","0.297869244422905","0.355387798659706","0.0463623703524163",NA,"RUNARMS7C, RUNARMS4A, RUNARMS2A, RUNARMS1A, RUNARMS4B, RUNARMS8C, RUNARMS8B, RUNARMS5C, RUNARMS1B, RODARMS1A, RODARMS1B, RODARMS1C, RODARMS2A, RODARMS2B, RODARMS2C, RODARMS3A, RODARMS3B"
"801","0.275075582988397","5.69181234346521","0.001","0.326262002497665","0.35538779919607","0.250262672096909",NA,"RUNARMS1C, RUNARMS8B, RUNARMS4A, RUNARMS8A, RUNARMS1A, RUNARMS2B, RUNARMS8C, RUNARMS5A, RUNARMS2A, RODARMS1A, RODARMS1B, RODARMS1C, RODARMS2A, RODARMS2B, RODARMS2C, RODARMS3A, RODARMS3B"
"802","0.291376186148668","6.16778988625264","0.001","0.314358176057636","0.355830045574429","0.134775052105565",NA,"RUNARMS2C, RUNARMS1B, RUNARMS5B, RUNARMS7B, RUNARMS3B, RUNARMS3C, RUNARMS6B, RUNARMS4C, RUNARMS4B, RODARMS1A, RODARMS1B, RODARMS1C, RODARMS2A, RODARMS2B, RODARMS2C, RODARMS3A, RODARMS3B"
"803","0.280921842392742","5.86004120875079","0.001","0.321689124269136","0.355387798763844","0.190360195170923",NA,"RUNARMS3B, RUNARMS6C, RUNARMS3A, RUNARMS4C, RUNARMS2A, RUNARMS8B, RUNARMS9B, RUNARMS4A, RUNARMS1B, RODARMS1A, RODARMS1B, RODARMS1C, RODARMS2A, RODARMS2B, RODARMS2C, RODARMS3A, RODARMS3B"
"804","0.267552778220753","5.4792912772094","0.001","0.332521452751833","0.355387798659722","0.321912286102335",NA,"RUNARMS4A, RUNARMS3A, RUNARMS2C, RUNARMS7C, RUNARMS6C, RUNARMS1C, RUNARMS1B, RUNARMS5A, RUNARMS8A, RODARMS1A, RODARMS1B, RODARMS1C, RODARMS2A, RODARMS2B, RODARMS2C, RODARMS3A, RODARMS3B"
"805","0.274004066968242","5.66127276685976","0.001","0.329911466488598","0.355387798659706","0.313281606127259",NA,"RUNARMS8C, RUNARMS1C, RUNARMS4B, RUNARMS8A, RUNARMS2B, RUNARMS7C, RUNARMS1A, RUNARMS7A, RUNARMS2A, RODARMS1A, RODARMS1B, RODARMS1C, RODARMS2A, RODARMS2B, RODARMS2C, RODARMS3A, RODARMS3B"
"806","0.297098452296447","6.34011519679598","0.001","0.308038691786235","0.355387798659706","0.0840519342951549",NA,"RUNARMS4B, RUNARMS2B, RUNARMS3C, RUNARMS7C, RUNARMS3B, RUNARMS6A, RUNARMS1C, RUNARMS1A, RUNARMS6C, RODARMS1A, RODARMS1B, RODARMS1C, RODARMS2A, RODARMS2B, RODARMS2C, RODARMS3A, RODARMS3B"
"807","0.291452525172849","6.17007050749736","0.001","0.306414614863027","0.355387799187836","0.079125322077273",NA,"RUNARMS4C, RUNARMS6C, RUNARMS7B, RUNARMS3A, RUNARMS4B, RUNARMS1B, RUNARMS5C, RUNARMS5B, RUNARMS2B, RODARMS1A, RODARMS1B, RODARMS1C, RODARMS2A, RODARMS2B, RODARMS2C, RODARMS3A, RODARMS3B"
"808","0.300077366552266","6.43094005420545","0.001","0.305130255690015","0.35538779929937","0.104382857990523",NA,"RUNARMS3C, RUNARMS2B, RUNARMS8B, RUNARMS5A, RUNARMS8A, RUNARMS7B, RUNARMS6A, RUNARMS9A, RUNARMS1B, RODARMS1A, RODARMS1B, RODARMS1C, RODARMS2A, RODARMS2B, RODARMS2C, RODARMS3A, RODARMS3B"
"809","0.276550720338131","5.73400364295174","0.001","0.314216879885077","0.355387798659708","0.172840590921805",NA,"RUNARMS2A, RUNARMS6C, RUNARMS7B, RUNARMS1C, RUNARMS7A, RUNARMS3A, RUNARMS8B, RUNARMS1A, RUNARMS8C, RODARMS1A, RODARMS1B, RODARMS1C, RODARMS2A, RODARMS2B, RODARMS2C, RODARMS3A, RODARMS3B"
"810","0.282063939654683","5.89322549529719","0.001","0.323016751138761","0.355387798659827","0.184392127598582",NA,"RUNARMS6C, RUNARMS6B, RUNARMS8A, RUNARMS7B, RUNARMS3C, RUNARMS1A, RUNARMS3B, RUNARMS9A, RUNARMS9B, RODARMS1A, RODARMS1B, RODARMS1C, RODARMS2A, RODARMS2B, RODARMS2C, RODARMS3A, RODARMS3B"
"811","0.324257691126804","7.1978109155435","0.001","0.296028444078934","0.355387799532026","0.0418948329551109",NA,"RUNARMS9A, RUNARMS9B, RUNARMS4C, RUNARMS6A, RUNARMS9C, RUNARMS8C, RUNARMS1A, RUNARMS5C, RUNARMS2A, RODARMS1A, RODARMS1B, RODARMS1C, RODARMS2A, RODARMS2B, RODARMS2C, RODARMS3A, RODARMS3B"
"812","0.265321161202046","5.41708459242173","0.001","0.333963029473485","0.355387799529949","0.319206224552952",NA,"RUNARMS6B, RUNARMS3B, RUNARMS9A, RUNARMS1C, RUNARMS1A, RUNARMS2B, RUNARMS6C, RUNARMS3A, RUNARMS4B, RODARMS1A, RODARMS1B, RODARMS1C, RODARMS2A, RODARMS2B, RODARMS2C, RODARMS3A, RODARMS3B"
"813","0.29195605800082","6.18512582375484","0.001","0.307851560651395","0.355387798659706","0.0513950848245463",NA,"RUNARMS7B, RUNARMS4A, RUNARMS8C, RUNARMS1A, RUNARMS3C, RUNARMS6A, RUNARMS2C, RUNARMS5A, RUNARMS6C, RODARMS1A, RODARMS1B, RODARMS1C, RODARMS2A, RODARMS2B, RODARMS2C, RODARMS3A, RODARMS3B"
"814","0.276031576432304","5.71913568561517","0.001","0.322280505124991","0.355387798754347","0.171286336615148",NA,"RUNARMS6B, RUNARMS7A, RUNARMS8A, RUNARMS9C, RUNARMS8C, RUNARMS7B, RUNARMS4B, RUNARMS3A, RUNARMS1C, RODARMS1A, RODARMS1B, RODARMS1C, RODARMS2A, RODARMS2B, RODARMS2C, RODARMS3A, RODARMS3B"
"815","0.291944181626956","6.18477048104298","0.001","0.314011533572448","0.355387798659706","0.0488647379106465",NA,"RUNARMS1A, RUNARMS3B, RUNARMS4A, RUNARMS8C, RUNARMS5A, RUNARMS5B, RUNARMS6C, RUNARMS1C, RUNARMS9C, RODARMS1A, RODARMS1B, RODARMS1C, RODARMS2A, RODARMS2B, RODARMS2C, RODARMS3A, RODARMS3B"
"816","0.270040055326723","5.5490727394828","0.001","0.331056623415349","0.355387799651944","0.353637416501364",NA,"RUNARMS6C, RUNARMS6B, RUNARMS2B, RUNARMS6A, RUNARMS1C, RUNARMS1A, RUNARMS8A, RUNARMS8C, RUNARMS9C, RODARMS1A, RODARMS1B, RODARMS1C, RODARMS2A, RODARMS2B, RODARMS2C, RODARMS3A, RODARMS3B"
"817","0.308351012377351","6.68730131675363","0.002","0.305344732636192","0.355387798659706","0.0821381867477241",NA,"RUNARMS6A, RUNARMS3C, RUNARMS5C, RUNARMS1A, RUNARMS1B, RUNARMS4A, RUNARMS2C, RUNARMS4C, RUNARMS9A, RODARMS1A, RODARMS1B, RODARMS1C, RODARMS2A, RODARMS2B, RODARMS2C, RODARMS3A, RODARMS3B"
"818","0.2751775401378","5.69472295719386","0.001","0.333829460383386","0.355387798659706","0.423826906120574",NA,"RUNARMS9C, RUNARMS8B, RUNARMS8A, RUNARMS2B, RUNARMS3B, RUNARMS2A, RUNARMS1A, RUNARMS5B, RUNARMS6B, RODARMS1A, RODARMS1B, RODARMS1C, RODARMS2A, RODARMS2B, RODARMS2C, RODARMS3A, RODARMS3B"
"819","0.288541442687127","6.08344870663149","0.001","0.315564199198681","0.355387798690995","0.115691685508195",NA,"RUNARMS2B, RUNARMS9B, RUNARMS1B, RUNARMS4B, RUNARMS7C, RUNARMS3B, RUNARMS6B, RUNARMS2C, RUNARMS5C, RODARMS1A, RODARMS1B, RODARMS1C, RODARMS2A, RODARMS2B, RODARMS2C, RODARMS3A, RODARMS3B"
"820","0.282915340761026","5.91803221103511","0.001","0.320462456604979","0.355387811117673","0.246328924151496",NA,"RUNARMS8A, RUNARMS9A, RUNARMS9C, RUNARMS1B, RUNARMS2B, RUNARMS6B, RUNARMS7A, RUNARMS5C, RUNARMS8B, RODARMS1A, RODARMS1B, RODARMS1C, RODARMS2A, RODARMS2B, RODARMS2C, RODARMS3A, RODARMS3B"
"821","0.284008268388573","5.94996260116115","0.001","0.322520697257225","0.355387799168864","0.250193306376813",NA,"RUNARMS3B, RUNARMS3A, RUNARMS6B, RUNARMS1B, RUNARMS9C, RUNARMS7C, RUNARMS4A, RUNARMS7B, RUNARMS9A, RODARMS1A, RODARMS1B, RODARMS1C, RODARMS2A, RODARMS2B, RODARMS2C, RODARMS3A, RODARMS3B"
"822","0.288628628490948","6.08603269791429","0.001","0.315299243233693","0.355387798659706","0.140174434728363",NA,"RUNARMS3B, RUNARMS6A, RUNARMS1B, RUNARMS6B, RUNARMS3C, RUNARMS4B, RUNARMS8C, RUNARMS3A, RUNARMS9C, RODARMS1A, RODARMS1B, RODARMS1C, RODARMS2A, RODARMS2B, RODARMS2C, RODARMS3A, RODARMS3B"
"823","0.291330729124952","6.16643209529653","0.001","0.319097898214452","0.355387798659706","0.194349885352791",NA,"RUNARMS1A, RUNARMS8A, RUNARMS8B, RUNARMS6B, RUNARMS9C, RUNARMS7B, RUNARMS9A, RUNARMS2A, RUNARMS4B, RODARMS1A, RODARMS1B, RODARMS1C, RODARMS2A, RODARMS2B, RODARMS2C, RODARMS3A, RODARMS3B"
"824","0.316734712819639","6.95340562653296","0.001","0.287169784952161","0.355387798659713","0.0403544689864775",NA,"RUNARMS6A, RUNARMS7C, RUNARMS9C, RUNARMS1B, RUNARMS6C, RUNARMS8B, RUNARMS2B, RUNARMS5C, RUNARMS7A, RODARMS1A, RODARMS1B, RODARMS1C, RODARMS2A, RODARMS2B, RODARMS2C, RODARMS3A, RODARMS3B"
"825","0.295161233183733","6.28146280567752","0.001","0.306214455196553","0.355387798856929","0.103923247015642",NA,"RUNARMS8B, RUNARMS6A, RUNARMS2A, RUNARMS7B, RUNARMS3C, RUNARMS6B, RUNARMS1C, RUNARMS2B, RUNARMS9B, RODARMS1A, RODARMS1B, RODARMS1C, RODARMS2A, RODARMS2B, RODARMS2C, RODARMS3A, RODARMS3B"
"826","0.308681645066305","6.69767357245803","0.001","0.294346026007107","0.355387798659706","0.0378249620305785",NA,"RUNARMS5B, RUNARMS1B, RUNARMS9B, RUNARMS7C, RUNARMS1A, RUNARMS4C, RUNARMS8B, RUNARMS2C, RUNARMS5C, RODARMS1A, RODARMS1B, RODARMS1C, RODARMS2A, RODARMS2B, RODARMS2C, RODARMS3A, RODARMS3B"
"827","0.268300377565047","5.50021558038112","0.001","0.330869883640464","0.35538779866663","0.268349053550672",NA,"RUNARMS2B, RUNARMS9C, RUNARMS3B, RUNARMS6B, RUNARMS6C, RUNARMS1A, RUNARMS9B, RUNARMS5B, RUNARMS1B, RODARMS1A, RODARMS1B, RODARMS1C, RODARMS2A, RODARMS2B, RODARMS2C, RODARMS3A, RODARMS3B"
"828","0.287489434462318","6.05231939779103","0.001","0.323254158570297","0.355388110863719","0.202123087928609",NA,"RUNARMS8A, RUNARMS2A, RUNARMS3B, RUNARMS1C, RUNARMS2B, RUNARMS3C, RUNARMS7A, RUNARMS5A, RUNARMS4B, RODARMS1A, RODARMS1B, RODARMS1C, RODARMS2A, RODARMS2B, RODARMS2C, RODARMS3A, RODARMS3B"
"829","0.307885804060699","6.67272407935917","0.001","0.295531302442003","0.355387798659743","0.0232623545919426",NA,"RUNARMS4C, RUNARMS7A, RUNARMS9A, RUNARMS4B, RUNARMS6B, RUNARMS3C, RUNARMS1C, RUNARMS8C, RUNARMS8B, RODARMS1A, RODARMS1B, RODARMS1C, RODARMS2A, RODARMS2B, RODARMS2C, RODARMS3A, RODARMS3B"
"830","0.299079419944959","6.40042741906951","0.001","0.302710864774192","0.355387799163998","0.0590384477638667",NA,"RUNARMS8B, RUNARMS3A, RUNARMS4A, RUNARMS6B, RUNARMS1C, RUNARMS5C, RUNARMS9B, RUNARMS4C, RUNARMS3B, RODARMS1A, RODARMS1B, RODARMS1C, RODARMS2A, RODARMS2B, RODARMS2C, RODARMS3A, RODARMS3B"
"831","0.286543871861977","6.02441819253413","0.001","0.323633401821572","0.355387798720084","0.20324721729361",NA,"RUNARMS4B, RUNARMS3C, RUNARMS1C, RUNARMS6A, RUNARMS2B, RUNARMS8A, RUNARMS9A, RUNARMS3A, RUNARMS9C, RODARMS1A, RODARMS1B, RODARMS1C, RODARMS2A, RODARMS2B, RODARMS2C, RODARMS3A, RODARMS3B"
"832","0.319116525780951","7.03020130163168","0.001","0.298675299505559","0.355387799221581","0.041076556059876",NA,"RUNARMS1C, RUNARMS7C, RUNARMS6A, RUNARMS2A, RUNARMS9B, RUNARMS9C, RUNARMS4A, RUNARMS2C, RUNARMS7B, RODARMS1A, RODARMS1B, RODARMS1C, RODARMS2A, RODARMS2B, RODARMS2C, RODARMS3A, RODARMS3B"
"833","0.296481266092786","6.32139384077627","0.001","0.313764178961146","0.355387798659721","0.117963840165123",NA,"RUNARMS4B, RUNARMS7C, RUNARMS5C, RUNARMS5B, RUNARMS8A, RUNARMS6C, RUNARMS1B, RUNARMS2C, RUNARMS9C, RODARMS1A, RODARMS1B, RODARMS1C, RODARMS2A, RODARMS2B, RODARMS2C, RODARMS3A, RODARMS3B"
"834","0.30367543303319","6.54167856713717","0.001","0.313614708513193","0.355387798659707","0.0659969545108747",NA,"RUNARMS4C, RUNARMS2A, RUNARMS9A, RUNARMS5A, RUNARMS1B, RUNARMS7C, RUNARMS8B, RUNARMS3B, RUNARMS2B, RODARMS1A, RODARMS1B, RODARMS1C, RODARMS2A, RODARMS2B, RODARMS2C, RODARMS3A, RODARMS3B"
"835","0.294512763521468","6.26190131358451","0.001","0.314793710459623","0.356099417785545","0.205836849628802",NA,"RUNARMS9C, RUNARMS7C, RUNARMS5A, RUNARMS7B, RUNARMS2A, RUNARMS2B, RUNARMS5C, RUNARMS8A, RUNARMS1A, RODARMS1A, RODARMS1B, RODARMS1C, RODARMS2A, RODARMS2B, RODARMS2C, RODARMS3A, RODARMS3B"
"836","0.301756831052178","6.48248728677634","0.001","0.302903623740675","0.356266108426145","0.0345227827999812",NA,"RUNARMS7B, RUNARMS3B, RUNARMS8B, RUNARMS4C, RUNARMS1C, RUNARMS8C, RUNARMS1A, RUNARMS5A, RUNARMS9C, RODARMS1A, RODARMS1B, RODARMS1C, RODARMS2A, RODARMS2B, RODARMS2C, RODARMS3A, RODARMS3B"
"837","0.301558401921799","6.47638405454842","0.001","0.312417339782334","0.355387798659706","0.0816934347589763",NA,"RUNARMS1C, RUNARMS2A, RUNARMS7C, RUNARMS9A, RUNARMS6C, RUNARMS4A, RUNARMS8C, RUNARMS9C, RUNARMS5A, RODARMS1A, RODARMS1B, RODARMS1C, RODARMS2A, RODARMS2B, RODARMS2C, RODARMS3A, RODARMS3B"
"838","0.305154121995186","6.58752102418901","0.001","0.29507244188843","0.355387799147693","0.0370887391678126",NA,"RUNARMS5B, RUNARMS3C, RUNARMS2B, RUNARMS7B, RUNARMS5C, RUNARMS1B, RUNARMS6C, RUNARMS4B, RUNARMS7C, RODARMS1A, RODARMS1B, RODARMS1C, RODARMS2A, RODARMS2B, RODARMS2C, RODARMS3A, RODARMS3B"
"839","0.287536415456615","6.05370762158102","0.001","0.31709006460017","0.355387798691707","0.10431477836609",NA,"RUNARMS1B, RUNARMS8C, RUNARMS3B, RUNARMS3A, RUNARMS9C, RUNARMS3C, RUNARMS4C, RUNARMS5B, RUNARMS1A, RODARMS1A, RODARMS1B, RODARMS1C, RODARMS2A, RODARMS2B, RODARMS2C, RODARMS3A, RODARMS3B"
"840","0.296233455326159","6.31388613670422","0.001","0.30079729240449","0.355387799289231","0.0228684601639199",NA,"RUNARMS6C, RUNARMS3C, RUNARMS1B, RUNARMS1A, RUNARMS6B, RUNARMS5A, RUNARMS7A, RUNARMS8B, RUNARMS4C, RODARMS1A, RODARMS1B, RODARMS1C, RODARMS2A, RODARMS2B, RODARMS2C, RODARMS3A, RODARMS3B"
"841","0.298985803679284","6.39756951960137","0.001","0.311956295102509","0.355389931554672","0.152355125680248",NA,"RUNARMS7C, RUNARMS1C, RUNARMS4C, RUNARMS1B, RUNARMS2C, RUNARMS8B, RUNARMS5B, RUNARMS9A, RUNARMS8A, RODARMS1A, RODARMS1B, RODARMS1C, RODARMS2A, RODARMS2B, RODARMS2C, RODARMS3A, RODARMS3B"
"842","0.270918724721508","5.57383793634029","0.001","0.325238172135002","0.355387798967595","0.177111860004916",NA,"RUNARMS1A, RUNARMS7B, RUNARMS1B, RUNARMS3A, RUNARMS5A, RUNARMS9B, RUNARMS9A, RUNARMS2B, RUNARMS4C, RODARMS1A, RODARMS1B, RODARMS1C, RODARMS2A, RODARMS2B, RODARMS2C, RODARMS3A, RODARMS3B"
"843","0.290158407402925","6.13147518606226","0.001","0.310350900355532","0.355387798659706","0.12969025630091",NA,"RUNARMS1C, RUNARMS5A, RUNARMS4C, RUNARMS4B, RUNARMS9C, RUNARMS1A, RUNARMS2B, RUNARMS6B, RUNARMS4A, RODARMS1A, RODARMS1B, RODARMS1C, RODARMS2A, RODARMS2B, RODARMS2C, RODARMS3A, RODARMS3B"
"844","0.310796234655754","6.76424557475793","0.001","0.289443458806789","0.35538779873623","0.0101907650531625",NA,"RUNARMS9C, RUNARMS1C, RUNARMS8B, RUNARMS7B, RUNARMS3C, RUNARMS1B, RUNARMS4B, RUNARMS7A, RUNARMS5A, RODARMS1A, RODARMS1B, RODARMS1C, RODARMS2A, RODARMS2B, RODARMS2C, RODARMS3A, RODARMS3B"
"845","0.286122326035742","6.01200324238045","0.001","0.322741108653118","0.355387798659706","0.201373920771641",NA,"RUNARMS4A, RUNARMS5A, RUNARMS8A, RUNARMS9B, RUNARMS1B, RUNARMS2A, RUNARMS7C, RUNARMS2C, RUNARMS8C, RODARMS1A, RODARMS1B, RODARMS1C, RODARMS2A, RODARMS2B, RODARMS2C, RODARMS3A, RODARMS3B"
"846","0.291993812822207","6.18625553230262","0.001","0.302601625449742","0.355387798659706","0.0596141936217466",NA,"RUNARMS1A, RUNARMS3C, RUNARMS9B, RUNARMS4B, RUNARMS7C, RUNARMS5A, RUNARMS3A, RUNARMS4C, RUNARMS7A, RODARMS1A, RODARMS1B, RODARMS1C, RODARMS2A, RODARMS2B, RODARMS2C, RODARMS3A, RODARMS3B"
"847","0.29250018573568","6.20141899344167","0.001","0.320856147612436","0.355387798659706","0.107165555632243",NA,"RUNARMS1C, RUNARMS2C, RUNARMS6A, RUNARMS4A, RUNARMS4B, RUNARMS9C, RUNARMS1A, RUNARMS3A, RUNARMS2A, RODARMS1A, RODARMS1B, RODARMS1C, RODARMS2A, RODARMS2B, RODARMS2C, RODARMS3A, RODARMS3B"
"848","0.302772240437211","6.51377336066777","0.001","0.305308753724751","0.355387798751289","0.0472696537654786",NA,"RUNARMS8B, RUNARMS6A, RUNARMS4B, RUNARMS1C, RUNARMS7A, RUNARMS2B, RUNARMS9A, RUNARMS4A, RUNARMS2C, RODARMS1A, RODARMS1B, RODARMS1C, RODARMS2A, RODARMS2B, RODARMS2C, RODARMS3A, RODARMS3B"
"849","0.298040315718189","6.36874857043508","0.001","0.312876650190004","0.355387798659706","0.0595931121309004",NA,"RUNARMS6C, RUNARMS4C, RUNARMS9C, RUNARMS5B, RUNARMS8C, RUNARMS1A, RUNARMS2C, RUNARMS7C, RUNARMS3B, RODARMS1A, RODARMS1B, RODARMS1C, RODARMS2A, RODARMS2B, RODARMS2C, RODARMS3A, RODARMS3B"
"850","0.285042069601481","5.98025542795081","0.001","0.306953527559923","0.355387798659706","0.109857744585906",NA,"RUNARMS9B, RUNARMS7B, RUNARMS2B, RUNARMS8B, RUNARMS6C, RUNARMS1C, RUNARMS6B, RUNARMS9A, RUNARMS3C, RODARMS1A, RODARMS1B, RODARMS1C, RODARMS2A, RODARMS2B, RODARMS2C, RODARMS3A, RODARMS3B"
"851","0.308207227516077","6.68279374492682","0.001","0.299755953055562","0.35538779866015","0.0192307213115847",NA,"RUNARMS4B, RUNARMS6A, RUNARMS7B, RUNARMS8C, RUNARMS3B, RUNARMS1B, RUNARMS6C, RUNARMS5B, RUNARMS3C, RODARMS1A, RODARMS1B, RODARMS1C, RODARMS2A, RODARMS2B, RODARMS2C, RODARMS3A, RODARMS3B"
"852","0.292770670824588","6.20952763298026","0.001","0.324781060551541","0.355387799304809","0.220188108675459",NA,"RUNARMS2C, RUNARMS4B, RUNARMS1C, RUNARMS6A, RUNARMS4A, RUNARMS2A, RUNARMS8A, RUNARMS6B, RUNARMS5B, RODARMS1A, RODARMS1B, RODARMS1C, RODARMS2A, RODARMS2B, RODARMS2C, RODARMS3A, RODARMS3B"
"853","0.263726823673707","5.37287311598661","0.001","0.348631837060471","0.355387798727679","0.736766964407442",NA,"RUNARMS2C, RUNARMS6B, RUNARMS1A, RUNARMS6C, RUNARMS8A, RUNARMS2A, RUNARMS1B, RUNARMS9C, RUNARMS3B, RODARMS1A, RODARMS1B, RODARMS1C, RODARMS2A, RODARMS2B, RODARMS2C, RODARMS3A, RODARMS3B"
"854","0.283111499709066","5.92375591729059","0.001","0.332640642031236","0.355387798689681","0.340801966721251",NA,"RUNARMS8A, RUNARMS2C, RUNARMS1C, RUNARMS5A, RUNARMS2A, RUNARMS6B, RUNARMS6A, RUNARMS2B, RUNARMS9C, RODARMS1A, RODARMS1B, RODARMS1C, RODARMS2A, RODARMS2B, RODARMS2C, RODARMS3A, RODARMS3B"
"855","0.295414538051798","6.28911368469696","0.001","0.318114441066873","0.355387799173629","0.175249455489584",NA,"RUNARMS3C, RUNARMS1C, RUNARMS2A, RUNARMS7C, RUNARMS2C, RUNARMS6B, RUNARMS4C, RUNARMS9A, RUNARMS6C, RODARMS1A, RODARMS1B, RODARMS1C, RODARMS2A, RODARMS2B, RODARMS2C, RODARMS3A, RODARMS3B"
"856","0.304479303310175","6.56657605070438","0.001","0.296707687229795","0.355387798659706","0.0356770300788068",NA,"RUNARMS8A, RUNARMS6C, RUNARMS1C, RUNARMS5A, RUNARMS3C, RUNARMS7A, RUNARMS5C, RUNARMS6B, RUNARMS8B, RODARMS1A, RODARMS1B, RODARMS1C, RODARMS2A, RODARMS2B, RODARMS2C, RODARMS3A, RODARMS3B"
"857","0.292770876257463","6.20953379383266","0.001","0.312552431987096","0.355387798661307","0.0960801012242295",NA,"RUNARMS5B, RUNARMS8B, RUNARMS8A, RUNARMS9C, RUNARMS5A, RUNARMS4C, RUNARMS1C, RUNARMS3A, RUNARMS4A, RODARMS1A, RODARMS1B, RODARMS1C, RODARMS2A, RODARMS2B, RODARMS2C, RODARMS3A, RODARMS3B"
"858","0.308861712681479","6.70332663553776","0.001","0.302528111870007","0.355387798660161","0.0846730988645933",NA,"RUNARMS3B, RUNARMS6B, RUNARMS7C, RUNARMS6A, RUNARMS8B, RUNARMS1C, RUNARMS8A, RUNARMS4B, RUNARMS4A, RODARMS1A, RODARMS1B, RODARMS1C, RODARMS2A, RODARMS2B, RODARMS2C, RODARMS3A, RODARMS3B"
"859","0.322170622828699","7.12946281938618","0.001","0.29131218236806","0.357051263915622","0.0418662824307772",NA,"RUNARMS4C, RUNARMS1C, RUNARMS8B, RUNARMS7C, RUNARMS8A, RUNARMS7B, RUNARMS2A, RUNARMS8C, RUNARMS4B, RODARMS1A, RODARMS1B, RODARMS1C, RODARMS2A, RODARMS2B, RODARMS2C, RODARMS3A, RODARMS3B"
"860","0.303288940941361","6.52972857968876","0.001","0.30596191408496","0.355387798659706","0.0362357766103659",NA,"RUNARMS6C, RUNARMS1C, RUNARMS1A, RUNARMS3C, RUNARMS4B, RUNARMS6A, RUNARMS9C, RUNARMS8A, RUNARMS8C, RODARMS1A, RODARMS1B, RODARMS1C, RODARMS2A, RODARMS2B, RODARMS2C, RODARMS3A, RODARMS3B"
"861","0.31102954005337","6.77161558009606","0.001","0.293994969646277","0.35538779941918","0.0159836050379726",NA,"RUNARMS5C, RUNARMS5B, RUNARMS1A, RUNARMS6C, RUNARMS3C, RUNARMS3B, RUNARMS4B, RUNARMS5A, RUNARMS7B, RODARMS1A, RODARMS1B, RODARMS1C, RODARMS2A, RODARMS2B, RODARMS2C, RODARMS3A, RODARMS3B"
"862","0.301841441589446","6.48509077099821","0.001","0.316470014116338","0.355387798659706","0.121022977036905",NA,"RUNARMS5B, RUNARMS2A, RUNARMS8A, RUNARMS8B, RUNARMS1C, RUNARMS4C, RUNARMS6C, RUNARMS3B, RUNARMS9C, RODARMS1A, RODARMS1B, RODARMS1C, RODARMS2A, RODARMS2B, RODARMS2C, RODARMS3A, RODARMS3B"
"863","0.331408427651808","7.43522147208317","0.001","0.277106132995341","0.355387798659706","0.00505816735295476",NA,"RUNARMS8B, RUNARMS1B, RUNARMS4A, RUNARMS7A, RUNARMS7C, RUNARMS4C, RUNARMS3C, RUNARMS5C, RUNARMS1C, RODARMS1A, RODARMS1B, RODARMS1C, RODARMS2A, RODARMS2B, RODARMS2C, RODARMS3A, RODARMS3B"
"864","0.298106849635122","6.37077415871957","0.001","0.303795120690631","0.355387798659713","0.110307050290999",NA,"RUNARMS3A, RUNARMS7B, RUNARMS7A, RUNARMS5C, RUNARMS6A, RUNARMS7C, RUNARMS6C, RUNARMS3B, RUNARMS1A, RODARMS1A, RODARMS1B, RODARMS1C, RODARMS2A, RODARMS2B, RODARMS2C, RODARMS3A, RODARMS3B"
"865","0.322652352857902","7.14520130584172","0.001","0.29729002438733","0.355387798660896","0.0564700789085638",NA,"RUNARMS4C, RUNARMS4B, RUNARMS1B, RUNARMS8A, RUNARMS7C, RUNARMS3B, RUNARMS8B, RUNARMS6A, RUNARMS9A, RODARMS1A, RODARMS1B, RODARMS1C, RODARMS2A, RODARMS2B, RODARMS2C, RODARMS3A, RODARMS3B"
"866","0.266553112559562","5.4513786299463","0.001","0.334003108158786","0.355387798660454","0.389014549811434",NA,"RUNARMS8A, RUNARMS2B, RUNARMS9A, RUNARMS1C, RUNARMS5B, RUNARMS1A, RUNARMS6C, RUNARMS8C, RUNARMS6B, RODARMS1A, RODARMS1B, RODARMS1C, RODARMS2A, RODARMS2B, RODARMS2C, RODARMS3A, RODARMS3B"
"867","0.301260002976323","6.46721250235188","0.001","0.300734735239155","0.355387798659706","0.0824250391287438",NA,"RUNARMS9A, RUNARMS4A, RUNARMS8C, RUNARMS7C, RUNARMS2C, RUNARMS7A, RUNARMS8B, RUNARMS6B, RUNARMS1C, RODARMS1A, RODARMS1B, RODARMS1C, RODARMS2A, RODARMS2B, RODARMS2C, RODARMS3A, RODARMS3B"
"868","0.317462639633037","6.97681895674592","0.001","0.289708758151067","0.355387798965071","0.0181830006141363",NA,"RUNARMS9B, RUNARMS4A, RUNARMS4C, RUNARMS3B, RUNARMS3A, RUNARMS7C, RUNARMS5C, RUNARMS1C, RUNARMS8B, RODARMS1A, RODARMS1B, RODARMS1C, RODARMS2A, RODARMS2B, RODARMS2C, RODARMS3A, RODARMS3B"
"869","0.275961074037644","5.71711818541077","0.001","0.32159527844605","0.355387798659707","0.194727276715476",NA,"RUNARMS1A, RUNARMS3A, RUNARMS6C, RUNARMS9C, RUNARMS9A, RUNARMS7A, RUNARMS9B, RUNARMS5C, RUNARMS1B, RODARMS1A, RODARMS1B, RODARMS1C, RODARMS2A, RODARMS2B, RODARMS2C, RODARMS3A, RODARMS3B"
"870","0.312446071253281","6.81647049467402","0.001","0.298228733950802","0.355387798659706","0.0564849289810669",NA,"RUNARMS6A, RUNARMS9C, RUNARMS2B, RUNARMS9A, RUNARMS4C, RUNARMS8C, RUNARMS9B, RUNARMS1A, RUNARMS7C, RODARMS1A, RODARMS1B, RODARMS1C, RODARMS2A, RODARMS2B, RODARMS2C, RODARMS3A, RODARMS3B"
"871","0.302677528187272","6.51085130098657","0.001","0.311853176720572","0.358299369602606","0.122589364336834",NA,"RUNARMS8B, RUNARMS1B, RUNARMS5C, RUNARMS5B, RUNARMS9B, RUNARMS9A, RUNARMS2A, RUNARMS8A, RUNARMS6C, RODARMS1A, RODARMS1B, RODARMS1C, RODARMS2A, RODARMS2B, RODARMS2C, RODARMS3A, RODARMS3B"
"872","0.275593237844195","5.7065985350007","0.001","0.320046476640184","0.355387799010293","0.185250641625911",NA,"RUNARMS3C, RUNARMS6B, RUNARMS3A, RUNARMS4B, RUNARMS2C, RUNARMS8B, RUNARMS8A, RUNARMS4A, RUNARMS1A, RODARMS1A, RODARMS1B, RODARMS1C, RODARMS2A, RODARMS2B, RODARMS2C, RODARMS3A, RODARMS3B"
"873","0.296119572331283","6.31043769703991","0.001","0.312756943929814","0.360165672670707","0.0661097850565679",NA,"RUNARMS4C, RUNARMS6C, RUNARMS3C, RUNARMS7A, RUNARMS6B, RUNARMS1C, RUNARMS3A, RUNARMS5B, RUNARMS6A, RODARMS1A, RODARMS1B, RODARMS1C, RODARMS2A, RODARMS2B, RODARMS2C, RODARMS3A, RODARMS3B"
"874","0.288660083123838","6.08696509802551","0.001","0.301164633093763","0.355387798659706","0.0972015651741721",NA,"RUNARMS7A, RUNARMS9B, RUNARMS1C, RUNARMS2B, RUNARMS7B, RUNARMS1A, RUNARMS6C, RUNARMS6A, RUNARMS8B, RODARMS1A, RODARMS1B, RODARMS1C, RODARMS2A, RODARMS2B, RODARMS2C, RODARMS3A, RODARMS3B"
"875","0.280236470805589","5.84017790785901","0.001","0.3234928443367","0.355387798659706","0.162633973627012",NA,"RUNARMS6C, RUNARMS3A, RUNARMS3B, RUNARMS4C, RUNARMS5A, RUNARMS9C, RUNARMS7C, RUNARMS2B, RUNARMS1B, RODARMS1A, RODARMS1B, RODARMS1C, RODARMS2A, RODARMS2B, RODARMS2C, RODARMS3A, RODARMS3B"
"876","0.305817403042181","6.60814757635225","0.001","0.294438317729683","0.355387811348718","0.0482252460768072",NA,"RUNARMS6C, RUNARMS8B, RUNARMS8A, RUNARMS1B, RUNARMS1C, RUNARMS7A, RUNARMS3C, RUNARMS5A, RUNARMS7C, RODARMS1A, RODARMS1B, RODARMS1C, RODARMS2A, RODARMS2B, RODARMS2C, RODARMS3A, RODARMS3B"
"877","0.267546036214362","5.47910277182955","0.001","0.330597215406986","0.359415218711797","0.209522853077476",NA,"RUNARMS6B, RUNARMS5A, RUNARMS3A, RUNARMS5B, RUNARMS2B, RUNARMS1B, RUNARMS9C, RUNARMS8C, RUNARMS3C, RODARMS1A, RODARMS1B, RODARMS1C, RODARMS2A, RODARMS2B, RODARMS2C, RODARMS3A, RODARMS3B"
"878","0.281802609321804","5.88562308174839","0.001","0.325623448779457","0.355387798660785","0.264106491225602",NA,"RUNARMS1A, RUNARMS2C, RUNARMS9C, RUNARMS2B, RUNARMS4C, RUNARMS7B, RUNARMS6A, RUNARMS7A, RUNARMS8A, RODARMS1A, RODARMS1B, RODARMS1C, RODARMS2A, RODARMS2B, RODARMS2C, RODARMS3A, RODARMS3B"
"879","0.306638659246804","6.63374148276792","0.001","0.293990017853438","0.355387798669285","0.0144018589450341",NA,"RUNARMS3C, RUNARMS5C, RUNARMS1B, RUNARMS9C, RUNARMS9B, RUNARMS5A, RUNARMS6C, RUNARMS7B, RUNARMS7A, RODARMS1A, RODARMS1B, RODARMS1C, RODARMS2A, RODARMS2B, RODARMS2C, RODARMS3A, RODARMS3B"
"880","0.29286108552833","6.21223948084807","0.002","0.321897948460704","0.355387808048014","0.191548930034992",NA,"RUNARMS1C, RUNARMS2A, RUNARMS5B, RUNARMS9C, RUNARMS4B, RUNARMS2B, RUNARMS8A, RUNARMS7A, RUNARMS4C, RODARMS1A, RODARMS1B, RODARMS1C, RODARMS2A, RODARMS2B, RODARMS2C, RODARMS3A, RODARMS3B"
"881","0.292824107046668","6.21113028522011","0.001","0.305391095963745","0.355387798659707","0.0701429062556944",NA,"RUNARMS6A, RUNARMS3C, RUNARMS7A, RUNARMS5A, RUNARMS3A, RUNARMS7C, RUNARMS1C, RUNARMS1A, RUNARMS6C, RODARMS1A, RODARMS1B, RODARMS1C, RODARMS2A, RODARMS2B, RODARMS2C, RODARMS3A, RODARMS3B"
"882","0.287242730240816","6.04503263090952","0.001","0.317285968786382","0.355387798660805","0.140038359082924",NA,"RUNARMS4C, RUNARMS7A, RUNARMS9A, RUNARMS2C, RUNARMS8B, RUNARMS1C, RUNARMS8A, RUNARMS3A, RUNARMS8C, RODARMS1A, RODARMS1B, RODARMS1C, RODARMS2A, RODARMS2B, RODARMS2C, RODARMS3A, RODARMS3B"
"883","0.310211564921827","6.74579804067036","0.001","0.298910408699461","0.355387798659706","0.050229899773682",NA,"RUNARMS9B, RUNARMS8C, RUNARMS6A, RUNARMS4B, RUNARMS9A, RUNARMS5A, RUNARMS2A, RUNARMS8B, RUNARMS1B, RODARMS1A, RODARMS1B, RODARMS1C, RODARMS2A, RODARMS2B, RODARMS2C, RODARMS3A, RODARMS3B"
"884","0.305594483370996","6.60121087864854","0.001","0.302625563969319","0.355387798802845","0.0369895768574307",NA,"RUNARMS3C, RUNARMS4B, RUNARMS1B, RUNARMS7C, RUNARMS2C, RUNARMS9C, RUNARMS2B, RUNARMS5C, RUNARMS4A, RODARMS1A, RODARMS1B, RODARMS1C, RODARMS2A, RODARMS2B, RODARMS2C, RODARMS3A, RODARMS3B"
"885","0.321538017362168","7.10882906317113","0.001","0.294226180807425","0.355387799106974","0.0450559038481039",NA,"RUNARMS5C, RUNARMS6A, RUNARMS1B, RUNARMS3C, RUNARMS3B, RUNARMS9C, RUNARMS8B, RUNARMS8A, RUNARMS1C, RODARMS1A, RODARMS1B, RODARMS1C, RODARMS2A, RODARMS2B, RODARMS2C, RODARMS3A, RODARMS3B"
"886","0.281913588123741","5.88885091253447","0.001","0.322284263971864","0.355387798675242","0.217738658537449",NA,"RUNARMS3C, RUNARMS9B, RUNARMS7A, RUNARMS2C, RUNARMS1A, RUNARMS6B, RUNARMS9C, RUNARMS7C, RUNARMS2A, RODARMS1A, RODARMS1B, RODARMS1C, RODARMS2A, RODARMS2B, RODARMS2C, RODARMS3A, RODARMS3B"
"887","0.305301478675943","6.59210008308472","0.001","0.299811407153961","0.355387798659706","0.0501568705068652",NA,"RUNARMS7C, RUNARMS1A, RUNARMS4B, RUNARMS1B, RUNARMS9A, RUNARMS5B, RUNARMS5C, RUNARMS7B, RUNARMS3A, RODARMS1A, RODARMS1B, RODARMS1C, RODARMS2A, RODARMS2B, RODARMS2C, RODARMS3A, RODARMS3B"
"888","0.269061023754848","5.52154897670843","0.001","0.332365285749035","0.355387798659746","0.307859914713118",NA,"RUNARMS2B, RUNARMS6B, RUNARMS3B, RUNARMS7B, RUNARMS6A, RUNARMS6C, RUNARMS1B, RUNARMS2C, RUNARMS7A, RODARMS1A, RODARMS1B, RODARMS1C, RODARMS2A, RODARMS2B, RODARMS2C, RODARMS3A, RODARMS3B"
"889","0.277277473992412","5.75485329461354","0.001","0.312457627495659","0.355387798685407","0.103010551790515",NA,"RUNARMS1B, RUNARMS5A, RUNARMS9B, RUNARMS3A, RUNARMS6C, RUNARMS7C, RUNARMS3C, RUNARMS1A, RUNARMS4B, RODARMS1A, RODARMS1B, RODARMS1C, RODARMS2A, RODARMS2B, RODARMS2C, RODARMS3A, RODARMS3B"
"890","0.305426498788854","6.59598656419243","0.001","0.302824339916467","0.355387798659741","0.0742683176435372",NA,"RUNARMS4C, RUNARMS5C, RUNARMS6A, RUNARMS5B, RUNARMS1A, RUNARMS9B, RUNARMS8A, RUNARMS2B, RUNARMS8C, RODARMS1A, RODARMS1B, RODARMS1C, RODARMS2A, RODARMS2B, RODARMS2C, RODARMS3A, RODARMS3B"
"891","0.293898510335693","6.24340511890331","0.001","0.300313790019516","0.355387798659723","0.0682178879271821",NA,"RUNARMS6C, RUNARMS8B, RUNARMS2C, RUNARMS1A, RUNARMS3C, RUNARMS8C, RUNARMS8A, RUNARMS7A, RUNARMS9B, RODARMS1A, RODARMS1B, RODARMS1C, RODARMS2A, RODARMS2B, RODARMS2C, RODARMS3A, RODARMS3B"
"892","0.299846754795846","6.42388127562878","0.001","0.302795621725978","0.355387809115172","0.0531828051702865",NA,"RUNARMS1B, RUNARMS5B, RUNARMS3B, RUNARMS7B, RUNARMS5A, RUNARMS4A, RUNARMS2C, RUNARMS8B, RUNARMS3C, RODARMS1A, RODARMS1B, RODARMS1C, RODARMS2A, RODARMS2B, RODARMS2C, RODARMS3A, RODARMS3B"
"893","0.306642594334853","6.63386426313612","0.001","0.300759705017225","0.355387799117726","0.0882985510732557",NA,"RUNARMS1A, RUNARMS6A, RUNARMS3A, RUNARMS5A, RUNARMS8A, RUNARMS8C, RUNARMS5C, RUNARMS9C, RUNARMS7C, RODARMS1A, RODARMS1B, RODARMS1C, RODARMS2A, RODARMS2B, RODARMS2C, RODARMS3A, RODARMS3B"
"894","0.295279720816983","6.28504094899826","0.001","0.309350660281149","0.355388023386159","0.134247768095698",NA,"RUNARMS4A, RUNARMS2C, RUNARMS8B, RUNARMS8A, RUNARMS3A, RUNARMS9C, RUNARMS1B, RUNARMS7C, RUNARMS5C, RODARMS1A, RODARMS1B, RODARMS1C, RODARMS2A, RODARMS2B, RODARMS2C, RODARMS3A, RODARMS3B"
"895","0.300501809258925","6.44394395660757","0.001","0.310631155436058","0.355387798659706","0.0746768256183478",NA,"RUNARMS1A, RUNARMS5C, RUNARMS2A, RUNARMS5B, RUNARMS3A, RUNARMS1C, RUNARMS9B, RUNARMS3B, RUNARMS4A, RODARMS1A, RODARMS1B, RODARMS1C, RODARMS2A, RODARMS2B, RODARMS2C, RODARMS3A, RODARMS3B"
"896","0.279197368788702","5.8101349114011","0.002","0.320996580196726","0.355387798659711","0.139734168112373",NA,"RUNARMS8C, RUNARMS7C, RUNARMS4C, RUNARMS4A, RUNARMS3A, RUNARMS1A, RUNARMS9A, RUNARMS2B, RUNARMS6C, RODARMS1A, RODARMS1B, RODARMS1C, RODARMS2A, RODARMS2B, RODARMS2C, RODARMS3A, RODARMS3B"
"897","0.295926542003252","6.30459518056323","0.001","0.312556453773211","0.35551106606898","0.128152958388161",NA,"RUNARMS8A, RUNARMS4C, RUNARMS6C, RUNARMS4B, RUNARMS3C, RUNARMS1C, RUNARMS2B, RUNARMS5B, RUNARMS3B, RODARMS1A, RODARMS1B, RODARMS1C, RODARMS2A, RODARMS2B, RODARMS2C, RODARMS3A, RODARMS3B"
"898","0.29883138547502","6.39285713774002","0.001","0.311901189214638","0.355387798679494","0.112551889135764",NA,"RUNARMS2C, RUNARMS5A, RUNARMS5C, RUNARMS7C, RUNARMS3B, RUNARMS6B, RUNARMS9C, RUNARMS1B, RUNARMS4A, RODARMS1A, RODARMS1B, RODARMS1C, RODARMS2A, RODARMS2B, RODARMS2C, RODARMS3A, RODARMS3B"
"899","0.296935168423885","6.33515904411451","0.001","0.315745179317999","0.355387798659709","0.168820168503117",NA,"RUNARMS3A, RUNARMS6B, RUNARMS6A, RUNARMS1B, RUNARMS9C, RUNARMS5B, RUNARMS4C, RUNARMS2A, RUNARMS4B, RODARMS1A, RODARMS1B, RODARMS1C, RODARMS2A, RODARMS2B, RODARMS2C, RODARMS3A, RODARMS3B"
"900","0.286624508183485","6.026794685369","0.001","0.32166670438966","0.355387798659708","0.188655283280331",NA,"RUNARMS8C, RUNARMS9A, RUNARMS6B, RUNARMS2C, RUNARMS4B, RUNARMS2A, RUNARMS1A, RUNARMS3C, RUNARMS7C, RODARMS1A, RODARMS1B, RODARMS1C, RODARMS2A, RODARMS2B, RODARMS2C, RODARMS3A, RODARMS3B"
"901","0.304553078001827","6.56886388525767","0.001","0.294702115618816","0.355387798659706","0.0349234205791922",NA,"RUNARMS5C, RUNARMS7B, RUNARMS1C, RUNARMS6B, RUNARMS4C, RUNARMS2C, RUNARMS8C, RUNARMS6C, RUNARMS8B, RODARMS1A, RODARMS1B, RODARMS1C, RODARMS2A, RODARMS2B, RODARMS2C, RODARMS3A, RODARMS3B"
"902","0.296747989081827","6.32948042397468","0.001","0.305543857590423","0.355387798659716","0.0244062954207936",NA,"RUNARMS1A, RUNARMS5A, RUNARMS1C, RUNARMS6C, RUNARMS6B, RUNARMS1B, RUNARMS7C, RUNARMS3C, RUNARMS5B, RODARMS1A, RODARMS1B, RODARMS1C, RODARMS2A, RODARMS2B, RODARMS2C, RODARMS3A, RODARMS3B"
"903","0.296608999229543","6.32526572499476","0.001","0.307706944077176","0.355387798818813","0.0617454632564175",NA,"RUNARMS3B, RUNARMS7A, RUNARMS6B, RUNARMS7B, RUNARMS5B, RUNARMS7C, RUNARMS4B, RUNARMS1B, RUNARMS5A, RODARMS1A, RODARMS1B, RODARMS1C, RODARMS2A, RODARMS2B, RODARMS2C, RODARMS3A, RODARMS3B"
"904","0.269441124907895","5.53222609623199","0.001","0.325959016620312","0.355387798659707","0.30388482131223",NA,"RUNARMS4A, RUNARMS4C, RUNARMS8A, RUNARMS7C, RUNARMS8B, RUNARMS6B, RUNARMS1A, RUNARMS3A, RUNARMS2B, RODARMS1A, RODARMS1B, RODARMS1C, RODARMS2A, RODARMS2B, RODARMS2C, RODARMS3A, RODARMS3B"
"905","0.310208906962533","6.74571424798792","0.001","0.310551845118981","0.355387798659706","0.0720366685373427",NA,"RUNARMS9C, RUNARMS4A, RUNARMS8C, RUNARMS8A, RUNARMS6A, RUNARMS5B, RUNARMS4C, RUNARMS3B, RUNARMS1B, RODARMS1A, RODARMS1B, RODARMS1C, RODARMS2A, RODARMS2B, RODARMS2C, RODARMS3A, RODARMS3B"
"906","0.310436996442758","6.75290716384094","0.001","0.297908086545419","0.355387800011278","0.0626617828817461",NA,"RUNARMS3B, RUNARMS1A, RUNARMS7C, RUNARMS6A, RUNARMS4C, RUNARMS5C, RUNARMS5A, RUNARMS8C, RUNARMS3A, RODARMS1A, RODARMS1B, RODARMS1C, RODARMS2A, RODARMS2B, RODARMS2C, RODARMS3A, RODARMS3B"
"907","0.284946920166372","5.97746366394235","0.001","0.316722306910579","0.355387798659707","0.0950490121226282",NA,"RUNARMS1A, RUNARMS5B, RUNARMS2B, RUNARMS9A, RUNARMS4B, RUNARMS7B, RUNARMS9C, RUNARMS6C, RUNARMS5A, RODARMS1A, RODARMS1B, RODARMS1C, RODARMS2A, RODARMS2B, RODARMS2C, RODARMS3A, RODARMS3B"
"908","0.282909903851645","5.91787361249058","0.001","0.323635642234523","0.355387798659706","0.17793382418006",NA,"RUNARMS4C, RUNARMS1C, RUNARMS1A, RUNARMS9A, RUNARMS8C, RUNARMS2C, RUNARMS9B, RUNARMS7A, RUNARMS8A, RODARMS1A, RODARMS1B, RODARMS1C, RODARMS2A, RODARMS2B, RODARMS2C, RODARMS3A, RODARMS3B"
"909","0.283652037783224","5.93954445487879","0.001","0.325261501624934","0.355387798659712","0.204084210414928",NA,"RUNARMS3B, RUNARMS1A, RUNARMS2C, RUNARMS3A, RUNARMS4A, RUNARMS4B, RUNARMS8A, RUNARMS9A, RUNARMS9B, RODARMS1A, RODARMS1B, RODARMS1C, RODARMS2A, RODARMS2B, RODARMS2C, RODARMS3A, RODARMS3B"
"910","0.303783307142101","6.54501630580922","0.001","0.30364004447619","0.355387798659706","0.0417734902035579",NA,"RUNARMS5C, RUNARMS2B, RUNARMS1A, RUNARMS5B, RUNARMS2C, RUNARMS4A, RUNARMS7A, RUNARMS9A, RUNARMS9B, RODARMS1A, RODARMS1B, RODARMS1C, RODARMS2A, RODARMS2B, RODARMS2C, RODARMS3A, RODARMS3B"
"911","0.312520668857495","6.81883777519807","0.001","0.304583014283713","0.355387798659707","0.0414488895696617",NA,"RUNARMS5A, RUNARMS3B, RUNARMS8B, RUNARMS1C, RUNARMS7C, RUNARMS2A, RUNARMS4B, RUNARMS4A, RUNARMS9A, RODARMS1A, RODARMS1B, RODARMS1C, RODARMS2A, RODARMS2B, RODARMS2C, RODARMS3A, RODARMS3B"
"912","0.289354186208301","6.1075611913711","0.001","0.308378809919782","0.355387798659708","0.131755351523091",NA,"RUNARMS8B, RUNARMS9B, RUNARMS5C, RUNARMS8A, RUNARMS7C, RUNARMS1A, RUNARMS6B, RUNARMS4C, RUNARMS3A, RODARMS1A, RODARMS1B, RODARMS1C, RODARMS2A, RODARMS2B, RODARMS2C, RODARMS3A, RODARMS3B"
"913","0.282099369330361","5.89425661321455","0.001","0.321713832254687","0.355387798689281","0.134697136720837",NA,"RUNARMS2A, RUNARMS2C, RUNARMS6C, RUNARMS5A, RUNARMS3A, RUNARMS8C, RUNARMS7C, RUNARMS1C, RUNARMS4A, RODARMS1A, RODARMS1B, RODARMS1C, RODARMS2A, RODARMS2B, RODARMS2C, RODARMS3A, RODARMS3B"
"914","0.297622235998033","6.35602914667155","0.001","0.313648494979867","0.355387798659706","0.0938541723407813",NA,"RUNARMS2B, RUNARMS9A, RUNARMS9C, RUNARMS6A, RUNARMS3B, RUNARMS3C, RUNARMS6C, RUNARMS1A, RUNARMS5A, RODARMS1A, RODARMS1B, RODARMS1C, RODARMS2A, RODARMS2B, RODARMS2C, RODARMS3A, RODARMS3B"
"915","0.280593176180681","5.85051114801116","0.001","0.315467270455997","0.35538779904466","0.153219942633165",NA,"RUNARMS7C, RUNARMS9B, RUNARMS5B, RUNARMS6B, RUNARMS7B, RUNARMS7A, RUNARMS1C, RUNARMS2C, RUNARMS2B, RODARMS1A, RODARMS1B, RODARMS1C, RODARMS2A, RODARMS2B, RODARMS2C, RODARMS3A, RODARMS3B"
"916","0.286659773790213","6.027834193089","0.002","0.32660456960944","0.355387798659706","0.198562625064156",NA,"RUNARMS2A, RUNARMS8C, RUNARMS8A, RUNARMS3C, RUNARMS1A, RUNARMS4C, RUNARMS3B, RUNARMS9B, RUNARMS2C, RODARMS1A, RODARMS1B, RODARMS1C, RODARMS2A, RODARMS2B, RODARMS2C, RODARMS3A, RODARMS3B"
"917","0.300798429937615","6.45304107177799","0.001","0.306799513962173","0.355387798710543","0.0897241943928516",NA,"RUNARMS8B, RUNARMS3A, RUNARMS4A, RUNARMS9A, RUNARMS6A, RUNARMS6B, RUNARMS5B, RUNARMS4C, RUNARMS1B, RODARMS1A, RODARMS1B, RODARMS1C, RODARMS2A, RODARMS2B, RODARMS2C, RODARMS3A, RODARMS3B"
"918","0.310692234823867","6.76096187769941","0.001","0.286508614901967","0.355387798659707","0.0202886718168923",NA,"RUNARMS8B, RUNARMS5A, RUNARMS2B, RUNARMS9C, RUNARMS9B, RUNARMS5C, RUNARMS3C, RUNARMS1C, RUNARMS7B, RODARMS1A, RODARMS1B, RODARMS1C, RODARMS2A, RODARMS2B, RODARMS2C, RODARMS3A, RODARMS3B"
"919","0.302883965308999","6.51722131402241","0.001","0.314310529074932","0.356291509798323","0.160832268991767",NA,"RUNARMS2C, RUNARMS1C, RUNARMS6B, RUNARMS2A, RUNARMS2B, RUNARMS6A, RUNARMS5C, RUNARMS5A, RUNARMS9A, RODARMS1A, RODARMS1B, RODARMS1C, RODARMS2A, RODARMS2B, RODARMS2C, RODARMS3A, RODARMS3B"
"920","0.289584057287512","6.11439101820754","0.001","0.321565376564982","0.355387798659726","0.169433833319368",NA,"RUNARMS4C, RUNARMS5B, RUNARMS1A, RUNARMS8A, RUNARMS1C, RUNARMS3B, RUNARMS4A, RUNARMS5A, RUNARMS1B, RODARMS1A, RODARMS1B, RODARMS1C, RODARMS2A, RODARMS2B, RODARMS2C, RODARMS3A, RODARMS3B"
"921","0.2950284315313","6.27745383063059","0.001","0.305802406997905","0.355387798659758","0.0676977467985199",NA,"RUNARMS3A, RUNARMS3C, RUNARMS4C, RUNARMS1B, RUNARMS7C, RUNARMS1A, RUNARMS6A, RUNARMS6C, RUNARMS8C, RODARMS1A, RODARMS1B, RODARMS1C, RODARMS2A, RODARMS2B, RODARMS2C, RODARMS3A, RODARMS3B"
"922","0.300202062758373","6.43475880927153","0.001","0.318461339540982","0.355387798659707","0.154565633455167",NA,"RUNARMS5C, RUNARMS1C, RUNARMS8A, RUNARMS6C, RUNARMS6B, RUNARMS9A, RUNARMS9C, RUNARMS4C, RUNARMS3B, RODARMS1A, RODARMS1B, RODARMS1C, RODARMS2A, RODARMS2B, RODARMS2C, RODARMS3A, RODARMS3B"
"923","0.310451067726684","6.75335106465578","0.001","0.29773547941237","0.35538779883471","0.0512610170515449",NA,"RUNARMS5C, RUNARMS2B, RUNARMS6B, RUNARMS3C, RUNARMS7B, RUNARMS5B, RUNARMS4C, RUNARMS1C, RUNARMS9A, RODARMS1A, RODARMS1B, RODARMS1C, RODARMS2A, RODARMS2B, RODARMS2C, RODARMS3A, RODARMS3B"
"924","0.266263773474808","5.44331390183172","0.002","0.330173864745542","0.355387798659706","0.280193755871513",NA,"RUNARMS4A, RUNARMS1A, RUNARMS4B, RUNARMS2B, RUNARMS3C, RUNARMS2C, RUNARMS7A, RUNARMS8A, RUNARMS3A, RODARMS1A, RODARMS1B, RODARMS1C, RODARMS2A, RODARMS2B, RODARMS2C, RODARMS3A, RODARMS3B"
"925","0.298664871547678","6.38777795588449","0.001","0.312393160235013","0.355387798991404","0.0596705007489734",NA,"RUNARMS5A, RUNARMS3C, RUNARMS2C, RUNARMS9C, RUNARMS3B, RUNARMS9B, RUNARMS4B, RUNARMS9A, RUNARMS1B, RODARMS1A, RODARMS1B, RODARMS1C, RODARMS2A, RODARMS2B, RODARMS2C, RODARMS3A, RODARMS3B"
"926","0.295306020720178","6.28583532859128","0.001","0.30975010040962","0.355387798661076","0.0971065605197914",NA,"RUNARMS3B, RUNARMS5B, RUNARMS1A, RUNARMS3A, RUNARMS9A, RUNARMS1B, RUNARMS9B, RUNARMS7C, RUNARMS7B, RODARMS1A, RODARMS1B, RODARMS1C, RODARMS2A, RODARMS2B, RODARMS2C, RODARMS3A, RODARMS3B"
"927","0.286328450643253","6.01807198776516","0.001","0.321493164403338","0.355387798659706","0.219780156173729",NA,"RUNARMS9A, RUNARMS6C, RUNARMS1C, RUNARMS6B, RUNARMS8A, RUNARMS2B, RUNARMS5C, RUNARMS8C, RUNARMS6A, RODARMS1A, RODARMS1B, RODARMS1C, RODARMS2A, RODARMS2B, RODARMS2C, RODARMS3A, RODARMS3B"
"928","0.290416470969362","6.13916034732585","0.001","0.31098053932061","0.355387798659706","0.147052731162944",NA,"RUNARMS6A, RUNARMS3A, RUNARMS9B, RUNARMS6C, RUNARMS4A, RUNARMS9A, RUNARMS8A, RUNARMS1A, RUNARMS8B, RODARMS1A, RODARMS1B, RODARMS1C, RODARMS2A, RODARMS2B, RODARMS2C, RODARMS3A, RODARMS3B"
"929","0.320694494714895","7.0813755862386","0.001","0.297470084306515","0.355387798730264","0.0302196628605799",NA,"RUNARMS2A, RUNARMS8B, RUNARMS1B, RUNARMS5C, RUNARMS9A, RUNARMS3B, RUNARMS9C, RUNARMS3C, RUNARMS9B, RODARMS1A, RODARMS1B, RODARMS1C, RODARMS2A, RODARMS2B, RODARMS2C, RODARMS3A, RODARMS3B"
"930","0.307070515886363","6.64722434806957","0.001","0.304049386857509","0.355387798661105","0.0796290726447468",NA,"RUNARMS4B, RUNARMS2C, RUNARMS1C, RUNARMS8C, RUNARMS6B, RUNARMS7B, RUNARMS6A, RUNARMS5C, RUNARMS2A, RODARMS1A, RODARMS1B, RODARMS1C, RODARMS2A, RODARMS2B, RODARMS2C, RODARMS3A, RODARMS3B"
"931","0.296836512797008","6.3321656670005","0.001","0.309962963348159","0.355387798659706","0.108938598497169",NA,"RUNARMS9C, RUNARMS1B, RUNARMS2A, RUNARMS8B, RUNARMS8A, RUNARMS7A, RUNARMS5A, RUNARMS7B, RUNARMS4B, RODARMS1A, RODARMS1B, RODARMS1C, RODARMS2A, RODARMS2B, RODARMS2C, RODARMS3A, RODARMS3B"
"932","0.300683802707643","6.44952463288802","0.001","0.314789252137835","0.355387798659706","0.137650634261836",NA,"RUNARMS9A, RUNARMS3B, RUNARMS1B, RUNARMS2C, RUNARMS1A, RUNARMS5C, RUNARMS8B, RUNARMS7C, RUNARMS2A, RODARMS1A, RODARMS1B, RODARMS1C, RODARMS2A, RODARMS2B, RODARMS2C, RODARMS3A, RODARMS3B"
"933","0.337655843671353","7.646836779152","0.001","0.269703815851379","0.355387798659706","0.0033950133387605",NA,"RUNARMS7B, RUNARMS5B, RUNARMS8B, RUNARMS7C, RUNARMS9C, RUNARMS5C, RUNARMS4B, RUNARMS3C, RUNARMS1A, RODARMS1A, RODARMS1B, RODARMS1C, RODARMS2A, RODARMS2B, RODARMS2C, RODARMS3A, RODARMS3B"
"934","0.303700822390868","6.5424640475739","0.001","0.306402383140956","0.359331455944142","0.0438812921446497",NA,"RUNARMS4C, RUNARMS5B, RUNARMS1C, RUNARMS4B, RUNARMS9B, RUNARMS3B, RUNARMS6C, RUNARMS6B, RUNARMS3C, RODARMS1A, RODARMS1B, RODARMS1C, RODARMS2A, RODARMS2B, RODARMS2C, RODARMS3A, RODARMS3B"
"935","0.289351165611849","6.1074714741699","0.001","0.309240674443998","0.355387798659707","0.122554473033756",NA,"RUNARMS3A, RUNARMS7B, RUNARMS8C, RUNARMS5C, RUNARMS7C, RUNARMS1A, RUNARMS4B, RUNARMS6C, RUNARMS2A, RODARMS1A, RODARMS1B, RODARMS1C, RODARMS2A, RODARMS2B, RODARMS2C, RODARMS3A, RODARMS3B"
"936","0.3005921492846","6.446713794615","0.001","0.305097018212195","0.355986309006201","0.124522909551589",NA,"RUNARMS8B, RUNARMS8A, RUNARMS1C, RUNARMS6B, RUNARMS5C, RUNARMS2B, RUNARMS4A, RUNARMS6A, RUNARMS5B, RODARMS1A, RODARMS1B, RODARMS1C, RODARMS2A, RODARMS2B, RODARMS2C, RODARMS3A, RODARMS3B"
"937","0.300371207622704","6.43994095644764","0.001","0.306245301329136","0.355387798731198","0.0743772963943798",NA,"RUNARMS4C, RUNARMS5C, RUNARMS2B, RUNARMS6B, RUNARMS5B, RUNARMS1B, RUNARMS3C, RUNARMS3B, RUNARMS7B, RODARMS1A, RODARMS1B, RODARMS1C, RODARMS2A, RODARMS2B, RODARMS2C, RODARMS3A, RODARMS3B"
"938","0.319320420731598","7.03680036372192","0.001","0.286218882769361","0.355387798659706","0.0124892292249946",NA,"RUNARMS3C, RUNARMS9B, RUNARMS1A, RUNARMS7C, RUNARMS6C, RUNARMS9C, RUNARMS6A, RUNARMS7B, RUNARMS4B, RODARMS1A, RODARMS1B, RODARMS1C, RODARMS2A, RODARMS2B, RODARMS2C, RODARMS3A, RODARMS3B"
"939","0.286502296509021","6.02319310434843","0.001","0.320238309649455","0.355387802249271","0.108999875798288",NA,"RUNARMS4C, RUNARMS1B, RUNARMS3C, RUNARMS9B, RUNARMS2A, RUNARMS8C, RUNARMS4A, RUNARMS9C, RUNARMS1A, RODARMS1A, RODARMS1B, RODARMS1C, RODARMS2A, RODARMS2B, RODARMS2C, RODARMS3A, RODARMS3B"
"940","0.294557083913975","6.26323712090523","0.001","0.307901300471844","0.355387798659707","0.0745775811526952",NA,"RUNARMS3C, RUNARMS8C, RUNARMS4B, RUNARMS4C, RUNARMS1B, RUNARMS9A, RUNARMS3A, RUNARMS1A, RUNARMS7C, RODARMS1A, RODARMS1B, RODARMS1C, RODARMS2A, RODARMS2B, RODARMS2C, RODARMS3A, RODARMS3B"
"941","0.312959098859639","6.83276130300652","0.002","0.30379253178702","0.355387799554601","0.0656388084894982",NA,"RUNARMS3B, RUNARMS9B, RUNARMS5C, RUNARMS6A, RUNARMS2A, RUNARMS8C, RUNARMS9C, RUNARMS4A, RUNARMS1A, RODARMS1A, RODARMS1B, RODARMS1C, RODARMS2A, RODARMS2B, RODARMS2C, RODARMS3A, RODARMS3B"
"942","0.255770702213617","5.15507860899272","0.001","0.348844206423682","0.355387798659737","0.764635169213859",NA,"RUNARMS3A, RUNARMS2A, RUNARMS9A, RUNARMS8A, RUNARMS1C, RUNARMS6B, RUNARMS1B, RUNARMS7A, RUNARMS9B, RODARMS1A, RODARMS1B, RODARMS1C, RODARMS2A, RODARMS2B, RODARMS2C, RODARMS3A, RODARMS3B"
"943","0.300545828343628","6.44529349861281","0.001","0.301942363931607","0.355387799493287","0.0628737407634384",NA,"RUNARMS3A, RUNARMS1C, RUNARMS3C, RUNARMS5B, RUNARMS6B, RUNARMS4B, RUNARMS5C, RUNARMS7B, RUNARMS3B, RODARMS1A, RODARMS1B, RODARMS1C, RODARMS2A, RODARMS2B, RODARMS2C, RODARMS3A, RODARMS3B"
"944","0.313668629782986","6.85533206103793","0.001","0.296321955781393","0.355387798742617","0.0441061239727823",NA,"RUNARMS1A, RUNARMS7A, RUNARMS6A, RUNARMS9B, RUNARMS5A, RUNARMS5B, RUNARMS3B, RUNARMS2C, RUNARMS5C, RODARMS1A, RODARMS1B, RODARMS1C, RODARMS2A, RODARMS2B, RODARMS2C, RODARMS3A, RODARMS3B"
"945","0.298922879444027","6.3956490094907","0.001","0.302177218762605","0.355387799885665","0.103737821207894",NA,"RUNARMS7A, RUNARMS2C, RUNARMS9B, RUNARMS8B, RUNARMS1A, RUNARMS8C, RUNARMS2A, RUNARMS7C, RUNARMS4C, RODARMS1A, RODARMS1B, RODARMS1C, RODARMS2A, RODARMS2B, RODARMS2C, RODARMS3A, RODARMS3B"
"946","0.288756933055574","6.08983650897514","0.001","0.3117286660522","0.355387798659706","0.103230665483524",NA,"RUNARMS2B, RUNARMS7B, RUNARMS9B, RUNARMS4B, RUNARMS9C, RUNARMS8B, RUNARMS6B, RUNARMS1C, RUNARMS2A, RODARMS1A, RODARMS1B, RODARMS1C, RODARMS2A, RODARMS2B, RODARMS2C, RODARMS3A, RODARMS3B"
"947","0.26945089915971","5.53250080350074","0.001","0.335246065293825","0.355387805278849","0.402850838631988",NA,"RUNARMS8A, RUNARMS1C, RUNARMS9C, RUNARMS3C, RUNARMS2A, RUNARMS6C, RUNARMS1A, RUNARMS7A, RUNARMS2B, RODARMS1A, RODARMS1B, RODARMS1C, RODARMS2A, RODARMS2B, RODARMS2C, RODARMS3A, RODARMS3B"
"948","0.269612712611053","5.53704967076211","0.001","0.329906857871808","0.35538779866023","0.28128880936089",NA,"RUNARMS3B, RUNARMS8A, RUNARMS6C, RUNARMS4A, RUNARMS9B, RUNARMS1A, RUNARMS4B, RUNARMS7A, RUNARMS6B, RODARMS1A, RODARMS1B, RODARMS1C, RODARMS2A, RODARMS2B, RODARMS2C, RODARMS3A, RODARMS3B"
"949","0.292177311026755","6.19174792455261","0.001","0.31542975533919","0.355387798659706","0.0972721715713634",NA,"RUNARMS2B, RUNARMS1B, RUNARMS2C, RUNARMS8C, RUNARMS9A, RUNARMS1C, RUNARMS3C, RUNARMS4C, RUNARMS7C, RODARMS1A, RODARMS1B, RODARMS1C, RODARMS2A, RODARMS2B, RODARMS2C, RODARMS3A, RODARMS3B"
"950","0.296753066734601","6.32963442919008","0.001","0.304992896569155","0.355690617367761","0.0941442519969009",NA,"RUNARMS8C, RUNARMS7B, RUNARMS9A, RUNARMS9B, RUNARMS3A, RUNARMS1B, RUNARMS6A, RUNARMS7C, RUNARMS2B, RODARMS1A, RODARMS1B, RODARMS1C, RODARMS2A, RODARMS2B, RODARMS2C, RODARMS3A, RODARMS3B"
"951","0.306982216929393","6.64446622644855","0.002","0.304158783080476","0.355387798659706","0.0369047727404715",NA,"RUNARMS8C, RUNARMS1B, RUNARMS4A, RUNARMS7A, RUNARMS3B, RUNARMS9C, RUNARMS5A, RUNARMS4C, RUNARMS7C, RODARMS1A, RODARMS1B, RODARMS1C, RODARMS2A, RODARMS2B, RODARMS2C, RODARMS3A, RODARMS3B"
"952","0.287517894232989","6.05316032302593","0.001","0.320290296469034","0.355387798659706","0.166859422099081",NA,"RUNARMS9B, RUNARMS9C, RUNARMS1C, RUNARMS5A, RUNARMS9A, RUNARMS7C, RUNARMS3A, RUNARMS6C, RUNARMS2A, RODARMS1A, RODARMS1B, RODARMS1C, RODARMS2A, RODARMS2B, RODARMS2C, RODARMS3A, RODARMS3B"
"953","0.325234445174178","7.22994326358577","0.001","0.282150238334729","0.355387798671285","0.0164522567720959",NA,"RUNARMS9B, RUNARMS1C, RUNARMS8B, RUNARMS7C, RUNARMS3C, RUNARMS9C, RUNARMS4A, RUNARMS1B, RUNARMS6A, RODARMS1A, RODARMS1B, RODARMS1C, RODARMS2A, RODARMS2B, RODARMS2C, RODARMS3A, RODARMS3B"
"954","0.268567348016186","5.50769808992878","0.001","0.325244118031891","0.355387798659711","0.209356736892863",NA,"RUNARMS9B, RUNARMS6B, RUNARMS4A, RUNARMS5A, RUNARMS2B, RUNARMS1A, RUNARMS5B, RUNARMS7A, RUNARMS2C, RODARMS1A, RODARMS1B, RODARMS1C, RODARMS2A, RODARMS2B, RODARMS2C, RODARMS3A, RODARMS3B"
"955","0.304175054634642","6.55714608955837","0.001","0.295901469660771","0.355387827500302","0.0402752972540296",NA,"RUNARMS2A, RUNARMS1C, RUNARMS8C, RUNARMS7A, RUNARMS8B, RUNARMS4B, RUNARMS7B, RUNARMS5B, RUNARMS9B, RODARMS1A, RODARMS1B, RODARMS1C, RODARMS2A, RODARMS2B, RODARMS2C, RODARMS3A, RODARMS3B"
"956","0.296744408008929","6.3293718113662","0.001","0.314043009077659","0.355387798659908","0.0764059270743895",NA,"RUNARMS6C, RUNARMS3B, RUNARMS6A, RUNARMS9A, RUNARMS4A, RUNARMS8C, RUNARMS1B, RUNARMS6B, RUNARMS7B, RODARMS1A, RODARMS1B, RODARMS1C, RODARMS2A, RODARMS2B, RODARMS2C, RODARMS3A, RODARMS3B"
"957","0.289259606176608","6.10475235452464","0.001","0.314115198784234","0.355387798659706","0.0811889700442589",NA,"RUNARMS6C, RUNARMS5C, RUNARMS5B, RUNARMS9A, RUNARMS1B, RUNARMS7A, RUNARMS8C, RUNARMS2B, RUNARMS4A, RODARMS1A, RODARMS1B, RODARMS1C, RODARMS2A, RODARMS2B, RODARMS2C, RODARMS3A, RODARMS3B"
"958","0.316155986773395","6.93482681704704","0.001","0.292834414674633","0.355387798659832","0.0246937012648297",NA,"RUNARMS4C, RUNARMS8B, RUNARMS2A, RUNARMS3C, RUNARMS4B, RUNARMS5B, RUNARMS1B, RUNARMS7B, RUNARMS4A, RODARMS1A, RODARMS1B, RODARMS1C, RODARMS2A, RODARMS2B, RODARMS2C, RODARMS3A, RODARMS3B"
"959","0.283535214566598","5.93613015596606","0.001","0.323040424077854","0.35538779909356","0.225464468492555",NA,"RUNARMS8C, RUNARMS9C, RUNARMS7A, RUNARMS6B, RUNARMS5C, RUNARMS2A, RUNARMS1A, RUNARMS8A, RUNARMS9B, RODARMS1A, RODARMS1B, RODARMS1C, RODARMS2A, RODARMS2B, RODARMS2C, RODARMS3A, RODARMS3B"
"960","0.315811149482294","6.92377146843293","0.001","0.293889179723431","0.355387798660278","0.00627575471567209",NA,"RUNARMS9B, RUNARMS1C, RUNARMS4A, RUNARMS7A, RUNARMS9A, RUNARMS3C, RUNARMS5C, RUNARMS5B, RUNARMS6C, RODARMS1A, RODARMS1B, RODARMS1C, RODARMS2A, RODARMS2B, RODARMS2C, RODARMS3A, RODARMS3B"
"961","0.286185778808397","6.01387105311492","0.001","0.317665999686525","0.355387799438233","0.210785738014006",NA,"RUNARMS9B, RUNARMS8C, RUNARMS7B, RUNARMS8A, RUNARMS7C, RUNARMS1A, RUNARMS2A, RUNARMS4A, RUNARMS6B, RODARMS1A, RODARMS1B, RODARMS1C, RODARMS2A, RODARMS2B, RODARMS2C, RODARMS3A, RODARMS3B"
"962","0.296545563956987","6.32334268069472","0.001","0.314008357242404","0.355387798890619","0.151000433006901",NA,"RUNARMS1B, RUNARMS2A, RUNARMS7C, RUNARMS8A, RUNARMS7A, RUNARMS4B, RUNARMS9B, RUNARMS6C, RUNARMS6A, RODARMS1A, RODARMS1B, RODARMS1C, RODARMS2A, RODARMS2B, RODARMS2C, RODARMS3A, RODARMS3B"
"963","0.299332648184525","6.40816174912961","0.001","0.306134058021943","0.3553877989976","0.0892330941246864",NA,"RUNARMS3A, RUNARMS7B, RUNARMS7C, RUNARMS9A, RUNARMS6B, RUNARMS4C, RUNARMS4B, RUNARMS5B, RUNARMS1B, RODARMS1A, RODARMS1B, RODARMS1C, RODARMS2A, RODARMS2B, RODARMS2C, RODARMS3A, RODARMS3B"
"964","0.302462014921907","6.50420524886637","0.001","0.301836984642545","0.355387798659706","0.0352838994152571",NA,"RUNARMS9C, RUNARMS7C, RUNARMS5B, RUNARMS5C, RUNARMS4B, RUNARMS9B, RUNARMS1B, RUNARMS2B, RUNARMS1A, RODARMS1A, RODARMS1B, RODARMS1C, RODARMS2A, RODARMS2B, RODARMS2C, RODARMS3A, RODARMS3B"
"965","0.279425740755538","5.81673027805327","0.001","0.316582974991706","0.355387798659706","0.146903070325462",NA,"RUNARMS2C, RUNARMS7A, RUNARMS4B, RUNARMS3A, RUNARMS4A, RUNARMS6B, RUNARMS7B, RUNARMS4C, RUNARMS1A, RODARMS1A, RODARMS1B, RODARMS1C, RODARMS2A, RODARMS2B, RODARMS2C, RODARMS3A, RODARMS3B"
"966","0.287866053388217","6.06345312053659","0.001","0.32855576225545","0.355387798696943","0.279951957948779",NA,"RUNARMS9C, RUNARMS7A, RUNARMS8A, RUNARMS3B, RUNARMS1A, RUNARMS2A, RUNARMS7B, RUNARMS6C, RUNARMS9A, RODARMS1A, RODARMS1B, RODARMS1C, RODARMS2A, RODARMS2B, RODARMS2C, RODARMS3A, RODARMS3B"
"967","0.291463607864392","6.17040164272766","0.001","0.320243886722935","0.355387798660084","0.14841721339056",NA,"RUNARMS1C, RUNARMS6B, RUNARMS7C, RUNARMS2C, RUNARMS7A, RUNARMS2A, RUNARMS5B, RUNARMS9C, RUNARMS4B, RODARMS1A, RODARMS1B, RODARMS1C, RODARMS2A, RODARMS2B, RODARMS2C, RODARMS3A, RODARMS3B"
"968","0.294684380275486","6.2670747400416","0.001","0.311477545215715","0.355387798659932","0.12241698043728",NA,"RUNARMS6C, RUNARMS1B, RUNARMS2A, RUNARMS2B, RUNARMS5C, RUNARMS5A, RUNARMS9C, RUNARMS4B, RUNARMS6B, RODARMS1A, RODARMS1B, RODARMS1C, RODARMS2A, RODARMS2B, RODARMS2C, RODARMS3A, RODARMS3B"
"969","0.281983946281791","5.89089780419709","0.001","0.318139303691357","0.355387798659714","0.131011651319718",NA,"RUNARMS7C, RUNARMS1B, RUNARMS1C, RUNARMS3B, RUNARMS4A, RUNARMS6C, RUNARMS3A, RUNARMS7A, RUNARMS5A, RODARMS1A, RODARMS1B, RODARMS1C, RODARMS2A, RODARMS2B, RODARMS2C, RODARMS3A, RODARMS3B"
"970","0.2906710432653","6.14674701713925","0.001","0.316980155222391","0.35538779866027","0.117055388829873",NA,"RUNARMS8C, RUNARMS1B, RUNARMS4A, RUNARMS1C, RUNARMS6B, RUNARMS9B, RUNARMS9A, RUNARMS6A, RUNARMS2C, RODARMS1A, RODARMS1B, RODARMS1C, RODARMS2A, RODARMS2B, RODARMS2C, RODARMS3A, RODARMS3B"
"971","0.27205980305755","5.60608833391006","0.001","0.318811823139913","0.355387798659706","0.135032314267673",NA,"RUNARMS6C, RUNARMS4A, RUNARMS5A, RUNARMS6B, RUNARMS2B, RUNARMS3A, RUNARMS1C, RUNARMS7B, RUNARMS4B, RODARMS1A, RODARMS1B, RODARMS1C, RODARMS2A, RODARMS2B, RODARMS2C, RODARMS3A, RODARMS3B"
"972","0.283983321975237","5.94923269298656","0.001","0.323974597565246","0.355387798659707","0.252787150648098",NA,"RUNARMS6B, RUNARMS8C, RUNARMS4C, RUNARMS8A, RUNARMS2B, RUNARMS1C, RUNARMS2A, RUNARMS3A, RUNARMS5C, RODARMS1A, RODARMS1B, RODARMS1C, RODARMS2A, RODARMS2B, RODARMS2C, RODARMS3A, RODARMS3B"
"973","0.303049407848668","6.52232908461751","0.001","0.29904399326404","0.355387798659706","0.0536417930463861",NA,"RUNARMS3C, RUNARMS4A, RUNARMS8B, RUNARMS2B, RUNARMS9C, RUNARMS9A, RUNARMS7B, RUNARMS1C, RUNARMS7A, RODARMS1A, RODARMS1B, RODARMS1C, RODARMS2A, RODARMS2B, RODARMS2C, RODARMS3A, RODARMS3B"
"974","0.272138529324178","5.60831711022215","0.001","0.328346646261169","0.355387798659707","0.239961117351632",NA,"RUNARMS8C, RUNARMS1A, RUNARMS6B, RUNARMS5B, RUNARMS2C, RUNARMS9B, RUNARMS7B, RUNARMS2A, RUNARMS1B, RODARMS1A, RODARMS1B, RODARMS1C, RODARMS2A, RODARMS2B, RODARMS2C, RODARMS3A, RODARMS3B"
"975","0.304298022248568","6.56095638606819","0.001","0.300154424500726","0.355387798659706","0.0658528255137889",NA,"RUNARMS6B, RUNARMS4A, RUNARMS1C, RUNARMS8B, RUNARMS5C, RUNARMS3C, RUNARMS6A, RUNARMS3A, RUNARMS3B, RODARMS1A, RODARMS1B, RODARMS1C, RODARMS2A, RODARMS2B, RODARMS2C, RODARMS3A, RODARMS3B"
"976","0.276652444173176","5.73691945064254","0.001","0.32601150538059","0.355387798681906","0.259518272804586",NA,"RUNARMS7B, RUNARMS9C, RUNARMS5A, RUNARMS2C, RUNARMS8A, RUNARMS4C, RUNARMS1B, RUNARMS4B, RUNARMS3A, RODARMS1A, RODARMS1B, RODARMS1C, RODARMS2A, RODARMS2B, RODARMS2C, RODARMS3A, RODARMS3B"
"977","0.303441304024543","6.53443792557077","0.001","0.301149700169218","0.355387798659708","0.0797858779805114",NA,"RUNARMS1C, RUNARMS9B, RUNARMS1B, RUNARMS8A, RUNARMS5C, RUNARMS8C, RUNARMS7B, RUNARMS2A, RUNARMS8B, RODARMS1A, RODARMS1B, RODARMS1C, RODARMS2A, RODARMS2B, RODARMS2C, RODARMS3A, RODARMS3B"
"978","0.30405735333661","6.55350023729056","0.001","0.318551885693125","0.355387798698941","0.141242153436222",NA,"RUNARMS7B, RUNARMS3B, RUNARMS5B, RUNARMS1B, RUNARMS2A, RUNARMS9A, RUNARMS9C, RUNARMS8A, RUNARMS8C, RODARMS1A, RODARMS1B, RODARMS1C, RODARMS2A, RODARMS2B, RODARMS2C, RODARMS3A, RODARMS3B"
"979","0.2947016845688","6.26759652166389","0.001","0.315305267115563","0.355387798659739","0.13662789207002",NA,"RUNARMS6A, RUNARMS6B, RUNARMS7C, RUNARMS8C, RUNARMS1A, RUNARMS1C, RUNARMS6C, RUNARMS9C, RUNARMS2A, RODARMS1A, RODARMS1B, RODARMS1C, RODARMS2A, RODARMS2B, RODARMS2C, RODARMS3A, RODARMS3B"
"980","0.318219793726662","7.00122541249932","0.001","0.286670102947594","0.355387798659706","0.0441673386306494",NA,"RUNARMS2B, RUNARMS1C, RUNARMS7C, RUNARMS8A, RUNARMS3C, RUNARMS6A, RUNARMS8B, RUNARMS5C, RUNARMS9B, RODARMS1A, RODARMS1B, RODARMS1C, RODARMS2A, RODARMS2B, RODARMS2C, RODARMS3A, RODARMS3B"
"981","0.294279535153124","6.25487462412561","0.001","0.309585601533918","0.355387798659706","0.113948451811641",NA,"RUNARMS1B, RUNARMS2C, RUNARMS7C, RUNARMS6B, RUNARMS3A, RUNARMS4B, RUNARMS4C, RUNARMS5B, RUNARMS5C, RODARMS1A, RODARMS1B, RODARMS1C, RODARMS2A, RODARMS2B, RODARMS2C, RODARMS3A, RODARMS3B"
"982","0.289125899400777","6.10078280718897","0.001","0.323976833191941","0.355387805131999","0.249115444754366",NA,"RUNARMS6B, RUNARMS2A, RUNARMS4C, RUNARMS1B, RUNARMS3B, RUNARMS9C, RUNARMS4A, RUNARMS3A, RUNARMS5C, RODARMS1A, RODARMS1B, RODARMS1C, RODARMS2A, RODARMS2B, RODARMS2C, RODARMS3A, RODARMS3B"
"983","0.29234918251344","6.196894894119","0.001","0.32512303226861","0.361021543084965","0.164545314416097",NA,"RUNARMS2B, RUNARMS8A, RUNARMS3B, RUNARMS6A, RUNARMS5C, RUNARMS1B, RUNARMS8C, RUNARMS7B, RUNARMS2C, RODARMS1A, RODARMS1B, RODARMS1C, RODARMS2A, RODARMS2B, RODARMS2C, RODARMS3A, RODARMS3B"
"984","0.281019543820867","5.86287585578373","0.001","0.31589301972892","0.355387798730965","0.192251052262505",NA,"RUNARMS5C, RUNARMS8A, RUNARMS4C, RUNARMS4B, RUNARMS3A, RUNARMS7A, RUNARMS5A, RUNARMS1A, RUNARMS6C, RODARMS1A, RODARMS1B, RODARMS1C, RODARMS2A, RODARMS2B, RODARMS2C, RODARMS3A, RODARMS3B"
"985","0.289602813592589","6.11494849220523","0.001","0.314915538861733","0.355387798662415","0.13217559347324",NA,"RUNARMS3B, RUNARMS2C, RUNARMS8A, RUNARMS4B, RUNARMS4A, RUNARMS7A, RUNARMS1C, RUNARMS5A, RUNARMS8B, RODARMS1A, RODARMS1B, RODARMS1C, RODARMS2A, RODARMS2B, RODARMS2C, RODARMS3A, RODARMS3B"
"986","0.291603921148628","6.17459490222156","0.001","0.318712870649058","0.355387798930132","0.126292822734698",NA,"RUNARMS2C, RUNARMS9C, RUNARMS7A, RUNARMS8A, RUNARMS4A, RUNARMS8C, RUNARMS6A, RUNARMS1C, RUNARMS1A, RODARMS1A, RODARMS1B, RODARMS1C, RODARMS2A, RODARMS2B, RODARMS2C, RODARMS3A, RODARMS3B"
"987","0.29888580220773","6.39451753684823","0.001","0.310955224305055","0.355387798659707","0.0574936759336078",NA,"RUNARMS1C, RUNARMS6C, RUNARMS4A, RUNARMS5B, RUNARMS9A, RUNARMS6A, RUNARMS3A, RUNARMS2C, RUNARMS7B, RODARMS1A, RODARMS1B, RODARMS1C, RODARMS2A, RODARMS2B, RODARMS2C, RODARMS3A, RODARMS3B"
"988","0.302070975961651","6.49215677148253","0.001","0.295664677703054","0.35538779866084","0.0320836598925003",NA,"RUNARMS7B, RUNARMS8B, RUNARMS1C, RUNARMS3A, RUNARMS5B, RUNARMS8C, RUNARMS9A, RUNARMS7A, RUNARMS6C, RODARMS1A, RODARMS1B, RODARMS1C, RODARMS2A, RODARMS2B, RODARMS2C, RODARMS3A, RODARMS3B"
"989","0.310105317975413","6.74244908799777","0.001","0.301261354027643","0.355387798659706","0.0458610019532",NA,"RUNARMS7A, RUNARMS4A, RUNARMS2C, RUNARMS9A, RUNARMS6A, RUNARMS5C, RUNARMS1A, RUNARMS4B, RUNARMS3C, RODARMS1A, RODARMS1B, RODARMS1C, RODARMS2A, RODARMS2B, RODARMS2C, RODARMS3A, RODARMS3B"
"990","0.306316365258898","6.62369017916694","0.001","0.302163075095267","0.355387799010127","0.0819711489366304",NA,"RUNARMS4A, RUNARMS7C, RUNARMS2A, RUNARMS9A, RUNARMS8B, RUNARMS8C, RUNARMS3C, RUNARMS1B, RUNARMS1C, RODARMS1A, RODARMS1B, RODARMS1C, RODARMS2A, RODARMS2B, RODARMS2C, RODARMS3A, RODARMS3B"
"991","0.298537030889875","6.38388006287628","0.001","0.309005208048561","0.355387798659706","0.112078716414904",NA,"RUNARMS1B, RUNARMS8B, RUNARMS4A, RUNARMS7C, RUNARMS8C, RUNARMS9A, RUNARMS5A, RUNARMS2A, RUNARMS1C, RODARMS1A, RODARMS1B, RODARMS1C, RODARMS2A, RODARMS2B, RODARMS2C, RODARMS3A, RODARMS3B"
"992","0.3026103071677","6.50877788153233","0.001","0.30868980308981","0.355387798659706","0.0614879517576777",NA,"RUNARMS3C, RUNARMS9A, RUNARMS4A, RUNARMS9B, RUNARMS1C, RUNARMS6A, RUNARMS6C, RUNARMS5A, RUNARMS8A, RODARMS1A, RODARMS1B, RODARMS1C, RODARMS2A, RODARMS2B, RODARMS2C, RODARMS3A, RODARMS3B"
"993","0.273876761451284","5.65765038725399","0.001","0.340035157199496","0.355387798660127","0.544608084593442",NA,"RUNARMS2B, RUNARMS1A, RUNARMS9A, RUNARMS9C, RUNARMS6B, RUNARMS6A, RUNARMS8A, RUNARMS2A, RUNARMS6C, RODARMS1A, RODARMS1B, RODARMS1C, RODARMS2A, RODARMS2B, RODARMS2C, RODARMS3A, RODARMS3B"
"994","0.288637012233472","6.08628120658289","0.001","0.314705873734967","0.355674122896812","0.0935891323027352",NA,"RUNARMS6B, RUNARMS5B, RUNARMS3C, RUNARMS9A, RUNARMS1B, RUNARMS8C, RUNARMS4B, RUNARMS4C, RUNARMS3A, RODARMS1A, RODARMS1B, RODARMS1C, RODARMS2A, RODARMS2B, RODARMS2C, RODARMS3A, RODARMS3B"
"995","0.292019780483126","6.18703261262866","0.001","0.306331735063715","0.355387798660327","0.118038559393938",NA,"RUNARMS7B, RUNARMS3C, RUNARMS8B, RUNARMS1B, RUNARMS6C, RUNARMS6A, RUNARMS3A, RUNARMS2A, RUNARMS4B, RODARMS1A, RODARMS1B, RODARMS1C, RODARMS2A, RODARMS2B, RODARMS2C, RODARMS3A, RODARMS3B"
"996","0.3088912180814","6.70425321229201","0.001","0.305475583975332","0.355387798659706","0.105780037843556",NA,"RUNARMS2C, RUNARMS9C, RUNARMS5C, RUNARMS8A, RUNARMS1B, RUNARMS6A, RUNARMS1A, RUNARMS9A, RUNARMS8B, RODARMS1A, RODARMS1B, RODARMS1C, RODARMS2A, RODARMS2B, RODARMS2C, RODARMS3A, RODARMS3B"
"997","0.274431869814979","5.6734548775936","0.001","0.323612645080053","0.355387798722061","0.193049145749925",NA,"RUNARMS9B, RUNARMS4A, RUNARMS2A, RUNARMS7B, RUNARMS6B, RUNARMS6C, RUNARMS1A, RUNARMS4B, RUNARMS1B, RODARMS1A, RODARMS1B, RODARMS1C, RODARMS2A, RODARMS2B, RODARMS2C, RODARMS3A, RODARMS3B"
"998","0.293115895810582","6.21988584988831","0.001","0.314458297123824","0.355387798659714","0.0964491960714851",NA,"RUNARMS9B, RUNARMS5A, RUNARMS1B, RUNARMS9C, RUNARMS7C, RUNARMS1C, RUNARMS2A, RUNARMS8C, RUNARMS4A, RODARMS1A, RODARMS1B, RODARMS1C, RODARMS2A, RODARMS2B, RODARMS2C, RODARMS3A, RODARMS3B"
"999","0.289610906357962","6.11518903407944","0.001","0.323336415453101","0.355387798935852","0.0965479674767826",NA,"RUNARMS4C, RUNARMS9C, RUNARMS1C, RUNARMS2C, RUNARMS3A, RUNARMS9A, RUNARMS3B, RUNARMS6C, RUNARMS2B, RODARMS1A, RODARMS1B, RODARMS1C, RODARMS2A, RODARMS2B, RODARMS2C, RODARMS3A, RODARMS3B"
"1000","0.273097227171759","5.63549701652373","0.001","0.324283467212314","0.355387798775962","0.186089230226278",NA,"RUNARMS7C, RUNARMS2C, RUNARMS5A, RUNARMS1C, RUNARMS2B, RUNARMS6B, RUNARMS3A, RUNARMS3B, RUNARMS8B, RODARMS1A, RODARMS1B, RODARMS1C, RODARMS2A, RODARMS2B, RODARMS2C, RODARMS3A, RODARMS3B"
